[
  {
    "symbol": "TAOUSDT",
    "entry": 222.9,
    "stop_loss": 221.00492260373824,
    "tp1": 225.74261609439264,
    "tp2": 227.63769349065444,
    "tp3": 230.48030958504708,
    "direction": "LONG",
    "score": 66,
    "grade": "A",
    "timeframe": "15m",
    "status": "LOSS",
    "inst_status": "WATCH",
    "scenario": "Short Covering Rally",
    "created_at": "2025-12-26T15:17:14.366935",
    "id": "trade_20251226_151714_TAOUSDT",
    "blended_pnl": -0.8501917435001206,
    "outcome_type": "FULL_LOSS",
    "r_multiple": -1.0,
    "closed": true,
    "closed_at": "2025-12-27T14:21:14.215242",
    "close_reason": "SL_HIT",
    "final_pnl": -0.8501917435001206,
    "tp1_hit": false,
    "tp2_hit": false,
    "tp3_hit": false
  },
  {
    "symbol": "ACTUSDT",
    "entry": 0.0423,
    "stop_loss": 0.04179,
    "tp1": 0.04306499999999999,
    "tp2": 0.04357499999999999,
    "tp3": 0.044339999999999984,
    "direction": "LONG",
    "score": 77,
    "grade": "A",
    "timeframe": "15m",
    "mode_name": "Day Trade",
    "predictive_action": "\u2705 BUY",
    "direction_score": 32,
    "squeeze_score": 20,
    "timing_score": 23,
    "status": "LOSS",
    "created_at": "2025-12-26T14:41:59.557230",
    "id": "trade_20251226_144159_ACTUSDT",
    "blended_pnl": -1.2056737588652402,
    "outcome_type": "FULL_LOSS",
    "r_multiple": -1.0,
    "highest_pnl": 0.4728132387706992,
    "closed": true,
    "closed_at": "2025-12-27T14:21:36.161879",
    "close_reason": "SL_HIT",
    "final_pnl": -1.2056737588652402,
    "tp1_hit": false,
    "tp2_hit": false,
    "tp3_hit": false
  },
  {
    "symbol": "BTCUSDT",
    "entry": 88331.24,
    "stop_loss": 86622.83698650361,
    "tp1": 90893.8445202446,
    "tp2": 92602.247533741,
    "tp3": 95164.8520539856,
    "direction": "LONG",
    "timeframe": "4h",
    "score": 52,
    "grade": "B",
    "market": "\ud83e\ude99 Crypto",
    "mode": "swing",
    "action": "BUY",
    "status": "active",
    "added_at": "2025-12-25T20:45:02.688167",
    "created_at": "2025-12-25T20:45:02.688176",
    "phase": "CONSOLIDATION",
    "position_pct": 63.23054566307512,
    "predictive_score": 52,
    "whale_pct": 0,
    "trade_direction": "LONG",
    "id": "trade_20251225_204502_BTCUSDT",
    "blended_pnl": -0.223295857728257,
    "outcome_type": "ACTIVE",
    "r_multiple": -0.11545285183988066,
    "highest_pnl": 0.38229962581753385
  },
  {
    "symbol": "RESOLVUSDT",
    "entry": 0.0741,
    "stop_loss": 0.07317491118687626,
    "tp1": 0.0754876332196856,
    "tp2": 0.07641272203280935,
    "tp3": 0.07780035525249496,
    "direction": "LONG",
    "timeframe": "15m",
    "score": 46,
    "grade": "B",
    "market": "\ud83e\ude99 Crypto",
    "mode": "swing",
    "action": "WAIT",
    "status": "active",
    "added_at": "2025-12-25T20:48:17.592531",
    "created_at": "2025-12-25T20:48:17.592540",
    "phase": "MARKUP",
    "position_pct": 41.37931034482734,
    "predictive_score": 46,
    "whale_pct": 0,
    "trade_direction": "LONG",
    "id": "trade_20251225_204817_RESOLVUSDT",
    "blended_pnl": 0.9446693657220057,
    "outcome_type": "ACTIVE",
    "r_multiple": 0.7566841043470433,
    "highest_pnl": 0.9446693657220057
  },
  {
    "symbol": "KITEUSDT",
    "entry": 0.089,
    "stop_loss": 0.08785255297860055,
    "tp1": 0.09072117053209916,
    "tp2": 0.09186861755349862,
    "tp3": 0.09358978808559779,
    "direction": "LONG",
    "timeframe": "15m",
    "score": 50,
    "grade": "B",
    "market": "\ud83e\ude99 Crypto",
    "mode": "swing",
    "action": "WAIT",
    "status": "active",
    "added_at": "2025-12-25T21:03:33.275331",
    "created_at": "2025-12-25T21:03:33.275342",
    "phase": "MARKUP",
    "position_pct": 57.142857142857004,
    "predictive_score": 50,
    "whale_pct": 0,
    "trade_direction": "LONG",
    "id": "trade_20251225_210333_KITEUSDT",
    "blended_pnl": 0.33707865168540296,
    "outcome_type": "ACTIVE",
    "r_multiple": 0.2614499793063414,
    "highest_pnl": 1.5730337078651668
  },
  {
    "symbol": "CUSDT",
    "entry": 0.0881,
    "stop_loss": 0.08736100000000001,
    "tp1": 0.08920849999999998,
    "tp2": 0.08994749999999997,
    "tp3": 0.09105599999999996,
    "direction": "LONG",
    "timeframe": "15m",
    "score": 60,
    "grade": "A",
    "market": "\ud83e\ude99 Crypto",
    "mode": "swing",
    "action": "BUY",
    "status": "active",
    "added_at": "2025-12-27T14:13:46.111063",
    "created_at": "2025-12-27T14:13:46.111080",
    "phase": "RE-ACCUMULATION",
    "position_pct": 12.65822784810127,
    "predictive_score": 60,
    "whale_pct": 0,
    "trade_direction": "LONG",
    "id": "trade_20251227_141346_CUSDT",
    "blended_pnl": -0.11350737797957192,
    "outcome_type": "ACTIVE",
    "r_multiple": -0.1353179972936458
  },
  {
    "symbol": "SYRUPUSDT",
    "entry": 0.3422,
    "stop_loss": 0.33831249214198794,
    "tp1": 0.3480312617870181,
    "tp2": 0.35191876964503016,
    "tp3": 0.35775003143204825,
    "direction": "LONG",
    "timeframe": "15m",
    "score": 61,
    "grade": "A",
    "market": "\ud83e\ude99 Crypto",
    "mode": "swing",
    "action": "STRONG BUY",
    "status": "active",
    "added_at": "2025-12-27T14:20:36.969881",
    "created_at": "2025-12-27T14:20:36.969896",
    "phase": "MARKUP",
    "position_pct": 68.6274509803923,
    "predictive_score": 61,
    "whale_pct": 0,
    "trade_direction": "WAIT",
    "id": "trade_20251227_142036_SYRUPUSDT",
    "blended_pnl": -0.14611338398597323,
    "outcome_type": "ACTIVE",
    "r_multiple": -0.12861710336340856
  }
]