[
  {
    "symbol": "AAPL",
    "timeframe": "historical_1w",
    "timestamp": "2025-06-29",
    "congress_score": 78.57142857142857,
    "insider_score": 50,
    "short_interest_pct": 0,
    "combined_score": 57.14285714285714,
    "price": 201.0800018310547,
    "price_change_24h": -0.2084358158537531,
    "rsi": 50,
    "position_pct": 33.09469594921396,
    "ta_score": 50,
    "signal_direction": "WAIT",
    "signal_name": "historical_import",
    "confidence": "MEDIUM",
    "hit_tp1": true,
    "hit_sl": false,
    "candles_to_result": 1,
    "max_favorable_pct": 15.173062576590842,
    "max_adverse_pct": 0.6465103639943576,
    "outcome_tracked": true
  },
  {
    "symbol": "AAPL",
    "timeframe": "historical_1w",
    "timestamp": "2025-07-06",
    "congress_score": 76.47058823529412,
    "insider_score": 50,
    "short_interest_pct": 0,
    "combined_score": 56.61764705882353,
    "price": 213.5500030517578,
    "price_change_24h": 4.084420216211175,
    "rsi": 50,
    "position_pct": 47.49423698734383,
    "ta_score": 50,
    "signal_direction": "WAIT",
    "signal_name": "historical_import",
    "confidence": "MEDIUM",
    "hit_tp1": false,
    "hit_sl": true,
    "candles_to_result": 4,
    "max_favorable_pct": 8.70521942038324,
    "max_adverse_pct": -5.2306242141509385,
    "outcome_tracked": true
  },
  {
    "symbol": "AAPL",
    "timeframe": "historical_1w",
    "timestamp": "2025-07-13",
    "congress_score": 64.28571428571429,
    "insider_score": 50,
    "short_interest_pct": 0,
    "combined_score": 53.57142857142857,
    "price": 211.16000366210938,
    "price_change_24h": 0.576330903289074,
    "rsi": 50,
    "position_pct": 44.73442215787845,
    "ta_score": 50,
    "signal_direction": "WAIT",
    "signal_name": "historical_import",
    "confidence": "MEDIUM",
    "hit_tp1": false,
    "hit_sl": true,
    "candles_to_result": 3,
    "max_favorable_pct": 13.511080831836672,
    "max_adverse_pct": -4.157983816549991,
    "outcome_tracked": true
  },
  {
    "symbol": "AAPL",
    "timeframe": "historical_1w",
    "timestamp": "2025-07-20",
    "congress_score": 61.53846153846154,
    "insider_score": 50,
    "short_interest_pct": 0,
    "combined_score": 52.88461538461539,
    "price": 211.17999267578125,
    "price_change_24h": 1.2271103530396166,
    "rsi": 50,
    "position_pct": 44.75750416224923,
    "ta_score": 50,
    "signal_direction": "WAIT",
    "signal_name": "historical_import",
    "confidence": "MEDIUM",
    "hit_tp1": false,
    "hit_sl": true,
    "candles_to_result": 2,
    "max_favorable_pct": 13.500336563320003,
    "max_adverse_pct": -4.1670556388734825,
    "outcome_tracked": true
  },
  {
    "symbol": "AAPL",
    "timeframe": "historical_1w",
    "timestamp": "2025-07-27",
    "congress_score": 58.333333333333336,
    "insider_score": 50,
    "short_interest_pct": 0,
    "combined_score": 52.083333333333336,
    "price": 213.8800048828125,
    "price_change_24h": 0.6588898641868645,
    "rsi": 50,
    "position_pct": 47.87530149766969,
    "ta_score": 50,
    "signal_direction": "WAIT",
    "signal_name": "historical_import",
    "confidence": "MEDIUM",
    "hit_tp1": false,
    "hit_sl": true,
    "candles_to_result": 1,
    "max_favorable_pct": 14.783988402521539,
    "max_adverse_pct": -5.376846707246426,
    "outcome_tracked": true
  },
  {
    "symbol": "AAPL",
    "timeframe": "historical_1m",
    "timestamp": "2025-07-28",
    "congress_score": 69.23076923076923,
    "insider_score": 50,
    "short_interest_pct": 0,
    "combined_score": 54.80769230769231,
    "price": 0,
    "price_change_24h": 0,
    "rsi": 50,
    "position_pct": 50,
    "ta_score": 50,
    "signal_direction": "WAIT",
    "signal_name": "quiver_only_import",
    "confidence": "LOW",
    "hit_tp1": false,
    "hit_sl": false,
    "candles_to_result": 0,
    "max_favorable_pct": 0,
    "max_adverse_pct": 0,
    "outcome_tracked": false
  },
  {
    "symbol": "AAPL",
    "timeframe": "historical_1w",
    "timestamp": "2025-08-03",
    "congress_score": 57.14285714285714,
    "insider_score": 50,
    "short_interest_pct": 0,
    "combined_score": 51.785714285714285,
    "price": 202.3800048828125,
    "price_change_24h": -5.451996263753137,
    "rsi": 50,
    "position_pct": 34.5958543662959,
    "ta_score": 50,
    "signal_direction": "WAIT",
    "signal_name": "historical_import",
    "confidence": "MEDIUM",
    "hit_tp1": true,
    "hit_sl": false,
    "candles_to_result": 1,
    "max_favorable_pct": 26.227888403199955,
    "max_adverse_pct": 12.540759468169615,
    "outcome_tracked": true
  },
  {
    "symbol": "AAPL",
    "timeframe": "historical_1w",
    "timestamp": "2025-08-10",
    "congress_score": 60.0,
    "insider_score": 50,
    "short_interest_pct": 0,
    "combined_score": 52.5,
    "price": 229.35000610351562,
    "price_change_24h": 12.785836842692133,
    "rsi": 50,
    "position_pct": 65.73904613528838,
    "ta_score": 50,
    "signal_direction": "WAIT",
    "signal_name": "historical_import",
    "confidence": "MEDIUM",
    "hit_tp1": true,
    "hit_sl": false,
    "candles_to_result": 4,
    "max_favorable_pct": 12.500537234438196,
    "max_adverse_pct": -0.6932686088362457,
    "outcome_tracked": true
  },
  {
    "symbol": "AAPL",
    "timeframe": "historical_1w",
    "timestamp": "2025-08-17",
    "congress_score": 70.0,
    "insider_score": 50,
    "short_interest_pct": 0,
    "combined_score": 55.0,
    "price": 231.58999633789062,
    "price_change_24h": 1.941193680907935,
    "rsi": 50,
    "position_pct": 68.32564021286895,
    "ta_score": 50,
    "signal_direction": "WAIT",
    "signal_name": "historical_import",
    "confidence": "MEDIUM",
    "hit_tp1": true,
    "hit_sl": false,
    "candles_to_result": 3,
    "max_favorable_pct": 11.412406880139933,
    "max_adverse_pct": -1.6537855225260685,
    "outcome_tracked": true
  },
  {
    "symbol": "AAPL",
    "timeframe": "historical_1w",
    "timestamp": "2025-08-24",
    "congress_score": 87.5,
    "insider_score": 50,
    "short_interest_pct": 0,
    "combined_score": 59.375,
    "price": 227.75999450683594,
    "price_change_24h": -1.3556260085263911,
    "rsi": 50,
    "position_pct": 63.90300483647281,
    "ta_score": 50,
    "signal_direction": "WAIT",
    "signal_name": "historical_import",
    "confidence": "MEDIUM",
    "hit_tp1": true,
    "hit_sl": false,
    "candles_to_result": 2,
    "max_favorable_pct": 13.285912906854994,
    "max_adverse_pct": 1.9230791132992582,
    "outcome_tracked": true
  },
  {
    "symbol": "AAPL",
    "timeframe": "historical_1m",
    "timestamp": "2025-08-28",
    "congress_score": 66.66666666666666,
    "insider_score": 50,
    "short_interest_pct": 0,
    "combined_score": 54.166666666666664,
    "price": 0,
    "price_change_24h": 0,
    "rsi": 50,
    "position_pct": 50,
    "ta_score": 50,
    "signal_direction": "WAIT",
    "signal_name": "quiver_only_import",
    "confidence": "LOW",
    "hit_tp1": false,
    "hit_sl": false,
    "candles_to_result": 0,
    "max_favorable_pct": 0,
    "max_adverse_pct": 0,
    "outcome_tracked": false
  },
  {
    "symbol": "AAPL",
    "timeframe": "historical_1w",
    "timestamp": "2025-08-31",
    "congress_score": 80.0,
    "insider_score": 50,
    "short_interest_pct": 0,
    "combined_score": 57.5,
    "price": 232.13999938964844,
    "price_change_24h": 2.1922854583796316,
    "rsi": 50,
    "position_pct": 68.96074773007868,
    "ta_score": 50,
    "signal_direction": "WAIT",
    "signal_name": "historical_import",
    "confidence": "MEDIUM",
    "hit_tp1": true,
    "hit_sl": false,
    "candles_to_result": 1,
    "max_favorable_pct": 13.21616611322279,
    "max_adverse_pct": 0.8313982681333527,
    "outcome_tracked": true
  },
  {
    "symbol": "AAPL",
    "timeframe": "historical_1w",
    "timestamp": "2025-09-07",
    "congress_score": 50.0,
    "insider_score": 50,
    "short_interest_pct": 0,
    "combined_score": 50.0,
    "price": 239.69000244140625,
    "price_change_24h": 4.340066675833099,
    "rsi": 50,
    "position_pct": 77.678996979429,
    "ta_score": 50,
    "signal_direction": "WAIT",
    "signal_name": "historical_import",
    "confidence": "MEDIUM",
    "hit_tp1": false,
    "hit_sl": true,
    "candles_to_result": 1,
    "max_favorable_pct": 12.799863308141592,
    "max_adverse_pct": -2.3446931703216713,
    "outcome_tracked": true
  },
  {
    "symbol": "AAPL",
    "timeframe": "historical_1w",
    "timestamp": "2025-09-14",
    "congress_score": 75.0,
    "insider_score": 50,
    "short_interest_pct": 0,
    "combined_score": 56.25,
    "price": 234.07000732421875,
    "price_change_24h": -1.6016468304978722,
    "rsi": 50,
    "position_pct": 71.1893945414055,
    "ta_score": 50,
    "signal_direction": "WAIT",
    "signal_name": "historical_import",
    "confidence": "MEDIUM",
    "hit_tp1": true,
    "hit_sl": false,
    "candles_to_result": 1,
    "max_favorable_pct": 15.508175612900432,
    "max_adverse_pct": 4.784891954452187,
    "outcome_tracked": true
  },
  {
    "symbol": "AAPL",
    "timeframe": "historical_1w",
    "timestamp": "2025-09-21",
    "congress_score": 50.0,
    "insider_score": 50,
    "short_interest_pct": 0,
    "combined_score": 50.0,
    "price": 245.5,
    "price_change_24h": 3.7177875645186673,
    "rsi": 50,
    "position_pct": 84.38800179792956,
    "ta_score": 50,
    "signal_direction": "WAIT",
    "signal_name": "historical_import",
    "confidence": "MEDIUM",
    "hit_tp1": true,
    "hit_sl": false,
    "candles_to_result": 1,
    "max_favorable_pct": 10.96130495401604,
    "max_adverse_pct": -0.09368461406886457,
    "outcome_tracked": true
  },
  {
    "symbol": "AAPL",
    "timeframe": "historical_1m",
    "timestamp": "2025-09-28",
    "congress_score": 53.84615384615385,
    "insider_score": 50,
    "short_interest_pct": 0,
    "combined_score": 50.96153846153846,
    "price": 0,
    "price_change_24h": 0,
    "rsi": 50,
    "position_pct": 50,
    "ta_score": 50,
    "signal_direction": "WAIT",
    "signal_name": "quiver_only_import",
    "confidence": "LOW",
    "hit_tp1": false,
    "hit_sl": false,
    "candles_to_result": 0,
    "max_favorable_pct": 0,
    "max_adverse_pct": 0,
    "outcome_tracked": false
  },
  {
    "symbol": "AAPL",
    "timeframe": "historical_1w",
    "timestamp": "2025-09-28",
    "congress_score": 37.5,
    "insider_score": 50,
    "short_interest_pct": 0,
    "combined_score": 46.875,
    "price": 255.4600067138672,
    "price_change_24h": -0.24210398738968986,
    "rsi": 50,
    "position_pct": 95.88916550096671,
    "ta_score": 50,
    "signal_direction": "WAIT",
    "signal_name": "historical_import",
    "confidence": "MEDIUM",
    "hit_tp1": true,
    "hit_sl": false,
    "candles_to_result": 2,
    "max_favorable_pct": 6.6350882732213154,
    "max_adverse_pct": -3.9888836505119785,
    "outcome_tracked": true
  },
  {
    "symbol": "AAPL",
    "timeframe": "historical_1w",
    "timestamp": "2025-10-05",
    "congress_score": 33.33333333333333,
    "insider_score": 50,
    "short_interest_pct": 0,
    "combined_score": 45.83333333333333,
    "price": 258.0199890136719,
    "price_change_24h": 1.4109957321208344,
    "rsi": 50,
    "position_pct": 98.84526546683706,
    "ta_score": 50,
    "signal_direction": "WAIT",
    "signal_name": "historical_import",
    "confidence": "MEDIUM",
    "hit_tp1": true,
    "hit_sl": false,
    "candles_to_result": 1,
    "max_favorable_pct": 8.0730245627365,
    "max_adverse_pct": -4.941471701456178,
    "outcome_tracked": true
  },
  {
    "symbol": "AAPL",
    "timeframe": "historical_1w",
    "timestamp": "2025-10-12",
    "congress_score": 0.0,
    "insider_score": 50,
    "short_interest_pct": 0,
    "combined_score": 37.5,
    "price": 245.27000427246094,
    "price_change_24h": -4.44894544404865,
    "rsi": 50,
    "position_pct": 84.12241778886028,
    "ta_score": 50,
    "signal_direction": "WAIT",
    "signal_name": "historical_import",
    "confidence": "MEDIUM",
    "hit_tp1": false,
    "hit_sl": true,
    "candles_to_result": 1,
    "max_favorable_pct": 13.691034878342467,
    "max_adverse_pct": 2.8621473850808274,
    "outcome_tracked": true
  },
  {
    "symbol": "AAPL",
    "timeframe": "historical_1w",
    "timestamp": "2025-10-19",
    "congress_score": 14.285714285714285,
    "insider_score": 50,
    "short_interest_pct": 0,
    "combined_score": 41.07142857142857,
    "price": 252.2899932861328,
    "price_change_24h": 1.8694942887670645,
    "rsi": 50,
    "position_pct": 92.22864152537161,
    "ta_score": 50,
    "signal_direction": "WAIT",
    "signal_name": "historical_import",
    "confidence": "MEDIUM",
    "hit_tp1": false,
    "hit_sl": true,
    "candles_to_result": 1,
    "max_favorable_pct": 10.527572842439286,
    "max_adverse_pct": 4.173773957868952,
    "outcome_tracked": true
  },
  {
    "symbol": "AAPL",
    "timeframe": "historical_1w",
    "timestamp": "2025-10-26",
    "congress_score": 33.33333333333333,
    "insider_score": 50,
    "short_interest_pct": 0,
    "combined_score": 45.83333333333333,
    "price": 262.82000732421875,
    "price_change_24h": 0.22117797111163867,
    "rsi": 50,
    "position_pct": 100.0,
    "ta_score": 50,
    "signal_direction": "WAIT",
    "signal_name": "historical_import",
    "confidence": "MEDIUM",
    "hit_tp1": false,
    "hit_sl": true,
    "candles_to_result": 1,
    "max_favorable_pct": 6.09923077869868,
    "max_adverse_pct": 2.149757909988358,
    "outcome_tracked": true
  },
  {
    "symbol": "AAPL",
    "timeframe": "historical_1m",
    "timestamp": "2025-10-28",
    "congress_score": 35.714285714285715,
    "insider_score": 50,
    "short_interest_pct": 0,
    "combined_score": 46.42857142857143,
    "price": 0,
    "price_change_24h": 0,
    "rsi": 50,
    "position_pct": 50,
    "ta_score": 50,
    "signal_direction": "WAIT",
    "signal_name": "quiver_only_import",
    "confidence": "LOW",
    "hit_tp1": false,
    "hit_sl": false,
    "candles_to_result": 0,
    "max_favorable_pct": 0,
    "max_adverse_pct": 0,
    "outcome_tracked": false
  },
  {
    "symbol": "AAPL",
    "timeframe": "historical_1w",
    "timestamp": "2025-11-02",
    "congress_score": 33.33333333333333,
    "insider_score": 50,
    "short_interest_pct": 0,
    "combined_score": 45.83333333333333,
    "price": 270.3699951171875,
    "price_change_24h": 0.5803346500361134,
    "rsi": 50,
    "position_pct": 98.95938692285647,
    "ta_score": 50,
    "signal_direction": "WAIT",
    "signal_name": "historical_import",
    "confidence": "MEDIUM",
    "hit_tp1": false,
    "hit_sl": false,
    "candles_to_result": 0,
    "max_favorable_pct": 0,
    "max_adverse_pct": 0,
    "outcome_tracked": false
  },
  {
    "symbol": "AAPL",
    "timeframe": "historical_1w",
    "timestamp": "2025-11-09",
    "congress_score": 38.46153846153847,
    "insider_score": 50,
    "short_interest_pct": 0,
    "combined_score": 47.11538461538461,
    "price": 268.4700012207031,
    "price_change_24h": -0.21556833249586274,
    "rsi": 50,
    "position_pct": 97.03981329333797,
    "ta_score": 50,
    "signal_direction": "WAIT",
    "signal_name": "historical_import",
    "confidence": "MEDIUM",
    "hit_tp1": false,
    "hit_sl": false,
    "candles_to_result": 0,
    "max_favorable_pct": 0,
    "max_adverse_pct": 0,
    "outcome_tracked": false
  },
  {
    "symbol": "AAPL",
    "timeframe": "historical_1w",
    "timestamp": "2025-11-16",
    "congress_score": 46.15384615384615,
    "insider_score": 50,
    "short_interest_pct": 0,
    "combined_score": 49.03846153846154,
    "price": 272.4100036621094,
    "price_change_24h": 1.1060427819237344,
    "rsi": 50,
    "position_pct": 97.23816368052135,
    "ta_score": 50,
    "signal_direction": "WAIT",
    "signal_name": "historical_import",
    "confidence": "MEDIUM",
    "hit_tp1": false,
    "hit_sl": false,
    "candles_to_result": 0,
    "max_favorable_pct": 0,
    "max_adverse_pct": 0,
    "outcome_tracked": false
  },
  {
    "symbol": "AAPL",
    "timeframe": "historical_1w",
    "timestamp": "2025-11-23",
    "congress_score": 50.0,
    "insider_score": 50,
    "short_interest_pct": 0,
    "combined_score": 50.0,
    "price": 271.489990234375,
    "price_change_24h": 1.5067669588158732,
    "rsi": 50,
    "position_pct": 96.34347009756692,
    "ta_score": 50,
    "signal_direction": "WAIT",
    "signal_name": "historical_import",
    "confidence": "MEDIUM",
    "hit_tp1": false,
    "hit_sl": false,
    "candles_to_result": 0,
    "max_favorable_pct": 0,
    "max_adverse_pct": 0,
    "outcome_tracked": false
  },
  {
    "symbol": "AAPL",
    "timeframe": "historical_1m",
    "timestamp": "2025-11-28",
    "congress_score": 41.17647058823529,
    "insider_score": 50,
    "short_interest_pct": 0,
    "combined_score": 47.794117647058826,
    "price": 0,
    "price_change_24h": 0,
    "rsi": 50,
    "position_pct": 50,
    "ta_score": 50,
    "signal_direction": "WAIT",
    "signal_name": "quiver_only_import",
    "confidence": "LOW",
    "hit_tp1": false,
    "hit_sl": false,
    "candles_to_result": 0,
    "max_favorable_pct": 0,
    "max_adverse_pct": 0,
    "outcome_tracked": false
  },
  {
    "symbol": "AAPL",
    "timeframe": "historical_1w",
    "timestamp": "2025-11-30",
    "congress_score": 50.0,
    "insider_score": 50,
    "short_interest_pct": 0,
    "combined_score": 50.0,
    "price": 278.8500061035156,
    "price_change_24h": 1.0618992944303542,
    "rsi": 50,
    "position_pct": 100.0,
    "ta_score": 50,
    "signal_direction": "WAIT",
    "signal_name": "historical_import",
    "confidence": "MEDIUM",
    "hit_tp1": false,
    "hit_sl": false,
    "candles_to_result": 0,
    "max_favorable_pct": 0,
    "max_adverse_pct": 0,
    "outcome_tracked": false
  },
  {
    "symbol": "AAPL",
    "timeframe": "historical_1w",
    "timestamp": "2025-12-07",
    "congress_score": 50.0,
    "insider_score": 50,
    "short_interest_pct": 0,
    "combined_score": 50.0,
    "price": 278.7799987792969,
    "price_change_24h": -1.5259651116500286,
    "rsi": 50,
    "position_pct": 93.48685647900338,
    "ta_score": 50,
    "signal_direction": "WAIT",
    "signal_name": "historical_import",
    "confidence": "MEDIUM",
    "hit_tp1": false,
    "hit_sl": false,
    "candles_to_result": 0,
    "max_favorable_pct": 0,
    "max_adverse_pct": 0,
    "outcome_tracked": false
  },
  {
    "symbol": "AAPL",
    "timeframe": "historical_1w",
    "timestamp": "2025-12-14",
    "congress_score": 50.0,
    "insider_score": 50,
    "short_interest_pct": 0,
    "combined_score": 50.0,
    "price": 278.2799987792969,
    "price_change_24h": 0.1403375833250969,
    "rsi": 50,
    "position_pct": 93.04737332771282,
    "ta_score": 50,
    "signal_direction": "WAIT",
    "signal_name": "historical_import",
    "confidence": "MEDIUM",
    "hit_tp1": false,
    "hit_sl": false,
    "candles_to_result": 0,
    "max_favorable_pct": 0,
    "max_adverse_pct": 0,
    "outcome_tracked": false
  },
  {
    "symbol": "AAPL",
    "timeframe": "historical_1w",
    "timestamp": "2025-12-21",
    "congress_score": 0.0,
    "insider_score": 50,
    "short_interest_pct": 0,
    "combined_score": 37.5,
    "price": 273.6700134277344,
    "price_change_24h": -0.16050926538259255,
    "rsi": 50,
    "position_pct": 88.99535154829694,
    "ta_score": 50,
    "signal_direction": "WAIT",
    "signal_name": "historical_import",
    "confidence": "MEDIUM",
    "hit_tp1": false,
    "hit_sl": false,
    "candles_to_result": 0,
    "max_favorable_pct": 0,
    "max_adverse_pct": 0,
    "outcome_tracked": false
  },
  {
    "symbol": "AAPL",
    "timeframe": "historical_1w",
    "timestamp": "2025-12-28",
    "congress_score": 50,
    "insider_score": 50,
    "short_interest_pct": 0,
    "combined_score": 50.0,
    "price": 274.7247009277344,
    "price_change_24h": 1.385651433781068,
    "rsi": 50,
    "position_pct": 89.92238632055044,
    "ta_score": 50,
    "signal_direction": "WAIT",
    "signal_name": "historical_import",
    "confidence": "MEDIUM",
    "hit_tp1": false,
    "hit_sl": false,
    "candles_to_result": 0,
    "max_favorable_pct": 0,
    "max_adverse_pct": 0,
    "outcome_tracked": false
  }
]