[
  {
    "symbol": "ABBV",
    "timeframe": "historical_1w",
    "timestamp": "2025-06-29",
    "congress_score": 100.0,
    "insider_score": 50,
    "short_interest_pct": 0,
    "combined_score": 62.5,
    "price": 182.30999755859375,
    "price_change_24h": -0.789071066383955,
    "rsi": 50,
    "position_pct": 27.62325907240336,
    "ta_score": 50,
    "signal_direction": "WAIT",
    "signal_name": "historical_import",
    "confidence": "MEDIUM",
    "hit_tp1": true,
    "hit_sl": false,
    "candles_to_result": 1,
    "max_favorable_pct": 15.517529989450837,
    "max_adverse_pct": 3.8121864084872716,
    "outcome_tracked": true
  },
  {
    "symbol": "ABBV",
    "timeframe": "historical_1w",
    "timestamp": "2025-07-06",
    "congress_score": 100.0,
    "insider_score": 50,
    "short_interest_pct": 0,
    "combined_score": 62.5,
    "price": 189.27999877929688,
    "price_change_24h": 1.9717723081496175,
    "rsi": 50,
    "position_pct": 42.30931097864252,
    "ta_score": 50,
    "signal_direction": "WAIT",
    "signal_name": "historical_import",
    "confidence": "MEDIUM",
    "hit_tp1": true,
    "hit_sl": false,
    "candles_to_result": 4,
    "max_favorable_pct": 11.26374020589369,
    "max_adverse_pct": -0.010568614005678836,
    "outcome_tracked": true
  },
  {
    "symbol": "ABBV",
    "timeframe": "historical_1w",
    "timestamp": "2025-07-13",
    "congress_score": 75.0,
    "insider_score": 50,
    "short_interest_pct": 0,
    "combined_score": 56.25,
    "price": 192.4499969482422,
    "price_change_24h": 2.5688812769791776,
    "rsi": 50,
    "position_pct": 48.988615067360826,
    "ta_score": 50,
    "signal_direction": "WAIT",
    "signal_name": "historical_import",
    "confidence": "MEDIUM",
    "hit_tp1": true,
    "hit_sl": false,
    "candles_to_result": 5,
    "max_favorable_pct": 10.449467876977923,
    "max_adverse_pct": -1.6575746905645183,
    "outcome_tracked": true
  },
  {
    "symbol": "ABBV",
    "timeframe": "historical_1w",
    "timestamp": "2025-07-20",
    "congress_score": 66.66666666666666,
    "insider_score": 50,
    "short_interest_pct": 0,
    "combined_score": 54.166666666666664,
    "price": 189.25999450683594,
    "price_change_24h": -1.1800384895615688,
    "rsi": 50,
    "position_pct": 42.26716123226439,
    "ta_score": 50,
    "signal_direction": "WAIT",
    "signal_name": "historical_import",
    "confidence": "MEDIUM",
    "hit_tp1": true,
    "hit_sl": false,
    "candles_to_result": 2,
    "max_favorable_pct": 15.365107616551441,
    "max_adverse_pct": 0.5389434122719979,
    "outcome_tracked": true
  },
  {
    "symbol": "ABBV",
    "timeframe": "historical_1w",
    "timestamp": "2025-07-27",
    "congress_score": 60.0,
    "insider_score": 50,
    "short_interest_pct": 0,
    "combined_score": 52.5,
    "price": 190.27999877929688,
    "price_change_24h": 2.93751284635634,
    "rsi": 50,
    "position_pct": 44.41634818584084,
    "ta_score": 50,
    "signal_direction": "WAIT",
    "signal_name": "historical_import",
    "confidence": "MEDIUM",
    "hit_tp1": true,
    "hit_sl": false,
    "candles_to_result": 2,
    "max_favorable_pct": 16.917176081519205,
    "max_adverse_pct": 2.5961753589961343,
    "outcome_tracked": true
  },
  {
    "symbol": "ABBV",
    "timeframe": "historical_1m",
    "timestamp": "2025-07-28",
    "congress_score": 66.66666666666666,
    "insider_score": 50,
    "short_interest_pct": 0,
    "combined_score": 54.166666666666664,
    "price": 0,
    "price_change_24h": 0,
    "rsi": 50,
    "position_pct": 50,
    "ta_score": 50,
    "signal_direction": "WAIT",
    "signal_name": "quiver_only_import",
    "confidence": "LOW",
    "hit_tp1": false,
    "hit_sl": false,
    "candles_to_result": 0,
    "max_favorable_pct": 0,
    "max_adverse_pct": 0,
    "outcome_tracked": false
  },
  {
    "symbol": "ABBV",
    "timeframe": "historical_1w",
    "timestamp": "2025-08-03",
    "congress_score": 33.33333333333333,
    "insider_score": 50,
    "short_interest_pct": 0,
    "combined_score": 45.83333333333333,
    "price": 195.22000122070312,
    "price_change_24h": 3.5539978762990754,
    "rsi": 50,
    "position_pct": 54.82511713353432,
    "ta_score": 50,
    "signal_direction": "WAIT",
    "signal_name": "historical_import",
    "confidence": "MEDIUM",
    "hit_tp1": false,
    "hit_sl": true,
    "candles_to_result": 2,
    "max_favorable_pct": 19.818667246941484,
    "max_adverse_pct": 1.4496474814869356,
    "outcome_tracked": true
  },
  {
    "symbol": "ABBV",
    "timeframe": "historical_1w",
    "timestamp": "2025-08-10",
    "congress_score": 66.66666666666666,
    "insider_score": 50,
    "short_interest_pct": 0,
    "combined_score": 54.166666666666664,
    "price": 198.0500030517578,
    "price_change_24h": 0.4361278968020228,
    "rsi": 50,
    "position_pct": 60.78803628800591,
    "ta_score": 50,
    "signal_direction": "WAIT",
    "signal_name": "historical_import",
    "confidence": "MEDIUM",
    "hit_tp1": true,
    "hit_sl": false,
    "candles_to_result": 1,
    "max_favorable_pct": 18.10653878201659,
    "max_adverse_pct": 4.362534338053246,
    "outcome_tracked": true
  },
  {
    "symbol": "ABBV",
    "timeframe": "historical_1w",
    "timestamp": "2025-08-17",
    "congress_score": 57.14285714285714,
    "insider_score": 50,
    "short_interest_pct": 0,
    "combined_score": 51.785714285714285,
    "price": 206.69000244140625,
    "price_change_24h": 4.0525589390317505,
    "rsi": 50,
    "position_pct": 78.99283647216589,
    "ta_score": 50,
    "signal_direction": "WAIT",
    "signal_name": "historical_import",
    "confidence": "MEDIUM",
    "hit_tp1": true,
    "hit_sl": false,
    "candles_to_result": 4,
    "max_favorable_pct": 13.169481300102854,
    "max_adverse_pct": 1.7949544783279279,
    "outcome_tracked": true
  },
  {
    "symbol": "ABBV",
    "timeframe": "historical_1w",
    "timestamp": "2025-08-24",
    "congress_score": 50.0,
    "insider_score": 50,
    "short_interest_pct": 0,
    "combined_score": 50.0,
    "price": 210.60000610351562,
    "price_change_24h": 1.95091186348832,
    "rsi": 50,
    "position_pct": 87.23135966851203,
    "ta_score": 50,
    "signal_direction": "WAIT",
    "signal_name": "historical_import",
    "confidence": "MEDIUM",
    "hit_tp1": true,
    "hit_sl": false,
    "candles_to_result": 3,
    "max_favorable_pct": 11.068374588335127,
    "max_adverse_pct": -0.09497255519211076,
    "outcome_tracked": true
  },
  {
    "symbol": "ABBV",
    "timeframe": "historical_1m",
    "timestamp": "2025-08-28",
    "congress_score": 54.54545454545454,
    "insider_score": 50,
    "short_interest_pct": 0,
    "combined_score": 51.13636363636363,
    "price": 0,
    "price_change_24h": 0,
    "rsi": 50,
    "position_pct": 50,
    "ta_score": 50,
    "signal_direction": "WAIT",
    "signal_name": "quiver_only_import",
    "confidence": "LOW",
    "hit_tp1": false,
    "hit_sl": false,
    "candles_to_result": 0,
    "max_favorable_pct": 0,
    "max_adverse_pct": 0,
    "outcome_tracked": false
  },
  {
    "symbol": "ABBV",
    "timeframe": "historical_1w",
    "timestamp": "2025-08-31",
    "congress_score": 50.0,
    "insider_score": 50,
    "short_interest_pct": 0,
    "combined_score": 50.0,
    "price": 210.39999389648438,
    "price_change_24h": 1.3731586619229514,
    "rsi": 50,
    "position_pct": 86.80992650640333,
    "ta_score": 50,
    "signal_direction": "WAIT",
    "signal_name": "historical_import",
    "confidence": "MEDIUM",
    "hit_tp1": true,
    "hit_sl": false,
    "candles_to_result": 2,
    "max_favorable_pct": 11.17395933822688,
    "max_adverse_pct": 1.0266177399092915,
    "outcome_tracked": true
  },
  {
    "symbol": "ABBV",
    "timeframe": "historical_1w",
    "timestamp": "2025-09-07",
    "congress_score": 0.0,
    "insider_score": 50,
    "short_interest_pct": 0,
    "combined_score": 37.5,
    "price": 212.55999755859375,
    "price_change_24h": 0.3020004696009019,
    "rsi": 50,
    "position_pct": 91.36113459015239,
    "ta_score": 50,
    "signal_direction": "WAIT",
    "signal_name": "historical_import",
    "confidence": "MEDIUM",
    "hit_tp1": false,
    "hit_sl": true,
    "candles_to_result": 1,
    "max_favorable_pct": 10.044225794474963,
    "max_adverse_pct": 2.5780936161464063,
    "outcome_tracked": true
  },
  {
    "symbol": "ABBV",
    "timeframe": "historical_1w",
    "timestamp": "2025-09-14",
    "congress_score": 0.0,
    "insider_score": 50,
    "short_interest_pct": 0,
    "combined_score": 37.5,
    "price": 218.33999633789062,
    "price_change_24h": 4.0755056606043425,
    "rsi": 50,
    "position_pct": 96.31516125954683,
    "ta_score": 50,
    "signal_direction": "WAIT",
    "signal_name": "historical_import",
    "confidence": "MEDIUM",
    "hit_tp1": false,
    "hit_sl": true,
    "candles_to_result": 3,
    "max_favorable_pct": 7.131083441131642,
    "max_adverse_pct": -0.13740178473464146,
    "outcome_tracked": true
  },
  {
    "symbol": "ABBV",
    "timeframe": "historical_1w",
    "timestamp": "2025-09-21",
    "congress_score": 0.0,
    "insider_score": 50,
    "short_interest_pct": 0,
    "combined_score": 37.5,
    "price": 222.47000122070312,
    "price_change_24h": 2.2333535208493425,
    "rsi": 50,
    "position_pct": 100.0,
    "ta_score": 50,
    "signal_direction": "WAIT",
    "signal_name": "historical_import",
    "confidence": "MEDIUM",
    "hit_tp1": false,
    "hit_sl": true,
    "candles_to_result": 2,
    "max_favorable_pct": 6.207577418446379,
    "max_adverse_pct": -1.9912832787623749,
    "outcome_tracked": true
  },
  {
    "symbol": "ABBV",
    "timeframe": "historical_1w",
    "timestamp": "2025-09-28",
    "congress_score": 50,
    "insider_score": 50,
    "short_interest_pct": 0,
    "combined_score": 50.0,
    "price": 220.61000061035156,
    "price_change_24h": -0.8895259266429197,
    "rsi": 50,
    "position_pct": 96.25538314385315,
    "ta_score": 50,
    "signal_direction": "WAIT",
    "signal_name": "historical_import",
    "confidence": "MEDIUM",
    "hit_tp1": true,
    "hit_sl": false,
    "candles_to_result": 1,
    "max_favorable_pct": 7.1030316511453915,
    "max_adverse_pct": -1.1649550415250571,
    "outcome_tracked": true
  },
  {
    "symbol": "ABBV",
    "timeframe": "historical_1w",
    "timestamp": "2025-10-05",
    "congress_score": 50,
    "insider_score": 50,
    "short_interest_pct": 0,
    "combined_score": 50.0,
    "price": 233.91000366210938,
    "price_change_24h": 4.81717145706664,
    "rsi": 50,
    "position_pct": 86.07342362903813,
    "ta_score": 50,
    "signal_direction": "WAIT",
    "signal_name": "historical_import",
    "confidence": "MEDIUM",
    "hit_tp1": false,
    "hit_sl": true,
    "candles_to_result": 3,
    "max_favorable_pct": 1.0132081057170328,
    "max_adverse_pct": -6.784665096624644,
    "outcome_tracked": true
  },
  {
    "symbol": "ABBV",
    "timeframe": "historical_1w",
    "timestamp": "2025-10-12",
    "congress_score": 50,
    "insider_score": 50,
    "short_interest_pct": 0,
    "combined_score": 50.0,
    "price": 230.5,
    "price_change_24h": 0.1346702964098792,
    "rsi": 50,
    "position_pct": 81.53763844386347,
    "ta_score": 50,
    "signal_direction": "WAIT",
    "signal_name": "historical_import",
    "confidence": "MEDIUM",
    "hit_tp1": false,
    "hit_sl": true,
    "candles_to_result": 3,
    "max_favorable_pct": 2.5075916613001628,
    "max_adverse_pct": -5.405642825972749,
    "outcome_tracked": true
  },
  {
    "symbol": "ABBV",
    "timeframe": "historical_1w",
    "timestamp": "2025-10-19",
    "congress_score": 50,
    "insider_score": 50,
    "short_interest_pct": 0,
    "combined_score": 50.0,
    "price": 229.57000732421875,
    "price_change_24h": -0.31697599559953227,
    "rsi": 50,
    "position_pct": 80.30061719136424,
    "ta_score": 50,
    "signal_direction": "WAIT",
    "signal_name": "historical_import",
    "confidence": "MEDIUM",
    "hit_tp1": false,
    "hit_sl": true,
    "candles_to_result": 2,
    "max_favorable_pct": 2.922851958444942,
    "max_adverse_pct": -5.022439199473583,
    "outcome_tracked": true
  },
  {
    "symbol": "ABBV",
    "timeframe": "historical_1w",
    "timestamp": "2025-10-26",
    "congress_score": 50,
    "insider_score": 50,
    "short_interest_pct": 0,
    "combined_score": 50.0,
    "price": 227.99000549316406,
    "price_change_24h": -1.7538533604448732,
    "rsi": 50,
    "position_pct": 78.19899220559704,
    "ta_score": 50,
    "signal_direction": "WAIT",
    "signal_name": "historical_import",
    "confidence": "MEDIUM",
    "hit_tp1": false,
    "hit_sl": true,
    "candles_to_result": 1,
    "max_favorable_pct": 3.6361213590046493,
    "max_adverse_pct": -4.364231750206956,
    "outcome_tracked": true
  },
  {
    "symbol": "ABBV",
    "timeframe": "historical_1m",
    "timestamp": "2025-10-28",
    "congress_score": 50,
    "insider_score": 50,
    "short_interest_pct": 0,
    "combined_score": 50.0,
    "price": 0,
    "price_change_24h": 0,
    "rsi": 50,
    "position_pct": 50,
    "ta_score": 50,
    "signal_direction": "WAIT",
    "signal_name": "quiver_only_import",
    "confidence": "LOW",
    "hit_tp1": false,
    "hit_sl": false,
    "candles_to_result": 0,
    "max_favorable_pct": 0,
    "max_adverse_pct": 0,
    "outcome_tracked": false
  },
  {
    "symbol": "ABBV",
    "timeframe": "historical_1w",
    "timestamp": "2025-11-02",
    "congress_score": 33.33333333333333,
    "insider_score": 50,
    "short_interest_pct": 0,
    "combined_score": 45.83333333333333,
    "price": 218.0399932861328,
    "price_change_24h": -4.381004932089255,
    "rsi": 50,
    "position_pct": 64.96407446564308,
    "ta_score": 50,
    "signal_direction": "WAIT",
    "signal_name": "historical_import",
    "confidence": "MEDIUM",
    "hit_tp1": false,
    "hit_sl": false,
    "candles_to_result": 0,
    "max_favorable_pct": 0,
    "max_adverse_pct": 0,
    "outcome_tracked": false
  },
  {
    "symbol": "ABBV",
    "timeframe": "historical_1w",
    "timestamp": "2025-11-09",
    "congress_score": 33.33333333333333,
    "insider_score": 50,
    "short_interest_pct": 0,
    "combined_score": 45.83333333333333,
    "price": 219.16000366210938,
    "price_change_24h": 3.396865786082813,
    "rsi": 50,
    "position_pct": 66.45384602426184,
    "ta_score": 50,
    "signal_direction": "WAIT",
    "signal_name": "historical_import",
    "confidence": "MEDIUM",
    "hit_tp1": false,
    "hit_sl": false,
    "candles_to_result": 0,
    "max_favorable_pct": 0,
    "max_adverse_pct": 0,
    "outcome_tracked": false
  },
  {
    "symbol": "ABBV",
    "timeframe": "historical_1w",
    "timestamp": "2025-11-16",
    "congress_score": 25.0,
    "insider_score": 50,
    "short_interest_pct": 0,
    "combined_score": 43.75,
    "price": 232.36000061035156,
    "price_change_24h": 6.241138254978118,
    "rsi": 50,
    "position_pct": 84.01170124520067,
    "ta_score": 50,
    "signal_direction": "WAIT",
    "signal_name": "historical_import",
    "confidence": "MEDIUM",
    "hit_tp1": false,
    "hit_sl": false,
    "candles_to_result": 0,
    "max_favorable_pct": 0,
    "max_adverse_pct": 0,
    "outcome_tracked": false
  },
  {
    "symbol": "ABBV",
    "timeframe": "historical_1w",
    "timestamp": "2025-11-23",
    "congress_score": 25.0,
    "insider_score": 50,
    "short_interest_pct": 0,
    "combined_score": 43.75,
    "price": 236.27999877929688,
    "price_change_24h": 0.9743584526909722,
    "rsi": 50,
    "position_pct": 89.22585095951956,
    "ta_score": 50,
    "signal_direction": "WAIT",
    "signal_name": "historical_import",
    "confidence": "MEDIUM",
    "hit_tp1": false,
    "hit_sl": false,
    "candles_to_result": 0,
    "max_favorable_pct": 0,
    "max_adverse_pct": 0,
    "outcome_tracked": false
  },
  {
    "symbol": "ABBV",
    "timeframe": "historical_1m",
    "timestamp": "2025-11-28",
    "congress_score": 25.0,
    "insider_score": 50,
    "short_interest_pct": 0,
    "combined_score": 43.75,
    "price": 0,
    "price_change_24h": 0,
    "rsi": 50,
    "position_pct": 50,
    "ta_score": 50,
    "signal_direction": "WAIT",
    "signal_name": "quiver_only_import",
    "confidence": "LOW",
    "hit_tp1": false,
    "hit_sl": false,
    "candles_to_result": 0,
    "max_favorable_pct": 0,
    "max_adverse_pct": 0,
    "outcome_tracked": false
  },
  {
    "symbol": "ABBV",
    "timeframe": "historical_1w",
    "timestamp": "2025-11-30",
    "congress_score": 0.0,
    "insider_score": 50,
    "short_interest_pct": 0,
    "combined_score": 37.5,
    "price": 227.6999969482422,
    "price_change_24h": -0.7886356158401805,
    "rsi": 50,
    "position_pct": 77.81323999182463,
    "ta_score": 50,
    "signal_direction": "WAIT",
    "signal_name": "historical_import",
    "confidence": "MEDIUM",
    "hit_tp1": false,
    "hit_sl": false,
    "candles_to_result": 0,
    "max_favorable_pct": 0,
    "max_adverse_pct": 0,
    "outcome_tracked": false
  },
  {
    "symbol": "ABBV",
    "timeframe": "historical_1w",
    "timestamp": "2025-12-07",
    "congress_score": 0.0,
    "insider_score": 50,
    "short_interest_pct": 0,
    "combined_score": 37.5,
    "price": 226.0800018310547,
    "price_change_24h": 0.4309009897708294,
    "rsi": 50,
    "position_pct": 75.65841830226404,
    "ta_score": 50,
    "signal_direction": "WAIT",
    "signal_name": "historical_import",
    "confidence": "MEDIUM",
    "hit_tp1": false,
    "hit_sl": false,
    "candles_to_result": 0,
    "max_favorable_pct": 0,
    "max_adverse_pct": 0,
    "outcome_tracked": false
  },
  {
    "symbol": "ABBV",
    "timeframe": "historical_1w",
    "timestamp": "2025-12-14",
    "congress_score": 50,
    "insider_score": 50,
    "short_interest_pct": 0,
    "combined_score": 50.0,
    "price": 223.32000732421875,
    "price_change_24h": 0.08964333605609806,
    "rsi": 50,
    "position_pct": 71.98723685035733,
    "ta_score": 50,
    "signal_direction": "WAIT",
    "signal_name": "historical_import",
    "confidence": "MEDIUM",
    "hit_tp1": false,
    "hit_sl": false,
    "candles_to_result": 0,
    "max_favorable_pct": 0,
    "max_adverse_pct": 0,
    "outcome_tracked": false
  },
  {
    "symbol": "ABBV",
    "timeframe": "historical_1w",
    "timestamp": "2025-12-21",
    "congress_score": 50,
    "insider_score": 50,
    "short_interest_pct": 0,
    "combined_score": 50.0,
    "price": 226.82000732421875,
    "price_change_24h": -0.27697939436191593,
    "rsi": 50,
    "position_pct": 76.64272984132118,
    "ta_score": 50,
    "signal_direction": "WAIT",
    "signal_name": "historical_import",
    "confidence": "MEDIUM",
    "hit_tp1": false,
    "hit_sl": false,
    "candles_to_result": 0,
    "max_favorable_pct": 0,
    "max_adverse_pct": 0,
    "outcome_tracked": false
  },
  {
    "symbol": "ABBV",
    "timeframe": "historical_1w",
    "timestamp": "2025-12-28",
    "congress_score": 50,
    "insider_score": 50,
    "short_interest_pct": 0,
    "combined_score": 50.0,
    "price": 229.2899932861328,
    "price_change_24h": 0.6054976095166744,
    "rsi": 50,
    "position_pct": 79.9281590794555,
    "ta_score": 50,
    "signal_direction": "WAIT",
    "signal_name": "historical_import",
    "confidence": "MEDIUM",
    "hit_tp1": false,
    "hit_sl": false,
    "candles_to_result": 0,
    "max_favorable_pct": 0,
    "max_adverse_pct": 0,
    "outcome_tracked": false
  }
]