[
  {
    "symbol": "ABT",
    "timeframe": "historical_1w",
    "timestamp": "2025-06-29",
    "congress_score": 33.33333333333333,
    "insider_score": 50,
    "short_interest_pct": 0,
    "combined_score": 45.83333333333333,
    "price": 134.3800048828125,
    "price_change_24h": 0.8404700751500546,
    "rsi": 50,
    "position_pct": 79.94506941254977,
    "ta_score": 50,
    "signal_direction": "WAIT",
    "signal_name": "historical_import",
    "confidence": "MEDIUM",
    "hit_tp1": true,
    "hit_sl": false,
    "candles_to_result": 3,
    "max_favorable_pct": 0.04464768299872552,
    "max_adverse_pct": -7.969940708967053,
    "outcome_tracked": true
  },
  {
    "symbol": "ABT",
    "timeframe": "historical_1w",
    "timestamp": "2025-07-06",
    "congress_score": 33.33333333333333,
    "insider_score": 50,
    "short_interest_pct": 0,
    "combined_score": 45.83333333333333,
    "price": 134.44000244140625,
    "price_change_24h": -1.1543211005355778,
    "rsi": 50,
    "position_pct": 80.15110496521054,
    "ta_score": 50,
    "signal_direction": "WAIT",
    "signal_name": "historical_import",
    "confidence": "MEDIUM",
    "hit_tp1": true,
    "hit_sl": false,
    "candles_to_result": 2,
    "max_favorable_pct": -0.11901492056213724,
    "max_adverse_pct": -8.011011660874441,
    "outcome_tracked": true
  },
  {
    "symbol": "ABT",
    "timeframe": "historical_1w",
    "timestamp": "2025-07-13",
    "congress_score": 25.0,
    "insider_score": 50,
    "short_interest_pct": 0,
    "combined_score": 43.75,
    "price": 132.02000427246094,
    "price_change_24h": -1.2565390531995353,
    "rsi": 50,
    "position_pct": 71.84067247656883,
    "ta_score": 50,
    "signal_direction": "WAIT",
    "signal_name": "historical_import",
    "confidence": "MEDIUM",
    "hit_tp1": true,
    "hit_sl": false,
    "candles_to_result": 1,
    "max_favorable_pct": 1.711857622858271,
    "max_adverse_pct": -6.3248036913277215,
    "outcome_tracked": true
  },
  {
    "symbol": "ABT",
    "timeframe": "historical_1w",
    "timestamp": "2025-07-20",
    "congress_score": 25.0,
    "insider_score": 50,
    "short_interest_pct": 0,
    "combined_score": 43.75,
    "price": 123.66999816894531,
    "price_change_24h": -6.331894787279557,
    "rsi": 50,
    "position_pct": 43.166203671802975,
    "ta_score": 50,
    "signal_direction": "WAIT",
    "signal_name": "historical_import",
    "confidence": "MEDIUM",
    "hit_tp1": false,
    "hit_sl": true,
    "candles_to_result": 1,
    "max_favorable_pct": 8.579284197819154,
    "max_adverse_pct": 2.3206944198877784,
    "outcome_tracked": true
  },
  {
    "symbol": "ABT",
    "timeframe": "historical_1w",
    "timestamp": "2025-07-27",
    "congress_score": 25.0,
    "insider_score": 50,
    "short_interest_pct": 0,
    "combined_score": 43.75,
    "price": 126.54000091552734,
    "price_change_24h": 1.703908357001708,
    "rsi": 50,
    "position_pct": 53.02198140492458,
    "ta_score": 50,
    "signal_direction": "WAIT",
    "signal_name": "historical_import",
    "confidence": "MEDIUM",
    "hit_tp1": false,
    "hit_sl": true,
    "candles_to_result": 2,
    "max_favorable_pct": 7.507501423954671,
    "max_adverse_pct": 0.5926979568307951,
    "outcome_tracked": true
  },
  {
    "symbol": "ABT",
    "timeframe": "historical_1m",
    "timestamp": "2025-07-28",
    "congress_score": 33.33333333333333,
    "insider_score": 50,
    "short_interest_pct": 0,
    "combined_score": 45.83333333333333,
    "price": 0,
    "price_change_24h": 0,
    "rsi": 50,
    "position_pct": 50,
    "ta_score": 50,
    "signal_direction": "WAIT",
    "signal_name": "quiver_only_import",
    "confidence": "LOW",
    "hit_tp1": false,
    "hit_sl": false,
    "candles_to_result": 0,
    "max_favorable_pct": 0,
    "max_adverse_pct": 0,
    "outcome_tracked": false
  },
  {
    "symbol": "ABT",
    "timeframe": "historical_1w",
    "timestamp": "2025-08-03",
    "congress_score": 60.0,
    "insider_score": 50,
    "short_interest_pct": 0,
    "combined_score": 52.5,
    "price": 127.29000091552734,
    "price_change_24h": 0.7439671173393647,
    "rsi": 50,
    "position_pct": 55.597530612549676,
    "ta_score": 50,
    "signal_direction": "WAIT",
    "signal_name": "historical_import",
    "confidence": "MEDIUM",
    "hit_tp1": true,
    "hit_sl": false,
    "candles_to_result": 1,
    "max_favorable_pct": 6.874061047742604,
    "max_adverse_pct": 3.5038094527412382,
    "outcome_tracked": true
  },
  {
    "symbol": "ABT",
    "timeframe": "historical_1w",
    "timestamp": "2025-08-10",
    "congress_score": 37.5,
    "insider_score": 50,
    "short_interest_pct": 0,
    "combined_score": 46.875,
    "price": 134.27999877929688,
    "price_change_24h": 3.347961478278802,
    "rsi": 50,
    "position_pct": 79.60164189166,
    "ta_score": 50,
    "signal_direction": "WAIT",
    "signal_name": "historical_import",
    "confidence": "MEDIUM",
    "hit_tp1": false,
    "hit_sl": false,
    "candles_to_result": 0,
    "max_favorable_pct": 1.310689993175135,
    "max_adverse_pct": -1.8841218366818655,
    "outcome_tracked": true
  },
  {
    "symbol": "ABT",
    "timeframe": "historical_1w",
    "timestamp": "2025-08-17",
    "congress_score": 33.33333333333333,
    "insider_score": 50,
    "short_interest_pct": 0,
    "combined_score": 45.83333333333333,
    "price": 131.75,
    "price_change_24h": 0.2968935656488604,
    "rsi": 50,
    "position_pct": 70.91346008991262,
    "ta_score": 50,
    "signal_direction": "WAIT",
    "signal_name": "historical_import",
    "confidence": "MEDIUM",
    "hit_tp1": false,
    "hit_sl": true,
    "candles_to_result": 5,
    "max_favorable_pct": 3.2561618870078273,
    "max_adverse_pct": -2.436437733485531,
    "outcome_tracked": true
  },
  {
    "symbol": "ABT",
    "timeframe": "historical_1w",
    "timestamp": "2025-08-24",
    "congress_score": 22.22222222222222,
    "insider_score": 50,
    "short_interest_pct": 0,
    "combined_score": 43.05555555555556,
    "price": 132.58999633789062,
    "price_change_24h": 1.7809104086443432,
    "rsi": 50,
    "position_pct": 73.79806262652886,
    "ta_score": 50,
    "signal_direction": "WAIT",
    "signal_name": "historical_import",
    "confidence": "MEDIUM",
    "hit_tp1": false,
    "hit_sl": true,
    "candles_to_result": 4,
    "max_favorable_pct": 2.6020039546952396,
    "max_adverse_pct": -4.329133435634009,
    "outcome_tracked": true
  },
  {
    "symbol": "ABT",
    "timeframe": "historical_1m",
    "timestamp": "2025-08-28",
    "congress_score": 25.0,
    "insider_score": 50,
    "short_interest_pct": 0,
    "combined_score": 43.75,
    "price": 0,
    "price_change_24h": 0,
    "rsi": 50,
    "position_pct": 50,
    "ta_score": 50,
    "signal_direction": "WAIT",
    "signal_name": "quiver_only_import",
    "confidence": "LOW",
    "hit_tp1": false,
    "hit_sl": false,
    "candles_to_result": 0,
    "max_favorable_pct": 0,
    "max_adverse_pct": 0,
    "outcome_tracked": false
  },
  {
    "symbol": "ABT",
    "timeframe": "historical_1w",
    "timestamp": "2025-08-31",
    "congress_score": 0.0,
    "insider_score": 50,
    "short_interest_pct": 0,
    "combined_score": 37.5,
    "price": 132.66000366210938,
    "price_change_24h": 0.5990813484294335,
    "rsi": 50,
    "position_pct": 74.03847237108828,
    "ta_score": 50,
    "signal_direction": "WAIT",
    "signal_name": "historical_import",
    "confidence": "MEDIUM",
    "hit_tp1": false,
    "hit_sl": true,
    "candles_to_result": 3,
    "max_favorable_pct": 2.547858835156083,
    "max_adverse_pct": -6.814413286579282,
    "outcome_tracked": true
  },
  {
    "symbol": "ABT",
    "timeframe": "historical_1w",
    "timestamp": "2025-09-07",
    "congress_score": 0.0,
    "insider_score": 50,
    "short_interest_pct": 0,
    "combined_score": 37.5,
    "price": 132.94000244140625,
    "price_change_24h": 1.1258144317308512,
    "rsi": 50,
    "position_pct": 75.00000654996035,
    "ta_score": 50,
    "signal_direction": "WAIT",
    "signal_name": "historical_import",
    "confidence": "MEDIUM",
    "hit_tp1": false,
    "hit_sl": true,
    "candles_to_result": 2,
    "max_favorable_pct": 2.3318721135821354,
    "max_adverse_pct": -7.010681152147594,
    "outcome_tracked": true
  },
  {
    "symbol": "ABT",
    "timeframe": "historical_1w",
    "timestamp": "2025-09-14",
    "congress_score": 0.0,
    "insider_score": 50,
    "short_interest_pct": 0,
    "combined_score": 37.5,
    "price": 133.72999572753906,
    "price_change_24h": 1.15733647096519,
    "rsi": 50,
    "position_pct": 77.71289532613169,
    "ta_score": 50,
    "signal_direction": "WAIT",
    "signal_name": "historical_import",
    "confidence": "MEDIUM",
    "hit_tp1": true,
    "hit_sl": false,
    "candles_to_result": 5,
    "max_favorable_pct": 1.7273593302882695,
    "max_adverse_pct": -7.5600039661670895,
    "outcome_tracked": true
  },
  {
    "symbol": "ABT",
    "timeframe": "historical_1w",
    "timestamp": "2025-09-21",
    "congress_score": 50,
    "insider_score": 50,
    "short_interest_pct": 0,
    "combined_score": 50.0,
    "price": 136.0399932861328,
    "price_change_24h": 3.5863788848013147,
    "rsi": 50,
    "position_pct": 85.64557850166776,
    "ta_score": 50,
    "signal_direction": "WAIT",
    "signal_name": "historical_import",
    "confidence": "MEDIUM",
    "hit_tp1": false,
    "hit_sl": true,
    "candles_to_result": 3,
    "max_favorable_pct": -1.0658607907987838,
    "max_adverse_pct": -9.129661241182086,
    "outcome_tracked": true
  },
  {
    "symbol": "ABT",
    "timeframe": "historical_1w",
    "timestamp": "2025-09-28",
    "congress_score": 50,
    "insider_score": 50,
    "short_interest_pct": 0,
    "combined_score": 50.0,
    "price": 133.5500030517578,
    "price_change_24h": -2.2471030413932924,
    "rsi": 50,
    "position_pct": 77.0947886681494,
    "ta_score": 50,
    "signal_direction": "WAIT",
    "signal_name": "historical_import",
    "confidence": "MEDIUM",
    "hit_tp1": false,
    "hit_sl": true,
    "candles_to_result": 3,
    "max_favorable_pct": 0.7787295113200103,
    "max_adverse_pct": -7.435417505252599,
    "outcome_tracked": true
  },
  {
    "symbol": "ABT",
    "timeframe": "historical_1w",
    "timestamp": "2025-10-05",
    "congress_score": 50,
    "insider_score": 50,
    "short_interest_pct": 0,
    "combined_score": 50.0,
    "price": 134.58999633789062,
    "price_change_24h": 1.111859154648646,
    "rsi": 50,
    "position_pct": 80.66619384686246,
    "ta_score": 50,
    "signal_direction": "WAIT",
    "signal_name": "historical_import",
    "confidence": "MEDIUM",
    "hit_tp1": false,
    "hit_sl": true,
    "candles_to_result": 2,
    "max_favorable_pct": -1.5008463248640382,
    "max_adverse_pct": -8.150675302619243,
    "outcome_tracked": true
  },
  {
    "symbol": "ABT",
    "timeframe": "historical_1w",
    "timestamp": "2025-10-12",
    "congress_score": 100.0,
    "insider_score": 50,
    "short_interest_pct": 0,
    "combined_score": 62.5,
    "price": 132.57000732421875,
    "price_change_24h": -0.8748303580749557,
    "rsi": 50,
    "position_pct": 73.72941904209712,
    "ta_score": 50,
    "signal_direction": "WAIT",
    "signal_name": "historical_import",
    "confidence": "MEDIUM",
    "hit_tp1": false,
    "hit_sl": true,
    "candles_to_result": 1,
    "max_favorable_pct": -1.4935587817278515,
    "max_adverse_pct": -6.751153415680376,
    "outcome_tracked": true
  },
  {
    "symbol": "ABT",
    "timeframe": "historical_1w",
    "timestamp": "2025-10-19",
    "congress_score": 100.0,
    "insider_score": 50,
    "short_interest_pct": 0,
    "combined_score": 62.5,
    "price": 128.5399932861328,
    "price_change_24h": -2.161677189168095,
    "rsi": 50,
    "position_pct": 59.890086425416776,
    "ta_score": 50,
    "signal_direction": "WAIT",
    "signal_name": "historical_import",
    "confidence": "MEDIUM",
    "hit_tp1": false,
    "hit_sl": true,
    "candles_to_result": 2,
    "max_favorable_pct": 1.594836750297988,
    "max_adverse_pct": -3.8275951427807966,
    "outcome_tracked": true
  },
  {
    "symbol": "ABT",
    "timeframe": "historical_1w",
    "timestamp": "2025-10-26",
    "congress_score": 100.0,
    "insider_score": 50,
    "short_interest_pct": 0,
    "combined_score": 62.5,
    "price": 126.8499984741211,
    "price_change_24h": -2.053892475900337,
    "rsi": 50,
    "position_pct": 54.08653336012704,
    "ta_score": 50,
    "signal_direction": "WAIT",
    "signal_name": "historical_import",
    "confidence": "MEDIUM",
    "hit_tp1": false,
    "hit_sl": true,
    "candles_to_result": 1,
    "max_favorable_pct": 2.9483625611020683,
    "max_adverse_pct": -2.5463112072468963,
    "outcome_tracked": true
  },
  {
    "symbol": "ABT",
    "timeframe": "historical_1m",
    "timestamp": "2025-10-28",
    "congress_score": 100.0,
    "insider_score": 50,
    "short_interest_pct": 0,
    "combined_score": 62.5,
    "price": 0,
    "price_change_24h": 0,
    "rsi": 50,
    "position_pct": 50,
    "ta_score": 50,
    "signal_direction": "WAIT",
    "signal_name": "quiver_only_import",
    "confidence": "LOW",
    "hit_tp1": false,
    "hit_sl": false,
    "candles_to_result": 0,
    "max_favorable_pct": 0,
    "max_adverse_pct": 0,
    "outcome_tracked": false
  },
  {
    "symbol": "ABT",
    "timeframe": "historical_1w",
    "timestamp": "2025-11-02",
    "congress_score": 25.0,
    "insider_score": 50,
    "short_interest_pct": 0,
    "combined_score": 43.75,
    "price": 123.62000274658203,
    "price_change_24h": -2.7991803349986863,
    "rsi": 50,
    "position_pct": 42.99451611119946,
    "ta_score": 50,
    "signal_direction": "WAIT",
    "signal_name": "historical_import",
    "confidence": "MEDIUM",
    "hit_tp1": false,
    "hit_sl": false,
    "candles_to_result": 0,
    "max_favorable_pct": 0,
    "max_adverse_pct": 0,
    "outcome_tracked": false
  },
  {
    "symbol": "ABT",
    "timeframe": "historical_1w",
    "timestamp": "2025-11-09",
    "congress_score": 25.0,
    "insider_score": 50,
    "short_interest_pct": 0,
    "combined_score": 43.75,
    "price": 126.36000061035156,
    "price_change_24h": 2.0348872310890935,
    "rsi": 50,
    "position_pct": 52.40384854710089,
    "ta_score": 50,
    "signal_direction": "WAIT",
    "signal_name": "historical_import",
    "confidence": "MEDIUM",
    "hit_tp1": false,
    "hit_sl": false,
    "candles_to_result": 0,
    "max_favorable_pct": 0,
    "max_adverse_pct": 0,
    "outcome_tracked": false
  },
  {
    "symbol": "ABT",
    "timeframe": "historical_1w",
    "timestamp": "2025-11-16",
    "congress_score": 20.0,
    "insider_score": 50,
    "short_interest_pct": 0,
    "combined_score": 42.5,
    "price": 130.58999633789062,
    "price_change_24h": 3.733415657343036,
    "rsi": 50,
    "position_pct": 66.92993140619527,
    "ta_score": 50,
    "signal_direction": "WAIT",
    "signal_name": "historical_import",
    "confidence": "MEDIUM",
    "hit_tp1": false,
    "hit_sl": false,
    "candles_to_result": 0,
    "max_favorable_pct": 0,
    "max_adverse_pct": 0,
    "outcome_tracked": false
  },
  {
    "symbol": "ABT",
    "timeframe": "historical_1w",
    "timestamp": "2025-11-23",
    "congress_score": 33.33333333333333,
    "insider_score": 50,
    "short_interest_pct": 0,
    "combined_score": 45.83333333333333,
    "price": 128.11000061035156,
    "price_change_24h": -1.476580932838562,
    "rsi": 50,
    "position_pct": 58.41346336489279,
    "ta_score": 50,
    "signal_direction": "WAIT",
    "signal_name": "historical_import",
    "confidence": "MEDIUM",
    "hit_tp1": false,
    "hit_sl": false,
    "candles_to_result": 0,
    "max_favorable_pct": 0,
    "max_adverse_pct": 0,
    "outcome_tracked": false
  },
  {
    "symbol": "ABT",
    "timeframe": "historical_1m",
    "timestamp": "2025-11-28",
    "congress_score": 42.857142857142854,
    "insider_score": 50,
    "short_interest_pct": 0,
    "combined_score": 48.214285714285715,
    "price": 0,
    "price_change_24h": 0,
    "rsi": 50,
    "position_pct": 50,
    "ta_score": 50,
    "signal_direction": "WAIT",
    "signal_name": "quiver_only_import",
    "confidence": "LOW",
    "hit_tp1": false,
    "hit_sl": false,
    "candles_to_result": 0,
    "max_favorable_pct": 0,
    "max_adverse_pct": 0,
    "outcome_tracked": false
  },
  {
    "symbol": "ABT",
    "timeframe": "historical_1w",
    "timestamp": "2025-11-30",
    "congress_score": 66.66666666666666,
    "insider_score": 50,
    "short_interest_pct": 0,
    "combined_score": 54.166666666666664,
    "price": 128.89999389648438,
    "price_change_24h": 1.34443857398767,
    "rsi": 50,
    "position_pct": 61.12635214106413,
    "ta_score": 50,
    "signal_direction": "WAIT",
    "signal_name": "historical_import",
    "confidence": "MEDIUM",
    "hit_tp1": false,
    "hit_sl": false,
    "candles_to_result": 0,
    "max_favorable_pct": 0,
    "max_adverse_pct": 0,
    "outcome_tracked": false
  },
  {
    "symbol": "ABT",
    "timeframe": "historical_1w",
    "timestamp": "2025-12-07",
    "congress_score": 50.0,
    "insider_score": 50,
    "short_interest_pct": 0,
    "combined_score": 50.0,
    "price": 125.08000183105469,
    "price_change_24h": -2.2888780575838426,
    "rsi": 50,
    "position_pct": 48.00824875806202,
    "ta_score": 50,
    "signal_direction": "WAIT",
    "signal_name": "historical_import",
    "confidence": "MEDIUM",
    "hit_tp1": false,
    "hit_sl": false,
    "candles_to_result": 0,
    "max_favorable_pct": 0,
    "max_adverse_pct": 0,
    "outcome_tracked": false
  },
  {
    "symbol": "ABT",
    "timeframe": "historical_1w",
    "timestamp": "2025-12-14",
    "congress_score": 100.0,
    "insider_score": 50,
    "short_interest_pct": 0,
    "combined_score": 62.5,
    "price": 125.45999908447266,
    "price_change_24h": 2.7602611578882907,
    "rsi": 50,
    "position_pct": 49.3131842579825,
    "ta_score": 50,
    "signal_direction": "WAIT",
    "signal_name": "historical_import",
    "confidence": "MEDIUM",
    "hit_tp1": false,
    "hit_sl": false,
    "candles_to_result": 0,
    "max_favorable_pct": 0,
    "max_adverse_pct": 0,
    "outcome_tracked": false
  },
  {
    "symbol": "ABT",
    "timeframe": "historical_1w",
    "timestamp": "2025-12-21",
    "congress_score": 50,
    "insider_score": 50,
    "short_interest_pct": 0,
    "combined_score": 50.0,
    "price": 125.44999694824219,
    "price_change_24h": -2.3507466675218334,
    "rsi": 50,
    "position_pct": 49.27883626592525,
    "ta_score": 50,
    "signal_direction": "WAIT",
    "signal_name": "historical_import",
    "confidence": "MEDIUM",
    "hit_tp1": false,
    "hit_sl": false,
    "candles_to_result": 0,
    "max_favorable_pct": 0,
    "max_adverse_pct": 0,
    "outcome_tracked": false
  },
  {
    "symbol": "ABT",
    "timeframe": "historical_1w",
    "timestamp": "2025-12-28",
    "congress_score": 50,
    "insider_score": 50,
    "short_interest_pct": 0,
    "combined_score": 50.0,
    "price": 124.55999755859375,
    "price_change_24h": -0.5111816335850343,
    "rsi": 50,
    "position_pct": 46.222519968864106,
    "ta_score": 50,
    "signal_direction": "WAIT",
    "signal_name": "historical_import",
    "confidence": "MEDIUM",
    "hit_tp1": false,
    "hit_sl": false,
    "candles_to_result": 0,
    "max_favorable_pct": 0,
    "max_adverse_pct": 0,
    "outcome_tracked": false
  }
]