[
  {
    "symbol": "ACN",
    "timeframe": "historical_1w",
    "timestamp": "2025-06-29",
    "congress_score": 100.0,
    "insider_score": 50,
    "short_interest_pct": 0,
    "combined_score": 62.5,
    "price": 295.4599914550781,
    "price_change_24h": 0.15592930680614406,
    "rsi": 50,
    "position_pct": 13.636348485031077,
    "ta_score": 50,
    "signal_direction": "WAIT",
    "signal_name": "historical_import",
    "confidence": "MEDIUM",
    "hit_tp1": true,
    "hit_sl": false,
    "candles_to_result": 1,
    "max_favorable_pct": 3.1544058734719647,
    "max_adverse_pct": -19.04149331006453,
    "outcome_tracked": true
  },
  {
    "symbol": "ACN",
    "timeframe": "historical_1w",
    "timestamp": "2025-07-06",
    "congress_score": 50.0,
    "insider_score": 50,
    "short_interest_pct": 0,
    "combined_score": 50.0,
    "price": 304.7799987792969,
    "price_change_24h": 1.9706192385808987,
    "rsi": 50,
    "position_pct": 21.46697206469563,
    "ta_score": 50,
    "signal_direction": "WAIT",
    "signal_name": "historical_import",
    "confidence": "MEDIUM",
    "hit_tp1": false,
    "hit_sl": true,
    "candles_to_result": 1,
    "max_favorable_pct": -7.096924000736555,
    "max_adverse_pct": -21.51716060558939,
    "outcome_tracked": true
  },
  {
    "symbol": "ACN",
    "timeframe": "historical_1w",
    "timestamp": "2025-07-13",
    "congress_score": 44.44444444444444,
    "insider_score": 50,
    "short_interest_pct": 0,
    "combined_score": 48.611111111111114,
    "price": 281.05999755859375,
    "price_change_24h": -6.481669805175519,
    "rsi": 50,
    "position_pct": 1.5375455731687335,
    "ta_score": 50,
    "signal_direction": "WAIT",
    "signal_name": "historical_import",
    "confidence": "MEDIUM",
    "hit_tp1": false,
    "hit_sl": true,
    "candles_to_result": 3,
    "max_favorable_pct": 0.7436121668132138,
    "max_adverse_pct": -14.893617367809458,
    "outcome_tracked": true
  },
  {
    "symbol": "ACN",
    "timeframe": "historical_1w",
    "timestamp": "2025-07-20",
    "congress_score": 44.44444444444444,
    "insider_score": 50,
    "short_interest_pct": 0,
    "combined_score": 48.611111111111114,
    "price": 282.44000244140625,
    "price_change_24h": 0.8750356414457477,
    "rsi": 50,
    "position_pct": 5.213615566413577,
    "ta_score": 50,
    "signal_direction": "WAIT",
    "signal_name": "historical_import",
    "confidence": "MEDIUM",
    "hit_tp1": false,
    "hit_sl": true,
    "candles_to_result": 2,
    "max_favorable_pct": 0.2513777966792847,
    "max_adverse_pct": -15.54312731050933,
    "outcome_tracked": true
  },
  {
    "symbol": "ACN",
    "timeframe": "historical_1w",
    "timestamp": "2025-07-27",
    "congress_score": 0.0,
    "insider_score": 50,
    "short_interest_pct": 0,
    "combined_score": 37.5,
    "price": 283.1499938964844,
    "price_change_24h": 0.2478249811297759,
    "rsi": 50,
    "position_pct": 5.794718445476739,
    "ta_score": 50,
    "signal_direction": "WAIT",
    "signal_name": "historical_import",
    "confidence": "MEDIUM",
    "hit_tp1": true,
    "hit_sl": false,
    "candles_to_result": 1,
    "max_favorable_pct": -8.186471190338619,
    "max_adverse_pct": -15.754900784726964,
    "outcome_tracked": true
  },
  {
    "symbol": "ACN",
    "timeframe": "historical_1m",
    "timestamp": "2025-07-28",
    "congress_score": 36.36363636363637,
    "insider_score": 50,
    "short_interest_pct": 0,
    "combined_score": 46.59090909090909,
    "price": 0,
    "price_change_24h": 0,
    "rsi": 50,
    "position_pct": 50,
    "ta_score": 50,
    "signal_direction": "WAIT",
    "signal_name": "quiver_only_import",
    "confidence": "LOW",
    "hit_tp1": false,
    "hit_sl": false,
    "candles_to_result": 0,
    "max_favorable_pct": 0,
    "max_adverse_pct": 0,
    "outcome_tracked": false
  },
  {
    "symbol": "ACN",
    "timeframe": "historical_1w",
    "timestamp": "2025-08-03",
    "congress_score": 0.0,
    "insider_score": 50,
    "short_interest_pct": 0,
    "combined_score": 37.5,
    "price": 255.3699951171875,
    "price_change_24h": -7.82197977164031,
    "rsi": 50,
    "position_pct": 0.0,
    "ta_score": 50,
    "signal_direction": "WAIT",
    "signal_name": "historical_import",
    "confidence": "MEDIUM",
    "hit_tp1": true,
    "hit_sl": false,
    "candles_to_result": 1,
    "max_favorable_pct": 1.8013103306849791,
    "max_adverse_pct": -6.590438247583283,
    "outcome_tracked": true
  },
  {
    "symbol": "ACN",
    "timeframe": "historical_1w",
    "timestamp": "2025-08-10",
    "congress_score": 0.0,
    "insider_score": 50,
    "short_interest_pct": 0,
    "combined_score": 37.5,
    "price": 239.1999969482422,
    "price_change_24h": -7.566273252730668,
    "rsi": 50,
    "position_pct": 0.0,
    "ta_score": 50,
    "signal_direction": "WAIT",
    "signal_name": "historical_import",
    "confidence": "MEDIUM",
    "hit_tp1": false,
    "hit_sl": true,
    "candles_to_result": 1,
    "max_favorable_pct": 8.683112264819606,
    "max_adverse_pct": -0.2759212669439063,
    "outcome_tracked": true
  },
  {
    "symbol": "ACN",
    "timeframe": "historical_1w",
    "timestamp": "2025-08-17",
    "congress_score": 0.0,
    "insider_score": 50,
    "short_interest_pct": 0,
    "combined_score": 37.5,
    "price": 247.00999450683594,
    "price_change_24h": 3.5203863522055414,
    "rsi": 50,
    "position_pct": 5.6989644041518215,
    "ta_score": 50,
    "signal_direction": "WAIT",
    "signal_name": "historical_import",
    "confidence": "MEDIUM",
    "hit_tp1": false,
    "hit_sl": true,
    "candles_to_result": 1,
    "max_favorable_pct": 5.246753978413826,
    "max_adverse_pct": -3.429011541664044,
    "outcome_tracked": true
  },
  {
    "symbol": "ACN",
    "timeframe": "historical_1w",
    "timestamp": "2025-08-24",
    "congress_score": 0.0,
    "insider_score": 50,
    "short_interest_pct": 0,
    "combined_score": 37.5,
    "price": 259.2200012207031,
    "price_change_24h": 4.0500927789235295,
    "rsi": 50,
    "position_pct": 13.312137082871264,
    "ta_score": 50,
    "signal_direction": "WAIT",
    "signal_name": "historical_import",
    "confidence": "MEDIUM",
    "hit_tp1": true,
    "hit_sl": false,
    "candles_to_result": 3,
    "max_favorable_pct": 0.2893295256801734,
    "max_adverse_pct": -8.035646066261593,
    "outcome_tracked": true
  },
  {
    "symbol": "ACN",
    "timeframe": "historical_1m",
    "timestamp": "2025-08-28",
    "congress_score": 0.0,
    "insider_score": 50,
    "short_interest_pct": 0,
    "combined_score": 37.5,
    "price": 0,
    "price_change_24h": 0,
    "rsi": 50,
    "position_pct": 50,
    "ta_score": 50,
    "signal_direction": "WAIT",
    "signal_name": "quiver_only_import",
    "confidence": "LOW",
    "hit_tp1": false,
    "hit_sl": false,
    "candles_to_result": 0,
    "max_favorable_pct": 0,
    "max_adverse_pct": 0,
    "outcome_tracked": false
  },
  {
    "symbol": "ACN",
    "timeframe": "historical_1w",
    "timestamp": "2025-08-31",
    "congress_score": 0.0,
    "insider_score": 50,
    "short_interest_pct": 0,
    "combined_score": 37.5,
    "price": 259.9700012207031,
    "price_change_24h": 1.5309563033074358,
    "rsi": 50,
    "position_pct": 13.779776425162101,
    "ta_score": 50,
    "signal_direction": "WAIT",
    "signal_name": "historical_import",
    "confidence": "MEDIUM",
    "hit_tp1": true,
    "hit_sl": false,
    "candles_to_result": 2,
    "max_favorable_pct": -1.9309936719195435,
    "max_adverse_pct": -8.300958468178878,
    "outcome_tracked": true
  },
  {
    "symbol": "ACN",
    "timeframe": "historical_1w",
    "timestamp": "2025-09-07",
    "congress_score": 8.333333333333332,
    "insider_score": 50,
    "short_interest_pct": 0,
    "combined_score": 39.58333333333333,
    "price": 254.9499969482422,
    "price_change_24h": -0.47625265079527135,
    "rsi": 50,
    "position_pct": 10.649707763467656,
    "ta_score": 50,
    "signal_direction": "WAIT",
    "signal_name": "historical_import",
    "confidence": "MEDIUM",
    "hit_tp1": true,
    "hit_sl": false,
    "candles_to_result": 1,
    "max_favorable_pct": -1.9023302227029117,
    "max_adverse_pct": -6.495390373334903,
    "outcome_tracked": true
  },
  {
    "symbol": "ACN",
    "timeframe": "historical_1w",
    "timestamp": "2025-09-14",
    "congress_score": 7.6923076923076925,
    "insider_score": 50,
    "short_interest_pct": 0,
    "combined_score": 39.42307692307692,
    "price": 238.5399932861328,
    "price_change_24h": -6.663541710699052,
    "rsi": 50,
    "position_pct": 0.4177566707488699,
    "ta_score": 50,
    "signal_direction": "WAIT",
    "signal_name": "historical_import",
    "confidence": "MEDIUM",
    "hit_tp1": false,
    "hit_sl": true,
    "candles_to_result": 3,
    "max_favorable_pct": 4.84615290632476,
    "max_adverse_pct": -0.06287997849671051,
    "outcome_tracked": true
  },
  {
    "symbol": "ACN",
    "timeframe": "historical_1w",
    "timestamp": "2025-09-21",
    "congress_score": 20.0,
    "insider_score": 50,
    "short_interest_pct": 0,
    "combined_score": 42.5,
    "price": 239.6999969482422,
    "price_change_24h": 0.769328569647101,
    "rsi": 50,
    "position_pct": 1.7901383461000298,
    "ta_score": 50,
    "signal_direction": "WAIT",
    "signal_name": "historical_import",
    "confidence": "MEDIUM",
    "hit_tp1": false,
    "hit_sl": true,
    "candles_to_result": 2,
    "max_favorable_pct": 4.338760654018317,
    "max_adverse_pct": -0.546515467364238,
    "outcome_tracked": true
  },
  {
    "symbol": "ACN",
    "timeframe": "historical_1m",
    "timestamp": "2025-09-28",
    "congress_score": 5.88235294117647,
    "insider_score": 50,
    "short_interest_pct": 0,
    "combined_score": 38.970588235294116,
    "price": 0,
    "price_change_24h": 0,
    "rsi": 50,
    "position_pct": 50,
    "ta_score": 50,
    "signal_direction": "WAIT",
    "signal_name": "quiver_only_import",
    "confidence": "LOW",
    "hit_tp1": false,
    "hit_sl": false,
    "candles_to_result": 0,
    "max_favorable_pct": 0,
    "max_adverse_pct": 0,
    "outcome_tracked": false
  },
  {
    "symbol": "ACN",
    "timeframe": "historical_1w",
    "timestamp": "2025-09-28",
    "congress_score": 20.0,
    "insider_score": 50,
    "short_interest_pct": 0,
    "combined_score": 42.5,
    "price": 238.97000122070312,
    "price_change_24h": -0.4250194796091171,
    "rsi": 50,
    "position_pct": 3.8686725618078106,
    "ta_score": 50,
    "signal_direction": "WAIT",
    "signal_name": "historical_import",
    "confidence": "MEDIUM",
    "hit_tp1": false,
    "hit_sl": true,
    "candles_to_result": 1,
    "max_favorable_pct": 5.389799898321565,
    "max_adverse_pct": -0.24270905473152718,
    "outcome_tracked": true
  },
  {
    "symbol": "ACN",
    "timeframe": "historical_1w",
    "timestamp": "2025-10-05",
    "congress_score": 33.33333333333333,
    "insider_score": 50,
    "short_interest_pct": 0,
    "combined_score": 45.83333333333333,
    "price": 245.32000732421875,
    "price_change_24h": -0.6801589780490891,
    "rsi": 50,
    "position_pct": 7.701134394114928,
    "ta_score": 50,
    "signal_direction": "WAIT",
    "signal_name": "historical_import",
    "confidence": "MEDIUM",
    "hit_tp1": false,
    "hit_sl": true,
    "candles_to_result": 7,
    "max_favorable_pct": 2.661828870185352,
    "max_adverse_pct": -2.8248849370901516,
    "outcome_tracked": true
  },
  {
    "symbol": "ACN",
    "timeframe": "historical_1w",
    "timestamp": "2025-10-12",
    "congress_score": 25.0,
    "insider_score": 50,
    "short_interest_pct": 0,
    "combined_score": 43.75,
    "price": 240.94000244140625,
    "price_change_24h": -2.913323842883352,
    "rsi": 50,
    "position_pct": 5.057640629690956,
    "ta_score": 50,
    "signal_direction": "WAIT",
    "signal_name": "historical_import",
    "confidence": "MEDIUM",
    "hit_tp1": false,
    "hit_sl": true,
    "candles_to_result": 2,
    "max_favorable_pct": 10.64580129350756,
    "max_adverse_pct": -1.0583560330036699,
    "outcome_tracked": true
  },
  {
    "symbol": "ACN",
    "timeframe": "historical_1w",
    "timestamp": "2025-10-19",
    "congress_score": 33.33333333333333,
    "insider_score": 50,
    "short_interest_pct": 0,
    "combined_score": 45.83333333333333,
    "price": 238.38999938964844,
    "price_change_24h": -2.1226795125507234,
    "rsi": 50,
    "position_pct": 3.518620161235364,
    "ta_score": 50,
    "signal_direction": "WAIT",
    "signal_name": "historical_import",
    "confidence": "MEDIUM",
    "hit_tp1": false,
    "hit_sl": true,
    "candles_to_result": 1,
    "max_favorable_pct": 13.914173519808164,
    "max_adverse_pct": 2.8608613371702094,
    "outcome_tracked": true
  },
  {
    "symbol": "ACN",
    "timeframe": "historical_1w",
    "timestamp": "2025-10-26",
    "congress_score": 50.0,
    "insider_score": 50,
    "short_interest_pct": 0,
    "combined_score": 50.0,
    "price": 247.64999389648438,
    "price_change_24h": 2.258651162825864,
    "rsi": 50,
    "position_pct": 9.107366839002234,
    "ta_score": 50,
    "signal_direction": "WAIT",
    "signal_name": "historical_import",
    "confidence": "MEDIUM",
    "hit_tp1": true,
    "hit_sl": false,
    "candles_to_result": 6,
    "max_favorable_pct": 9.933376422289847,
    "max_adverse_pct": -0.9852563063809652,
    "outcome_tracked": true
  },
  {
    "symbol": "ACN",
    "timeframe": "historical_1m",
    "timestamp": "2025-10-28",
    "congress_score": 28.57142857142857,
    "insider_score": 50,
    "short_interest_pct": 0,
    "combined_score": 44.64285714285714,
    "price": 0,
    "price_change_24h": 0,
    "rsi": 50,
    "position_pct": 50,
    "ta_score": 50,
    "signal_direction": "WAIT",
    "signal_name": "quiver_only_import",
    "confidence": "LOW",
    "hit_tp1": false,
    "hit_sl": false,
    "candles_to_result": 0,
    "max_favorable_pct": 0,
    "max_adverse_pct": 0,
    "outcome_tracked": false
  },
  {
    "symbol": "ACN",
    "timeframe": "historical_1w",
    "timestamp": "2025-11-02",
    "congress_score": 0.0,
    "insider_score": 50,
    "short_interest_pct": 0,
    "combined_score": 37.5,
    "price": 250.10000610351562,
    "price_change_24h": -0.26717635982386523,
    "rsi": 50,
    "position_pct": 10.586039161369818,
    "ta_score": 50,
    "signal_direction": "WAIT",
    "signal_name": "historical_import",
    "confidence": "MEDIUM",
    "hit_tp1": false,
    "hit_sl": false,
    "candles_to_result": 0,
    "max_favorable_pct": 0,
    "max_adverse_pct": 0,
    "outcome_tracked": false
  },
  {
    "symbol": "ACN",
    "timeframe": "historical_1w",
    "timestamp": "2025-11-09",
    "congress_score": 0.0,
    "insider_score": 50,
    "short_interest_pct": 0,
    "combined_score": 37.5,
    "price": 245.75999450683594,
    "price_change_24h": -1.0787344663637182,
    "rsi": 50,
    "position_pct": 7.966682813533161,
    "ta_score": 50,
    "signal_direction": "WAIT",
    "signal_name": "historical_import",
    "confidence": "MEDIUM",
    "hit_tp1": false,
    "hit_sl": false,
    "candles_to_result": 0,
    "max_favorable_pct": 0,
    "max_adverse_pct": 0,
    "outcome_tracked": false
  },
  {
    "symbol": "ACN",
    "timeframe": "historical_1w",
    "timestamp": "2025-11-16",
    "congress_score": 0.0,
    "insider_score": 50,
    "short_interest_pct": 0,
    "combined_score": 37.5,
    "price": 245.2100067138672,
    "price_change_24h": 0.26988495353634834,
    "rsi": 50,
    "position_pct": 7.6347449869505075,
    "ta_score": 50,
    "signal_direction": "WAIT",
    "signal_name": "historical_import",
    "confidence": "MEDIUM",
    "hit_tp1": false,
    "hit_sl": false,
    "candles_to_result": 0,
    "max_favorable_pct": 0,
    "max_adverse_pct": 0,
    "outcome_tracked": false
  },
  {
    "symbol": "ACN",
    "timeframe": "historical_1w",
    "timestamp": "2025-11-23",
    "congress_score": 0.0,
    "insider_score": 50,
    "short_interest_pct": 0,
    "combined_score": 37.5,
    "price": 251.85000610351562,
    "price_change_24h": 4.359177969022503,
    "rsi": 50,
    "position_pct": 11.642228414924125,
    "ta_score": 50,
    "signal_direction": "WAIT",
    "signal_name": "historical_import",
    "confidence": "MEDIUM",
    "hit_tp1": false,
    "hit_sl": false,
    "candles_to_result": 0,
    "max_favorable_pct": 0,
    "max_adverse_pct": 0,
    "outcome_tracked": false
  },
  {
    "symbol": "ACN",
    "timeframe": "historical_1m",
    "timestamp": "2025-11-28",
    "congress_score": 33.33333333333333,
    "insider_score": 50,
    "short_interest_pct": 0,
    "combined_score": 45.83333333333333,
    "price": 0,
    "price_change_24h": 0,
    "rsi": 50,
    "position_pct": 50,
    "ta_score": 50,
    "signal_direction": "WAIT",
    "signal_name": "quiver_only_import",
    "confidence": "LOW",
    "hit_tp1": false,
    "hit_sl": false,
    "candles_to_result": 0,
    "max_favorable_pct": 0,
    "max_adverse_pct": 0,
    "outcome_tracked": false
  },
  {
    "symbol": "ACN",
    "timeframe": "historical_1w",
    "timestamp": "2025-11-30",
    "congress_score": 0.0,
    "insider_score": 50,
    "short_interest_pct": 0,
    "combined_score": 37.5,
    "price": 250.0,
    "price_change_24h": 2.618834664922948,
    "rsi": 50,
    "position_pct": 10.525681806042368,
    "ta_score": 50,
    "signal_direction": "WAIT",
    "signal_name": "historical_import",
    "confidence": "MEDIUM",
    "hit_tp1": false,
    "hit_sl": false,
    "candles_to_result": 0,
    "max_favorable_pct": 0,
    "max_adverse_pct": 0,
    "outcome_tracked": false
  },
  {
    "symbol": "ACN",
    "timeframe": "historical_1w",
    "timestamp": "2025-12-07",
    "congress_score": 0.0,
    "insider_score": 50,
    "short_interest_pct": 0,
    "combined_score": 37.5,
    "price": 266.5899963378906,
    "price_change_24h": 3.5582503681480073,
    "rsi": 50,
    "position_pct": 20.53835371951972,
    "ta_score": 50,
    "signal_direction": "WAIT",
    "signal_name": "historical_import",
    "confidence": "MEDIUM",
    "hit_tp1": false,
    "hit_sl": false,
    "candles_to_result": 0,
    "max_favorable_pct": 0,
    "max_adverse_pct": 0,
    "outcome_tracked": false
  },
  {
    "symbol": "ACN",
    "timeframe": "historical_1w",
    "timestamp": "2025-12-14",
    "congress_score": 50,
    "insider_score": 50,
    "short_interest_pct": 0,
    "combined_score": 50.0,
    "price": 271.55999755859375,
    "price_change_24h": 1.8986857630745777,
    "rsi": 50,
    "position_pct": 23.537931936353104,
    "ta_score": 50,
    "signal_direction": "WAIT",
    "signal_name": "historical_import",
    "confidence": "MEDIUM",
    "hit_tp1": false,
    "hit_sl": false,
    "candles_to_result": 0,
    "max_favorable_pct": 0,
    "max_adverse_pct": 0,
    "outcome_tracked": false
  },
  {
    "symbol": "ACN",
    "timeframe": "historical_1w",
    "timestamp": "2025-12-21",
    "congress_score": 50,
    "insider_score": 50,
    "short_interest_pct": 0,
    "combined_score": 50.0,
    "price": 272.25,
    "price_change_24h": -0.8774498033846223,
    "rsi": 50,
    "position_pct": 23.95437374408997,
    "ta_score": 50,
    "signal_direction": "WAIT",
    "signal_name": "historical_import",
    "confidence": "MEDIUM",
    "hit_tp1": false,
    "hit_sl": false,
    "candles_to_result": 0,
    "max_favorable_pct": 0,
    "max_adverse_pct": 0,
    "outcome_tracked": false
  },
  {
    "symbol": "ACN",
    "timeframe": "historical_1w",
    "timestamp": "2025-12-28",
    "congress_score": 50,
    "insider_score": 50,
    "short_interest_pct": 0,
    "combined_score": 50.0,
    "price": 270.0400085449219,
    "price_change_24h": -0.23275754666510323,
    "rsi": 50,
    "position_pct": 22.620562758204052,
    "ta_score": 50,
    "signal_direction": "WAIT",
    "signal_name": "historical_import",
    "confidence": "MEDIUM",
    "hit_tp1": false,
    "hit_sl": false,
    "candles_to_result": 0,
    "max_favorable_pct": 0,
    "max_adverse_pct": 0,
    "outcome_tracked": false
  }
]