[
  {
    "symbol": "ADBE",
    "timeframe": "historical_1w",
    "timestamp": "2025-06-29",
    "congress_score": 66.66666666666666,
    "insider_score": 50,
    "short_interest_pct": 0,
    "combined_score": 54.166666666666664,
    "price": 385.8299865722656,
    "price_change_24h": 1.5021549848536084,
    "rsi": 50,
    "position_pct": 36.92691320722055,
    "ta_score": 50,
    "signal_direction": "WAIT",
    "signal_name": "historical_import",
    "confidence": "MEDIUM",
    "hit_tp1": false,
    "hit_sl": true,
    "candles_to_result": 2,
    "max_favorable_pct": -1.6898606227047845,
    "max_adverse_pct": -11.606147872829894,
    "outcome_tracked": true
  },
  {
    "symbol": "ADBE",
    "timeframe": "historical_1w",
    "timestamp": "2025-07-06",
    "congress_score": 66.66666666666666,
    "insider_score": 50,
    "short_interest_pct": 0,
    "combined_score": 54.166666666666664,
    "price": 379.30999755859375,
    "price_change_24h": -1.956680942069295,
    "rsi": 50,
    "position_pct": 31.673517201087037,
    "ta_score": 50,
    "signal_direction": "WAIT",
    "signal_name": "historical_import",
    "confidence": "MEDIUM",
    "hit_tp1": false,
    "hit_sl": true,
    "candles_to_result": 1,
    "max_favorable_pct": -2.259367635806884,
    "max_adverse_pct": -10.086739081986575,
    "outcome_tracked": true
  },
  {
    "symbol": "ADBE",
    "timeframe": "historical_1w",
    "timestamp": "2025-07-13",
    "congress_score": 33.33333333333333,
    "insider_score": 50,
    "short_interest_pct": 0,
    "combined_score": 45.83333333333333,
    "price": 363.3500061035156,
    "price_change_24h": -3.6027874767573986,
    "rsi": 50,
    "position_pct": 18.813962500577844,
    "ta_score": 50,
    "signal_direction": "WAIT",
    "signal_name": "historical_import",
    "confidence": "MEDIUM",
    "hit_tp1": false,
    "hit_sl": true,
    "candles_to_result": 2,
    "max_favorable_pct": 2.033847256563421,
    "max_adverse_pct": -6.137338086130036,
    "outcome_tracked": true
  },
  {
    "symbol": "ADBE",
    "timeframe": "historical_1w",
    "timestamp": "2025-07-20",
    "congress_score": 33.33333333333333,
    "insider_score": 50,
    "short_interest_pct": 0,
    "combined_score": 45.83333333333333,
    "price": 365.7900085449219,
    "price_change_24h": -0.3269794058107054,
    "rsi": 50,
    "position_pct": 20.7799626048358,
    "ta_score": 50,
    "signal_direction": "WAIT",
    "signal_name": "historical_import",
    "confidence": "MEDIUM",
    "hit_tp1": true,
    "hit_sl": false,
    "candles_to_result": 2,
    "max_favorable_pct": 1.3532304256050307,
    "max_adverse_pct": -6.76344902102892,
    "outcome_tracked": true
  },
  {
    "symbol": "ADBE",
    "timeframe": "historical_1w",
    "timestamp": "2025-07-27",
    "congress_score": 66.66666666666666,
    "insider_score": 50,
    "short_interest_pct": 0,
    "combined_score": 54.166666666666664,
    "price": 370.739990234375,
    "price_change_24h": 0.8322447833847852,
    "rsi": 50,
    "position_pct": 24.76834571150644,
    "ta_score": 50,
    "signal_direction": "WAIT",
    "signal_name": "historical_import",
    "confidence": "MEDIUM",
    "hit_tp1": false,
    "hit_sl": true,
    "candles_to_result": 1,
    "max_favorable_pct": -1.3054961604845672,
    "max_adverse_pct": -8.008308578375042,
    "outcome_tracked": true
  },
  {
    "symbol": "ADBE",
    "timeframe": "historical_1m",
    "timestamp": "2025-07-28",
    "congress_score": 66.66666666666666,
    "insider_score": 50,
    "short_interest_pct": 0,
    "combined_score": 54.166666666666664,
    "price": 0,
    "price_change_24h": 0,
    "rsi": 50,
    "position_pct": 50,
    "ta_score": 50,
    "signal_direction": "WAIT",
    "signal_name": "quiver_only_import",
    "confidence": "LOW",
    "hit_tp1": false,
    "hit_sl": false,
    "candles_to_result": 0,
    "max_favorable_pct": 0,
    "max_adverse_pct": 0,
    "outcome_tracked": false
  },
  {
    "symbol": "ADBE",
    "timeframe": "historical_1w",
    "timestamp": "2025-08-03",
    "congress_score": 50.0,
    "insider_score": 50,
    "short_interest_pct": 0,
    "combined_score": 50.0,
    "price": 347.79998779296875,
    "price_change_24h": -5.865161814528422,
    "rsi": 50,
    "position_pct": 6.284738307618011,
    "ta_score": 50,
    "signal_direction": "WAIT",
    "signal_name": "historical_import",
    "confidence": "MEDIUM",
    "hit_tp1": true,
    "hit_sl": false,
    "candles_to_result": 3,
    "max_favorable_pct": 5.204142248069838,
    "max_adverse_pct": -1.940770625908705,
    "outcome_tracked": true
  },
  {
    "symbol": "ADBE",
    "timeframe": "historical_1w",
    "timestamp": "2025-08-10",
    "congress_score": 33.33333333333333,
    "insider_score": 50,
    "short_interest_pct": 0,
    "combined_score": 45.83333333333333,
    "price": 341.04998779296875,
    "price_change_24h": 0.649249417094905,
    "rsi": 50,
    "position_pct": 2.209153576127221,
    "ta_score": 50,
    "signal_direction": "WAIT",
    "signal_name": "historical_import",
    "confidence": "MEDIUM",
    "hit_tp1": false,
    "hit_sl": true,
    "candles_to_result": 1,
    "max_favorable_pct": 7.286323704137058,
    "max_adverse_pct": 1.66837784637609,
    "outcome_tracked": true
  },
  {
    "symbol": "ADBE",
    "timeframe": "historical_1w",
    "timestamp": "2025-08-17",
    "congress_score": 33.33333333333333,
    "insider_score": 50,
    "short_interest_pct": 0,
    "combined_score": 45.83333333333333,
    "price": 354.8500061035156,
    "price_change_24h": 6.353967509320141,
    "rsi": 50,
    "position_pct": 16.25020205089554,
    "ta_score": 50,
    "signal_direction": "WAIT",
    "signal_name": "historical_import",
    "confidence": "MEDIUM",
    "hit_tp1": false,
    "hit_sl": true,
    "candles_to_result": 1,
    "max_favorable_pct": 3.1139883339174257,
    "max_adverse_pct": -4.886570674831061,
    "outcome_tracked": true
  },
  {
    "symbol": "ADBE",
    "timeframe": "historical_1w",
    "timestamp": "2025-08-24",
    "congress_score": 25.0,
    "insider_score": 50,
    "short_interest_pct": 0,
    "combined_score": 43.75,
    "price": 362.0899963378906,
    "price_change_24h": 1.3576324700752773,
    "rsi": 50,
    "position_pct": 21.799788674061904,
    "ta_score": 50,
    "signal_direction": "WAIT",
    "signal_name": "historical_import",
    "confidence": "MEDIUM",
    "hit_tp1": true,
    "hit_sl": false,
    "candles_to_result": 2,
    "max_favorable_pct": 1.052223921435925,
    "max_adverse_pct": -7.962105240091311,
    "outcome_tracked": true
  },
  {
    "symbol": "ADBE",
    "timeframe": "historical_1m",
    "timestamp": "2025-08-28",
    "congress_score": 18.181818181818183,
    "insider_score": 50,
    "short_interest_pct": 0,
    "combined_score": 42.04545454545455,
    "price": 0,
    "price_change_24h": 0,
    "rsi": 50,
    "position_pct": 50,
    "ta_score": 50,
    "signal_direction": "WAIT",
    "signal_name": "quiver_only_import",
    "confidence": "LOW",
    "hit_tp1": false,
    "hit_sl": false,
    "candles_to_result": 0,
    "max_favorable_pct": 0,
    "max_adverse_pct": 0,
    "outcome_tracked": false
  },
  {
    "symbol": "ADBE",
    "timeframe": "historical_1w",
    "timestamp": "2025-08-31",
    "congress_score": 0.0,
    "insider_score": 50,
    "short_interest_pct": 0,
    "combined_score": 37.5,
    "price": 356.70001220703125,
    "price_change_24h": -1.792345860852242,
    "rsi": 50,
    "position_pct": 17.668265997460065,
    "ta_score": 50,
    "signal_direction": "WAIT",
    "signal_name": "historical_import",
    "confidence": "MEDIUM",
    "hit_tp1": false,
    "hit_sl": true,
    "candles_to_result": 3,
    "max_favorable_pct": 2.579192984191262,
    "max_adverse_pct": -6.571348931662359,
    "outcome_tracked": true
  },
  {
    "symbol": "ADBE",
    "timeframe": "historical_1w",
    "timestamp": "2025-09-07",
    "congress_score": 20.0,
    "insider_score": 50,
    "short_interest_pct": 0,
    "combined_score": 42.5,
    "price": 348.9700012207031,
    "price_change_24h": 0.9663502273256244,
    "rsi": 50,
    "position_pct": 11.743069391119773,
    "ta_score": 50,
    "signal_direction": "WAIT",
    "signal_name": "historical_import",
    "confidence": "MEDIUM",
    "hit_tp1": false,
    "hit_sl": true,
    "candles_to_result": 2,
    "max_favorable_pct": 4.8514177770466915,
    "max_adverse_pct": -4.501817176297189,
    "outcome_tracked": true
  },
  {
    "symbol": "ADBE",
    "timeframe": "historical_1w",
    "timestamp": "2025-09-14",
    "congress_score": 33.33333333333333,
    "insider_score": 50,
    "short_interest_pct": 0,
    "combined_score": 45.83333333333333,
    "price": 349.3599853515625,
    "price_change_24h": -2.5929900785113316,
    "rsi": 50,
    "position_pct": 12.041999451216903,
    "ta_score": 50,
    "signal_direction": "WAIT",
    "signal_name": "historical_import",
    "confidence": "MEDIUM",
    "hit_tp1": false,
    "hit_sl": true,
    "candles_to_result": 1,
    "max_favorable_pct": 4.734374066416791,
    "max_adverse_pct": -6.414579254684819,
    "outcome_tracked": true
  },
  {
    "symbol": "ADBE",
    "timeframe": "historical_1w",
    "timestamp": "2025-09-21",
    "congress_score": 50.0,
    "insider_score": 50,
    "short_interest_pct": 0,
    "combined_score": 50.0,
    "price": 365.8999938964844,
    "price_change_24h": 5.416302927797135,
    "rsi": 50,
    "position_pct": 24.720222376455382,
    "ta_score": 50,
    "signal_direction": "WAIT",
    "signal_name": "historical_import",
    "confidence": "MEDIUM",
    "hit_tp1": false,
    "hit_sl": true,
    "candles_to_result": 2,
    "max_favorable_pct": -1.5113415882869212,
    "max_adverse_pct": -10.644980141888809,
    "outcome_tracked": true
  },
  {
    "symbol": "ADBE",
    "timeframe": "historical_1m",
    "timestamp": "2025-09-28",
    "congress_score": 20.0,
    "insider_score": 50,
    "short_interest_pct": 0,
    "combined_score": 42.5,
    "price": 0,
    "price_change_24h": 0,
    "rsi": 50,
    "position_pct": 50,
    "ta_score": 50,
    "signal_direction": "WAIT",
    "signal_name": "quiver_only_import",
    "confidence": "LOW",
    "hit_tp1": false,
    "hit_sl": false,
    "candles_to_result": 0,
    "max_favorable_pct": 0,
    "max_adverse_pct": 0,
    "outcome_tracked": false
  },
  {
    "symbol": "ADBE",
    "timeframe": "historical_1w",
    "timestamp": "2025-09-28",
    "congress_score": 66.66666666666666,
    "insider_score": 50,
    "short_interest_pct": 0,
    "combined_score": 54.166666666666664,
    "price": 360.3699951171875,
    "price_change_24h": -1.0190045022817356,
    "rsi": 50,
    "position_pct": 20.48137587829273,
    "ta_score": 50,
    "signal_direction": "WAIT",
    "signal_name": "historical_import",
    "confidence": "MEDIUM",
    "hit_tp1": false,
    "hit_sl": true,
    "candles_to_result": 1,
    "max_favorable_pct": -1.9008258723893188,
    "max_adverse_pct": -10.039679542137241,
    "outcome_tracked": true
  },
  {
    "symbol": "ADBE",
    "timeframe": "historical_1w",
    "timestamp": "2025-10-05",
    "congress_score": 33.33333333333333,
    "insider_score": 50,
    "short_interest_pct": 0,
    "combined_score": 45.83333333333333,
    "price": 346.739990234375,
    "price_change_24h": -3.527912392087438,
    "rsi": 50,
    "position_pct": 10.033724662934661,
    "ta_score": 50,
    "signal_direction": "WAIT",
    "signal_name": "historical_import",
    "confidence": "MEDIUM",
    "hit_tp1": true,
    "hit_sl": false,
    "candles_to_result": 2,
    "max_favorable_pct": 1.9553553008737214,
    "max_adverse_pct": -7.674334112305817,
    "outcome_tracked": true
  },
  {
    "symbol": "ADBE",
    "timeframe": "historical_1w",
    "timestamp": "2025-10-12",
    "congress_score": 0.0,
    "insider_score": 50,
    "short_interest_pct": 0,
    "combined_score": 37.5,
    "price": 337.510009765625,
    "price_change_24h": -3.607129820764363,
    "rsi": 50,
    "position_pct": 2.958773663931874,
    "ta_score": 50,
    "signal_direction": "WAIT",
    "signal_name": "historical_import",
    "confidence": "MEDIUM",
    "hit_tp1": false,
    "hit_sl": true,
    "candles_to_result": 2,
    "max_favorable_pct": 4.743556867888033,
    "max_adverse_pct": -5.149478350251475,
    "outcome_tracked": true
  },
  {
    "symbol": "ADBE",
    "timeframe": "historical_1w",
    "timestamp": "2025-10-19",
    "congress_score": 33.33333333333333,
    "insider_score": 50,
    "short_interest_pct": 0,
    "combined_score": 45.83333333333333,
    "price": 333.260009765625,
    "price_change_24h": -1.7859240327091734,
    "rsi": 50,
    "position_pct": 2.9878407067191857,
    "ta_score": 50,
    "signal_direction": "WAIT",
    "signal_name": "historical_import",
    "confidence": "MEDIUM",
    "hit_tp1": false,
    "hit_sl": true,
    "candles_to_result": 1,
    "max_favorable_pct": 6.952524224689073,
    "max_adverse_pct": -3.9398681204044155,
    "outcome_tracked": true
  },
  {
    "symbol": "ADBE",
    "timeframe": "historical_1w",
    "timestamp": "2025-10-26",
    "congress_score": 50.0,
    "insider_score": 50,
    "short_interest_pct": 0,
    "combined_score": 50.0,
    "price": 353.5199890136719,
    "price_change_24h": 2.9469992128881937,
    "rsi": 50,
    "position_pct": 18.008587369367525,
    "ta_score": 50,
    "signal_direction": "WAIT",
    "signal_name": "historical_import",
    "confidence": "MEDIUM",
    "hit_tp1": false,
    "hit_sl": true,
    "candles_to_result": 1,
    "max_favorable_pct": 0.8231510954241501,
    "max_adverse_pct": -9.445005987926772,
    "outcome_tracked": true
  },
  {
    "symbol": "ADBE",
    "timeframe": "historical_1m",
    "timestamp": "2025-10-28",
    "congress_score": 60.0,
    "insider_score": 50,
    "short_interest_pct": 0,
    "combined_score": 52.5,
    "price": 0,
    "price_change_24h": 0,
    "rsi": 50,
    "position_pct": 50,
    "ta_score": 50,
    "signal_direction": "WAIT",
    "signal_name": "quiver_only_import",
    "confidence": "LOW",
    "hit_tp1": false,
    "hit_sl": false,
    "candles_to_result": 0,
    "max_favorable_pct": 0,
    "max_adverse_pct": 0,
    "outcome_tracked": false
  },
  {
    "symbol": "ADBE",
    "timeframe": "historical_1w",
    "timestamp": "2025-11-02",
    "congress_score": 100.0,
    "insider_score": 50,
    "short_interest_pct": 0,
    "combined_score": 62.5,
    "price": 340.30999755859375,
    "price_change_24h": -4.888203138926631,
    "rsi": 50,
    "position_pct": 8.214700977227881,
    "ta_score": 50,
    "signal_direction": "WAIT",
    "signal_name": "historical_import",
    "confidence": "MEDIUM",
    "hit_tp1": false,
    "hit_sl": false,
    "candles_to_result": 0,
    "max_favorable_pct": 0,
    "max_adverse_pct": 0,
    "outcome_tracked": false
  },
  {
    "symbol": "ADBE",
    "timeframe": "historical_1w",
    "timestamp": "2025-11-09",
    "congress_score": 66.66666666666666,
    "insider_score": 50,
    "short_interest_pct": 0,
    "combined_score": 54.166666666666664,
    "price": 326.95001220703125,
    "price_change_24h": -3.117310864852806,
    "rsi": 50,
    "position_pct": 0.0,
    "ta_score": 50,
    "signal_direction": "WAIT",
    "signal_name": "historical_import",
    "confidence": "MEDIUM",
    "hit_tp1": false,
    "hit_sl": false,
    "candles_to_result": 0,
    "max_favorable_pct": 0,
    "max_adverse_pct": 0,
    "outcome_tracked": false
  },
  {
    "symbol": "ADBE",
    "timeframe": "historical_1w",
    "timestamp": "2025-11-16",
    "congress_score": 50.0,
    "insider_score": 50,
    "short_interest_pct": 0,
    "combined_score": 50.0,
    "price": 331.1099853515625,
    "price_change_24h": 0.687237100836628,
    "rsi": 50,
    "position_pct": 3.0329352282299666,
    "ta_score": 50,
    "signal_direction": "WAIT",
    "signal_name": "historical_import",
    "confidence": "MEDIUM",
    "hit_tp1": false,
    "hit_sl": false,
    "candles_to_result": 0,
    "max_favorable_pct": 0,
    "max_adverse_pct": 0,
    "outcome_tracked": false
  },
  {
    "symbol": "ADBE",
    "timeframe": "historical_1w",
    "timestamp": "2025-11-23",
    "congress_score": 50.0,
    "insider_score": 50,
    "short_interest_pct": 0,
    "combined_score": 50.0,
    "price": 324.19000244140625,
    "price_change_24h": -0.27071241978187166,
    "rsi": 50,
    "position_pct": 7.771412042042688,
    "ta_score": 50,
    "signal_direction": "WAIT",
    "signal_name": "historical_import",
    "confidence": "MEDIUM",
    "hit_tp1": false,
    "hit_sl": false,
    "candles_to_result": 0,
    "max_favorable_pct": 0,
    "max_adverse_pct": 0,
    "outcome_tracked": false
  },
  {
    "symbol": "ADBE",
    "timeframe": "historical_1m",
    "timestamp": "2025-11-28",
    "congress_score": 50.0,
    "insider_score": 50,
    "short_interest_pct": 0,
    "combined_score": 50.0,
    "price": 0,
    "price_change_24h": 0,
    "rsi": 50,
    "position_pct": 50,
    "ta_score": 50,
    "signal_direction": "WAIT",
    "signal_name": "quiver_only_import",
    "confidence": "LOW",
    "hit_tp1": false,
    "hit_sl": false,
    "candles_to_result": 0,
    "max_favorable_pct": 0,
    "max_adverse_pct": 0,
    "outcome_tracked": false
  },
  {
    "symbol": "ADBE",
    "timeframe": "historical_1w",
    "timestamp": "2025-11-30",
    "congress_score": 50.0,
    "insider_score": 50,
    "short_interest_pct": 0,
    "combined_score": 50.0,
    "price": 320.1300048828125,
    "price_change_24h": 0.4392413165462563,
    "rsi": 50,
    "position_pct": 5.095255040349144,
    "ta_score": 50,
    "signal_direction": "WAIT",
    "signal_name": "historical_import",
    "confidence": "MEDIUM",
    "hit_tp1": false,
    "hit_sl": false,
    "candles_to_result": 0,
    "max_favorable_pct": 0,
    "max_adverse_pct": 0,
    "outcome_tracked": false
  },
  {
    "symbol": "ADBE",
    "timeframe": "historical_1w",
    "timestamp": "2025-12-07",
    "congress_score": 50.0,
    "insider_score": 50,
    "short_interest_pct": 0,
    "combined_score": 50.0,
    "price": 346.260009765625,
    "price_change_24h": 7.251046374335024,
    "rsi": 50,
    "position_pct": 22.318909614576505,
    "ta_score": 50,
    "signal_direction": "WAIT",
    "signal_name": "historical_import",
    "confidence": "MEDIUM",
    "hit_tp1": false,
    "hit_sl": false,
    "candles_to_result": 0,
    "max_favorable_pct": 0,
    "max_adverse_pct": 0,
    "outcome_tracked": false
  },
  {
    "symbol": "ADBE",
    "timeframe": "historical_1w",
    "timestamp": "2025-12-14",
    "congress_score": 50,
    "insider_score": 50,
    "short_interest_pct": 0,
    "combined_score": 50.0,
    "price": 356.42999267578125,
    "price_change_24h": 5.104387180889185,
    "rsi": 50,
    "position_pct": 29.022477924490765,
    "ta_score": 50,
    "signal_direction": "WAIT",
    "signal_name": "historical_import",
    "confidence": "MEDIUM",
    "hit_tp1": false,
    "hit_sl": false,
    "candles_to_result": 0,
    "max_favorable_pct": 0,
    "max_adverse_pct": 0,
    "outcome_tracked": false
  },
  {
    "symbol": "ADBE",
    "timeframe": "historical_1w",
    "timestamp": "2025-12-21",
    "congress_score": 50,
    "insider_score": 50,
    "short_interest_pct": 0,
    "combined_score": 50.0,
    "price": 355.8599853515625,
    "price_change_24h": 1.3413047236066833,
    "rsi": 50,
    "position_pct": 28.646756247393757,
    "ta_score": 50,
    "signal_direction": "WAIT",
    "signal_name": "historical_import",
    "confidence": "MEDIUM",
    "hit_tp1": false,
    "hit_sl": false,
    "candles_to_result": 0,
    "max_favorable_pct": 0,
    "max_adverse_pct": 0,
    "outcome_tracked": false
  },
  {
    "symbol": "ADBE",
    "timeframe": "historical_1w",
    "timestamp": "2025-12-28",
    "congress_score": 50,
    "insider_score": 50,
    "short_interest_pct": 0,
    "combined_score": 50.0,
    "price": 352.8299865722656,
    "price_change_24h": -1.3145784194552483,
    "rsi": 50,
    "position_pct": 26.649525379317364,
    "ta_score": 50,
    "signal_direction": "WAIT",
    "signal_name": "historical_import",
    "confidence": "MEDIUM",
    "hit_tp1": false,
    "hit_sl": false,
    "candles_to_result": 0,
    "max_favorable_pct": 0,
    "max_adverse_pct": 0,
    "outcome_tracked": false
  }
]