[
  {
    "symbol": "AMAT",
    "timeframe": "historical_1w",
    "timestamp": "2025-06-29",
    "congress_score": 100.0,
    "insider_score": 50,
    "short_interest_pct": 0,
    "combined_score": 62.5,
    "price": 183.2100067138672,
    "price_change_24h": 6.542218865296647,
    "rsi": 50,
    "position_pct": 82.05952708435154,
    "ta_score": 50,
    "signal_direction": "WAIT",
    "signal_name": "historical_import",
    "confidence": "MEDIUM",
    "hit_tp1": true,
    "hit_sl": false,
    "candles_to_result": 1,
    "max_favorable_pct": 8.034487976905853,
    "max_adverse_pct": -12.253704156068897,
    "outcome_tracked": true
  },
  {
    "symbol": "AMAT",
    "timeframe": "historical_1w",
    "timestamp": "2025-07-06",
    "congress_score": 100.0,
    "insider_score": 50,
    "short_interest_pct": 0,
    "combined_score": 62.5,
    "price": 191.0500030517578,
    "price_change_24h": 4.358985856927625,
    "rsi": 50,
    "position_pct": 93.49476135662569,
    "ta_score": 50,
    "signal_direction": "WAIT",
    "signal_name": "historical_import",
    "confidence": "MEDIUM",
    "hit_tp1": true,
    "hit_sl": false,
    "candles_to_result": 1,
    "max_favorable_pct": 3.6011460424628017,
    "max_adverse_pct": -15.854492573190871,
    "outcome_tracked": true
  },
  {
    "symbol": "AMAT",
    "timeframe": "historical_1w",
    "timestamp": "2025-07-13",
    "congress_score": 100.0,
    "insider_score": 50,
    "short_interest_pct": 0,
    "combined_score": 62.5,
    "price": 197.92999267578125,
    "price_change_24h": 3.7477691279135708,
    "rsi": 50,
    "position_pct": 99.859304866433,
    "ta_score": 50,
    "signal_direction": "WAIT",
    "signal_name": "historical_import",
    "confidence": "MEDIUM",
    "hit_tp1": false,
    "hit_sl": true,
    "candles_to_result": 1,
    "max_favorable_pct": -3.7841613254864113,
    "max_adverse_pct": -18.77936621249289,
    "outcome_tracked": true
  },
  {
    "symbol": "AMAT",
    "timeframe": "historical_1w",
    "timestamp": "2025-07-20",
    "congress_score": 100.0,
    "insider_score": 50,
    "short_interest_pct": 0,
    "combined_score": 62.5,
    "price": 190.44000244140625,
    "price_change_24h": -3.3789971871495452,
    "rsi": 50,
    "position_pct": 87.7661165430678,
    "ta_score": 50,
    "signal_direction": "WAIT",
    "signal_name": "historical_import",
    "confidence": "MEDIUM",
    "hit_tp1": false,
    "hit_sl": true,
    "candles_to_result": 1,
    "max_favorable_pct": 7.078342551316933,
    "max_adverse_pct": -15.58496510926171,
    "outcome_tracked": true
  },
  {
    "symbol": "AMAT",
    "timeframe": "historical_1w",
    "timestamp": "2025-07-27",
    "congress_score": 100.0,
    "insider_score": 50,
    "short_interest_pct": 0,
    "combined_score": 62.5,
    "price": 185.69000244140625,
    "price_change_24h": -3.5927512315128496,
    "rsi": 50,
    "position_pct": 81.19990111527959,
    "ta_score": 50,
    "signal_direction": "WAIT",
    "signal_name": "historical_import",
    "confidence": "MEDIUM",
    "hit_tp1": false,
    "hit_sl": true,
    "candles_to_result": 1,
    "max_favorable_pct": 17.14685546839691,
    "max_adverse_pct": -13.425605905970558,
    "outcome_tracked": true
  },
  {
    "symbol": "AMAT",
    "timeframe": "historical_1w",
    "timestamp": "2025-08-03",
    "congress_score": 100.0,
    "insider_score": 50,
    "short_interest_pct": 0,
    "combined_score": 62.5,
    "price": 179.99000549316406,
    "price_change_24h": -5.402847820708631,
    "rsi": 50,
    "position_pct": 73.32044682056515,
    "ta_score": 50,
    "signal_direction": "WAIT",
    "signal_name": "historical_import",
    "confidence": "MEDIUM",
    "hit_tp1": false,
    "hit_sl": true,
    "candles_to_result": 2,
    "max_favorable_pct": 20.856709895238357,
    "max_adverse_pct": -10.683932662615799,
    "outcome_tracked": true
  },
  {
    "symbol": "AMAT",
    "timeframe": "historical_1w",
    "timestamp": "2025-08-10",
    "congress_score": 66.66666666666666,
    "insider_score": 50,
    "short_interest_pct": 0,
    "combined_score": 54.166666666666664,
    "price": 184.8699951171875,
    "price_change_24h": 1.1213147964343078,
    "rsi": 50,
    "position_pct": 80.06635485355655,
    "ta_score": 50,
    "signal_direction": "WAIT",
    "signal_name": "historical_import",
    "confidence": "MEDIUM",
    "hit_tp1": false,
    "hit_sl": true,
    "candles_to_result": 1,
    "max_favorable_pct": 21.70174254104612,
    "max_adverse_pct": -13.041597472358044,
    "outcome_tracked": true
  },
  {
    "symbol": "AMAT",
    "timeframe": "historical_1w",
    "timestamp": "2025-08-17",
    "congress_score": 66.66666666666666,
    "insider_score": 50,
    "short_interest_pct": 0,
    "combined_score": 54.166666666666664,
    "price": 161.75999450683594,
    "price_change_24h": -12.268147183504684,
    "rsi": 50,
    "position_pct": 48.11998800221225,
    "ta_score": 50,
    "signal_direction": "WAIT",
    "signal_name": "historical_import",
    "confidence": "MEDIUM",
    "hit_tp1": true,
    "hit_sl": false,
    "candles_to_result": 4,
    "max_favorable_pct": 41.41320954998739,
    "max_adverse_pct": -0.6181998231693439,
    "outcome_tracked": true
  },
  {
    "symbol": "AMAT",
    "timeframe": "historical_1w",
    "timestamp": "2025-08-24",
    "congress_score": 25.0,
    "insider_score": 50,
    "short_interest_pct": 0,
    "combined_score": 43.75,
    "price": 162.49000549316406,
    "price_change_24h": -0.6359648345233627,
    "rsi": 50,
    "position_pct": 49.1291268234507,
    "ta_score": 50,
    "signal_direction": "WAIT",
    "signal_name": "historical_import",
    "confidence": "MEDIUM",
    "hit_tp1": false,
    "hit_sl": true,
    "candles_to_result": 3,
    "max_favorable_pct": 43.454980751614364,
    "max_adverse_pct": -1.0646876286805875,
    "outcome_tracked": true
  },
  {
    "symbol": "AMAT",
    "timeframe": "historical_1w",
    "timestamp": "2025-08-31",
    "congress_score": 16.666666666666664,
    "insider_score": 50,
    "short_interest_pct": 0,
    "combined_score": 41.666666666666664,
    "price": 160.75999450683594,
    "price_change_24h": -0.7593128863620114,
    "rsi": 50,
    "position_pct": 46.73762685952,
    "ta_score": 50,
    "signal_direction": "WAIT",
    "signal_name": "historical_import",
    "confidence": "MEDIUM",
    "hit_tp1": false,
    "hit_sl": true,
    "candles_to_result": 2,
    "max_favorable_pct": 44.99876466069648,
    "max_adverse_pct": 1.2378735762394182,
    "outcome_tracked": true
  },
  {
    "symbol": "AMAT",
    "timeframe": "historical_1w",
    "timestamp": "2025-09-07",
    "congress_score": 20.0,
    "insider_score": 50,
    "short_interest_pct": 0,
    "combined_score": 42.5,
    "price": 162.75,
    "price_change_24h": 3.2874230088235055,
    "rsi": 50,
    "position_pct": 49.488533127014136,
    "ta_score": 50,
    "signal_direction": "WAIT",
    "signal_name": "historical_import",
    "confidence": "MEDIUM",
    "hit_tp1": false,
    "hit_sl": true,
    "candles_to_result": 1,
    "max_favorable_pct": 43.22581020185292,
    "max_adverse_pct": 3.1029204619095623,
    "outcome_tracked": true
  },
  {
    "symbol": "AMAT",
    "timeframe": "historical_1w",
    "timestamp": "2025-09-14",
    "congress_score": 20.0,
    "insider_score": 50,
    "short_interest_pct": 0,
    "combined_score": 42.5,
    "price": 167.8000030517578,
    "price_change_24h": 3.548287498744128,
    "rsi": 50,
    "position_pct": 56.46946111624144,
    "ta_score": 50,
    "signal_direction": "WAIT",
    "signal_name": "historical_import",
    "confidence": "MEDIUM",
    "hit_tp1": false,
    "hit_sl": true,
    "candles_to_result": 1,
    "max_favorable_pct": 38.915376557899144,
    "max_adverse_pct": 13.289632089505618,
    "outcome_tracked": true
  },
  {
    "symbol": "AMAT",
    "timeframe": "historical_1w",
    "timestamp": "2025-09-21",
    "congress_score": 0.0,
    "insider_score": 50,
    "short_interest_pct": 0,
    "combined_score": 37.5,
    "price": 190.10000610351562,
    "price_change_24h": 11.215125635730832,
    "rsi": 50,
    "position_pct": 87.29611881691012,
    "ta_score": 50,
    "signal_direction": "WAIT",
    "signal_name": "historical_import",
    "confidence": "MEDIUM",
    "hit_tp1": false,
    "hit_sl": true,
    "candles_to_result": 1,
    "max_favorable_pct": 32.693315045261855,
    "max_adverse_pct": 7.269853562184661,
    "outcome_tracked": true
  },
  {
    "symbol": "AMAT",
    "timeframe": "historical_1w",
    "timestamp": "2025-09-28",
    "congress_score": 50,
    "insider_score": 50,
    "short_interest_pct": 0,
    "combined_score": 50.0,
    "price": 203.9199981689453,
    "price_change_24h": 1.6955883822267224,
    "rsi": 50,
    "position_pct": 100.0,
    "ta_score": 50,
    "signal_direction": "WAIT",
    "signal_name": "historical_import",
    "confidence": "MEDIUM",
    "hit_tp1": true,
    "hit_sl": false,
    "candles_to_result": 1,
    "max_favorable_pct": 31.424089057692694,
    "max_adverse_pct": 2.957041405179443,
    "outcome_tracked": true
  },
  {
    "symbol": "AMAT",
    "timeframe": "historical_1w",
    "timestamp": "2025-10-05",
    "congress_score": 50,
    "insider_score": 50,
    "short_interest_pct": 0,
    "combined_score": 50.0,
    "price": 217.52999877929688,
    "price_change_24h": 6.138083443949319,
    "rsi": 50,
    "position_pct": 93.72930712244721,
    "ta_score": 50,
    "signal_direction": "WAIT",
    "signal_name": "historical_import",
    "confidence": "MEDIUM",
    "hit_tp1": false,
    "hit_sl": true,
    "candles_to_result": 1,
    "max_favorable_pct": 23.201398199753285,
    "max_adverse_pct": -3.484577701278461,
    "outcome_tracked": true
  },
  {
    "symbol": "AMAT",
    "timeframe": "historical_1w",
    "timestamp": "2025-10-12",
    "congress_score": 50,
    "insider_score": 50,
    "short_interest_pct": 0,
    "combined_score": 50.0,
    "price": 209.9499969482422,
    "price_change_24h": -6.23465074607988,
    "rsi": 50,
    "position_pct": 85.60230430360456,
    "ta_score": 50,
    "signal_direction": "WAIT",
    "signal_name": "historical_import",
    "confidence": "MEDIUM",
    "hit_tp1": true,
    "hit_sl": false,
    "candles_to_result": 1,
    "max_favorable_pct": 27.64944219840525,
    "max_adverse_pct": 6.696831513676985,
    "outcome_tracked": true
  },
  {
    "symbol": "AMAT",
    "timeframe": "historical_1w",
    "timestamp": "2025-10-19",
    "congress_score": 50,
    "insider_score": 50,
    "short_interest_pct": 0,
    "combined_score": 50.0,
    "price": 224.99000549316406,
    "price_change_24h": 2.510483813051048,
    "rsi": 50,
    "position_pct": 97.29086472978832,
    "ta_score": 50,
    "signal_direction": "WAIT",
    "signal_name": "historical_import",
    "confidence": "MEDIUM",
    "hit_tp1": true,
    "hit_sl": false,
    "candles_to_result": 2,
    "max_favorable_pct": 19.116402265318726,
    "max_adverse_pct": -0.43557978683542053,
    "outcome_tracked": true
  },
  {
    "symbol": "AMAT",
    "timeframe": "historical_1w",
    "timestamp": "2025-10-26",
    "congress_score": 50,
    "insider_score": 50,
    "short_interest_pct": 0,
    "combined_score": 50.0,
    "price": 228.75,
    "price_change_24h": 0.27177271902746136,
    "rsi": 50,
    "position_pct": 100.0,
    "ta_score": 50,
    "signal_direction": "WAIT",
    "signal_name": "historical_import",
    "confidence": "MEDIUM",
    "hit_tp1": false,
    "hit_sl": false,
    "candles_to_result": 0,
    "max_favorable_pct": 0,
    "max_adverse_pct": 0,
    "outcome_tracked": false
  },
  {
    "symbol": "AMAT",
    "timeframe": "historical_1w",
    "timestamp": "2025-11-02",
    "congress_score": 50,
    "insider_score": 50,
    "short_interest_pct": 0,
    "combined_score": 50.0,
    "price": 233.10000610351562,
    "price_change_24h": 0.7651425489347508,
    "rsi": 50,
    "position_pct": 97.56434391346134,
    "ta_score": 50,
    "signal_direction": "WAIT",
    "signal_name": "historical_import",
    "confidence": "MEDIUM",
    "hit_tp1": false,
    "hit_sl": false,
    "candles_to_result": 0,
    "max_favorable_pct": 0,
    "max_adverse_pct": 0,
    "outcome_tracked": false
  },
  {
    "symbol": "AMAT",
    "timeframe": "historical_1w",
    "timestamp": "2025-11-09",
    "congress_score": 50,
    "insider_score": 50,
    "short_interest_pct": 0,
    "combined_score": 50.0,
    "price": 230.07000732421875,
    "price_change_24h": -3.213999904869275,
    "rsi": 50,
    "position_pct": 90.5037810833874,
    "ta_score": 50,
    "signal_direction": "WAIT",
    "signal_name": "historical_import",
    "confidence": "MEDIUM",
    "hit_tp1": false,
    "hit_sl": false,
    "candles_to_result": 0,
    "max_favorable_pct": 0,
    "max_adverse_pct": 0,
    "outcome_tracked": false
  },
  {
    "symbol": "AMAT",
    "timeframe": "historical_1w",
    "timestamp": "2025-11-16",
    "congress_score": 50,
    "insider_score": 50,
    "short_interest_pct": 0,
    "combined_score": 50.0,
    "price": 226.00999450683594,
    "price_change_24h": -3.858264103101848,
    "rsi": 50,
    "position_pct": 86.94049099177037,
    "ta_score": 50,
    "signal_direction": "WAIT",
    "signal_name": "historical_import",
    "confidence": "MEDIUM",
    "hit_tp1": false,
    "hit_sl": false,
    "candles_to_result": 0,
    "max_favorable_pct": 0,
    "max_adverse_pct": 0,
    "outcome_tracked": false
  },
  {
    "symbol": "AMAT",
    "timeframe": "historical_1w",
    "timestamp": "2025-11-23",
    "congress_score": 50,
    "insider_score": 50,
    "short_interest_pct": 0,
    "combined_score": 50.0,
    "price": 224.00999450683594,
    "price_change_24h": -2.0550094307466424,
    "rsi": 50,
    "position_pct": 85.18518121719977,
    "ta_score": 50,
    "signal_direction": "WAIT",
    "signal_name": "historical_import",
    "confidence": "MEDIUM",
    "hit_tp1": false,
    "hit_sl": false,
    "candles_to_result": 0,
    "max_favorable_pct": 0,
    "max_adverse_pct": 0,
    "outcome_tracked": false
  },
  {
    "symbol": "AMAT",
    "timeframe": "historical_1w",
    "timestamp": "2025-11-30",
    "congress_score": 50,
    "insider_score": 50,
    "short_interest_pct": 0,
    "combined_score": 50.0,
    "price": 252.25,
    "price_change_24h": 9.241694166320071,
    "rsi": 50,
    "position_pct": 100.0,
    "ta_score": 50,
    "signal_direction": "WAIT",
    "signal_name": "historical_import",
    "confidence": "MEDIUM",
    "hit_tp1": false,
    "hit_sl": false,
    "candles_to_result": 0,
    "max_favorable_pct": 0,
    "max_adverse_pct": 0,
    "outcome_tracked": false
  },
  {
    "symbol": "AMAT",
    "timeframe": "historical_1w",
    "timestamp": "2025-12-07",
    "congress_score": 50,
    "insider_score": 50,
    "short_interest_pct": 0,
    "combined_score": 50.0,
    "price": 268.0,
    "price_change_24h": 5.20117762512267,
    "rsi": 50,
    "position_pct": 98.98940109067837,
    "ta_score": 50,
    "signal_direction": "WAIT",
    "signal_name": "historical_import",
    "confidence": "MEDIUM",
    "hit_tp1": false,
    "hit_sl": false,
    "candles_to_result": 0,
    "max_favorable_pct": 0,
    "max_adverse_pct": 0,
    "outcome_tracked": false
  },
  {
    "symbol": "AMAT",
    "timeframe": "historical_1w",
    "timestamp": "2025-12-14",
    "congress_score": 50,
    "insider_score": 50,
    "short_interest_pct": 0,
    "combined_score": 50.0,
    "price": 259.2099914550781,
    "price_change_24h": -3.337564172436605,
    "rsi": 50,
    "position_pct": 89.24426263856591,
    "ta_score": 50,
    "signal_direction": "WAIT",
    "signal_name": "historical_import",
    "confidence": "MEDIUM",
    "hit_tp1": false,
    "hit_sl": false,
    "candles_to_result": 0,
    "max_favorable_pct": 0,
    "max_adverse_pct": 0,
    "outcome_tracked": false
  },
  {
    "symbol": "AMAT",
    "timeframe": "historical_1w",
    "timestamp": "2025-12-21",
    "congress_score": 50,
    "insider_score": 50,
    "short_interest_pct": 0,
    "combined_score": 50.0,
    "price": 256.4100036621094,
    "price_change_24h": -1.8601391495095079,
    "rsi": 50,
    "position_pct": 87.35493210507973,
    "ta_score": 50,
    "signal_direction": "WAIT",
    "signal_name": "historical_import",
    "confidence": "MEDIUM",
    "hit_tp1": false,
    "hit_sl": false,
    "candles_to_result": 0,
    "max_favorable_pct": 0,
    "max_adverse_pct": 0,
    "outcome_tracked": false
  },
  {
    "symbol": "AMAT",
    "timeframe": "historical_1w",
    "timestamp": "2025-12-28",
    "congress_score": 50,
    "insider_score": 50,
    "short_interest_pct": 0,
    "combined_score": 50.0,
    "price": 262.4613952636719,
    "price_change_24h": 1.332529774107955,
    "rsi": 50,
    "position_pct": 91.43819237915106,
    "ta_score": 50,
    "signal_direction": "WAIT",
    "signal_name": "historical_import",
    "confidence": "MEDIUM",
    "hit_tp1": false,
    "hit_sl": false,
    "candles_to_result": 0,
    "max_favorable_pct": 0,
    "max_adverse_pct": 0,
    "outcome_tracked": false
  }
]