[
  {
    "symbol": "AMGN",
    "timeframe": "historical_1w",
    "timestamp": "2025-06-29",
    "congress_score": 100.0,
    "insider_score": 50,
    "short_interest_pct": 0,
    "combined_score": 62.5,
    "price": 277.1300048828125,
    "price_change_24h": 1.7214808395896013,
    "rsi": 50,
    "position_pct": 26.95944671626458,
    "ta_score": 50,
    "signal_direction": "WAIT",
    "signal_name": "historical_import",
    "confidence": "MEDIUM",
    "hit_tp1": true,
    "hit_sl": false,
    "candles_to_result": 1,
    "max_favorable_pct": 10.626774860378752,
    "max_adverse_pct": 2.3490815324662626,
    "outcome_tracked": true
  },
  {
    "symbol": "AMGN",
    "timeframe": "historical_1w",
    "timestamp": "2025-07-06",
    "congress_score": 100.0,
    "insider_score": 50,
    "short_interest_pct": 0,
    "combined_score": 62.5,
    "price": 298.239990234375,
    "price_change_24h": 6.81565823634166,
    "rsi": 50,
    "position_pct": 57.655954966928554,
    "ta_score": 50,
    "signal_direction": "WAIT",
    "signal_name": "historical_import",
    "confidence": "MEDIUM",
    "hit_tp1": false,
    "hit_sl": true,
    "candles_to_result": 5,
    "max_favorable_pct": 2.796404443058274,
    "max_adverse_pct": -7.326306431530684,
    "outcome_tracked": true
  },
  {
    "symbol": "AMGN",
    "timeframe": "historical_1w",
    "timestamp": "2025-07-13",
    "congress_score": 100.0,
    "insider_score": 50,
    "short_interest_pct": 0,
    "combined_score": 62.5,
    "price": 295.2699890136719,
    "price_change_24h": 0.7919360675776554,
    "rsi": 50,
    "position_pct": 53.337208863722594,
    "ta_score": 50,
    "signal_direction": "WAIT",
    "signal_name": "historical_import",
    "confidence": "MEDIUM",
    "hit_tp1": true,
    "hit_sl": false,
    "candles_to_result": 2,
    "max_favorable_pct": 3.830391837780054,
    "max_adverse_pct": -6.39413928530345,
    "outcome_tracked": true
  },
  {
    "symbol": "AMGN",
    "timeframe": "historical_1w",
    "timestamp": "2025-07-20",
    "congress_score": 100.0,
    "insider_score": 50,
    "short_interest_pct": 0,
    "combined_score": 62.5,
    "price": 294.760009765625,
    "price_change_24h": -0.7642288735147429,
    "rsi": 50,
    "position_pct": 52.59563647820791,
    "ta_score": 50,
    "signal_direction": "WAIT",
    "signal_name": "historical_import",
    "confidence": "MEDIUM",
    "hit_tp1": true,
    "hit_sl": false,
    "candles_to_result": 1,
    "max_favorable_pct": 4.010034066710454,
    "max_adverse_pct": -7.389061629023214,
    "outcome_tracked": true
  },
  {
    "symbol": "AMGN",
    "timeframe": "historical_1w",
    "timestamp": "2025-07-27",
    "congress_score": 50,
    "insider_score": 50,
    "short_interest_pct": 0,
    "combined_score": 50.0,
    "price": 306.5799865722656,
    "price_change_24h": 3.6198302064513626,
    "rsi": 50,
    "position_pct": 69.78333270466905,
    "ta_score": 50,
    "signal_direction": "WAIT",
    "signal_name": "historical_import",
    "confidence": "MEDIUM",
    "hit_tp1": false,
    "hit_sl": true,
    "candles_to_result": 1,
    "max_favorable_pct": -2.8344876718754,
    "max_adverse_pct": -10.95961153942365,
    "outcome_tracked": true
  },
  {
    "symbol": "AMGN",
    "timeframe": "historical_1w",
    "timestamp": "2025-08-03",
    "congress_score": 50,
    "insider_score": 50,
    "short_interest_pct": 0,
    "combined_score": 50.0,
    "price": 296.8800048828125,
    "price_change_24h": -1.463707237889321,
    "rsi": 50,
    "position_pct": 55.67836943715317,
    "ta_score": 50,
    "signal_direction": "WAIT",
    "signal_name": "historical_import",
    "confidence": "MEDIUM",
    "hit_tp1": false,
    "hit_sl": true,
    "candles_to_result": 1,
    "max_favorable_pct": 0.340208080373645,
    "max_adverse_pct": -8.050388541969483,
    "outcome_tracked": true
  },
  {
    "symbol": "AMGN",
    "timeframe": "historical_1w",
    "timestamp": "2025-08-10",
    "congress_score": 50,
    "insider_score": 50,
    "short_interest_pct": 0,
    "combined_score": 50.0,
    "price": 288.2300109863281,
    "price_change_24h": -4.540634345970323,
    "rsi": 50,
    "position_pct": 43.10021722199911,
    "ta_score": 50,
    "signal_direction": "WAIT",
    "signal_name": "historical_import",
    "confidence": "MEDIUM",
    "hit_tp1": false,
    "hit_sl": true,
    "candles_to_result": 5,
    "max_favorable_pct": 3.67067486694419,
    "max_adverse_pct": -5.290913304903342,
    "outcome_tracked": true
  },
  {
    "symbol": "AMGN",
    "timeframe": "historical_1w",
    "timestamp": "2025-08-17",
    "congress_score": 50,
    "insider_score": 50,
    "short_interest_pct": 0,
    "combined_score": 50.0,
    "price": 296.4700012207031,
    "price_change_24h": 3.991723676380717,
    "rsi": 50,
    "position_pct": 55.082173817537964,
    "ta_score": 50,
    "signal_direction": "WAIT",
    "signal_name": "historical_import",
    "confidence": "MEDIUM",
    "hit_tp1": false,
    "hit_sl": true,
    "candles_to_result": 2,
    "max_favorable_pct": 0.7892860418442964,
    "max_adverse_pct": -7.923226679817831,
    "outcome_tracked": true
  },
  {
    "symbol": "AMGN",
    "timeframe": "historical_1w",
    "timestamp": "2025-08-24",
    "congress_score": 50,
    "insider_score": 50,
    "short_interest_pct": 0,
    "combined_score": 50.0,
    "price": 293.7200012207031,
    "price_change_24h": 0.3759162469656587,
    "rsi": 50,
    "position_pct": 51.083336476654736,
    "ta_score": 50,
    "signal_direction": "WAIT",
    "signal_name": "historical_import",
    "confidence": "MEDIUM",
    "hit_tp1": false,
    "hit_sl": true,
    "candles_to_result": 1,
    "max_favorable_pct": 1.7329416848483425,
    "max_adverse_pct": -7.061143316144425,
    "outcome_tracked": true
  },
  {
    "symbol": "AMGN",
    "timeframe": "historical_1w",
    "timestamp": "2025-08-31",
    "congress_score": 50,
    "insider_score": 50,
    "short_interest_pct": 0,
    "combined_score": 50.0,
    "price": 287.7099914550781,
    "price_change_24h": -0.2634623227402874,
    "rsi": 50,
    "position_pct": 42.34404503307144,
    "ta_score": 50,
    "signal_direction": "WAIT",
    "signal_name": "historical_import",
    "confidence": "MEDIUM",
    "hit_tp1": false,
    "hit_sl": true,
    "candles_to_result": 2,
    "max_favorable_pct": 11.292628590212162,
    "max_adverse_pct": -5.119731989234681,
    "outcome_tracked": true
  },
  {
    "symbol": "AMGN",
    "timeframe": "historical_1w",
    "timestamp": "2025-09-07",
    "congress_score": 0.0,
    "insider_score": 50,
    "short_interest_pct": 0,
    "combined_score": 37.5,
    "price": 283.6400146484375,
    "price_change_24h": -1.1431753191810712,
    "rsi": 50,
    "position_pct": 36.42579949455392,
    "ta_score": 50,
    "signal_direction": "WAIT",
    "signal_name": "historical_import",
    "confidence": "MEDIUM",
    "hit_tp1": true,
    "hit_sl": false,
    "candles_to_result": 3,
    "max_favorable_pct": 18.720904260195155,
    "max_adverse_pct": -3.758286247207433,
    "outcome_tracked": true
  },
  {
    "symbol": "AMGN",
    "timeframe": "historical_1w",
    "timestamp": "2025-09-14",
    "congress_score": 50.0,
    "insider_score": 50,
    "short_interest_pct": 0,
    "combined_score": 50.0,
    "price": 276.3900146484375,
    "price_change_24h": -1.356218194745692,
    "rsi": 50,
    "position_pct": 25.883410141316332,
    "ta_score": 50,
    "signal_direction": "WAIT",
    "signal_name": "historical_import",
    "confidence": "MEDIUM",
    "hit_tp1": true,
    "hit_sl": false,
    "candles_to_result": 1,
    "max_favorable_pct": 22.124530791847143,
    "max_adverse_pct": -1.2337651439567492,
    "outcome_tracked": true
  },
  {
    "symbol": "AMGN",
    "timeframe": "historical_1w",
    "timestamp": "2025-09-21",
    "congress_score": 50.0,
    "insider_score": 50,
    "short_interest_pct": 0,
    "combined_score": 50.0,
    "price": 285.4100036621094,
    "price_change_24h": 4.012394318703395,
    "rsi": 50,
    "position_pct": 38.99958064394452,
    "ta_score": 50,
    "signal_direction": "WAIT",
    "signal_name": "historical_import",
    "confidence": "MEDIUM",
    "hit_tp1": false,
    "hit_sl": true,
    "candles_to_result": 1,
    "max_favorable_pct": 21.039902954509124,
    "max_adverse_pct": -4.355135600116121,
    "outcome_tracked": true
  },
  {
    "symbol": "AMGN",
    "timeframe": "historical_1w",
    "timestamp": "2025-09-28",
    "congress_score": 33.33333333333333,
    "insider_score": 50,
    "short_interest_pct": 0,
    "combined_score": 45.83333333333333,
    "price": 272.9800109863281,
    "price_change_24h": -4.552443711074082,
    "rsi": 50,
    "position_pct": 20.92484651346488,
    "ta_score": 50,
    "signal_direction": "WAIT",
    "signal_name": "historical_import",
    "confidence": "MEDIUM",
    "hit_tp1": false,
    "hit_sl": true,
    "candles_to_result": 1,
    "max_favorable_pct": 26.55138748323227,
    "max_adverse_pct": 6.282509050577814,
    "outcome_tracked": true
  },
  {
    "symbol": "AMGN",
    "timeframe": "historical_1w",
    "timestamp": "2025-10-05",
    "congress_score": 33.33333333333333,
    "insider_score": 50,
    "short_interest_pct": 0,
    "combined_score": 45.83333333333333,
    "price": 297.8900146484375,
    "price_change_24h": 8.730887805656149,
    "rsi": 50,
    "position_pct": 57.147047533676066,
    "ta_score": 50,
    "signal_direction": "WAIT",
    "signal_name": "historical_import",
    "confidence": "MEDIUM",
    "hit_tp1": false,
    "hit_sl": true,
    "candles_to_result": 5,
    "max_favorable_pct": 15.968973267795347,
    "max_adverse_pct": -2.6049915687114162,
    "outcome_tracked": true
  },
  {
    "symbol": "AMGN",
    "timeframe": "historical_1w",
    "timestamp": "2025-10-12",
    "congress_score": 0.0,
    "insider_score": 50,
    "short_interest_pct": 0,
    "combined_score": 37.5,
    "price": 290.1300048828125,
    "price_change_24h": -1.3565858495221486,
    "rsi": 50,
    "position_pct": 45.86304141862163,
    "ta_score": 50,
    "signal_direction": "WAIT",
    "signal_name": "historical_import",
    "confidence": "MEDIUM",
    "hit_tp1": false,
    "hit_sl": true,
    "candles_to_result": 1,
    "max_favorable_pct": 19.07075643369398,
    "max_adverse_pct": 0.5618187899837803,
    "outcome_tracked": true
  },
  {
    "symbol": "AMGN",
    "timeframe": "historical_1w",
    "timestamp": "2025-10-19",
    "congress_score": 0.0,
    "insider_score": 50,
    "short_interest_pct": 0,
    "combined_score": 37.5,
    "price": 298.80999755859375,
    "price_change_24h": 2.1922037605714344,
    "rsi": 50,
    "position_pct": 58.48481553880597,
    "ta_score": 50,
    "signal_direction": "WAIT",
    "signal_name": "historical_import",
    "confidence": "MEDIUM",
    "hit_tp1": false,
    "hit_sl": true,
    "candles_to_result": 3,
    "max_favorable_pct": 15.611925396618217,
    "max_adverse_pct": -2.3593547239283104,
    "outcome_tracked": true
  },
  {
    "symbol": "AMGN",
    "timeframe": "historical_1w",
    "timestamp": "2025-10-26",
    "congress_score": 50.0,
    "insider_score": 50,
    "short_interest_pct": 0,
    "combined_score": 50.0,
    "price": 291.760009765625,
    "price_change_24h": -3.814320152578843,
    "rsi": 50,
    "position_pct": 48.23326846997167,
    "ta_score": 50,
    "signal_direction": "WAIT",
    "signal_name": "historical_import",
    "confidence": "MEDIUM",
    "hit_tp1": false,
    "hit_sl": false,
    "candles_to_result": 0,
    "max_favorable_pct": 0,
    "max_adverse_pct": 0,
    "outcome_tracked": false
  },
  {
    "symbol": "AMGN",
    "timeframe": "historical_1w",
    "timestamp": "2025-11-02",
    "congress_score": 100.0,
    "insider_score": 50,
    "short_interest_pct": 0,
    "combined_score": 62.5,
    "price": 298.42999267578125,
    "price_change_24h": 2.4969051113588674,
    "rsi": 50,
    "position_pct": 57.93224182422103,
    "ta_score": 50,
    "signal_direction": "WAIT",
    "signal_name": "historical_import",
    "confidence": "MEDIUM",
    "hit_tp1": false,
    "hit_sl": false,
    "candles_to_result": 0,
    "max_favorable_pct": 0,
    "max_adverse_pct": 0,
    "outcome_tracked": false
  },
  {
    "symbol": "AMGN",
    "timeframe": "historical_1w",
    "timestamp": "2025-11-09",
    "congress_score": 100.0,
    "insider_score": 50,
    "short_interest_pct": 0,
    "combined_score": 62.5,
    "price": 320.20001220703125,
    "price_change_24h": 8.066157745089738,
    "rsi": 50,
    "position_pct": 89.58852073815541,
    "ta_score": 50,
    "signal_direction": "WAIT",
    "signal_name": "historical_import",
    "confidence": "MEDIUM",
    "hit_tp1": false,
    "hit_sl": false,
    "candles_to_result": 0,
    "max_favorable_pct": 0,
    "max_adverse_pct": 0,
    "outcome_tracked": false
  },
  {
    "symbol": "AMGN",
    "timeframe": "historical_1w",
    "timestamp": "2025-11-16",
    "congress_score": 100.0,
    "insider_score": 50,
    "short_interest_pct": 0,
    "combined_score": 62.5,
    "price": 336.739990234375,
    "price_change_24h": 4.041273689757697,
    "rsi": 50,
    "position_pct": 97.85872572895764,
    "ta_score": 50,
    "signal_direction": "WAIT",
    "signal_name": "historical_import",
    "confidence": "MEDIUM",
    "hit_tp1": false,
    "hit_sl": false,
    "candles_to_result": 0,
    "max_favorable_pct": 0,
    "max_adverse_pct": 0,
    "outcome_tracked": false
  },
  {
    "symbol": "AMGN",
    "timeframe": "historical_1w",
    "timestamp": "2025-11-23",
    "congress_score": 100.0,
    "insider_score": 50,
    "short_interest_pct": 0,
    "combined_score": 62.5,
    "price": 337.5400085449219,
    "price_change_24h": -1.2203280601774398,
    "rsi": 50,
    "position_pct": 92.44732769270297,
    "ta_score": 50,
    "signal_direction": "WAIT",
    "signal_name": "historical_import",
    "confidence": "MEDIUM",
    "hit_tp1": false,
    "hit_sl": false,
    "candles_to_result": 0,
    "max_favorable_pct": 0,
    "max_adverse_pct": 0,
    "outcome_tracked": false
  },
  {
    "symbol": "AMGN",
    "timeframe": "historical_1w",
    "timestamp": "2025-11-30",
    "congress_score": 50,
    "insider_score": 50,
    "short_interest_pct": 0,
    "combined_score": 50.0,
    "price": 345.4599914550781,
    "price_change_24h": 3.3383200926171557,
    "rsi": 50,
    "position_pct": 100.0,
    "ta_score": 50,
    "signal_direction": "WAIT",
    "signal_name": "historical_import",
    "confidence": "MEDIUM",
    "hit_tp1": false,
    "hit_sl": false,
    "candles_to_result": 0,
    "max_favorable_pct": 0,
    "max_adverse_pct": 0,
    "outcome_tracked": false
  },
  {
    "symbol": "AMGN",
    "timeframe": "historical_1w",
    "timestamp": "2025-12-07",
    "congress_score": 0.0,
    "insider_score": 50,
    "short_interest_pct": 0,
    "combined_score": 37.5,
    "price": 329.8900146484375,
    "price_change_24h": -2.251911406515963,
    "rsi": 50,
    "position_pct": 82.0766919744421,
    "ta_score": 50,
    "signal_direction": "WAIT",
    "signal_name": "historical_import",
    "confidence": "MEDIUM",
    "hit_tp1": false,
    "hit_sl": false,
    "candles_to_result": 0,
    "max_favorable_pct": 0,
    "max_adverse_pct": 0,
    "outcome_tracked": false
  },
  {
    "symbol": "AMGN",
    "timeframe": "historical_1w",
    "timestamp": "2025-12-14",
    "congress_score": 0.0,
    "insider_score": 50,
    "short_interest_pct": 0,
    "combined_score": 37.5,
    "price": 317.739990234375,
    "price_change_24h": -1.0864553847995428,
    "rsi": 50,
    "position_pct": 68.09024659975071,
    "ta_score": 50,
    "signal_direction": "WAIT",
    "signal_name": "historical_import",
    "confidence": "MEDIUM",
    "hit_tp1": false,
    "hit_sl": false,
    "candles_to_result": 0,
    "max_favorable_pct": 0,
    "max_adverse_pct": 0,
    "outcome_tracked": false
  },
  {
    "symbol": "AMGN",
    "timeframe": "historical_1w",
    "timestamp": "2025-12-21",
    "congress_score": 0.0,
    "insider_score": 50,
    "short_interest_pct": 0,
    "combined_score": 37.5,
    "price": 327.3800048828125,
    "price_change_24h": 0.6363183854642853,
    "rsi": 50,
    "position_pct": 79.18730564232708,
    "ta_score": 50,
    "signal_direction": "WAIT",
    "signal_name": "historical_import",
    "confidence": "MEDIUM",
    "hit_tp1": false,
    "hit_sl": false,
    "candles_to_result": 0,
    "max_favorable_pct": 0,
    "max_adverse_pct": 0,
    "outcome_tracked": false
  },
  {
    "symbol": "AMGN",
    "timeframe": "historical_1w",
    "timestamp": "2025-12-28",
    "congress_score": 0.0,
    "insider_score": 50,
    "short_interest_pct": 0,
    "combined_score": 37.5,
    "price": 331.6000061035156,
    "price_change_24h": 0.06336686254741233,
    "rsi": 50,
    "position_pct": 84.04514086496103,
    "ta_score": 50,
    "signal_direction": "WAIT",
    "signal_name": "historical_import",
    "confidence": "MEDIUM",
    "hit_tp1": false,
    "hit_sl": false,
    "candles_to_result": 0,
    "max_favorable_pct": 0,
    "max_adverse_pct": 0,
    "outcome_tracked": false
  }
]