[
  {
    "symbol": "ASML",
    "timeframe": "historical_1w",
    "timestamp": "2025-06-29",
    "congress_score": 50.0,
    "insider_score": 50,
    "short_interest_pct": 0,
    "combined_score": 50.0,
    "price": 795.9500122070312,
    "price_change_24h": 2.0815218429342717,
    "rsi": 50,
    "position_pct": 91.22664371868365,
    "ta_score": 50,
    "signal_direction": "WAIT",
    "signal_name": "historical_import",
    "confidence": "MEDIUM",
    "hit_tp1": false,
    "hit_sl": true,
    "candles_to_result": 3,
    "max_favorable_pct": 0.751301008485263,
    "max_adverse_pct": -13.33375252907308,
    "outcome_tracked": true
  },
  {
    "symbol": "ASML",
    "timeframe": "historical_1w",
    "timestamp": "2025-07-06",
    "congress_score": 77.77777777777779,
    "insider_score": 50,
    "short_interest_pct": 0,
    "combined_score": 56.94444444444444,
    "price": 794.5,
    "price_change_24h": -0.8597579858117007,
    "rsi": 50,
    "position_pct": 90.56715754993269,
    "ta_score": 50,
    "signal_direction": "WAIT",
    "signal_name": "historical_import",
    "confidence": "MEDIUM",
    "hit_tp1": false,
    "hit_sl": true,
    "candles_to_result": 2,
    "max_favorable_pct": 2.438010713302391,
    "max_adverse_pct": -13.17558120525881,
    "outcome_tracked": true
  },
  {
    "symbol": "ASML",
    "timeframe": "historical_1w",
    "timestamp": "2025-07-13",
    "congress_score": 66.66666666666666,
    "insider_score": 50,
    "short_interest_pct": 0,
    "combined_score": 54.166666666666664,
    "price": 801.9299926757812,
    "price_change_24h": 2.144972582031367,
    "rsi": 50,
    "position_pct": 93.94642386220107,
    "ta_score": 50,
    "signal_direction": "WAIT",
    "signal_name": "historical_import",
    "confidence": "MEDIUM",
    "hit_tp1": false,
    "hit_sl": true,
    "candles_to_result": 1,
    "max_favorable_pct": 16.23832914688464,
    "max_adverse_pct": -13.980021495079352,
    "outcome_tracked": true
  },
  {
    "symbol": "ASML",
    "timeframe": "historical_1w",
    "timestamp": "2025-07-20",
    "congress_score": 77.77777777777779,
    "insider_score": 50,
    "short_interest_pct": 0,
    "combined_score": 56.94444444444444,
    "price": 734.5800170898438,
    "price_change_24h": -8.943508376493403,
    "rsi": 50,
    "position_pct": 61.15089261728052,
    "ta_score": 50,
    "signal_direction": "WAIT",
    "signal_name": "historical_import",
    "confidence": "MEDIUM",
    "hit_tp1": false,
    "hit_sl": true,
    "candles_to_result": 1,
    "max_favorable_pct": 29.53252163063852,
    "max_adverse_pct": -6.0932789790483195,
    "outcome_tracked": true
  },
  {
    "symbol": "ASML",
    "timeframe": "historical_1w",
    "timestamp": "2025-07-27",
    "congress_score": 81.25,
    "insider_score": 50,
    "short_interest_pct": 0,
    "combined_score": 57.8125,
    "price": 711.25,
    "price_change_24h": -1.1713529292982576,
    "rsi": 50,
    "position_pct": 50.90269820135996,
    "ta_score": 50,
    "signal_direction": "WAIT",
    "signal_name": "historical_import",
    "confidence": "MEDIUM",
    "hit_tp1": false,
    "hit_sl": true,
    "candles_to_result": 1,
    "max_favorable_pct": 45.127588148066785,
    "max_adverse_pct": -3.0130042426405974,
    "outcome_tracked": true
  },
  {
    "symbol": "ASML",
    "timeframe": "historical_1w",
    "timestamp": "2025-08-03",
    "congress_score": 86.66666666666667,
    "insider_score": 50,
    "short_interest_pct": 0,
    "combined_score": 59.16666666666667,
    "price": 689.8200073242188,
    "price_change_24h": -5.502812839564969,
    "rsi": 50,
    "position_pct": 41.489128960179826,
    "ta_score": 50,
    "signal_direction": "WAIT",
    "signal_name": "historical_import",
    "confidence": "MEDIUM",
    "hit_tp1": true,
    "hit_sl": false,
    "candles_to_result": 1,
    "max_favorable_pct": 49.636131127460416,
    "max_adverse_pct": 4.711373931595006,
    "outcome_tracked": true
  },
  {
    "symbol": "ASML",
    "timeframe": "historical_1w",
    "timestamp": "2025-08-10",
    "congress_score": 80.0,
    "insider_score": 50,
    "short_interest_pct": 0,
    "combined_score": 57.5,
    "price": 722.3200073242188,
    "price_change_24h": 3.2830048120517556,
    "rsi": 50,
    "position_pct": 55.76542876891044,
    "ta_score": 50,
    "signal_direction": "WAIT",
    "signal_name": "historical_import",
    "confidence": "MEDIUM",
    "hit_tp1": true,
    "hit_sl": false,
    "candles_to_result": 2,
    "max_favorable_pct": 42.90341680094226,
    "max_adverse_pct": 2.746700301685979,
    "outcome_tracked": true
  },
  {
    "symbol": "ASML",
    "timeframe": "historical_1w",
    "timestamp": "2025-08-17",
    "congress_score": 88.88888888888889,
    "insider_score": 50,
    "short_interest_pct": 0,
    "combined_score": 59.72222222222222,
    "price": 742.1599731445312,
    "price_change_24h": 2.890570719456,
    "rsi": 50,
    "position_pct": 64.48054569954887,
    "ta_score": 50,
    "signal_direction": "WAIT",
    "signal_name": "historical_import",
    "confidence": "MEDIUM",
    "hit_tp1": true,
    "hit_sl": false,
    "candles_to_result": 3,
    "max_favorable_pct": 39.201791119062065,
    "max_adverse_pct": 0.06198420681556528,
    "outcome_tracked": true
  },
  {
    "symbol": "ASML",
    "timeframe": "historical_1w",
    "timestamp": "2025-08-24",
    "congress_score": 50.0,
    "insider_score": 50,
    "short_interest_pct": 0,
    "combined_score": 50.0,
    "price": 754.8900146484375,
    "price_change_24h": 0.9818777306303086,
    "rsi": 50,
    "position_pct": 70.0724807483904,
    "ta_score": 50,
    "signal_direction": "WAIT",
    "signal_name": "historical_import",
    "confidence": "MEDIUM",
    "hit_tp1": true,
    "hit_sl": false,
    "candles_to_result": 2,
    "max_favorable_pct": 40.31580229101954,
    "max_adverse_pct": -1.6254049322621276,
    "outcome_tracked": true
  },
  {
    "symbol": "ASML",
    "timeframe": "historical_1w",
    "timestamp": "2025-08-31",
    "congress_score": 0.0,
    "insider_score": 50,
    "short_interest_pct": 0,
    "combined_score": 37.5,
    "price": 742.6199951171875,
    "price_change_24h": -1.5693378722057543,
    "rsi": 50,
    "position_pct": 64.68261990263332,
    "ta_score": 50,
    "signal_direction": "WAIT",
    "signal_name": "historical_import",
    "confidence": "MEDIUM",
    "hit_tp1": false,
    "hit_sl": true,
    "candles_to_result": 1,
    "max_favorable_pct": 42.63418537519995,
    "max_adverse_pct": 5.262451502356439,
    "outcome_tracked": true
  },
  {
    "symbol": "ASML",
    "timeframe": "historical_1w",
    "timestamp": "2025-09-07",
    "congress_score": 0.0,
    "insider_score": 50,
    "short_interest_pct": 0,
    "combined_score": 37.5,
    "price": 781.7000122070312,
    "price_change_24h": 7.694432527328968,
    "rsi": 50,
    "position_pct": 81.8493288412464,
    "ta_score": 50,
    "signal_direction": "WAIT",
    "signal_name": "historical_import",
    "confidence": "MEDIUM",
    "hit_tp1": false,
    "hit_sl": true,
    "candles_to_result": 1,
    "max_favorable_pct": 35.50338543275034,
    "max_adverse_pct": 4.1153872851208435,
    "outcome_tracked": true
  },
  {
    "symbol": "ASML",
    "timeframe": "historical_1w",
    "timestamp": "2025-09-14",
    "congress_score": 33.33333333333333,
    "insider_score": 50,
    "short_interest_pct": 0,
    "combined_score": 45.83333333333333,
    "price": 813.8699951171875,
    "price_change_24h": 2.2128722282182105,
    "rsi": 50,
    "position_pct": 95.98066179100428,
    "ta_score": 50,
    "signal_direction": "WAIT",
    "signal_name": "historical_import",
    "confidence": "MEDIUM",
    "hit_tp1": false,
    "hit_sl": true,
    "candles_to_result": 1,
    "max_favorable_pct": 30.14731920621224,
    "max_adverse_pct": 14.533037218044154,
    "outcome_tracked": true
  },
  {
    "symbol": "ASML",
    "timeframe": "historical_1w",
    "timestamp": "2025-09-21",
    "congress_score": 100.0,
    "insider_score": 50,
    "short_interest_pct": 0,
    "combined_score": 62.5,
    "price": 932.1500244140625,
    "price_change_24h": 7.477232507072738,
    "rsi": 50,
    "position_pct": 100.0,
    "ta_score": 50,
    "signal_direction": "WAIT",
    "signal_name": "historical_import",
    "confidence": "MEDIUM",
    "hit_tp1": true,
    "hit_sl": false,
    "candles_to_result": 2,
    "max_favorable_pct": 13.715600733508786,
    "max_adverse_pct": 0.4334042720090286,
    "outcome_tracked": true
  },
  {
    "symbol": "ASML",
    "timeframe": "historical_1w",
    "timestamp": "2025-09-28",
    "congress_score": 66.66666666666666,
    "insider_score": 50,
    "short_interest_pct": 0,
    "combined_score": 54.166666666666664,
    "price": 951.52001953125,
    "price_change_24h": -0.6556659367045412,
    "rsi": 50,
    "position_pct": 96.7430896514129,
    "ta_score": 50,
    "signal_direction": "WAIT",
    "signal_name": "historical_import",
    "confidence": "MEDIUM",
    "hit_tp1": true,
    "hit_sl": false,
    "candles_to_result": 1,
    "max_favorable_pct": 15.548800669980647,
    "max_adverse_pct": -1.6111082032089898,
    "outcome_tracked": true
  },
  {
    "symbol": "ASML",
    "timeframe": "historical_1w",
    "timestamp": "2025-10-05",
    "congress_score": 50.0,
    "insider_score": 50,
    "short_interest_pct": 0,
    "combined_score": 50.0,
    "price": 1032.219970703125,
    "price_change_24h": 7.231379936926342,
    "rsi": 50,
    "position_pct": 100.0,
    "ta_score": 50,
    "signal_direction": "WAIT",
    "signal_name": "historical_import",
    "confidence": "MEDIUM",
    "hit_tp1": false,
    "hit_sl": true,
    "candles_to_result": 1,
    "max_favorable_pct": 6.515084178635957,
    "max_adverse_pct": -9.30324649660724,
    "outcome_tracked": true
  },
  {
    "symbol": "ASML",
    "timeframe": "historical_1w",
    "timestamp": "2025-10-12",
    "congress_score": 25.0,
    "insider_score": 50,
    "short_interest_pct": 0,
    "combined_score": 43.75,
    "price": 936.1900024414062,
    "price_change_24h": -10.266466152956562,
    "rsi": 50,
    "position_pct": 76.08777408451365,
    "ta_score": 50,
    "signal_direction": "WAIT",
    "signal_name": "historical_import",
    "confidence": "MEDIUM",
    "hit_tp1": false,
    "hit_sl": true,
    "candles_to_result": 1,
    "max_favorable_pct": 17.440900654345327,
    "max_adverse_pct": 3.2450682878034582,
    "outcome_tracked": true
  },
  {
    "symbol": "ASML",
    "timeframe": "historical_1w",
    "timestamp": "2025-10-19",
    "congress_score": 16.666666666666664,
    "insider_score": 50,
    "short_interest_pct": 0,
    "combined_score": 41.666666666666664,
    "price": 1029.27001953125,
    "price_change_24h": 4.5305026713186765,
    "rsi": 50,
    "position_pct": 96.86780800246795,
    "ta_score": 50,
    "signal_direction": "WAIT",
    "signal_name": "historical_import",
    "confidence": "MEDIUM",
    "hit_tp1": false,
    "hit_sl": true,
    "candles_to_result": 2,
    "max_favorable_pct": 6.820362960134159,
    "max_adverse_pct": -6.091697126822569,
    "outcome_tracked": true
  },
  {
    "symbol": "ASML",
    "timeframe": "historical_1w",
    "timestamp": "2025-10-26",
    "congress_score": 0.0,
    "insider_score": 50,
    "short_interest_pct": 0,
    "combined_score": 37.5,
    "price": 1033.0999755859375,
    "price_change_24h": -0.8684017287446969,
    "rsi": 50,
    "position_pct": 97.72284240414689,
    "ta_score": 50,
    "signal_direction": "WAIT",
    "signal_name": "historical_import",
    "confidence": "MEDIUM",
    "hit_tp1": false,
    "hit_sl": false,
    "candles_to_result": 0,
    "max_favorable_pct": 0,
    "max_adverse_pct": 0,
    "outcome_tracked": false
  },
  {
    "symbol": "ASML",
    "timeframe": "historical_1w",
    "timestamp": "2025-11-02",
    "congress_score": 11.11111111111111,
    "insider_score": 50,
    "short_interest_pct": 0,
    "combined_score": 40.27777777777778,
    "price": 1059.22998046875,
    "price_change_24h": -0.07075605330473608,
    "rsi": 50,
    "position_pct": 96.6214022271579,
    "ta_score": 50,
    "signal_direction": "WAIT",
    "signal_name": "historical_import",
    "confidence": "MEDIUM",
    "hit_tp1": false,
    "hit_sl": false,
    "candles_to_result": 0,
    "max_favorable_pct": 0,
    "max_adverse_pct": 0,
    "outcome_tracked": false
  },
  {
    "symbol": "ASML",
    "timeframe": "historical_1w",
    "timestamp": "2025-11-09",
    "congress_score": 12.5,
    "insider_score": 50,
    "short_interest_pct": 0,
    "combined_score": 40.625,
    "price": 1016.9600219726562,
    "price_change_24h": -4.673696296159834,
    "rsi": 50,
    "position_pct": 87.81662753015334,
    "ta_score": 50,
    "signal_direction": "WAIT",
    "signal_name": "historical_import",
    "confidence": "MEDIUM",
    "hit_tp1": false,
    "hit_sl": false,
    "candles_to_result": 0,
    "max_favorable_pct": 0,
    "max_adverse_pct": 0,
    "outcome_tracked": false
  },
  {
    "symbol": "ASML",
    "timeframe": "historical_1w",
    "timestamp": "2025-11-16",
    "congress_score": 14.285714285714285,
    "insider_score": 50,
    "short_interest_pct": 0,
    "combined_score": 41.07142857142857,
    "price": 1006.97998046875,
    "price_change_24h": -3.062222142836326,
    "rsi": 50,
    "position_pct": 85.73779849802241,
    "ta_score": 50,
    "signal_direction": "WAIT",
    "signal_name": "historical_import",
    "confidence": "MEDIUM",
    "hit_tp1": false,
    "hit_sl": false,
    "candles_to_result": 0,
    "max_favorable_pct": 0,
    "max_adverse_pct": 0,
    "outcome_tracked": false
  },
  {
    "symbol": "ASML",
    "timeframe": "historical_1w",
    "timestamp": "2025-11-23",
    "congress_score": 14.285714285714285,
    "insider_score": 50,
    "short_interest_pct": 0,
    "combined_score": 41.07142857142857,
    "price": 966.5700073242188,
    "price_change_24h": -5.2382345760569855,
    "rsi": 50,
    "position_pct": 77.32045621266192,
    "ta_score": 50,
    "signal_direction": "WAIT",
    "signal_name": "historical_import",
    "confidence": "MEDIUM",
    "hit_tp1": false,
    "hit_sl": false,
    "candles_to_result": 0,
    "max_favorable_pct": 0,
    "max_adverse_pct": 0,
    "outcome_tracked": false
  },
  {
    "symbol": "ASML",
    "timeframe": "historical_1w",
    "timestamp": "2025-11-30",
    "congress_score": 0.0,
    "insider_score": 50,
    "short_interest_pct": 0,
    "combined_score": 37.5,
    "price": 1060.0,
    "price_change_24h": 7.306998455244954,
    "rsi": 50,
    "position_pct": 96.78179624518316,
    "ta_score": 50,
    "signal_direction": "WAIT",
    "signal_name": "historical_import",
    "confidence": "MEDIUM",
    "hit_tp1": false,
    "hit_sl": false,
    "candles_to_result": 0,
    "max_favorable_pct": 0,
    "max_adverse_pct": 0,
    "outcome_tracked": false
  },
  {
    "symbol": "ASML",
    "timeframe": "historical_1w",
    "timestamp": "2025-12-07",
    "congress_score": 0.0,
    "insider_score": 50,
    "short_interest_pct": 0,
    "combined_score": 37.5,
    "price": 1099.469970703125,
    "price_change_24h": 1.0551549712582355,
    "rsi": 50,
    "position_pct": 92.40215020945837,
    "ta_score": 50,
    "signal_direction": "WAIT",
    "signal_name": "historical_import",
    "confidence": "MEDIUM",
    "hit_tp1": false,
    "hit_sl": false,
    "candles_to_result": 0,
    "max_favorable_pct": 0,
    "max_adverse_pct": 0,
    "outcome_tracked": false
  },
  {
    "symbol": "ASML",
    "timeframe": "historical_1w",
    "timestamp": "2025-12-14",
    "congress_score": 0.0,
    "insider_score": 50,
    "short_interest_pct": 0,
    "combined_score": 37.5,
    "price": 1080.8499755859375,
    "price_change_24h": -3.468814390842191,
    "rsi": 50,
    "position_pct": 88.98908203043715,
    "ta_score": 50,
    "signal_direction": "WAIT",
    "signal_name": "historical_import",
    "confidence": "MEDIUM",
    "hit_tp1": false,
    "hit_sl": false,
    "candles_to_result": 0,
    "max_favorable_pct": 0,
    "max_adverse_pct": 0,
    "outcome_tracked": false
  },
  {
    "symbol": "ASML",
    "timeframe": "historical_1w",
    "timestamp": "2025-12-21",
    "congress_score": 50,
    "insider_score": 50,
    "short_interest_pct": 0,
    "combined_score": 50.0,
    "price": 1056.02001953125,
    "price_change_24h": -2.9232711595602994,
    "rsi": 50,
    "position_pct": 84.43772031614094,
    "ta_score": 50,
    "signal_direction": "WAIT",
    "signal_name": "historical_import",
    "confidence": "MEDIUM",
    "hit_tp1": false,
    "hit_sl": false,
    "candles_to_result": 0,
    "max_favorable_pct": 0,
    "max_adverse_pct": 0,
    "outcome_tracked": false
  },
  {
    "symbol": "ASML",
    "timeframe": "historical_1w",
    "timestamp": "2025-12-28",
    "congress_score": 50,
    "insider_score": 50,
    "short_interest_pct": 0,
    "combined_score": 50.0,
    "price": 1074.260009765625,
    "price_change_24h": 1.6348492512802035,
    "rsi": 50,
    "position_pct": 87.78113312923766,
    "ta_score": 50,
    "signal_direction": "WAIT",
    "signal_name": "historical_import",
    "confidence": "MEDIUM",
    "hit_tp1": false,
    "hit_sl": false,
    "candles_to_result": 0,
    "max_favorable_pct": 0,
    "max_adverse_pct": 0,
    "outcome_tracked": false
  }
]