[
  {
    "symbol": "AVGO",
    "timeframe": "historical_1w",
    "timestamp": "2025-06-29",
    "congress_score": 81.81818181818183,
    "insider_score": 50,
    "short_interest_pct": 0,
    "combined_score": 57.95454545454545,
    "price": 269.3500061035156,
    "price_change_24h": 6.139418201028665,
    "rsi": 50,
    "position_pct": 99.33806329440257,
    "ta_score": 50,
    "signal_direction": "WAIT",
    "signal_name": "historical_import",
    "confidence": "MEDIUM",
    "hit_tp1": true,
    "hit_sl": false,
    "candles_to_result": 3,
    "max_favorable_pct": 13.733057136133548,
    "max_adverse_pct": 1.8674582013425922,
    "outcome_tracked": true
  },
  {
    "symbol": "AVGO",
    "timeframe": "historical_1w",
    "timestamp": "2025-07-06",
    "congress_score": 78.57142857142857,
    "insider_score": 50,
    "short_interest_pct": 0,
    "combined_score": 57.14285714285714,
    "price": 275.17999267578125,
    "price_change_24h": -0.17050652316706594,
    "rsi": 50,
    "position_pct": 99.63667190902477,
    "ta_score": 50,
    "signal_direction": "WAIT",
    "signal_name": "historical_import",
    "confidence": "MEDIUM",
    "hit_tp1": true,
    "hit_sl": false,
    "candles_to_result": 3,
    "max_favorable_pct": 11.32349897938339,
    "max_adverse_pct": -0.29071437395933813,
    "outcome_tracked": true
  },
  {
    "symbol": "AVGO",
    "timeframe": "historical_1w",
    "timestamp": "2025-07-13",
    "congress_score": 66.66666666666666,
    "insider_score": 50,
    "short_interest_pct": 0,
    "combined_score": 54.166666666666664,
    "price": 274.3800048828125,
    "price_change_24h": 0.0729492349457333,
    "rsi": 50,
    "position_pct": 97.32543955828002,
    "ta_score": 50,
    "signal_direction": "WAIT",
    "signal_name": "historical_import",
    "confidence": "MEDIUM",
    "hit_tp1": true,
    "hit_sl": false,
    "candles_to_result": 1,
    "max_favorable_pct": 22.05335982535199,
    "max_adverse_pct": 3.2655409634914654,
    "outcome_tracked": true
  },
  {
    "symbol": "AVGO",
    "timeframe": "historical_1w",
    "timestamp": "2025-07-20",
    "congress_score": 60.0,
    "insider_score": 50,
    "short_interest_pct": 0,
    "combined_score": 52.5,
    "price": 283.3399963378906,
    "price_change_24h": 2.808414391496005,
    "rsi": 50,
    "position_pct": 97.78109628331613,
    "ta_score": 50,
    "signal_direction": "WAIT",
    "signal_name": "historical_import",
    "confidence": "MEDIUM",
    "hit_tp1": true,
    "hit_sl": false,
    "candles_to_result": 3,
    "max_favorable_pct": 27.009952625266777,
    "max_adverse_pct": 1.8705507090592532,
    "outcome_tracked": true
  },
  {
    "symbol": "AVGO",
    "timeframe": "historical_1w",
    "timestamp": "2025-07-27",
    "congress_score": 42.857142857142854,
    "insider_score": 50,
    "short_interest_pct": 0,
    "combined_score": 48.214285714285715,
    "price": 290.17999267578125,
    "price_change_24h": 0.6835298147566752,
    "rsi": 50,
    "position_pct": 100.0,
    "ta_score": 50,
    "signal_direction": "WAIT",
    "signal_name": "historical_import",
    "confidence": "MEDIUM",
    "hit_tp1": true,
    "hit_sl": false,
    "candles_to_result": 2,
    "max_favorable_pct": 24.016129368116378,
    "max_adverse_pct": -0.5306975209225988,
    "outcome_tracked": true
  },
  {
    "symbol": "AVGO",
    "timeframe": "historical_1m",
    "timestamp": "2025-07-28",
    "congress_score": 70.58823529411765,
    "insider_score": 50,
    "short_interest_pct": 0,
    "combined_score": 55.14705882352941,
    "price": 0,
    "price_change_24h": 0,
    "rsi": 50,
    "position_pct": 50,
    "ta_score": 50,
    "signal_direction": "WAIT",
    "signal_name": "quiver_only_import",
    "confidence": "LOW",
    "hit_tp1": false,
    "hit_sl": false,
    "candles_to_result": 0,
    "max_favorable_pct": 0,
    "max_adverse_pct": 0,
    "outcome_tracked": false
  },
  {
    "symbol": "AVGO",
    "timeframe": "historical_1w",
    "timestamp": "2025-08-03",
    "congress_score": 66.66666666666666,
    "insider_score": 50,
    "short_interest_pct": 0,
    "combined_score": 54.166666666666664,
    "price": 288.6400146484375,
    "price_change_24h": -1.923198565850051,
    "rsi": 50,
    "position_pct": 91.0573912204913,
    "ta_score": 50,
    "signal_direction": "WAIT",
    "signal_name": "historical_import",
    "confidence": "MEDIUM",
    "hit_tp1": true,
    "hit_sl": false,
    "candles_to_result": 1,
    "max_favorable_pct": 24.67779131577022,
    "max_adverse_pct": 1.8569793097089962,
    "outcome_tracked": true
  },
  {
    "symbol": "AVGO",
    "timeframe": "historical_1w",
    "timestamp": "2025-08-10",
    "congress_score": 80.0,
    "insider_score": 50,
    "short_interest_pct": 0,
    "combined_score": 57.5,
    "price": 304.9700012207031,
    "price_change_24h": 2.4351739789983053,
    "rsi": 50,
    "position_pct": 100.0,
    "ta_score": 50,
    "signal_direction": "WAIT",
    "signal_name": "historical_import",
    "confidence": "MEDIUM",
    "hit_tp1": false,
    "hit_sl": true,
    "candles_to_result": 2,
    "max_favorable_pct": 18.001768592561966,
    "max_adverse_pct": -3.5970755080150547,
    "outcome_tracked": true
  },
  {
    "symbol": "AVGO",
    "timeframe": "historical_1w",
    "timestamp": "2025-08-17",
    "congress_score": 92.3076923076923,
    "insider_score": 50,
    "short_interest_pct": 0,
    "combined_score": 60.57692307692308,
    "price": 306.3399963378906,
    "price_change_24h": 0.8028965088552694,
    "rsi": 50,
    "position_pct": 96.10304401584517,
    "ta_score": 50,
    "signal_direction": "WAIT",
    "signal_name": "historical_import",
    "confidence": "MEDIUM",
    "hit_tp1": false,
    "hit_sl": true,
    "candles_to_result": 1,
    "max_favorable_pct": 17.474048253318415,
    "max_adverse_pct": -4.028202809103551,
    "outcome_tracked": true
  },
  {
    "symbol": "AVGO",
    "timeframe": "historical_1w",
    "timestamp": "2025-08-24",
    "congress_score": 84.61538461538461,
    "insider_score": 50,
    "short_interest_pct": 0,
    "combined_score": 58.65384615384615,
    "price": 294.0,
    "price_change_24h": -3.846156917197717,
    "rsi": 50,
    "position_pct": 88.69341459626831,
    "ta_score": 50,
    "signal_direction": "WAIT",
    "signal_name": "historical_import",
    "confidence": "MEDIUM",
    "hit_tp1": true,
    "hit_sl": false,
    "candles_to_result": 2,
    "max_favorable_pct": 22.404760243941325,
    "max_adverse_pct": 1.1530662069515305,
    "outcome_tracked": true
  },
  {
    "symbol": "AVGO",
    "timeframe": "historical_1m",
    "timestamp": "2025-08-28",
    "congress_score": 73.68421052631578,
    "insider_score": 50,
    "short_interest_pct": 0,
    "combined_score": 55.921052631578945,
    "price": 0,
    "price_change_24h": 0,
    "rsi": 50,
    "position_pct": 50,
    "ta_score": 50,
    "signal_direction": "WAIT",
    "signal_name": "quiver_only_import",
    "confidence": "LOW",
    "hit_tp1": false,
    "hit_sl": false,
    "candles_to_result": 0,
    "max_favorable_pct": 0,
    "max_adverse_pct": 0,
    "outcome_tracked": false
  },
  {
    "symbol": "AVGO",
    "timeframe": "historical_1w",
    "timestamp": "2025-08-31",
    "congress_score": 77.77777777777779,
    "insider_score": 50,
    "short_interest_pct": 0,
    "combined_score": 56.94444444444444,
    "price": 297.3900146484375,
    "price_change_24h": 1.073990940460594,
    "rsi": 50,
    "position_pct": 90.72897048980862,
    "ta_score": 50,
    "signal_direction": "WAIT",
    "signal_name": "historical_import",
    "confidence": "MEDIUM",
    "hit_tp1": true,
    "hit_sl": false,
    "candles_to_result": 1,
    "max_favorable_pct": 21.009441269442526,
    "max_adverse_pct": 9.159685561930187,
    "outcome_tracked": true
  },
  {
    "symbol": "AVGO",
    "timeframe": "historical_1w",
    "timestamp": "2025-09-07",
    "congress_score": 73.33333333333333,
    "insider_score": 50,
    "short_interest_pct": 0,
    "combined_score": 55.83333333333333,
    "price": 334.8900146484375,
    "price_change_24h": 12.288769318045075,
    "rsi": 50,
    "position_pct": 100.0,
    "ta_score": 50,
    "signal_direction": "WAIT",
    "signal_name": "historical_import",
    "confidence": "MEDIUM",
    "hit_tp1": true,
    "hit_sl": false,
    "candles_to_result": 1,
    "max_favorable_pct": 10.37355212601502,
    "max_adverse_pct": -3.063695337824809,
    "outcome_tracked": true
  },
  {
    "symbol": "AVGO",
    "timeframe": "historical_1w",
    "timestamp": "2025-09-14",
    "congress_score": 71.42857142857143,
    "insider_score": 50,
    "short_interest_pct": 0,
    "combined_score": 55.35714285714286,
    "price": 359.8699951171875,
    "price_change_24h": 4.113988564096936,
    "rsi": 50,
    "position_pct": 95.6556737741083,
    "ta_score": 50,
    "signal_direction": "WAIT",
    "signal_name": "historical_import",
    "confidence": "MEDIUM",
    "hit_tp1": false,
    "hit_sl": true,
    "candles_to_result": 1,
    "max_favorable_pct": 2.712093227568685,
    "max_adverse_pct": -9.792422461589082,
    "outcome_tracked": true
  },
  {
    "symbol": "AVGO",
    "timeframe": "historical_1w",
    "timestamp": "2025-09-21",
    "congress_score": 80.0,
    "insider_score": 50,
    "short_interest_pct": 0,
    "combined_score": 57.5,
    "price": 344.94000244140625,
    "price_change_24h": -5.259686915075905,
    "rsi": 50,
    "position_pct": 88.96900603087062,
    "ta_score": 50,
    "signal_direction": "WAIT",
    "signal_name": "historical_import",
    "confidence": "MEDIUM",
    "hit_tp1": false,
    "hit_sl": true,
    "candles_to_result": 1,
    "max_favorable_pct": 7.157767225214841,
    "max_adverse_pct": -5.887979768900169,
    "outcome_tracked": true
  },
  {
    "symbol": "AVGO",
    "timeframe": "historical_1m",
    "timestamp": "2025-09-28",
    "congress_score": 78.26086956521739,
    "insider_score": 50,
    "short_interest_pct": 0,
    "combined_score": 57.065217391304344,
    "price": 0,
    "price_change_24h": 0,
    "rsi": 50,
    "position_pct": 50,
    "ta_score": 50,
    "signal_direction": "WAIT",
    "signal_name": "quiver_only_import",
    "confidence": "LOW",
    "hit_tp1": false,
    "hit_sl": false,
    "candles_to_result": 0,
    "max_favorable_pct": 0,
    "max_adverse_pct": 0,
    "outcome_tracked": false
  },
  {
    "symbol": "AVGO",
    "timeframe": "historical_1w",
    "timestamp": "2025-09-28",
    "congress_score": 72.72727272727273,
    "insider_score": 50,
    "short_interest_pct": 0,
    "combined_score": 55.68181818181819,
    "price": 334.5299987792969,
    "price_change_24h": -1.2574189492545627,
    "rsi": 50,
    "position_pct": 84.30669726716117,
    "ta_score": 50,
    "signal_direction": "WAIT",
    "signal_name": "historical_import",
    "confidence": "MEDIUM",
    "hit_tp1": false,
    "hit_sl": true,
    "candles_to_result": 2,
    "max_favorable_pct": 10.492334389022174,
    "max_adverse_pct": -2.959374027025841,
    "outcome_tracked": true
  },
  {
    "symbol": "AVGO",
    "timeframe": "historical_1w",
    "timestamp": "2025-10-05",
    "congress_score": 80.0,
    "insider_score": 50,
    "short_interest_pct": 0,
    "combined_score": 57.5,
    "price": 338.3699951171875,
    "price_change_24h": 3.1930470922815655,
    "rsi": 50,
    "position_pct": 86.02650920574139,
    "ta_score": 50,
    "signal_direction": "WAIT",
    "signal_name": "historical_import",
    "confidence": "MEDIUM",
    "hit_tp1": false,
    "hit_sl": true,
    "candles_to_result": 1,
    "max_favorable_pct": 19.08857087506273,
    "max_adverse_pct": -4.060640846602381,
    "outcome_tracked": true
  },
  {
    "symbol": "AVGO",
    "timeframe": "historical_1w",
    "timestamp": "2025-10-12",
    "congress_score": 80.0,
    "insider_score": 50,
    "short_interest_pct": 0,
    "combined_score": 57.5,
    "price": 324.6300048828125,
    "price_change_24h": -3.2370519740322687,
    "rsi": 50,
    "position_pct": 79.87280561808787,
    "ta_score": 50,
    "signal_direction": "WAIT",
    "signal_name": "historical_import",
    "confidence": "MEDIUM",
    "hit_tp1": true,
    "hit_sl": false,
    "candles_to_result": 1,
    "max_favorable_pct": 24.129003910326098,
    "max_adverse_pct": 4.796231737679126,
    "outcome_tracked": true
  },
  {
    "symbol": "AVGO",
    "timeframe": "historical_1w",
    "timestamp": "2025-10-19",
    "congress_score": 80.0,
    "insider_score": 50,
    "short_interest_pct": 0,
    "combined_score": 57.5,
    "price": 349.3299865722656,
    "price_change_24h": -2.066169156867875,
    "rsi": 50,
    "position_pct": 90.93513996801313,
    "ta_score": 50,
    "signal_direction": "WAIT",
    "signal_name": "historical_import",
    "confidence": "MEDIUM",
    "hit_tp1": true,
    "hit_sl": false,
    "candles_to_result": 2,
    "max_favorable_pct": 15.352247715418526,
    "max_adverse_pct": -2.613567319204549,
    "outcome_tracked": true
  },
  {
    "symbol": "AVGO",
    "timeframe": "historical_1w",
    "timestamp": "2025-10-26",
    "congress_score": 100.0,
    "insider_score": 50,
    "short_interest_pct": 0,
    "combined_score": 62.5,
    "price": 354.1300048828125,
    "price_change_24h": 1.4001874885965409,
    "rsi": 50,
    "position_pct": 93.08491514212616,
    "ta_score": 50,
    "signal_direction": "WAIT",
    "signal_name": "historical_import",
    "confidence": "MEDIUM",
    "hit_tp1": true,
    "hit_sl": false,
    "candles_to_result": 1,
    "max_favorable_pct": 13.78871767401474,
    "max_adverse_pct": -3.933581589730279,
    "outcome_tracked": true
  },
  {
    "symbol": "AVGO",
    "timeframe": "historical_1m",
    "timestamp": "2025-10-28",
    "congress_score": 75.0,
    "insider_score": 50,
    "short_interest_pct": 0,
    "combined_score": 56.25,
    "price": 0,
    "price_change_24h": 0,
    "rsi": 50,
    "position_pct": 50,
    "ta_score": 50,
    "signal_direction": "WAIT",
    "signal_name": "quiver_only_import",
    "confidence": "LOW",
    "hit_tp1": false,
    "hit_sl": false,
    "candles_to_result": 0,
    "max_favorable_pct": 0,
    "max_adverse_pct": 0,
    "outcome_tracked": false
  },
  {
    "symbol": "AVGO",
    "timeframe": "historical_1w",
    "timestamp": "2025-11-02",
    "congress_score": 66.66666666666666,
    "insider_score": 50,
    "short_interest_pct": 0,
    "combined_score": 54.166666666666664,
    "price": 369.6300048828125,
    "price_change_24h": 2.0936382669285534,
    "rsi": 50,
    "position_pct": 93.17868709744673,
    "ta_score": 50,
    "signal_direction": "WAIT",
    "signal_name": "historical_import",
    "confidence": "MEDIUM",
    "hit_tp1": false,
    "hit_sl": false,
    "candles_to_result": 0,
    "max_favorable_pct": 0,
    "max_adverse_pct": 0,
    "outcome_tracked": false
  },
  {
    "symbol": "AVGO",
    "timeframe": "historical_1w",
    "timestamp": "2025-11-09",
    "congress_score": 60.0,
    "insider_score": 50,
    "short_interest_pct": 0,
    "combined_score": 52.5,
    "price": 349.42999267578125,
    "price_change_24h": -3.6188099735034522,
    "rsi": 50,
    "position_pct": 84.75113037195246,
    "ta_score": 50,
    "signal_direction": "WAIT",
    "signal_name": "historical_import",
    "confidence": "MEDIUM",
    "hit_tp1": false,
    "hit_sl": false,
    "candles_to_result": 0,
    "max_favorable_pct": 0,
    "max_adverse_pct": 0,
    "outcome_tracked": false
  },
  {
    "symbol": "AVGO",
    "timeframe": "historical_1w",
    "timestamp": "2025-11-16",
    "congress_score": 42.857142857142854,
    "insider_score": 50,
    "short_interest_pct": 0,
    "combined_score": 48.214285714285715,
    "price": 342.4599914550781,
    "price_change_24h": -4.4448847741993935,
    "rsi": 50,
    "position_pct": 81.84320734387657,
    "ta_score": 50,
    "signal_direction": "WAIT",
    "signal_name": "historical_import",
    "confidence": "MEDIUM",
    "hit_tp1": false,
    "hit_sl": false,
    "candles_to_result": 0,
    "max_favorable_pct": 0,
    "max_adverse_pct": 0,
    "outcome_tracked": false
  },
  {
    "symbol": "AVGO",
    "timeframe": "historical_1w",
    "timestamp": "2025-11-23",
    "congress_score": 42.857142857142854,
    "insider_score": 50,
    "short_interest_pct": 0,
    "combined_score": 48.214285714285715,
    "price": 340.20001220703125,
    "price_change_24h": -0.7150099906884202,
    "rsi": 50,
    "position_pct": 80.90033151211222,
    "ta_score": 50,
    "signal_direction": "WAIT",
    "signal_name": "historical_import",
    "confidence": "MEDIUM",
    "hit_tp1": false,
    "hit_sl": false,
    "candles_to_result": 0,
    "max_favorable_pct": 0,
    "max_adverse_pct": 0,
    "outcome_tracked": false
  },
  {
    "symbol": "AVGO",
    "timeframe": "historical_1m",
    "timestamp": "2025-11-28",
    "congress_score": 63.63636363636363,
    "insider_score": 50,
    "short_interest_pct": 0,
    "combined_score": 53.40909090909091,
    "price": 0,
    "price_change_24h": 0,
    "rsi": 50,
    "position_pct": 50,
    "ta_score": 50,
    "signal_direction": "WAIT",
    "signal_name": "quiver_only_import",
    "confidence": "LOW",
    "hit_tp1": false,
    "hit_sl": false,
    "candles_to_result": 0,
    "max_favorable_pct": 0,
    "max_adverse_pct": 0,
    "outcome_tracked": false
  },
  {
    "symbol": "AVGO",
    "timeframe": "historical_1w",
    "timestamp": "2025-11-30",
    "congress_score": 50.0,
    "insider_score": 50,
    "short_interest_pct": 0,
    "combined_score": 50.0,
    "price": 402.9599914550781,
    "price_change_24h": 6.614456705789014,
    "rsi": 50,
    "position_pct": 100.0,
    "ta_score": 50,
    "signal_direction": "WAIT",
    "signal_name": "historical_import",
    "confidence": "MEDIUM",
    "hit_tp1": false,
    "hit_sl": false,
    "candles_to_result": 0,
    "max_favorable_pct": 0,
    "max_adverse_pct": 0,
    "outcome_tracked": false
  },
  {
    "symbol": "AVGO",
    "timeframe": "historical_1w",
    "timestamp": "2025-12-07",
    "congress_score": 50.0,
    "insider_score": 50,
    "short_interest_pct": 0,
    "combined_score": 50.0,
    "price": 390.239990234375,
    "price_change_24h": 1.0774978778473185,
    "rsi": 50,
    "position_pct": 95.044219693986,
    "ta_score": 50,
    "signal_direction": "WAIT",
    "signal_name": "historical_import",
    "confidence": "MEDIUM",
    "hit_tp1": false,
    "hit_sl": false,
    "candles_to_result": 0,
    "max_favorable_pct": 0,
    "max_adverse_pct": 0,
    "outcome_tracked": false
  },
  {
    "symbol": "AVGO",
    "timeframe": "historical_1w",
    "timestamp": "2025-12-14",
    "congress_score": 100.0,
    "insider_score": 50,
    "short_interest_pct": 0,
    "combined_score": 62.5,
    "price": 359.92999267578125,
    "price_change_24h": -10.264276440102883,
    "rsi": 50,
    "position_pct": 80.11099183785265,
    "ta_score": 50,
    "signal_direction": "WAIT",
    "signal_name": "historical_import",
    "confidence": "MEDIUM",
    "hit_tp1": false,
    "hit_sl": false,
    "candles_to_result": 0,
    "max_favorable_pct": 0,
    "max_adverse_pct": 0,
    "outcome_tracked": false
  },
  {
    "symbol": "AVGO",
    "timeframe": "historical_1w",
    "timestamp": "2025-12-21",
    "congress_score": 50,
    "insider_score": 50,
    "short_interest_pct": 0,
    "combined_score": 50.0,
    "price": 340.3599853515625,
    "price_change_24h": 0.16185156320302646,
    "rsi": 50,
    "position_pct": 72.77260622890208,
    "ta_score": 50,
    "signal_direction": "WAIT",
    "signal_name": "historical_import",
    "confidence": "MEDIUM",
    "hit_tp1": false,
    "hit_sl": false,
    "candles_to_result": 0,
    "max_favorable_pct": 0,
    "max_adverse_pct": 0,
    "outcome_tracked": false
  },
  {
    "symbol": "AVGO",
    "timeframe": "historical_1w",
    "timestamp": "2025-12-28",
    "congress_score": 50,
    "insider_score": 50,
    "short_interest_pct": 0,
    "combined_score": 50.0,
    "price": 352.68609619140625,
    "price_change_24h": 3.2906966122942265,
    "rsi": 50,
    "position_pct": 77.39466655329954,
    "ta_score": 50,
    "signal_direction": "WAIT",
    "signal_name": "historical_import",
    "confidence": "MEDIUM",
    "hit_tp1": false,
    "hit_sl": false,
    "candles_to_result": 0,
    "max_favorable_pct": 0,
    "max_adverse_pct": 0,
    "outcome_tracked": false
  }
]