[
  {
    "symbol": "AXP",
    "timeframe": "historical_1w",
    "timestamp": "2025-06-29",
    "congress_score": 66.66666666666666,
    "insider_score": 50,
    "short_interest_pct": 0,
    "combined_score": 54.166666666666664,
    "price": 317.19000244140625,
    "price_change_24h": 5.8605604486979175,
    "rsi": 50,
    "position_pct": 90.81287778545993,
    "ta_score": 50,
    "signal_direction": "WAIT",
    "signal_name": "historical_import",
    "confidence": "MEDIUM",
    "hit_tp1": true,
    "hit_sl": false,
    "candles_to_result": 1,
    "max_favorable_pct": 3.4490375980331125,
    "max_adverse_pct": -7.225957076616352,
    "outcome_tracked": true
  },
  {
    "symbol": "AXP",
    "timeframe": "historical_1w",
    "timestamp": "2025-07-06",
    "congress_score": 50.0,
    "insider_score": 50,
    "short_interest_pct": 0,
    "combined_score": 50.0,
    "price": 328.1300048828125,
    "price_change_24h": 2.8685163901623145,
    "rsi": 50,
    "position_pct": 100.0,
    "ta_score": 50,
    "signal_direction": "WAIT",
    "signal_name": "historical_import",
    "confidence": "MEDIUM",
    "hit_tp1": false,
    "hit_sl": true,
    "candles_to_result": 1,
    "max_favorable_pct": 0.9599834972755251,
    "max_adverse_pct": -10.31908553478165,
    "outcome_tracked": true
  },
  {
    "symbol": "AXP",
    "timeframe": "historical_1w",
    "timestamp": "2025-07-13",
    "congress_score": 60.0,
    "insider_score": 50,
    "short_interest_pct": 0,
    "combined_score": 52.5,
    "price": 319.4700012207031,
    "price_change_24h": -1.0101353002969111,
    "rsi": 50,
    "position_pct": 91.04816707631744,
    "ta_score": 50,
    "signal_direction": "WAIT",
    "signal_name": "historical_import",
    "confidence": "MEDIUM",
    "hit_tp1": false,
    "hit_sl": true,
    "candles_to_result": 1,
    "max_favorable_pct": 3.696746960111261,
    "max_adverse_pct": -7.888068397890679,
    "outcome_tracked": true
  },
  {
    "symbol": "AXP",
    "timeframe": "historical_1w",
    "timestamp": "2025-07-20",
    "congress_score": 50.0,
    "insider_score": 50,
    "short_interest_pct": 0,
    "combined_score": 50.0,
    "price": 307.95001220703125,
    "price_change_24h": -4.041505882469291,
    "rsi": 50,
    "position_pct": 79.13997154237579,
    "ta_score": 50,
    "signal_direction": "WAIT",
    "signal_name": "historical_import",
    "confidence": "MEDIUM",
    "hit_tp1": false,
    "hit_sl": true,
    "candles_to_result": 2,
    "max_favorable_pct": 7.5759005187443025,
    "max_adverse_pct": -4.442286946286092,
    "outcome_tracked": true
  },
  {
    "symbol": "AXP",
    "timeframe": "historical_1w",
    "timestamp": "2025-07-27",
    "congress_score": 33.33333333333333,
    "insider_score": 50,
    "short_interest_pct": 0,
    "combined_score": 45.83333333333333,
    "price": 311.6099853515625,
    "price_change_24h": 2.8517622523840065,
    "rsi": 50,
    "position_pct": 82.92328034608458,
    "ta_score": 50,
    "signal_direction": "WAIT",
    "signal_name": "historical_import",
    "confidence": "MEDIUM",
    "hit_tp1": true,
    "hit_sl": false,
    "candles_to_result": 1,
    "max_favorable_pct": 9.470174626249996,
    "max_adverse_pct": -5.564647204205415,
    "outcome_tracked": true
  },
  {
    "symbol": "AXP",
    "timeframe": "historical_1m",
    "timestamp": "2025-07-28",
    "congress_score": 50.0,
    "insider_score": 50,
    "short_interest_pct": 0,
    "combined_score": 50.0,
    "price": 0,
    "price_change_24h": 0,
    "rsi": 50,
    "position_pct": 50,
    "ta_score": 50,
    "signal_direction": "WAIT",
    "signal_name": "quiver_only_import",
    "confidence": "LOW",
    "hit_tp1": false,
    "hit_sl": false,
    "candles_to_result": 0,
    "max_favorable_pct": 0,
    "max_adverse_pct": 0,
    "outcome_tracked": false
  },
  {
    "symbol": "AXP",
    "timeframe": "historical_1w",
    "timestamp": "2025-08-03",
    "congress_score": 50,
    "insider_score": 50,
    "short_interest_pct": 0,
    "combined_score": 50.0,
    "price": 294.2699890136719,
    "price_change_24h": -5.30025157311766,
    "rsi": 50,
    "position_pct": 64.99895188497455,
    "ta_score": 50,
    "signal_direction": "WAIT",
    "signal_name": "historical_import",
    "confidence": "MEDIUM",
    "hit_tp1": true,
    "hit_sl": false,
    "candles_to_result": 2,
    "max_favorable_pct": 16.11105631974815,
    "max_adverse_pct": 1.073845033501721,
    "outcome_tracked": true
  },
  {
    "symbol": "AXP",
    "timeframe": "historical_1w",
    "timestamp": "2025-08-10",
    "congress_score": 50,
    "insider_score": 50,
    "short_interest_pct": 0,
    "combined_score": 50.0,
    "price": 297.42999267578125,
    "price_change_24h": -0.3884938130334048,
    "rsi": 50,
    "position_pct": 68.26544297725866,
    "ta_score": 50,
    "signal_direction": "WAIT",
    "signal_name": "historical_import",
    "confidence": "MEDIUM",
    "hit_tp1": true,
    "hit_sl": false,
    "candles_to_result": 2,
    "max_favorable_pct": 14.877450522696774,
    "max_adverse_pct": 2.7031599848391976,
    "outcome_tracked": true
  },
  {
    "symbol": "AXP",
    "timeframe": "historical_1w",
    "timestamp": "2025-08-17",
    "congress_score": 0.0,
    "insider_score": 50,
    "short_interest_pct": 0,
    "combined_score": 37.5,
    "price": 305.4700012207031,
    "price_change_24h": 3.1191945082166073,
    "rsi": 50,
    "position_pct": 76.57638786912143,
    "ta_score": 50,
    "signal_direction": "WAIT",
    "signal_name": "historical_import",
    "confidence": "MEDIUM",
    "hit_tp1": false,
    "hit_sl": true,
    "candles_to_result": 1,
    "max_favorable_pct": 11.853861691942798,
    "max_adverse_pct": 3.5322645437533677,
    "outcome_tracked": true
  },
  {
    "symbol": "AXP",
    "timeframe": "historical_1w",
    "timestamp": "2025-08-24",
    "congress_score": 0.0,
    "insider_score": 50,
    "short_interest_pct": 0,
    "combined_score": 37.5,
    "price": 319.1600036621094,
    "price_change_24h": 3.9439883897034753,
    "rsi": 50,
    "position_pct": 90.72772306040756,
    "ta_score": 50,
    "signal_direction": "WAIT",
    "signal_name": "historical_import",
    "confidence": "MEDIUM",
    "hit_tp1": false,
    "hit_sl": true,
    "candles_to_result": 1,
    "max_favorable_pct": 8.603832291012777,
    "max_adverse_pct": -0.9086332445197493,
    "outcome_tracked": true
  },
  {
    "symbol": "AXP",
    "timeframe": "historical_1m",
    "timestamp": "2025-08-28",
    "congress_score": 25.0,
    "insider_score": 50,
    "short_interest_pct": 0,
    "combined_score": 43.75,
    "price": 0,
    "price_change_24h": 0,
    "rsi": 50,
    "position_pct": 50,
    "ta_score": 50,
    "signal_direction": "WAIT",
    "signal_name": "quiver_only_import",
    "confidence": "LOW",
    "hit_tp1": false,
    "hit_sl": false,
    "candles_to_result": 0,
    "max_favorable_pct": 0,
    "max_adverse_pct": 0,
    "outcome_tracked": false
  },
  {
    "symbol": "AXP",
    "timeframe": "historical_1w",
    "timestamp": "2025-08-31",
    "congress_score": 0.0,
    "insider_score": 50,
    "short_interest_pct": 0,
    "combined_score": 37.5,
    "price": 331.2799987792969,
    "price_change_24h": 4.901840273811684,
    "rsi": 50,
    "position_pct": 100.0,
    "ta_score": 50,
    "signal_direction": "WAIT",
    "signal_name": "historical_import",
    "confidence": "MEDIUM",
    "hit_tp1": false,
    "hit_sl": true,
    "candles_to_result": 3,
    "max_favorable_pct": 7.932866118127753,
    "max_adverse_pct": -4.533925703035996,
    "outcome_tracked": true
  },
  {
    "symbol": "AXP",
    "timeframe": "historical_1w",
    "timestamp": "2025-09-07",
    "congress_score": 0.0,
    "insider_score": 50,
    "short_interest_pct": 0,
    "combined_score": 37.5,
    "price": 326.2200012207031,
    "price_change_24h": -1.4976724333507248,
    "rsi": 50,
    "position_pct": 94.93443028380064,
    "ta_score": 50,
    "signal_direction": "WAIT",
    "signal_name": "historical_import",
    "confidence": "MEDIUM",
    "hit_tp1": false,
    "hit_sl": true,
    "candles_to_result": 2,
    "max_favorable_pct": 10.578753490432783,
    "max_adverse_pct": -3.053151682241496,
    "outcome_tracked": true
  },
  {
    "symbol": "AXP",
    "timeframe": "historical_1w",
    "timestamp": "2025-09-14",
    "congress_score": 0.0,
    "insider_score": 50,
    "short_interest_pct": 0,
    "combined_score": 37.5,
    "price": 325.30999755859375,
    "price_change_24h": -0.03073233840083991,
    "rsi": 50,
    "position_pct": 94.0234245097795,
    "ta_score": 50,
    "signal_direction": "WAIT",
    "signal_name": "historical_import",
    "confidence": "MEDIUM",
    "hit_tp1": false,
    "hit_sl": true,
    "candles_to_result": 1,
    "max_favorable_pct": 13.288866407661413,
    "max_adverse_pct": -2.78195808948008,
    "outcome_tracked": true
  },
  {
    "symbol": "AXP",
    "timeframe": "historical_1w",
    "timestamp": "2025-09-21",
    "congress_score": 0.0,
    "insider_score": 50,
    "short_interest_pct": 0,
    "combined_score": 37.5,
    "price": 341.1199951171875,
    "price_change_24h": 4.235160098384357,
    "rsi": 50,
    "position_pct": 99.501252955629,
    "ta_score": 50,
    "signal_direction": "WAIT",
    "signal_name": "historical_import",
    "confidence": "MEDIUM",
    "hit_tp1": true,
    "hit_sl": false,
    "candles_to_result": 2,
    "max_favorable_pct": 8.038231068312069,
    "max_adverse_pct": -7.287753783832626,
    "outcome_tracked": true
  },
  {
    "symbol": "AXP",
    "timeframe": "historical_1m",
    "timestamp": "2025-09-28",
    "congress_score": 0.0,
    "insider_score": 50,
    "short_interest_pct": 0,
    "combined_score": 37.5,
    "price": 0,
    "price_change_24h": 0,
    "rsi": 50,
    "position_pct": 50,
    "ta_score": 50,
    "signal_direction": "WAIT",
    "signal_name": "quiver_only_import",
    "confidence": "LOW",
    "hit_tp1": false,
    "hit_sl": false,
    "candles_to_result": 0,
    "max_favorable_pct": 0,
    "max_adverse_pct": 0,
    "outcome_tracked": false
  },
  {
    "symbol": "AXP",
    "timeframe": "historical_1w",
    "timestamp": "2025-09-28",
    "congress_score": 0.0,
    "insider_score": 50,
    "short_interest_pct": 0,
    "combined_score": 37.5,
    "price": 341.67999267578125,
    "price_change_24h": 0.20528525629063674,
    "rsi": 50,
    "position_pct": 100.0,
    "ta_score": 50,
    "signal_direction": "WAIT",
    "signal_name": "historical_import",
    "confidence": "MEDIUM",
    "hit_tp1": true,
    "hit_sl": false,
    "candles_to_result": 1,
    "max_favorable_pct": 7.861161450746103,
    "max_adverse_pct": -7.4397048276330215,
    "outcome_tracked": true
  },
  {
    "symbol": "AXP",
    "timeframe": "historical_1w",
    "timestamp": "2025-10-05",
    "congress_score": 0.0,
    "insider_score": 50,
    "short_interest_pct": 0,
    "combined_score": 37.5,
    "price": 330.239990234375,
    "price_change_24h": -3.5260458094428597,
    "rsi": 50,
    "position_pct": 89.1182766647412,
    "ta_score": 50,
    "signal_direction": "WAIT",
    "signal_name": "historical_import",
    "confidence": "MEDIUM",
    "hit_tp1": true,
    "hit_sl": false,
    "candles_to_result": 1,
    "max_favorable_pct": 11.597631856567379,
    "max_adverse_pct": -4.233279094645156,
    "outcome_tracked": true
  },
  {
    "symbol": "AXP",
    "timeframe": "historical_1w",
    "timestamp": "2025-10-12",
    "congress_score": 100.0,
    "insider_score": 50,
    "short_interest_pct": 0,
    "combined_score": 62.5,
    "price": 316.260009765625,
    "price_change_24h": -4.738088777208344,
    "rsi": 50,
    "position_pct": 76.51461573837092,
    "ta_score": 50,
    "signal_direction": "WAIT",
    "signal_name": "historical_import",
    "confidence": "MEDIUM",
    "hit_tp1": true,
    "hit_sl": false,
    "candles_to_result": 1,
    "max_favorable_pct": 17.103014819349376,
    "max_adverse_pct": 9.599691524091767,
    "outcome_tracked": true
  },
  {
    "symbol": "AXP",
    "timeframe": "historical_1w",
    "timestamp": "2025-10-19",
    "congress_score": 100.0,
    "insider_score": 50,
    "short_interest_pct": 0,
    "combined_score": 62.5,
    "price": 346.6199951171875,
    "price_change_24h": 7.272839921737787,
    "rsi": 50,
    "position_pct": 100.0,
    "ta_score": 50,
    "signal_direction": "WAIT",
    "signal_name": "historical_import",
    "confidence": "MEDIUM",
    "hit_tp1": true,
    "hit_sl": false,
    "candles_to_result": 1,
    "max_favorable_pct": 10.368704329724379,
    "max_adverse_pct": 1.8089030118214018,
    "outcome_tracked": true
  },
  {
    "symbol": "AXP",
    "timeframe": "historical_1w",
    "timestamp": "2025-10-26",
    "congress_score": 100.0,
    "insider_score": 50,
    "short_interest_pct": 0,
    "combined_score": 62.5,
    "price": 357.55999755859375,
    "price_change_24h": 2.3120024946381608,
    "rsi": 50,
    "position_pct": 100.0,
    "ta_score": 50,
    "signal_direction": "WAIT",
    "signal_name": "historical_import",
    "confidence": "MEDIUM",
    "hit_tp1": true,
    "hit_sl": false,
    "candles_to_result": 2,
    "max_favorable_pct": 6.991833586167094,
    "max_adverse_pct": -1.3060697343222727,
    "outcome_tracked": true
  },
  {
    "symbol": "AXP",
    "timeframe": "historical_1m",
    "timestamp": "2025-10-28",
    "congress_score": 75.0,
    "insider_score": 50,
    "short_interest_pct": 0,
    "combined_score": 56.25,
    "price": 0,
    "price_change_24h": 0,
    "rsi": 50,
    "position_pct": 50,
    "ta_score": 50,
    "signal_direction": "WAIT",
    "signal_name": "quiver_only_import",
    "confidence": "LOW",
    "hit_tp1": false,
    "hit_sl": false,
    "candles_to_result": 0,
    "max_favorable_pct": 0,
    "max_adverse_pct": 0,
    "outcome_tracked": false
  },
  {
    "symbol": "AXP",
    "timeframe": "historical_1w",
    "timestamp": "2025-11-02",
    "congress_score": 66.66666666666666,
    "insider_score": 50,
    "short_interest_pct": 0,
    "combined_score": 54.166666666666664,
    "price": 360.7300109863281,
    "price_change_24h": -0.25990610404699,
    "rsi": 50,
    "position_pct": 99.27847532996776,
    "ta_score": 50,
    "signal_direction": "WAIT",
    "signal_name": "historical_import",
    "confidence": "MEDIUM",
    "hit_tp1": false,
    "hit_sl": false,
    "candles_to_result": 0,
    "max_favorable_pct": 0,
    "max_adverse_pct": 0,
    "outcome_tracked": false
  },
  {
    "symbol": "AXP",
    "timeframe": "historical_1w",
    "timestamp": "2025-11-09",
    "congress_score": 66.66666666666666,
    "insider_score": 50,
    "short_interest_pct": 0,
    "combined_score": 54.166666666666664,
    "price": 368.5400085449219,
    "price_change_24h": 1.9136147118999483,
    "rsi": 50,
    "position_pct": 100.0,
    "ta_score": 50,
    "signal_direction": "WAIT",
    "signal_name": "historical_import",
    "confidence": "MEDIUM",
    "hit_tp1": false,
    "hit_sl": false,
    "candles_to_result": 0,
    "max_favorable_pct": 0,
    "max_adverse_pct": 0,
    "outcome_tracked": false
  },
  {
    "symbol": "AXP",
    "timeframe": "historical_1w",
    "timestamp": "2025-11-16",
    "congress_score": 25.0,
    "insider_score": 50,
    "short_interest_pct": 0,
    "combined_score": 43.75,
    "price": 357.17999267578125,
    "price_change_24h": -2.9085604178024624,
    "rsi": 50,
    "position_pct": 88.97298240058609,
    "ta_score": 50,
    "signal_direction": "WAIT",
    "signal_name": "historical_import",
    "confidence": "MEDIUM",
    "hit_tp1": false,
    "hit_sl": false,
    "candles_to_result": 0,
    "max_favorable_pct": 0,
    "max_adverse_pct": 0,
    "outcome_tracked": false
  },
  {
    "symbol": "AXP",
    "timeframe": "historical_1w",
    "timestamp": "2025-11-23",
    "congress_score": 25.0,
    "insider_score": 50,
    "short_interest_pct": 0,
    "combined_score": 43.75,
    "price": 352.8900146484375,
    "price_change_24h": 3.410993303571429,
    "rsi": 50,
    "position_pct": 85.93862227738038,
    "ta_score": 50,
    "signal_direction": "WAIT",
    "signal_name": "historical_import",
    "confidence": "MEDIUM",
    "hit_tp1": false,
    "hit_sl": false,
    "candles_to_result": 0,
    "max_favorable_pct": 0,
    "max_adverse_pct": 0,
    "outcome_tracked": false
  },
  {
    "symbol": "AXP",
    "timeframe": "historical_1m",
    "timestamp": "2025-11-28",
    "congress_score": 57.14285714285714,
    "insider_score": 50,
    "short_interest_pct": 0,
    "combined_score": 51.785714285714285,
    "price": 0,
    "price_change_24h": 0,
    "rsi": 50,
    "position_pct": 50,
    "ta_score": 50,
    "signal_direction": "WAIT",
    "signal_name": "quiver_only_import",
    "confidence": "LOW",
    "hit_tp1": false,
    "hit_sl": false,
    "candles_to_result": 0,
    "max_favorable_pct": 0,
    "max_adverse_pct": 0,
    "outcome_tracked": false
  },
  {
    "symbol": "AXP",
    "timeframe": "historical_1w",
    "timestamp": "2025-11-30",
    "congress_score": 0.0,
    "insider_score": 50,
    "short_interest_pct": 0,
    "combined_score": 37.5,
    "price": 365.2699890136719,
    "price_change_24h": 2.624110507708319,
    "rsi": 50,
    "position_pct": 94.69514743922036,
    "ta_score": 50,
    "signal_direction": "WAIT",
    "signal_name": "historical_import",
    "confidence": "MEDIUM",
    "hit_tp1": false,
    "hit_sl": false,
    "candles_to_result": 0,
    "max_favorable_pct": 0,
    "max_adverse_pct": 0,
    "outcome_tracked": false
  },
  {
    "symbol": "AXP",
    "timeframe": "historical_1w",
    "timestamp": "2025-12-07",
    "congress_score": 0.0,
    "insider_score": 50,
    "short_interest_pct": 0,
    "combined_score": 37.5,
    "price": 370.3500061035156,
    "price_change_24h": 2.786491802323405,
    "rsi": 50,
    "position_pct": 98.2883129949353,
    "ta_score": 50,
    "signal_direction": "WAIT",
    "signal_name": "historical_import",
    "confidence": "MEDIUM",
    "hit_tp1": false,
    "hit_sl": false,
    "candles_to_result": 0,
    "max_favorable_pct": 0,
    "max_adverse_pct": 0,
    "outcome_tracked": false
  },
  {
    "symbol": "AXP",
    "timeframe": "historical_1w",
    "timestamp": "2025-12-14",
    "congress_score": 50,
    "insider_score": 50,
    "short_interest_pct": 0,
    "combined_score": 50.0,
    "price": 382.55999755859375,
    "price_change_24h": 5.597879774657825,
    "rsi": 50,
    "position_pct": 98.48207370799571,
    "ta_score": 50,
    "signal_direction": "WAIT",
    "signal_name": "historical_import",
    "confidence": "MEDIUM",
    "hit_tp1": false,
    "hit_sl": false,
    "candles_to_result": 0,
    "max_favorable_pct": 0,
    "max_adverse_pct": 0,
    "outcome_tracked": false
  },
  {
    "symbol": "AXP",
    "timeframe": "historical_1w",
    "timestamp": "2025-12-21",
    "congress_score": 50,
    "insider_score": 50,
    "short_interest_pct": 0,
    "combined_score": 50.0,
    "price": 376.510009765625,
    "price_change_24h": -1.5840231702894707,
    "rsi": 50,
    "position_pct": 94.54071397407716,
    "ta_score": 50,
    "signal_direction": "WAIT",
    "signal_name": "historical_import",
    "confidence": "MEDIUM",
    "hit_tp1": false,
    "hit_sl": false,
    "candles_to_result": 0,
    "max_favorable_pct": 0,
    "max_adverse_pct": 0,
    "outcome_tracked": false
  },
  {
    "symbol": "AXP",
    "timeframe": "historical_1w",
    "timestamp": "2025-12-28",
    "congress_score": 50,
    "insider_score": 50,
    "short_interest_pct": 0,
    "combined_score": 50.0,
    "price": 381.260009765625,
    "price_change_24h": 0.10765489183107309,
    "rsi": 50,
    "position_pct": 97.6351762071863,
    "ta_score": 50,
    "signal_direction": "WAIT",
    "signal_name": "historical_import",
    "confidence": "MEDIUM",
    "hit_tp1": false,
    "hit_sl": false,
    "candles_to_result": 0,
    "max_favorable_pct": 0,
    "max_adverse_pct": 0,
    "outcome_tracked": false
  }
]