[
  {
    "symbol": "BA",
    "timeframe": "historical_1w",
    "timestamp": "2025-06-29",
    "congress_score": 100.0,
    "insider_score": 50,
    "short_interest_pct": 0,
    "combined_score": 62.5,
    "price": 214.5500030517578,
    "price_change_24h": 6.576923974831601,
    "rsi": 50,
    "position_pct": 96.34207671520427,
    "ta_score": 50,
    "signal_direction": "WAIT",
    "signal_name": "historical_import",
    "confidence": "MEDIUM",
    "hit_tp1": true,
    "hit_sl": false,
    "candles_to_result": 2,
    "max_favorable_pct": 9.652757474015075,
    "max_adverse_pct": 0.6385435085997198,
    "outcome_tracked": true
  },
  {
    "symbol": "BA",
    "timeframe": "historical_1w",
    "timestamp": "2025-07-06",
    "congress_score": 50,
    "insider_score": 50,
    "short_interest_pct": 0,
    "combined_score": 50.0,
    "price": 215.9199981689453,
    "price_change_24h": 3.0496823494850402,
    "rsi": 50,
    "position_pct": 98.03510087262852,
    "ta_score": 50,
    "signal_direction": "WAIT",
    "signal_name": "historical_import",
    "confidence": "MEDIUM",
    "hit_tp1": true,
    "hit_sl": false,
    "candles_to_result": 1,
    "max_favorable_pct": 8.957019498841493,
    "max_adverse_pct": 0.009264668687744835,
    "outcome_tracked": true
  },
  {
    "symbol": "BA",
    "timeframe": "historical_1w",
    "timestamp": "2025-07-13",
    "congress_score": 50,
    "insider_score": 50,
    "short_interest_pct": 0,
    "combined_score": 50.0,
    "price": 226.83999633789062,
    "price_change_24h": 3.7551988618756833,
    "rsi": 50,
    "position_pct": 100.0,
    "ta_score": 50,
    "signal_direction": "WAIT",
    "signal_name": "historical_import",
    "confidence": "MEDIUM",
    "hit_tp1": false,
    "hit_sl": true,
    "candles_to_result": 3,
    "max_favorable_pct": 3.7118666482445466,
    "max_adverse_pct": -4.932993573469348,
    "outcome_tracked": true
  },
  {
    "symbol": "BA",
    "timeframe": "historical_1w",
    "timestamp": "2025-07-20",
    "congress_score": 50,
    "insider_score": 50,
    "short_interest_pct": 0,
    "combined_score": 50.0,
    "price": 229.33999633789062,
    "price_change_24h": -0.5075693882377909,
    "rsi": 50,
    "position_pct": 98.2417078723453,
    "ta_score": 50,
    "signal_direction": "WAIT",
    "signal_name": "historical_import",
    "confidence": "MEDIUM",
    "hit_tp1": false,
    "hit_sl": true,
    "candles_to_result": 2,
    "max_favorable_pct": 2.581319553272895,
    "max_adverse_pct": -5.969304377783511,
    "outcome_tracked": true
  },
  {
    "symbol": "BA",
    "timeframe": "historical_1w",
    "timestamp": "2025-07-27",
    "congress_score": 50,
    "insider_score": 50,
    "short_interest_pct": 0,
    "combined_score": 50.0,
    "price": 233.05999755859375,
    "price_change_24h": 1.6309044631623886,
    "rsi": 50,
    "position_pct": 99.1571515549409,
    "ta_score": 50,
    "signal_direction": "WAIT",
    "signal_name": "historical_import",
    "confidence": "MEDIUM",
    "hit_tp1": false,
    "hit_sl": true,
    "candles_to_result": 1,
    "max_favorable_pct": 0.943961628459678,
    "max_adverse_pct": -7.470181002525892,
    "outcome_tracked": true
  },
  {
    "symbol": "BA",
    "timeframe": "historical_1w",
    "timestamp": "2025-08-03",
    "congress_score": 50,
    "insider_score": 50,
    "short_interest_pct": 0,
    "combined_score": 50.0,
    "price": 221.89999389648438,
    "price_change_24h": -6.137646267441175,
    "rsi": 50,
    "position_pct": 85.46382618617127,
    "ta_score": 50,
    "signal_direction": "WAIT",
    "signal_name": "historical_import",
    "confidence": "MEDIUM",
    "hit_tp1": true,
    "hit_sl": false,
    "candles_to_result": 1,
    "max_favorable_pct": 6.020730499246413,
    "max_adverse_pct": -5.033798321849472,
    "outcome_tracked": true
  },
  {
    "symbol": "BA",
    "timeframe": "historical_1w",
    "timestamp": "2025-08-10",
    "congress_score": 50,
    "insider_score": 50,
    "short_interest_pct": 0,
    "combined_score": 50.0,
    "price": 229.1199951171875,
    "price_change_24h": 3.0493833277721634,
    "rsi": 50,
    "position_pct": 92.69684631334108,
    "ta_score": 50,
    "signal_direction": "WAIT",
    "signal_name": "historical_import",
    "confidence": "MEDIUM",
    "hit_tp1": false,
    "hit_sl": true,
    "candles_to_result": 5,
    "max_favorable_pct": 2.679818226474745,
    "max_adverse_pct": -8.026361636505163,
    "outcome_tracked": true
  },
  {
    "symbol": "BA",
    "timeframe": "historical_1w",
    "timestamp": "2025-08-17",
    "congress_score": 50,
    "insider_score": 50,
    "short_interest_pct": 0,
    "combined_score": 50.0,
    "price": 235.25999450683594,
    "price_change_24h": 4.115767178545586,
    "rsi": 50,
    "position_pct": 98.84791718003169,
    "ta_score": 50,
    "signal_direction": "WAIT",
    "signal_name": "historical_import",
    "confidence": "MEDIUM",
    "hit_tp1": false,
    "hit_sl": true,
    "candles_to_result": 1,
    "max_favorable_pct": -0.24653653175097495,
    "max_adverse_pct": -10.426761605056532,
    "outcome_tracked": true
  },
  {
    "symbol": "BA",
    "timeframe": "historical_1w",
    "timestamp": "2025-08-24",
    "congress_score": 50,
    "insider_score": 50,
    "short_interest_pct": 0,
    "combined_score": 50.0,
    "price": 230.1199951171875,
    "price_change_24h": -0.9853313148478828,
    "rsi": 50,
    "position_pct": 93.69864948567704,
    "ta_score": 50,
    "signal_direction": "WAIT",
    "signal_name": "historical_import",
    "confidence": "MEDIUM",
    "hit_tp1": false,
    "hit_sl": true,
    "candles_to_result": 3,
    "max_favorable_pct": 1.9815738116418755,
    "max_adverse_pct": -12.645572510944794,
    "outcome_tracked": true
  },
  {
    "symbol": "BA",
    "timeframe": "historical_1w",
    "timestamp": "2025-08-31",
    "congress_score": 50,
    "insider_score": 50,
    "short_interest_pct": 0,
    "combined_score": 50.0,
    "price": 234.67999267578125,
    "price_change_24h": 3.442499108160853,
    "rsi": 50,
    "position_pct": 98.26686950572045,
    "ta_score": 50,
    "signal_direction": "WAIT",
    "signal_name": "historical_import",
    "confidence": "MEDIUM",
    "hit_tp1": false,
    "hit_sl": true,
    "candles_to_result": 1,
    "max_favorable_pct": -2.160385300690742,
    "max_adverse_pct": -17.074311111296055,
    "outcome_tracked": true
  },
  {
    "symbol": "BA",
    "timeframe": "historical_1w",
    "timestamp": "2025-09-07",
    "congress_score": 50,
    "insider_score": 50,
    "short_interest_pct": 0,
    "combined_score": 50.0,
    "price": 229.61000061035156,
    "price_change_24h": -3.2732345238162575,
    "rsi": 50,
    "position_pct": 92.29089828978647,
    "ta_score": 50,
    "signal_direction": "WAIT",
    "signal_name": "historical_import",
    "confidence": "MEDIUM",
    "hit_tp1": false,
    "hit_sl": true,
    "candles_to_result": 1,
    "max_favorable_pct": -3.597401892286546,
    "max_adverse_pct": -15.282433798446954,
    "outcome_tracked": true
  },
  {
    "symbol": "BA",
    "timeframe": "historical_1w",
    "timestamp": "2025-09-14",
    "congress_score": 50,
    "insider_score": 50,
    "short_interest_pct": 0,
    "combined_score": 50.0,
    "price": 215.94000244140625,
    "price_change_24h": -6.499239967602079,
    "rsi": 50,
    "position_pct": 78.72804779865606,
    "ta_score": 50,
    "signal_direction": "WAIT",
    "signal_name": "historical_import",
    "confidence": "MEDIUM",
    "hit_tp1": false,
    "hit_sl": true,
    "candles_to_result": 4,
    "max_favorable_pct": 2.505327220961452,
    "max_adverse_pct": -16.78244192064299,
    "outcome_tracked": true
  },
  {
    "symbol": "BA",
    "timeframe": "historical_1w",
    "timestamp": "2025-09-21",
    "congress_score": 50,
    "insider_score": 50,
    "short_interest_pct": 0,
    "combined_score": 50.0,
    "price": 215.64999389648438,
    "price_change_24h": -0.04635277103852839,
    "rsi": 50,
    "position_pct": 78.44031238806463,
    "ta_score": 50,
    "signal_direction": "WAIT",
    "signal_name": "historical_import",
    "confidence": "MEDIUM",
    "hit_tp1": false,
    "hit_sl": true,
    "candles_to_result": 3,
    "max_favorable_pct": 2.6431775415525176,
    "max_adverse_pct": -16.67053000961307,
    "outcome_tracked": true
  },
  {
    "symbol": "BA",
    "timeframe": "historical_1w",
    "timestamp": "2025-09-28",
    "congress_score": 0.0,
    "insider_score": 50,
    "short_interest_pct": 0,
    "combined_score": 37.5,
    "price": 221.25999450683594,
    "price_change_24h": 4.323635403499255,
    "rsi": 50,
    "position_pct": 84.00634089757824,
    "ta_score": 50,
    "signal_direction": "WAIT",
    "signal_name": "historical_import",
    "confidence": "MEDIUM",
    "hit_tp1": true,
    "hit_sl": false,
    "candles_to_result": 2,
    "max_favorable_pct": 0.04068136984289157,
    "max_adverse_pct": -18.78333118972835,
    "outcome_tracked": true
  },
  {
    "symbol": "BA",
    "timeframe": "historical_1w",
    "timestamp": "2025-10-05",
    "congress_score": 0.0,
    "insider_score": 50,
    "short_interest_pct": 0,
    "combined_score": 37.5,
    "price": 216.3000030517578,
    "price_change_24h": -0.3593139730595355,
    "rsi": 50,
    "position_pct": 79.08522666543938,
    "ta_score": 50,
    "signal_direction": "WAIT",
    "signal_name": "historical_import",
    "confidence": "MEDIUM",
    "hit_tp1": false,
    "hit_sl": true,
    "candles_to_result": 3,
    "max_favorable_pct": 2.334721673836228,
    "max_adverse_pct": -16.92094571758176,
    "outcome_tracked": true
  },
  {
    "symbol": "BA",
    "timeframe": "historical_1w",
    "timestamp": "2025-10-12",
    "congress_score": 0.0,
    "insider_score": 50,
    "short_interest_pct": 0,
    "combined_score": 37.5,
    "price": 210.72999572753906,
    "price_change_24h": -4.095936000999984,
    "rsi": 50,
    "position_pct": 73.55887796815138,
    "ta_score": 50,
    "signal_direction": "WAIT",
    "signal_name": "historical_import",
    "confidence": "MEDIUM",
    "hit_tp1": false,
    "hit_sl": true,
    "candles_to_result": 2,
    "max_favorable_pct": 5.0396291896230965,
    "max_adverse_pct": -14.72500327832624,
    "outcome_tracked": true
  },
  {
    "symbol": "BA",
    "timeframe": "historical_1w",
    "timestamp": "2025-10-19",
    "congress_score": 0.0,
    "insider_score": 50,
    "short_interest_pct": 0,
    "combined_score": 37.5,
    "price": 212.94000244140625,
    "price_change_24h": -1.2154366055210823,
    "rsi": 50,
    "position_pct": 75.75156228852447,
    "ta_score": 50,
    "signal_direction": "WAIT",
    "signal_name": "historical_import",
    "confidence": "MEDIUM",
    "hit_tp1": false,
    "hit_sl": true,
    "candles_to_result": 1,
    "max_favorable_pct": 3.9494710085877447,
    "max_adverse_pct": -15.610033395350678,
    "outcome_tracked": true
  },
  {
    "symbol": "BA",
    "timeframe": "historical_1w",
    "timestamp": "2025-10-26",
    "congress_score": 50,
    "insider_score": 50,
    "short_interest_pct": 0,
    "combined_score": 50.0,
    "price": 221.35000610351562,
    "price_change_24h": 2.0892900222639534,
    "rsi": 50,
    "position_pct": 84.09564696866522,
    "ta_score": 50,
    "signal_direction": "WAIT",
    "signal_name": "historical_import",
    "confidence": "MEDIUM",
    "hit_tp1": false,
    "hit_sl": false,
    "candles_to_result": 0,
    "max_favorable_pct": 0,
    "max_adverse_pct": 0,
    "outcome_tracked": false
  },
  {
    "symbol": "BA",
    "timeframe": "historical_1w",
    "timestamp": "2025-11-02",
    "congress_score": 50,
    "insider_score": 50,
    "short_interest_pct": 0,
    "combined_score": 50.0,
    "price": 201.02000427246094,
    "price_change_24h": -9.8565003262507,
    "rsi": 50,
    "position_pct": 63.9249950116375,
    "ta_score": 50,
    "signal_direction": "WAIT",
    "signal_name": "historical_import",
    "confidence": "MEDIUM",
    "hit_tp1": false,
    "hit_sl": false,
    "candles_to_result": 0,
    "max_favorable_pct": 0,
    "max_adverse_pct": 0,
    "outcome_tracked": false
  },
  {
    "symbol": "BA",
    "timeframe": "historical_1w",
    "timestamp": "2025-11-09",
    "congress_score": 50,
    "insider_score": 50,
    "short_interest_pct": 0,
    "combined_score": 50.0,
    "price": 194.61000061035156,
    "price_change_24h": -4.859448688881763,
    "rsi": 50,
    "position_pct": 57.56523400491781,
    "ta_score": 50,
    "signal_direction": "WAIT",
    "signal_name": "historical_import",
    "confidence": "MEDIUM",
    "hit_tp1": false,
    "hit_sl": false,
    "candles_to_result": 0,
    "max_favorable_pct": 0,
    "max_adverse_pct": 0,
    "outcome_tracked": false
  },
  {
    "symbol": "BA",
    "timeframe": "historical_1w",
    "timestamp": "2025-11-16",
    "congress_score": 0.0,
    "insider_score": 50,
    "short_interest_pct": 0,
    "combined_score": 37.5,
    "price": 194.52000427246094,
    "price_change_24h": -0.1488595502115286,
    "rsi": 50,
    "position_pct": 57.47594307301903,
    "ta_score": 50,
    "signal_direction": "WAIT",
    "signal_name": "historical_import",
    "confidence": "MEDIUM",
    "hit_tp1": false,
    "hit_sl": false,
    "candles_to_result": 0,
    "max_favorable_pct": 0,
    "max_adverse_pct": 0,
    "outcome_tracked": false
  },
  {
    "symbol": "BA",
    "timeframe": "historical_1w",
    "timestamp": "2025-11-23",
    "congress_score": 0.0,
    "insider_score": 50,
    "short_interest_pct": 0,
    "combined_score": 37.5,
    "price": 179.6999969482422,
    "price_change_24h": -6.313539838637568,
    "rsi": 50,
    "position_pct": 42.772097386158606,
    "ta_score": 50,
    "signal_direction": "WAIT",
    "signal_name": "historical_import",
    "confidence": "MEDIUM",
    "hit_tp1": false,
    "hit_sl": false,
    "candles_to_result": 0,
    "max_favorable_pct": 0,
    "max_adverse_pct": 0,
    "outcome_tracked": false
  },
  {
    "symbol": "BA",
    "timeframe": "historical_1w",
    "timestamp": "2025-11-30",
    "congress_score": 0.0,
    "insider_score": 50,
    "short_interest_pct": 0,
    "combined_score": 37.5,
    "price": 189.0,
    "price_change_24h": 5.515858168904372,
    "rsi": 50,
    "position_pct": 51.9992054954042,
    "ta_score": 50,
    "signal_direction": "WAIT",
    "signal_name": "historical_import",
    "confidence": "MEDIUM",
    "hit_tp1": false,
    "hit_sl": false,
    "candles_to_result": 0,
    "max_favorable_pct": 0,
    "max_adverse_pct": 0,
    "outcome_tracked": false
  },
  {
    "symbol": "BA",
    "timeframe": "historical_1w",
    "timestamp": "2025-12-07",
    "congress_score": 0.0,
    "insider_score": 50,
    "short_interest_pct": 0,
    "combined_score": 37.5,
    "price": 201.88999938964844,
    "price_change_24h": 8.2752290680003,
    "rsi": 50,
    "position_pct": 64.78817096503545,
    "ta_score": 50,
    "signal_direction": "WAIT",
    "signal_name": "historical_import",
    "confidence": "MEDIUM",
    "hit_tp1": false,
    "hit_sl": false,
    "candles_to_result": 0,
    "max_favorable_pct": 0,
    "max_adverse_pct": 0,
    "outcome_tracked": false
  },
  {
    "symbol": "BA",
    "timeframe": "historical_1w",
    "timestamp": "2025-12-14",
    "congress_score": 50,
    "insider_score": 50,
    "short_interest_pct": 0,
    "combined_score": 50.0,
    "price": 204.3800048828125,
    "price_change_24h": -0.9162744705972602,
    "rsi": 50,
    "position_pct": 67.25865938855242,
    "ta_score": 50,
    "signal_direction": "WAIT",
    "signal_name": "historical_import",
    "confidence": "MEDIUM",
    "hit_tp1": false,
    "hit_sl": false,
    "candles_to_result": 0,
    "max_favorable_pct": 0,
    "max_adverse_pct": 0,
    "outcome_tracked": false
  },
  {
    "symbol": "BA",
    "timeframe": "historical_1w",
    "timestamp": "2025-12-21",
    "congress_score": 50,
    "insider_score": 50,
    "short_interest_pct": 0,
    "combined_score": 50.0,
    "price": 214.0800018310547,
    "price_change_24h": 4.1751833727760035,
    "rsi": 50,
    "position_pct": 76.88262617680695,
    "ta_score": 50,
    "signal_direction": "WAIT",
    "signal_name": "historical_import",
    "confidence": "MEDIUM",
    "hit_tp1": false,
    "hit_sl": false,
    "candles_to_result": 0,
    "max_favorable_pct": 0,
    "max_adverse_pct": 0,
    "outcome_tracked": false
  },
  {
    "symbol": "BA",
    "timeframe": "historical_1w",
    "timestamp": "2025-12-28",
    "congress_score": 50,
    "insider_score": 50,
    "short_interest_pct": 0,
    "combined_score": 50.0,
    "price": 216.36500549316406,
    "price_change_24h": -0.21905130637726475,
    "rsi": 50,
    "position_pct": 79.14971960709568,
    "ta_score": 50,
    "signal_direction": "WAIT",
    "signal_name": "historical_import",
    "confidence": "MEDIUM",
    "hit_tp1": false,
    "hit_sl": false,
    "candles_to_result": 0,
    "max_favorable_pct": 0,
    "max_adverse_pct": 0,
    "outcome_tracked": false
  }
]