[
  {
    "symbol": "BAC",
    "timeframe": "historical_1w",
    "timestamp": "2025-06-29",
    "congress_score": 66.66666666666666,
    "insider_score": 50,
    "short_interest_pct": 0,
    "combined_score": 54.166666666666664,
    "price": 47.119998931884766,
    "price_change_24h": 1.7710576853916125,
    "rsi": 50,
    "position_pct": 95.35578546603448,
    "ta_score": 50,
    "signal_direction": "WAIT",
    "signal_name": "historical_import",
    "confidence": "MEDIUM",
    "hit_tp1": true,
    "hit_sl": false,
    "candles_to_result": 1,
    "max_favorable_pct": 5.008490373191874,
    "max_adverse_pct": -3.098470113683972,
    "outcome_tracked": true
  },
  {
    "symbol": "BAC",
    "timeframe": "historical_1w",
    "timestamp": "2025-07-06",
    "congress_score": 57.14285714285714,
    "insider_score": 50,
    "short_interest_pct": 0,
    "combined_score": 51.785714285714285,
    "price": 48.93000030517578,
    "price_change_24h": 3.402368175686319,
    "rsi": 50,
    "position_pct": 100.0,
    "ta_score": 50,
    "signal_direction": "WAIT",
    "signal_name": "historical_import",
    "confidence": "MEDIUM",
    "hit_tp1": false,
    "hit_sl": true,
    "candles_to_result": 1,
    "max_favorable_pct": 3.6991648518333546,
    "max_adverse_pct": -6.683017448127368,
    "outcome_tracked": true
  },
  {
    "symbol": "BAC",
    "timeframe": "historical_1w",
    "timestamp": "2025-07-13",
    "congress_score": 50.0,
    "insider_score": 50,
    "short_interest_pct": 0,
    "combined_score": 50.0,
    "price": 46.72999954223633,
    "price_change_24h": -3.9662973925768,
    "rsi": 50,
    "position_pct": 84.8693217027926,
    "ta_score": 50,
    "signal_direction": "WAIT",
    "signal_name": "historical_import",
    "confidence": "MEDIUM",
    "hit_tp1": true,
    "hit_sl": false,
    "candles_to_result": 2,
    "max_favorable_pct": 8.581215868846904,
    "max_adverse_pct": -2.2897489948766485,
    "outcome_tracked": true
  },
  {
    "symbol": "BAC",
    "timeframe": "historical_1w",
    "timestamp": "2025-07-20",
    "congress_score": 40.0,
    "insider_score": 50,
    "short_interest_pct": 0,
    "combined_score": 47.5,
    "price": 47.31999969482422,
    "price_change_24h": 0.5311238615272177,
    "rsi": 50,
    "position_pct": 88.92709416109984,
    "ta_score": 50,
    "signal_direction": "WAIT",
    "signal_name": "historical_import",
    "confidence": "MEDIUM",
    "hit_tp1": false,
    "hit_sl": true,
    "candles_to_result": 1,
    "max_favorable_pct": 7.227392235204626,
    "max_adverse_pct": -3.5080301312716986,
    "outcome_tracked": true
  },
  {
    "symbol": "BAC",
    "timeframe": "historical_1w",
    "timestamp": "2025-07-27",
    "congress_score": 77.77777777777779,
    "insider_score": 50,
    "short_interest_pct": 0,
    "combined_score": 56.94444444444444,
    "price": 48.45000076293945,
    "price_change_24h": 2.0429680498211678,
    "rsi": 50,
    "position_pct": 96.6987653919352,
    "ta_score": 50,
    "signal_direction": "WAIT",
    "signal_name": "historical_import",
    "confidence": "MEDIUM",
    "hit_tp1": false,
    "hit_sl": true,
    "candles_to_result": 1,
    "max_favorable_pct": 7.843135556702108,
    "max_adverse_pct": -5.758515730842839,
    "outcome_tracked": true
  },
  {
    "symbol": "BAC",
    "timeframe": "historical_1m",
    "timestamp": "2025-07-28",
    "congress_score": 76.47058823529412,
    "insider_score": 50,
    "short_interest_pct": 0,
    "combined_score": 56.61764705882353,
    "price": 0,
    "price_change_24h": 0,
    "rsi": 50,
    "position_pct": 50,
    "ta_score": 50,
    "signal_direction": "WAIT",
    "signal_name": "quiver_only_import",
    "confidence": "LOW",
    "hit_tp1": false,
    "hit_sl": false,
    "candles_to_result": 0,
    "max_favorable_pct": 0,
    "max_adverse_pct": 0,
    "outcome_tracked": false
  },
  {
    "symbol": "BAC",
    "timeframe": "historical_1w",
    "timestamp": "2025-08-03",
    "congress_score": 83.33333333333334,
    "insider_score": 50,
    "short_interest_pct": 0,
    "combined_score": 58.333333333333336,
    "price": 45.65999984741211,
    "price_change_24h": -5.328633048344941,
    "rsi": 50,
    "position_pct": 77.51031463642055,
    "ta_score": 50,
    "signal_direction": "WAIT",
    "signal_name": "historical_import",
    "confidence": "MEDIUM",
    "hit_tp1": true,
    "hit_sl": false,
    "candles_to_result": 3,
    "max_favorable_pct": 14.432764289554404,
    "max_adverse_pct": 0.7665319213550781,
    "outcome_tracked": true
  },
  {
    "symbol": "BAC",
    "timeframe": "historical_1w",
    "timestamp": "2025-08-10",
    "congress_score": 83.33333333333334,
    "insider_score": 50,
    "short_interest_pct": 0,
    "combined_score": 58.333333333333336,
    "price": 46.0099983215332,
    "price_change_24h": 0.34896369190157633,
    "rsi": 50,
    "position_pct": 79.91745667275514,
    "ta_score": 50,
    "signal_direction": "WAIT",
    "signal_name": "historical_import",
    "confidence": "MEDIUM",
    "hit_tp1": true,
    "hit_sl": false,
    "candles_to_result": 2,
    "max_favorable_pct": 13.562273214746904,
    "max_adverse_pct": 2.0213004544721547,
    "outcome_tracked": true
  },
  {
    "symbol": "BAC",
    "timeframe": "historical_1w",
    "timestamp": "2025-08-17",
    "congress_score": 55.55555555555556,
    "insider_score": 50,
    "short_interest_pct": 0,
    "combined_score": 51.388888888888886,
    "price": 46.939998626708984,
    "price_change_24h": 1.689772057788697,
    "rsi": 50,
    "position_pct": 86.31360692459336,
    "ta_score": 50,
    "signal_direction": "WAIT",
    "signal_name": "historical_import",
    "confidence": "MEDIUM",
    "hit_tp1": true,
    "hit_sl": false,
    "candles_to_result": 1,
    "max_favorable_pct": 11.312316848406576,
    "max_adverse_pct": 3.6429547277338985,
    "outcome_tracked": true
  },
  {
    "symbol": "BAC",
    "timeframe": "historical_1w",
    "timestamp": "2025-08-24",
    "congress_score": 0.0,
    "insider_score": 50,
    "short_interest_pct": 0,
    "combined_score": 37.5,
    "price": 49.47999954223633,
    "price_change_24h": 3.2554286997072106,
    "rsi": 50,
    "position_pct": 100.0,
    "ta_score": 50,
    "signal_direction": "WAIT",
    "signal_name": "historical_import",
    "confidence": "MEDIUM",
    "hit_tp1": false,
    "hit_sl": true,
    "candles_to_result": 1,
    "max_favorable_pct": 5.598222480578619,
    "max_adverse_pct": -1.6774414390382768,
    "outcome_tracked": true
  },
  {
    "symbol": "BAC",
    "timeframe": "historical_1m",
    "timestamp": "2025-08-28",
    "congress_score": 58.333333333333336,
    "insider_score": 50,
    "short_interest_pct": 0,
    "combined_score": 52.083333333333336,
    "price": 0,
    "price_change_24h": 0,
    "rsi": 50,
    "position_pct": 50,
    "ta_score": 50,
    "signal_direction": "WAIT",
    "signal_name": "quiver_only_import",
    "confidence": "LOW",
    "hit_tp1": false,
    "hit_sl": false,
    "candles_to_result": 0,
    "max_favorable_pct": 0,
    "max_adverse_pct": 0,
    "outcome_tracked": false
  },
  {
    "symbol": "BAC",
    "timeframe": "historical_1w",
    "timestamp": "2025-08-31",
    "congress_score": 0.0,
    "insider_score": 50,
    "short_interest_pct": 0,
    "combined_score": 37.5,
    "price": 50.7400016784668,
    "price_change_24h": 2.5464877685678347,
    "rsi": 50,
    "position_pct": 100.0,
    "ta_score": 50,
    "signal_direction": "WAIT",
    "signal_name": "historical_import",
    "confidence": "MEDIUM",
    "hit_tp1": false,
    "hit_sl": true,
    "candles_to_result": 3,
    "max_favorable_pct": 3.6066179657499737,
    "max_adverse_pct": -4.119038398603072,
    "outcome_tracked": true
  },
  {
    "symbol": "BAC",
    "timeframe": "historical_1w",
    "timestamp": "2025-09-07",
    "congress_score": 0.0,
    "insider_score": 50,
    "short_interest_pct": 0,
    "combined_score": 37.5,
    "price": 49.77000045776367,
    "price_change_24h": -1.2891664712157551,
    "rsi": 50,
    "position_pct": 94.06727165190367,
    "ta_score": 50,
    "signal_direction": "WAIT",
    "signal_name": "historical_import",
    "confidence": "MEDIUM",
    "hit_tp1": false,
    "hit_sl": true,
    "candles_to_result": 2,
    "max_favorable_pct": 7.394013002468708,
    "max_adverse_pct": -2.25034945063991,
    "outcome_tracked": true
  },
  {
    "symbol": "BAC",
    "timeframe": "historical_1w",
    "timestamp": "2025-09-14",
    "congress_score": 0.0,
    "insider_score": 50,
    "short_interest_pct": 0,
    "combined_score": 37.5,
    "price": 50.58000183105469,
    "price_change_24h": 2.264461721216736,
    "rsi": 50,
    "position_pct": 98.96089142663143,
    "ta_score": 50,
    "signal_direction": "WAIT",
    "signal_name": "historical_import",
    "confidence": "MEDIUM",
    "hit_tp1": false,
    "hit_sl": true,
    "candles_to_result": 1,
    "max_favorable_pct": 5.674177200449739,
    "max_adverse_pct": -3.815737910849216,
    "outcome_tracked": true
  },
  {
    "symbol": "BAC",
    "timeframe": "historical_1w",
    "timestamp": "2025-09-21",
    "congress_score": 20.0,
    "insider_score": 50,
    "short_interest_pct": 0,
    "combined_score": 42.5,
    "price": 52.25,
    "price_change_24h": 3.2812805740369093,
    "rsi": 50,
    "position_pct": 100.0,
    "ta_score": 50,
    "signal_direction": "WAIT",
    "signal_name": "historical_import",
    "confidence": "MEDIUM",
    "hit_tp1": true,
    "hit_sl": false,
    "candles_to_result": 2,
    "max_favorable_pct": 2.2966521778745514,
    "max_adverse_pct": -6.889949232767643,
    "outcome_tracked": true
  },
  {
    "symbol": "BAC",
    "timeframe": "historical_1m",
    "timestamp": "2025-09-28",
    "congress_score": 10.0,
    "insider_score": 50,
    "short_interest_pct": 0,
    "combined_score": 40.0,
    "price": 0,
    "price_change_24h": 0,
    "rsi": 50,
    "position_pct": 50,
    "ta_score": 50,
    "signal_direction": "WAIT",
    "signal_name": "quiver_only_import",
    "confidence": "LOW",
    "hit_tp1": false,
    "hit_sl": false,
    "candles_to_result": 0,
    "max_favorable_pct": 0,
    "max_adverse_pct": 0,
    "outcome_tracked": false
  },
  {
    "symbol": "BAC",
    "timeframe": "historical_1w",
    "timestamp": "2025-09-28",
    "congress_score": 16.666666666666664,
    "insider_score": 50,
    "short_interest_pct": 0,
    "combined_score": 41.666666666666664,
    "price": 52.209999084472656,
    "price_change_24h": 0.5585534009144106,
    "rsi": 50,
    "position_pct": 99.77603071578754,
    "ta_score": 50,
    "signal_direction": "WAIT",
    "signal_name": "historical_import",
    "confidence": "MEDIUM",
    "hit_tp1": true,
    "hit_sl": false,
    "candles_to_result": 1,
    "max_favorable_pct": 2.3750271982586098,
    "max_adverse_pct": -6.818612566596462,
    "outcome_tracked": true
  },
  {
    "symbol": "BAC",
    "timeframe": "historical_1w",
    "timestamp": "2025-10-05",
    "congress_score": 25.0,
    "insider_score": 50,
    "short_interest_pct": 0,
    "combined_score": 43.75,
    "price": 50.63999938964844,
    "price_change_24h": -3.3956483049848387,
    "rsi": 50,
    "position_pct": 90.12757127115961,
    "ta_score": 50,
    "signal_direction": "WAIT",
    "signal_name": "historical_import",
    "confidence": "MEDIUM",
    "hit_tp1": true,
    "hit_sl": false,
    "candles_to_result": 1,
    "max_favorable_pct": 5.9439221416060235,
    "max_adverse_pct": -3.929695670921189,
    "outcome_tracked": true
  },
  {
    "symbol": "BAC",
    "timeframe": "historical_1w",
    "timestamp": "2025-10-12",
    "congress_score": 66.66666666666666,
    "insider_score": 50,
    "short_interest_pct": 0,
    "combined_score": 54.166666666666664,
    "price": 48.650001525878906,
    "price_change_24h": -3.4530618869723124,
    "rsi": 50,
    "position_pct": 79.0904220836923,
    "ta_score": 50,
    "signal_direction": "WAIT",
    "signal_name": "historical_import",
    "confidence": "MEDIUM",
    "hit_tp1": true,
    "hit_sl": false,
    "candles_to_result": 1,
    "max_favorable_pct": 10.894139919484406,
    "max_adverse_pct": 5.405955130379526,
    "outcome_tracked": true
  },
  {
    "symbol": "BAC",
    "timeframe": "historical_1w",
    "timestamp": "2025-10-19",
    "congress_score": 50.0,
    "insider_score": 50,
    "short_interest_pct": 0,
    "combined_score": 50.0,
    "price": 51.279998779296875,
    "price_change_24h": 4.952922920006284,
    "rsi": 50,
    "position_pct": 93.67720761602351,
    "ta_score": 50,
    "signal_direction": "WAIT",
    "signal_name": "historical_import",
    "confidence": "MEDIUM",
    "hit_tp1": true,
    "hit_sl": false,
    "candles_to_result": 2,
    "max_favorable_pct": 7.527302461461738,
    "max_adverse_pct": 0.5460269123625355,
    "outcome_tracked": true
  },
  {
    "symbol": "BAC",
    "timeframe": "historical_1w",
    "timestamp": "2025-10-26",
    "congress_score": 100.0,
    "insider_score": 50,
    "short_interest_pct": 0,
    "combined_score": 62.5,
    "price": 52.56999969482422,
    "price_change_24h": 1.018444984574813,
    "rsi": 50,
    "position_pct": 100.0,
    "ta_score": 50,
    "signal_direction": "WAIT",
    "signal_name": "historical_import",
    "confidence": "MEDIUM",
    "hit_tp1": true,
    "hit_sl": false,
    "candles_to_result": 7,
    "max_favorable_pct": 5.13601061178108,
    "max_adverse_pct": -1.9212446783267576,
    "outcome_tracked": true
  },
  {
    "symbol": "BAC",
    "timeframe": "historical_1m",
    "timestamp": "2025-10-28",
    "congress_score": 37.5,
    "insider_score": 50,
    "short_interest_pct": 0,
    "combined_score": 46.875,
    "price": 0,
    "price_change_24h": 0,
    "rsi": 50,
    "position_pct": 50,
    "ta_score": 50,
    "signal_direction": "WAIT",
    "signal_name": "quiver_only_import",
    "confidence": "LOW",
    "hit_tp1": false,
    "hit_sl": false,
    "candles_to_result": 0,
    "max_favorable_pct": 0,
    "max_adverse_pct": 0,
    "outcome_tracked": false
  },
  {
    "symbol": "BAC",
    "timeframe": "historical_1w",
    "timestamp": "2025-11-02",
    "congress_score": 60.0,
    "insider_score": 50,
    "short_interest_pct": 0,
    "combined_score": 52.5,
    "price": 53.45000076293945,
    "price_change_24h": 0.8110152800136703,
    "rsi": 50,
    "position_pct": 100.0,
    "ta_score": 50,
    "signal_direction": "WAIT",
    "signal_name": "historical_import",
    "confidence": "MEDIUM",
    "hit_tp1": false,
    "hit_sl": false,
    "candles_to_result": 0,
    "max_favorable_pct": 0,
    "max_adverse_pct": 0,
    "outcome_tracked": false
  },
  {
    "symbol": "BAC",
    "timeframe": "historical_1w",
    "timestamp": "2025-11-09",
    "congress_score": 50.0,
    "insider_score": 50,
    "short_interest_pct": 0,
    "combined_score": 50.0,
    "price": 53.20000076293945,
    "price_change_24h": -0.672144512922073,
    "rsi": 50,
    "position_pct": 98.1220627381325,
    "ta_score": 50,
    "signal_direction": "WAIT",
    "signal_name": "historical_import",
    "confidence": "MEDIUM",
    "hit_tp1": false,
    "hit_sl": false,
    "candles_to_result": 0,
    "max_favorable_pct": 0,
    "max_adverse_pct": 0,
    "outcome_tracked": false
  },
  {
    "symbol": "BAC",
    "timeframe": "historical_1w",
    "timestamp": "2025-11-16",
    "congress_score": 40.0,
    "insider_score": 50,
    "short_interest_pct": 0,
    "combined_score": 47.5,
    "price": 52.61000061035156,
    "price_change_24h": -1.516281516955623,
    "rsi": 50,
    "position_pct": 92.39350959864436,
    "ta_score": 50,
    "signal_direction": "WAIT",
    "signal_name": "historical_import",
    "confidence": "MEDIUM",
    "hit_tp1": false,
    "hit_sl": false,
    "candles_to_result": 0,
    "max_favorable_pct": 0,
    "max_adverse_pct": 0,
    "outcome_tracked": false
  },
  {
    "symbol": "BAC",
    "timeframe": "historical_1w",
    "timestamp": "2025-11-23",
    "congress_score": 40.0,
    "insider_score": 50,
    "short_interest_pct": 0,
    "combined_score": 47.5,
    "price": 51.560001373291016,
    "price_change_24h": 0.15540371360930313,
    "rsi": 50,
    "position_pct": 87.06897018655648,
    "ta_score": 50,
    "signal_direction": "WAIT",
    "signal_name": "historical_import",
    "confidence": "MEDIUM",
    "hit_tp1": false,
    "hit_sl": false,
    "candles_to_result": 0,
    "max_favorable_pct": 0,
    "max_adverse_pct": 0,
    "outcome_tracked": false
  },
  {
    "symbol": "BAC",
    "timeframe": "historical_1m",
    "timestamp": "2025-11-28",
    "congress_score": 50.0,
    "insider_score": 50,
    "short_interest_pct": 0,
    "combined_score": 50.0,
    "price": 0,
    "price_change_24h": 0,
    "rsi": 50,
    "position_pct": 50,
    "ta_score": 50,
    "signal_direction": "WAIT",
    "signal_name": "quiver_only_import",
    "confidence": "LOW",
    "hit_tp1": false,
    "hit_sl": false,
    "candles_to_result": 0,
    "max_favorable_pct": 0,
    "max_adverse_pct": 0,
    "outcome_tracked": false
  },
  {
    "symbol": "BAC",
    "timeframe": "historical_1w",
    "timestamp": "2025-11-30",
    "congress_score": 0.0,
    "insider_score": 50,
    "short_interest_pct": 0,
    "combined_score": 37.5,
    "price": 53.650001525878906,
    "price_change_24h": 3.312153303668853,
    "rsi": 50,
    "position_pct": 97.66734758621757,
    "ta_score": 50,
    "signal_direction": "WAIT",
    "signal_name": "historical_import",
    "confidence": "MEDIUM",
    "hit_tp1": false,
    "hit_sl": false,
    "candles_to_result": 0,
    "max_favorable_pct": 0,
    "max_adverse_pct": 0,
    "outcome_tracked": false
  },
  {
    "symbol": "BAC",
    "timeframe": "historical_1w",
    "timestamp": "2025-12-07",
    "congress_score": 0.0,
    "insider_score": 50,
    "short_interest_pct": 0,
    "combined_score": 37.5,
    "price": 53.95000076293945,
    "price_change_24h": 1.3335820099341191,
    "rsi": 50,
    "position_pct": 98.93778917748993,
    "ta_score": 50,
    "signal_direction": "WAIT",
    "signal_name": "historical_import",
    "confidence": "MEDIUM",
    "hit_tp1": false,
    "hit_sl": false,
    "candles_to_result": 0,
    "max_favorable_pct": 0,
    "max_adverse_pct": 0,
    "outcome_tracked": false
  },
  {
    "symbol": "BAC",
    "timeframe": "historical_1w",
    "timestamp": "2025-12-14",
    "congress_score": 50,
    "insider_score": 50,
    "short_interest_pct": 0,
    "combined_score": 50.0,
    "price": 55.13999938964844,
    "price_change_24h": 2.3005525578216792,
    "rsi": 50,
    "position_pct": 100.0,
    "ta_score": 50,
    "signal_direction": "WAIT",
    "signal_name": "historical_import",
    "confidence": "MEDIUM",
    "hit_tp1": false,
    "hit_sl": false,
    "candles_to_result": 0,
    "max_favorable_pct": 0,
    "max_adverse_pct": 0,
    "outcome_tracked": false
  },
  {
    "symbol": "BAC",
    "timeframe": "historical_1w",
    "timestamp": "2025-12-21",
    "congress_score": 50,
    "insider_score": 50,
    "short_interest_pct": 0,
    "combined_score": 50.0,
    "price": 55.27000045776367,
    "price_change_24h": -0.10844274589801128,
    "rsi": 50,
    "position_pct": 99.7134605238996,
    "ta_score": 50,
    "signal_direction": "WAIT",
    "signal_name": "historical_import",
    "confidence": "MEDIUM",
    "hit_tp1": false,
    "hit_sl": false,
    "candles_to_result": 0,
    "max_favorable_pct": 0,
    "max_adverse_pct": 0,
    "outcome_tracked": false
  },
  {
    "symbol": "BAC",
    "timeframe": "historical_1w",
    "timestamp": "2025-12-28",
    "congress_score": 50,
    "insider_score": 50,
    "short_interest_pct": 0,
    "combined_score": 50.0,
    "price": 56.099998474121094,
    "price_change_24h": 0.3936961377965837,
    "rsi": 50,
    "position_pct": 99.31380822648343,
    "ta_score": 50,
    "signal_direction": "WAIT",
    "signal_name": "historical_import",
    "confidence": "MEDIUM",
    "hit_tp1": false,
    "hit_sl": false,
    "candles_to_result": 0,
    "max_favorable_pct": 0,
    "max_adverse_pct": 0,
    "outcome_tracked": false
  }
]