[
  {
    "symbol": "BMY",
    "timeframe": "historical_1w",
    "timestamp": "2025-06-29",
    "congress_score": 50.0,
    "insider_score": 50,
    "short_interest_pct": 0,
    "combined_score": 50.0,
    "price": 46.349998474121094,
    "price_change_24h": -1.2148331565824344,
    "rsi": 50,
    "position_pct": 11.743019195016588,
    "ta_score": 50,
    "signal_direction": "WAIT",
    "signal_name": "historical_import",
    "confidence": "MEDIUM",
    "hit_tp1": true,
    "hit_sl": false,
    "candles_to_result": 4,
    "max_favorable_pct": 4.50916984119172,
    "max_adverse_pct": -4.57389212875258,
    "outcome_tracked": true
  },
  {
    "symbol": "BMY",
    "timeframe": "historical_1w",
    "timestamp": "2025-07-06",
    "congress_score": 50.0,
    "insider_score": 50,
    "short_interest_pct": 0,
    "combined_score": 50.0,
    "price": 46.91999816894531,
    "price_change_24h": 1.3609791336310924,
    "rsi": 50,
    "position_pct": 14.744597101513325,
    "ta_score": 50,
    "signal_direction": "WAIT",
    "signal_name": "historical_import",
    "confidence": "MEDIUM",
    "hit_tp1": true,
    "hit_sl": false,
    "candles_to_result": 3,
    "max_favorable_pct": 3.239557794291873,
    "max_adverse_pct": -5.733160127208614,
    "outcome_tracked": true
  },
  {
    "symbol": "BMY",
    "timeframe": "historical_1w",
    "timestamp": "2025-07-13",
    "congress_score": 50.0,
    "insider_score": 50,
    "short_interest_pct": 0,
    "combined_score": 50.0,
    "price": 46.86000061035156,
    "price_change_24h": 0.7958677533370394,
    "rsi": 50,
    "position_pct": 14.428654219518833,
    "ta_score": 50,
    "signal_direction": "WAIT",
    "signal_name": "historical_import",
    "confidence": "MEDIUM",
    "hit_tp1": true,
    "hit_sl": false,
    "candles_to_result": 2,
    "max_favorable_pct": 3.3717413482243828,
    "max_adverse_pct": -5.612464860989047,
    "outcome_tracked": true
  },
  {
    "symbol": "BMY",
    "timeframe": "historical_1w",
    "timestamp": "2025-07-20",
    "congress_score": 50.0,
    "insider_score": 50,
    "short_interest_pct": 0,
    "combined_score": 50.0,
    "price": 47.36000061035156,
    "price_change_24h": 0.042248537598660166,
    "rsi": 50,
    "position_pct": 17.0616187050721,
    "ta_score": 50,
    "signal_direction": "WAIT",
    "signal_name": "historical_import",
    "confidence": "MEDIUM",
    "hit_tp1": false,
    "hit_sl": true,
    "candles_to_result": 2,
    "max_favorable_pct": 2.2804011875822585,
    "max_adverse_pct": -6.84121967211002,
    "outcome_tracked": true
  },
  {
    "symbol": "BMY",
    "timeframe": "historical_1w",
    "timestamp": "2025-07-27",
    "congress_score": 50,
    "insider_score": 50,
    "short_interest_pct": 0,
    "combined_score": 50.0,
    "price": 48.43000030517578,
    "price_change_24h": 3.7267117790648854,
    "rsi": 50,
    "position_pct": 22.696161097122104,
    "ta_score": 50,
    "signal_direction": "WAIT",
    "signal_name": "historical_import",
    "confidence": "MEDIUM",
    "hit_tp1": false,
    "hit_sl": true,
    "candles_to_result": 1,
    "max_favorable_pct": 0.02064489256700374,
    "max_adverse_pct": -8.89944527386344,
    "outcome_tracked": true
  },
  {
    "symbol": "BMY",
    "timeframe": "historical_1w",
    "timestamp": "2025-08-03",
    "congress_score": 50,
    "insider_score": 50,
    "short_interest_pct": 0,
    "combined_score": 50.0,
    "price": 44.22999954223633,
    "price_change_24h": -6.903807398810756,
    "rsi": 50,
    "position_pct": 4.6464555777523,
    "ta_score": 50,
    "signal_direction": "WAIT",
    "signal_name": "historical_import",
    "confidence": "MEDIUM",
    "hit_tp1": true,
    "hit_sl": false,
    "candles_to_result": 1,
    "max_favorable_pct": 9.518424436003945,
    "max_adverse_pct": -0.6104464403302599,
    "outcome_tracked": true
  },
  {
    "symbol": "BMY",
    "timeframe": "historical_1w",
    "timestamp": "2025-08-10",
    "congress_score": 0.0,
    "insider_score": 50,
    "short_interest_pct": 0,
    "combined_score": 37.5,
    "price": 45.95000076293945,
    "price_change_24h": 1.2114520232935153,
    "rsi": 50,
    "position_pct": 13.333330764513526,
    "ta_score": 50,
    "signal_direction": "WAIT",
    "signal_name": "historical_import",
    "confidence": "MEDIUM",
    "hit_tp1": false,
    "hit_sl": true,
    "candles_to_result": 1,
    "max_favorable_pct": 5.418928884497029,
    "max_adverse_pct": -5.048965519703305,
    "outcome_tracked": true
  },
  {
    "symbol": "BMY",
    "timeframe": "historical_1w",
    "timestamp": "2025-08-17",
    "congress_score": 0.0,
    "insider_score": 50,
    "short_interest_pct": 0,
    "combined_score": 37.5,
    "price": 48.439998626708984,
    "price_change_24h": 5.4648341059347985,
    "rsi": 50,
    "position_pct": 25.909078035800743,
    "ta_score": 50,
    "signal_direction": "WAIT",
    "signal_name": "historical_import",
    "confidence": "MEDIUM",
    "hit_tp1": true,
    "hit_sl": false,
    "candles_to_result": 4,
    "max_favorable_pct": -1.0734939564530717,
    "max_adverse_pct": -9.929805315769766,
    "outcome_tracked": true
  },
  {
    "symbol": "BMY",
    "timeframe": "historical_1w",
    "timestamp": "2025-08-24",
    "congress_score": 0.0,
    "insider_score": 50,
    "short_interest_pct": 0,
    "combined_score": 37.5,
    "price": 47.91999816894531,
    "price_change_24h": -0.5602831821083015,
    "rsi": 50,
    "position_pct": 23.28281299640436,
    "ta_score": 50,
    "signal_direction": "WAIT",
    "signal_name": "historical_import",
    "confidence": "MEDIUM",
    "hit_tp1": true,
    "hit_sl": false,
    "candles_to_result": 3,
    "max_favorable_pct": -1.5442360017640588,
    "max_adverse_pct": -8.952414993225569,
    "outcome_tracked": true
  },
  {
    "symbol": "BMY",
    "timeframe": "historical_1w",
    "timestamp": "2025-08-31",
    "congress_score": 0.0,
    "insider_score": 50,
    "short_interest_pct": 0,
    "combined_score": 37.5,
    "price": 47.18000030517578,
    "price_change_24h": 0.084855570736659,
    "rsi": 50,
    "position_pct": 19.545449904064213,
    "ta_score": 50,
    "signal_direction": "WAIT",
    "signal_name": "historical_import",
    "confidence": "MEDIUM",
    "hit_tp1": true,
    "hit_sl": false,
    "candles_to_result": 3,
    "max_favorable_pct": -0.08478362710598697,
    "max_adverse_pct": -7.524373069304753,
    "outcome_tracked": true
  },
  {
    "symbol": "BMY",
    "timeframe": "historical_1w",
    "timestamp": "2025-09-07",
    "congress_score": 50.0,
    "insider_score": 50,
    "short_interest_pct": 0,
    "combined_score": 50.0,
    "price": 47.13999938964844,
    "price_change_24h": -0.5695010728383496,
    "rsi": 50,
    "position_pct": 19.343425070384058,
    "ta_score": 50,
    "signal_direction": "WAIT",
    "signal_name": "historical_import",
    "confidence": "MEDIUM",
    "hit_tp1": false,
    "hit_sl": true,
    "candles_to_result": 2,
    "max_favorable_pct": -0.9546049401058534,
    "max_adverse_pct": -7.445902348280409,
    "outcome_tracked": true
  },
  {
    "symbol": "BMY",
    "timeframe": "historical_1w",
    "timestamp": "2025-09-14",
    "congress_score": 100.0,
    "insider_score": 50,
    "short_interest_pct": 0,
    "combined_score": 62.5,
    "price": 46.20000076293945,
    "price_change_24h": -1.1130146493515993,
    "rsi": 50,
    "position_pct": 14.595957075791679,
    "ta_score": 50,
    "signal_direction": "WAIT",
    "signal_name": "historical_import",
    "confidence": "MEDIUM",
    "hit_tp1": false,
    "hit_sl": true,
    "candles_to_result": 1,
    "max_favorable_pct": 1.0606014192159838,
    "max_adverse_pct": -5.562769810354228,
    "outcome_tracked": true
  },
  {
    "symbol": "BMY",
    "timeframe": "historical_1w",
    "timestamp": "2025-09-21",
    "congress_score": 100.0,
    "insider_score": 50,
    "short_interest_pct": 0,
    "combined_score": 62.5,
    "price": 45.02000045776367,
    "price_change_24h": -2.869467227922367,
    "rsi": 50,
    "position_pct": 8.636359345266914,
    "ta_score": 50,
    "signal_direction": "WAIT",
    "signal_name": "historical_import",
    "confidence": "MEDIUM",
    "hit_tp1": false,
    "hit_sl": true,
    "candles_to_result": 3,
    "max_favorable_pct": 9.284762911313882,
    "max_adverse_pct": -3.0875152721344166,
    "outcome_tracked": true
  },
  {
    "symbol": "BMY",
    "timeframe": "historical_1w",
    "timestamp": "2025-09-28",
    "congress_score": 100.0,
    "insider_score": 50,
    "short_interest_pct": 0,
    "combined_score": 62.5,
    "price": 44.119998931884766,
    "price_change_24h": -1.9119622478964677,
    "rsi": 50,
    "position_pct": 4.090896918206145,
    "ta_score": 50,
    "signal_direction": "WAIT",
    "signal_name": "historical_import",
    "confidence": "MEDIUM",
    "hit_tp1": true,
    "hit_sl": false,
    "candles_to_result": 1,
    "max_favorable_pct": 18.20036896735053,
    "max_adverse_pct": -1.1106026192929443,
    "outcome_tracked": true
  },
  {
    "symbol": "BMY",
    "timeframe": "historical_1w",
    "timestamp": "2025-10-05",
    "congress_score": 50.0,
    "insider_score": 50,
    "short_interest_pct": 0,
    "combined_score": 50.0,
    "price": 45.45000076293945,
    "price_change_24h": 2.9445055314404485,
    "rsi": 50,
    "position_pct": 10.808078141957221,
    "ta_score": 50,
    "signal_direction": "WAIT",
    "signal_name": "historical_import",
    "confidence": "MEDIUM",
    "hit_tp1": false,
    "hit_sl": true,
    "candles_to_result": 1,
    "max_favorable_pct": 15.313529081715513,
    "max_adverse_pct": -4.004399701370899,
    "outcome_tracked": true
  },
  {
    "symbol": "BMY",
    "timeframe": "historical_1w",
    "timestamp": "2025-10-12",
    "congress_score": 0.0,
    "insider_score": 50,
    "short_interest_pct": 0,
    "combined_score": 37.5,
    "price": 43.959999084472656,
    "price_change_24h": -2.614090210746393,
    "rsi": 50,
    "position_pct": 3.2828168496340684,
    "ta_score": 50,
    "signal_direction": "WAIT",
    "signal_name": "historical_import",
    "confidence": "MEDIUM",
    "hit_tp1": false,
    "hit_sl": true,
    "candles_to_result": 3,
    "max_favorable_pct": 23.27115503933147,
    "max_adverse_pct": -0.7506779418336754,
    "outcome_tracked": true
  },
  {
    "symbol": "BMY",
    "timeframe": "historical_1w",
    "timestamp": "2025-10-19",
    "congress_score": 0.0,
    "insider_score": 50,
    "short_interest_pct": 0,
    "combined_score": 37.5,
    "price": 43.630001068115234,
    "price_change_24h": 0.20670682291096268,
    "rsi": 50,
    "position_pct": 1.6161601371441519,
    "ta_score": 50,
    "signal_direction": "WAIT",
    "signal_name": "historical_import",
    "confidence": "MEDIUM",
    "hit_tp1": false,
    "hit_sl": true,
    "candles_to_result": 2,
    "max_favorable_pct": 24.906020567888888,
    "max_adverse_pct": 0.45840192079576525,
    "outcome_tracked": true
  },
  {
    "symbol": "BMY",
    "timeframe": "historical_1w",
    "timestamp": "2025-10-26",
    "congress_score": 0.0,
    "insider_score": 50,
    "short_interest_pct": 0,
    "combined_score": 37.5,
    "price": 43.83000183105469,
    "price_change_24h": 0.550588845209142,
    "rsi": 50,
    "position_pct": 2.626265039396384,
    "ta_score": 50,
    "signal_direction": "WAIT",
    "signal_name": "historical_import",
    "confidence": "MEDIUM",
    "hit_tp1": false,
    "hit_sl": false,
    "candles_to_result": 0,
    "max_favorable_pct": 0,
    "max_adverse_pct": 0,
    "outcome_tracked": false
  },
  {
    "symbol": "BMY",
    "timeframe": "historical_1w",
    "timestamp": "2025-11-02",
    "congress_score": 0.0,
    "insider_score": 50,
    "short_interest_pct": 0,
    "combined_score": 37.5,
    "price": 46.06999969482422,
    "price_change_24h": 6.176539163112203,
    "rsi": 50,
    "position_pct": 16.91858049382376,
    "ta_score": 50,
    "signal_direction": "WAIT",
    "signal_name": "historical_import",
    "confidence": "MEDIUM",
    "hit_tp1": false,
    "hit_sl": false,
    "candles_to_result": 0,
    "max_favorable_pct": 0,
    "max_adverse_pct": 0,
    "outcome_tracked": false
  },
  {
    "symbol": "BMY",
    "timeframe": "historical_1w",
    "timestamp": "2025-11-09",
    "congress_score": 100.0,
    "insider_score": 50,
    "short_interest_pct": 0,
    "combined_score": 62.5,
    "price": 46.689998626708984,
    "price_change_24h": 1.4558847507188202,
    "rsi": 50,
    "position_pct": 19.94149062209504,
    "ta_score": 50,
    "signal_direction": "WAIT",
    "signal_name": "historical_import",
    "confidence": "MEDIUM",
    "hit_tp1": false,
    "hit_sl": false,
    "candles_to_result": 0,
    "max_favorable_pct": 0,
    "max_adverse_pct": 0,
    "outcome_tracked": false
  },
  {
    "symbol": "BMY",
    "timeframe": "historical_1w",
    "timestamp": "2025-11-16",
    "congress_score": 66.66666666666666,
    "insider_score": 50,
    "short_interest_pct": 0,
    "combined_score": 54.166666666666664,
    "price": 46.650001525878906,
    "price_change_24h": -1.2907253857780234,
    "rsi": 50,
    "position_pct": 19.74647796161645,
    "ta_score": 50,
    "signal_direction": "WAIT",
    "signal_name": "historical_import",
    "confidence": "MEDIUM",
    "hit_tp1": false,
    "hit_sl": false,
    "candles_to_result": 0,
    "max_favorable_pct": 0,
    "max_adverse_pct": 0,
    "outcome_tracked": false
  },
  {
    "symbol": "BMY",
    "timeframe": "historical_1w",
    "timestamp": "2025-11-23",
    "congress_score": 66.66666666666666,
    "insider_score": 50,
    "short_interest_pct": 0,
    "combined_score": 54.166666666666664,
    "price": 46.25,
    "price_change_24h": -1.196328470117377,
    "rsi": 50,
    "position_pct": 17.79620256319359,
    "ta_score": 50,
    "signal_direction": "WAIT",
    "signal_name": "historical_import",
    "confidence": "MEDIUM",
    "hit_tp1": false,
    "hit_sl": false,
    "candles_to_result": 0,
    "max_favorable_pct": 0,
    "max_adverse_pct": 0,
    "outcome_tracked": false
  },
  {
    "symbol": "BMY",
    "timeframe": "historical_1w",
    "timestamp": "2025-11-30",
    "congress_score": 66.66666666666666,
    "insider_score": 50,
    "short_interest_pct": 0,
    "combined_score": 54.166666666666664,
    "price": 49.20000076293945,
    "price_change_24h": 3.0150805946678743,
    "rsi": 50,
    "position_pct": 32.17943247874948,
    "ta_score": 50,
    "signal_direction": "WAIT",
    "signal_name": "historical_import",
    "confidence": "MEDIUM",
    "hit_tp1": false,
    "hit_sl": false,
    "candles_to_result": 0,
    "max_favorable_pct": 0,
    "max_adverse_pct": 0,
    "outcome_tracked": false
  },
  {
    "symbol": "BMY",
    "timeframe": "historical_1w",
    "timestamp": "2025-12-07",
    "congress_score": 50.0,
    "insider_score": 50,
    "short_interest_pct": 0,
    "combined_score": 50.0,
    "price": 52.150001525878906,
    "price_change_24h": 6.039042704907339,
    "rsi": 50,
    "position_pct": 46.56266239430537,
    "ta_score": 50,
    "signal_direction": "WAIT",
    "signal_name": "historical_import",
    "confidence": "MEDIUM",
    "hit_tp1": false,
    "hit_sl": false,
    "candles_to_result": 0,
    "max_favorable_pct": 0,
    "max_adverse_pct": 0,
    "outcome_tracked": false
  },
  {
    "symbol": "BMY",
    "timeframe": "historical_1w",
    "timestamp": "2025-12-14",
    "congress_score": 50,
    "insider_score": 50,
    "short_interest_pct": 0,
    "combined_score": 50.0,
    "price": 52.40999984741211,
    "price_change_24h": 1.4321689659194772,
    "rsi": 50,
    "position_pct": 47.83032838383699,
    "ta_score": 50,
    "signal_direction": "WAIT",
    "signal_name": "historical_import",
    "confidence": "MEDIUM",
    "hit_tp1": false,
    "hit_sl": false,
    "candles_to_result": 0,
    "max_favorable_pct": 0,
    "max_adverse_pct": 0,
    "outcome_tracked": false
  },
  {
    "symbol": "BMY",
    "timeframe": "historical_1w",
    "timestamp": "2025-12-21",
    "congress_score": 50,
    "insider_score": 50,
    "short_interest_pct": 0,
    "combined_score": 50.0,
    "price": 54.189998626708984,
    "price_change_24h": -0.18420019733276147,
    "rsi": 50,
    "position_pct": 56.50901484848902,
    "ta_score": 50,
    "signal_direction": "WAIT",
    "signal_name": "historical_import",
    "confidence": "MEDIUM",
    "hit_tp1": false,
    "hit_sl": false,
    "candles_to_result": 0,
    "max_favorable_pct": 0,
    "max_adverse_pct": 0,
    "outcome_tracked": false
  },
  {
    "symbol": "BMY",
    "timeframe": "historical_1w",
    "timestamp": "2025-12-28",
    "congress_score": 50,
    "insider_score": 50,
    "short_interest_pct": 0,
    "combined_score": 50.0,
    "price": 54.496498107910156,
    "price_change_24h": -0.2991250273662307,
    "rsi": 50,
    "position_pct": 58.00340514238249,
    "ta_score": 50,
    "signal_direction": "WAIT",
    "signal_name": "historical_import",
    "confidence": "MEDIUM",
    "hit_tp1": false,
    "hit_sl": false,
    "candles_to_result": 0,
    "max_favorable_pct": 0,
    "max_adverse_pct": 0,
    "outcome_tracked": false
  }
]