[
  {
    "symbol": "CAT",
    "timeframe": "historical_1w",
    "timestamp": "2025-06-29",
    "congress_score": 100.0,
    "insider_score": 50,
    "short_interest_pct": 0,
    "combined_score": 62.5,
    "price": 384.7099914550781,
    "price_change_24h": 5.0460038539659395,
    "rsi": 50,
    "position_pct": 82.8558508421153,
    "ta_score": 50,
    "signal_direction": "WAIT",
    "signal_name": "historical_import",
    "confidence": "MEDIUM",
    "hit_tp1": true,
    "hit_sl": false,
    "candles_to_result": 1,
    "max_favorable_pct": 13.246347405720227,
    "max_adverse_pct": 3.418157622251377,
    "outcome_tracked": true
  },
  {
    "symbol": "CAT",
    "timeframe": "historical_1w",
    "timestamp": "2025-07-06",
    "congress_score": 100.0,
    "insider_score": 50,
    "short_interest_pct": 0,
    "combined_score": 62.5,
    "price": 397.8599853515625,
    "price_change_24h": 2.4857664946526827,
    "rsi": 50,
    "position_pct": 92.69203429363986,
    "ta_score": 50,
    "signal_direction": "WAIT",
    "signal_name": "historical_import",
    "confidence": "MEDIUM",
    "hit_tp1": true,
    "hit_sl": false,
    "candles_to_result": 2,
    "max_favorable_pct": 9.503350291123562,
    "max_adverse_pct": 2.0258453659394178,
    "outcome_tracked": true
  },
  {
    "symbol": "CAT",
    "timeframe": "historical_1w",
    "timestamp": "2025-07-13",
    "congress_score": 33.33333333333333,
    "insider_score": 50,
    "short_interest_pct": 0,
    "combined_score": 45.83333333333333,
    "price": 405.9200134277344,
    "price_change_24h": 3.68062202821732,
    "rsi": 50,
    "position_pct": 98.20673158039472,
    "ta_score": 50,
    "signal_direction": "WAIT",
    "signal_name": "historical_import",
    "confidence": "MEDIUM",
    "hit_tp1": false,
    "hit_sl": true,
    "candles_to_result": 2,
    "max_favorable_pct": 14.933975441439925,
    "max_adverse_pct": 0.4606806896256702,
    "outcome_tracked": true
  },
  {
    "symbol": "CAT",
    "timeframe": "historical_1w",
    "timestamp": "2025-07-20",
    "congress_score": 33.33333333333333,
    "insider_score": 50,
    "short_interest_pct": 0,
    "combined_score": 45.83333333333333,
    "price": 413.7099914550781,
    "price_change_24h": 1.9567741963141396,
    "rsi": 50,
    "position_pct": 96.97494225946525,
    "ta_score": 50,
    "signal_direction": "WAIT",
    "signal_name": "historical_import",
    "confidence": "MEDIUM",
    "hit_tp1": false,
    "hit_sl": true,
    "candles_to_result": 1,
    "max_favorable_pct": 12.769818999060888,
    "max_adverse_pct": -1.4309499486185504,
    "outcome_tracked": true
  },
  {
    "symbol": "CAT",
    "timeframe": "historical_1w",
    "timestamp": "2025-07-27",
    "congress_score": 11.11111111111111,
    "insider_score": 50,
    "short_interest_pct": 0,
    "combined_score": 40.27777777777778,
    "price": 433.75,
    "price_change_24h": 5.774621955479627,
    "rsi": 50,
    "position_pct": 100.0,
    "ta_score": 50,
    "signal_direction": "WAIT",
    "signal_name": "historical_import",
    "confidence": "MEDIUM",
    "hit_tp1": true,
    "hit_sl": false,
    "candles_to_result": 2,
    "max_favorable_pct": 14.778099389859511,
    "max_adverse_pct": -5.985012439211095,
    "outcome_tracked": true
  },
  {
    "symbol": "CAT",
    "timeframe": "historical_1w",
    "timestamp": "2025-08-03",
    "congress_score": 0.0,
    "insider_score": 50,
    "short_interest_pct": 0,
    "combined_score": 37.5,
    "price": 428.69000244140625,
    "price_change_24h": -0.9816602707150379,
    "rsi": 50,
    "position_pct": 94.31375710884981,
    "ta_score": 50,
    "signal_direction": "WAIT",
    "signal_name": "historical_import",
    "confidence": "MEDIUM",
    "hit_tp1": true,
    "hit_sl": false,
    "candles_to_result": 2,
    "max_favorable_pct": 16.13287066837119,
    "max_adverse_pct": -4.875316377209195,
    "outcome_tracked": true
  },
  {
    "symbol": "CAT",
    "timeframe": "historical_1w",
    "timestamp": "2025-08-10",
    "congress_score": 0.0,
    "insider_score": 50,
    "short_interest_pct": 0,
    "combined_score": 37.5,
    "price": 416.5199890136719,
    "price_change_24h": -3.9612687825238773,
    "rsi": 50,
    "position_pct": 86.8966347150871,
    "ta_score": 50,
    "signal_direction": "WAIT",
    "signal_name": "historical_import",
    "confidence": "MEDIUM",
    "hit_tp1": false,
    "hit_sl": true,
    "candles_to_result": 2,
    "max_favorable_pct": 26.543750838460443,
    "max_adverse_pct": -2.0959331362278144,
    "outcome_tracked": true
  },
  {
    "symbol": "CAT",
    "timeframe": "historical_1w",
    "timestamp": "2025-08-17",
    "congress_score": 0.0,
    "insider_score": 50,
    "short_interest_pct": 0,
    "combined_score": 37.5,
    "price": 407.7900085449219,
    "price_change_24h": -0.18358055130787324,
    "rsi": 50,
    "position_pct": 81.57607085405517,
    "ta_score": 50,
    "signal_direction": "WAIT",
    "signal_name": "historical_import",
    "confidence": "MEDIUM",
    "hit_tp1": false,
    "hit_sl": true,
    "candles_to_result": 1,
    "max_favorable_pct": 29.252803169595303,
    "max_adverse_pct": 2.7587728400071154,
    "outcome_tracked": true
  },
  {
    "symbol": "CAT",
    "timeframe": "historical_1w",
    "timestamp": "2025-08-24",
    "congress_score": 0.0,
    "insider_score": 50,
    "short_interest_pct": 0,
    "combined_score": 37.5,
    "price": 435.6700134277344,
    "price_change_24h": 5.581135605309159,
    "rsi": 50,
    "position_pct": 98.56778658078296,
    "ta_score": 50,
    "signal_direction": "WAIT",
    "signal_name": "historical_import",
    "confidence": "MEDIUM",
    "hit_tp1": true,
    "hit_sl": false,
    "candles_to_result": 1,
    "max_favorable_pct": 32.49936694607432,
    "max_adverse_pct": -3.8171102830722954,
    "outcome_tracked": true
  },
  {
    "symbol": "CAT",
    "timeframe": "historical_1w",
    "timestamp": "2025-08-31",
    "congress_score": 0.0,
    "insider_score": 50,
    "short_interest_pct": 0,
    "combined_score": 37.5,
    "price": 419.0400085449219,
    "price_change_24h": -3.067309651277891,
    "rsi": 50,
    "position_pct": 88.43248292174216,
    "ta_score": 50,
    "signal_direction": "WAIT",
    "signal_name": "historical_import",
    "confidence": "MEDIUM",
    "hit_tp1": false,
    "hit_sl": true,
    "candles_to_result": 2,
    "max_favorable_pct": 37.75773148012945,
    "max_adverse_pct": 0.9641031751054522,
    "outcome_tracked": true
  },
  {
    "symbol": "CAT",
    "timeframe": "historical_1w",
    "timestamp": "2025-09-07",
    "congress_score": 50,
    "insider_score": 50,
    "short_interest_pct": 0,
    "combined_score": 50.0,
    "price": 423.0799865722656,
    "price_change_24h": 1.6897005132938698,
    "rsi": 50,
    "position_pct": 90.89468328617504,
    "ta_score": 50,
    "signal_direction": "WAIT",
    "signal_name": "historical_import",
    "confidence": "MEDIUM",
    "hit_tp1": true,
    "hit_sl": false,
    "candles_to_result": 2,
    "max_favorable_pct": 36.4422870584128,
    "max_adverse_pct": 1.9948952229544015,
    "outcome_tracked": true
  },
  {
    "symbol": "CAT",
    "timeframe": "historical_1w",
    "timestamp": "2025-09-14",
    "congress_score": 50,
    "insider_score": 50,
    "short_interest_pct": 0,
    "combined_score": 50.0,
    "price": 431.5199890136719,
    "price_change_24h": 2.067266724918442,
    "rsi": 50,
    "position_pct": 96.03851747200308,
    "ta_score": 50,
    "signal_direction": "WAIT",
    "signal_name": "historical_import",
    "confidence": "MEDIUM",
    "hit_tp1": true,
    "hit_sl": false,
    "candles_to_result": 1,
    "max_favorable_pct": 33.77364304376075,
    "max_adverse_pct": 7.934747317317969,
    "outcome_tracked": true
  },
  {
    "symbol": "CAT",
    "timeframe": "historical_1w",
    "timestamp": "2025-09-21",
    "congress_score": 50,
    "insider_score": 50,
    "short_interest_pct": 0,
    "combined_score": 50.0,
    "price": 466.5400085449219,
    "price_change_24h": 7.019315945346976,
    "rsi": 50,
    "position_pct": 99.78241480983272,
    "ta_score": 50,
    "signal_direction": "WAIT",
    "signal_name": "historical_import",
    "confidence": "MEDIUM",
    "hit_tp1": true,
    "hit_sl": false,
    "candles_to_result": 2,
    "max_favorable_pct": 23.73215569786277,
    "max_adverse_pct": -0.16718797209473857,
    "outcome_tracked": true
  },
  {
    "symbol": "CAT",
    "timeframe": "historical_1w",
    "timestamp": "2025-09-28",
    "congress_score": 50,
    "insider_score": 50,
    "short_interest_pct": 0,
    "combined_score": 50.0,
    "price": 465.760009765625,
    "price_change_24h": -1.3429350256141444,
    "rsi": 50,
    "position_pct": 96.80056710702266,
    "ta_score": 50,
    "signal_direction": "WAIT",
    "signal_name": "historical_import",
    "confidence": "MEDIUM",
    "hit_tp1": true,
    "hit_sl": false,
    "candles_to_result": 1,
    "max_favorable_pct": 29.502312406270626,
    "max_adverse_pct": 5.483505988458673,
    "outcome_tracked": true
  },
  {
    "symbol": "CAT",
    "timeframe": "historical_1w",
    "timestamp": "2025-10-05",
    "congress_score": 50,
    "insider_score": 50,
    "short_interest_pct": 0,
    "combined_score": 50.0,
    "price": 497.8500061035156,
    "price_change_24h": 5.563923913186964,
    "rsi": 50,
    "position_pct": 100.0,
    "ta_score": 50,
    "signal_direction": "WAIT",
    "signal_name": "historical_import",
    "confidence": "MEDIUM",
    "hit_tp1": true,
    "hit_sl": false,
    "candles_to_result": 2,
    "max_favorable_pct": 21.154961437269108,
    "max_adverse_pct": -1.315660988298745,
    "outcome_tracked": true
  },
  {
    "symbol": "CAT",
    "timeframe": "historical_1w",
    "timestamp": "2025-10-12",
    "congress_score": 50,
    "insider_score": 50,
    "short_interest_pct": 0,
    "combined_score": 50.0,
    "price": 491.29998779296875,
    "price_change_24h": -0.8236135995858214,
    "rsi": 50,
    "position_pct": 95.25812618479974,
    "ta_score": 50,
    "signal_direction": "WAIT",
    "signal_name": "historical_import",
    "confidence": "MEDIUM",
    "hit_tp1": true,
    "hit_sl": false,
    "candles_to_result": 1,
    "max_favorable_pct": 22.77020107810972,
    "max_adverse_pct": 6.397311918726463,
    "outcome_tracked": true
  },
  {
    "symbol": "CAT",
    "timeframe": "historical_1w",
    "timestamp": "2025-10-19",
    "congress_score": 100.0,
    "insider_score": 50,
    "short_interest_pct": 0,
    "combined_score": 62.5,
    "price": 527.0800170898438,
    "price_change_24h": 4.421904844360112,
    "rsi": 50,
    "position_pct": 94.80188605064944,
    "ta_score": 50,
    "signal_direction": "WAIT",
    "signal_name": "historical_import",
    "confidence": "MEDIUM",
    "hit_tp1": true,
    "hit_sl": false,
    "candles_to_result": 2,
    "max_favorable_pct": 14.436131773772509,
    "max_adverse_pct": -0.8253085831467335,
    "outcome_tracked": true
  },
  {
    "symbol": "CAT",
    "timeframe": "historical_1w",
    "timestamp": "2025-10-26",
    "congress_score": 25.0,
    "insider_score": 50,
    "short_interest_pct": 0,
    "combined_score": 43.75,
    "price": 522.72998046875,
    "price_change_24h": -1.5908001663362579,
    "rsi": 50,
    "position_pct": 93.17278100124895,
    "ta_score": 50,
    "signal_direction": "WAIT",
    "signal_name": "historical_import",
    "confidence": "MEDIUM",
    "hit_tp1": false,
    "hit_sl": false,
    "candles_to_result": 0,
    "max_favorable_pct": 0,
    "max_adverse_pct": 0,
    "outcome_tracked": false
  },
  {
    "symbol": "CAT",
    "timeframe": "historical_1w",
    "timestamp": "2025-11-02",
    "congress_score": 14.285714285714285,
    "insider_score": 50,
    "short_interest_pct": 0,
    "combined_score": 41.07142857142857,
    "price": 577.260009765625,
    "price_change_24h": 9.522454653833616,
    "rsi": 50,
    "position_pct": 97.35837560866189,
    "ta_score": 50,
    "signal_direction": "WAIT",
    "signal_name": "historical_import",
    "confidence": "MEDIUM",
    "hit_tp1": false,
    "hit_sl": false,
    "candles_to_result": 0,
    "max_favorable_pct": 0,
    "max_adverse_pct": 0,
    "outcome_tracked": false
  },
  {
    "symbol": "CAT",
    "timeframe": "historical_1w",
    "timestamp": "2025-11-09",
    "congress_score": 14.285714285714285,
    "insider_score": 50,
    "short_interest_pct": 0,
    "combined_score": 41.07142857142857,
    "price": 563.0999755859375,
    "price_change_24h": -1.3126852761183103,
    "rsi": 50,
    "position_pct": 92.81334760850125,
    "ta_score": 50,
    "signal_direction": "WAIT",
    "signal_name": "historical_import",
    "confidence": "MEDIUM",
    "hit_tp1": false,
    "hit_sl": false,
    "candles_to_result": 0,
    "max_favorable_pct": 0,
    "max_adverse_pct": 0,
    "outcome_tracked": false
  },
  {
    "symbol": "CAT",
    "timeframe": "historical_1w",
    "timestamp": "2025-11-16",
    "congress_score": 14.285714285714285,
    "insider_score": 50,
    "short_interest_pct": 0,
    "combined_score": 41.07142857142857,
    "price": 554.030029296875,
    "price_change_24h": -2.9464740314297124,
    "rsi": 50,
    "position_pct": 89.90211453373391,
    "ta_score": 50,
    "signal_direction": "WAIT",
    "signal_name": "historical_import",
    "confidence": "MEDIUM",
    "hit_tp1": false,
    "hit_sl": false,
    "candles_to_result": 0,
    "max_favorable_pct": 0,
    "max_adverse_pct": 0,
    "outcome_tracked": false
  },
  {
    "symbol": "CAT",
    "timeframe": "historical_1w",
    "timestamp": "2025-11-23",
    "congress_score": 25.0,
    "insider_score": 50,
    "short_interest_pct": 0,
    "combined_score": 43.75,
    "price": 550.4299926757812,
    "price_change_24h": -0.293450802102913,
    "rsi": 50,
    "position_pct": 88.74658997518824,
    "ta_score": 50,
    "signal_direction": "WAIT",
    "signal_name": "historical_import",
    "confidence": "MEDIUM",
    "hit_tp1": false,
    "hit_sl": false,
    "candles_to_result": 0,
    "max_favorable_pct": 0,
    "max_adverse_pct": 0,
    "outcome_tracked": false
  },
  {
    "symbol": "CAT",
    "timeframe": "historical_1w",
    "timestamp": "2025-11-30",
    "congress_score": 50.0,
    "insider_score": 50,
    "short_interest_pct": 0,
    "combined_score": 50.0,
    "price": 575.760009765625,
    "price_change_24h": 2.8877832174254285,
    "rsi": 50,
    "position_pct": 96.87691194030289,
    "ta_score": 50,
    "signal_direction": "WAIT",
    "signal_name": "historical_import",
    "confidence": "MEDIUM",
    "hit_tp1": false,
    "hit_sl": false,
    "candles_to_result": 0,
    "max_favorable_pct": 0,
    "max_adverse_pct": 0,
    "outcome_tracked": false
  },
  {
    "symbol": "CAT",
    "timeframe": "historical_1w",
    "timestamp": "2025-12-07",
    "congress_score": 50.0,
    "insider_score": 50,
    "short_interest_pct": 0,
    "combined_score": 50.0,
    "price": 603.1699829101562,
    "price_change_24h": 6.180682586779226,
    "rsi": 50,
    "position_pct": 100.0,
    "ta_score": 50,
    "signal_direction": "WAIT",
    "signal_name": "historical_import",
    "confidence": "MEDIUM",
    "hit_tp1": false,
    "hit_sl": false,
    "candles_to_result": 0,
    "max_favorable_pct": 0,
    "max_adverse_pct": 0,
    "outcome_tracked": false
  },
  {
    "symbol": "CAT",
    "timeframe": "historical_1w",
    "timestamp": "2025-12-14",
    "congress_score": 50.0,
    "insider_score": 50,
    "short_interest_pct": 0,
    "combined_score": 50.0,
    "price": 597.8900146484375,
    "price_change_24h": 0.2330284406433361,
    "rsi": 50,
    "position_pct": 92.11761820735015,
    "ta_score": 50,
    "signal_direction": "WAIT",
    "signal_name": "historical_import",
    "confidence": "MEDIUM",
    "hit_tp1": false,
    "hit_sl": false,
    "candles_to_result": 0,
    "max_favorable_pct": 0,
    "max_adverse_pct": 0,
    "outcome_tracked": false
  },
  {
    "symbol": "CAT",
    "timeframe": "historical_1w",
    "timestamp": "2025-12-21",
    "congress_score": 0.0,
    "insider_score": 50,
    "short_interest_pct": 0,
    "combined_score": 37.5,
    "price": 576.219970703125,
    "price_change_24h": -2.295855744420669,
    "rsi": 50,
    "position_pct": 85.95557851150022,
    "ta_score": 50,
    "signal_direction": "WAIT",
    "signal_name": "historical_import",
    "confidence": "MEDIUM",
    "hit_tp1": false,
    "hit_sl": false,
    "candles_to_result": 0,
    "max_favorable_pct": 0,
    "max_adverse_pct": 0,
    "outcome_tracked": false
  },
  {
    "symbol": "CAT",
    "timeframe": "historical_1w",
    "timestamp": "2025-12-28",
    "congress_score": 50,
    "insider_score": 50,
    "short_interest_pct": 0,
    "combined_score": 50.0,
    "price": 582.5599975585938,
    "price_change_24h": 0.025759245373579796,
    "rsi": 50,
    "position_pct": 87.75841274915777,
    "ta_score": 50,
    "signal_direction": "WAIT",
    "signal_name": "historical_import",
    "confidence": "MEDIUM",
    "hit_tp1": false,
    "hit_sl": false,
    "candles_to_result": 0,
    "max_favorable_pct": 0,
    "max_adverse_pct": 0,
    "outcome_tracked": false
  }
]