[
  {
    "symbol": "CL",
    "timeframe": "historical_1w",
    "timestamp": "2025-06-29",
    "congress_score": 50.0,
    "insider_score": 50,
    "short_interest_pct": 0,
    "combined_score": 50.0,
    "price": 88.70999908447266,
    "price_change_24h": 0.04511211949179128,
    "rsi": 50,
    "position_pct": 25.63450810090681,
    "ta_score": 50,
    "signal_direction": "WAIT",
    "signal_name": "historical_import",
    "confidence": "MEDIUM",
    "hit_tp1": true,
    "hit_sl": false,
    "candles_to_result": 1,
    "max_favorable_pct": 4.587983019759281,
    "max_adverse_pct": -5.8617934865387324,
    "outcome_tracked": true
  },
  {
    "symbol": "CL",
    "timeframe": "historical_1w",
    "timestamp": "2025-07-06",
    "congress_score": 50.0,
    "insider_score": 50,
    "short_interest_pct": 0,
    "combined_score": 50.0,
    "price": 92.77999877929688,
    "price_change_24h": 2.0682037644220945,
    "rsi": 50,
    "position_pct": 60.06767053665886,
    "ta_score": 50,
    "signal_direction": "WAIT",
    "signal_name": "historical_import",
    "confidence": "MEDIUM",
    "hit_tp1": false,
    "hit_sl": true,
    "candles_to_result": 1,
    "max_favorable_pct": -3.449015941306782,
    "max_adverse_pct": -10.239275840688897,
    "outcome_tracked": true
  },
  {
    "symbol": "CL",
    "timeframe": "historical_1w",
    "timestamp": "2025-07-13",
    "congress_score": 75.0,
    "insider_score": 50,
    "short_interest_pct": 0,
    "combined_score": 56.25,
    "price": 89.58000183105469,
    "price_change_24h": -4.018000564050372,
    "rsi": 50,
    "position_pct": 32.994937619047924,
    "ta_score": 50,
    "signal_direction": "WAIT",
    "signal_name": "historical_import",
    "confidence": "MEDIUM",
    "hit_tp1": false,
    "hit_sl": true,
    "candles_to_result": 1,
    "max_favorable_pct": -1.8419306677295695,
    "max_adverse_pct": -9.388260203399415,
    "outcome_tracked": true
  },
  {
    "symbol": "CL",
    "timeframe": "historical_1w",
    "timestamp": "2025-07-20",
    "congress_score": 71.42857142857143,
    "insider_score": 50,
    "short_interest_pct": 0,
    "combined_score": 55.35714285714286,
    "price": 86.83999633789062,
    "price_change_24h": -2.262242173043945,
    "rsi": 50,
    "position_pct": 9.813841477701448,
    "ta_score": 50,
    "signal_direction": "WAIT",
    "signal_name": "historical_import",
    "confidence": "MEDIUM",
    "hit_tp1": false,
    "hit_sl": true,
    "candles_to_result": 2,
    "max_favorable_pct": 1.2551865652365972,
    "max_adverse_pct": -8.348687592973365,
    "outcome_tracked": true
  },
  {
    "symbol": "CL",
    "timeframe": "historical_1w",
    "timestamp": "2025-07-27",
    "congress_score": 75.0,
    "insider_score": 50,
    "short_interest_pct": 0,
    "combined_score": 56.25,
    "price": 87.93000030517578,
    "price_change_24h": 1.4889207347818498,
    "rsi": 50,
    "position_pct": 19.035533486394566,
    "ta_score": 50,
    "signal_direction": "WAIT",
    "signal_name": "historical_import",
    "confidence": "MEDIUM",
    "hit_tp1": false,
    "hit_sl": true,
    "candles_to_result": 1,
    "max_favorable_pct": -2.263161443037542,
    "max_adverse_pct": -11.293074344037363,
    "outcome_tracked": true
  },
  {
    "symbol": "CL",
    "timeframe": "historical_1w",
    "timestamp": "2025-08-03",
    "congress_score": 69.23076923076923,
    "insider_score": 50,
    "short_interest_pct": 0,
    "combined_score": 54.80769230769231,
    "price": 83.51000213623047,
    "price_change_24h": -3.4231514313474496,
    "rsi": 50,
    "position_pct": 0.0,
    "ta_score": 50,
    "signal_direction": "WAIT",
    "signal_name": "historical_import",
    "confidence": "MEDIUM",
    "hit_tp1": false,
    "hit_sl": true,
    "candles_to_result": 7,
    "max_favorable_pct": 2.909831448946324,
    "max_adverse_pct": -6.645914153737001,
    "outcome_tracked": true
  },
  {
    "symbol": "CL",
    "timeframe": "historical_1w",
    "timestamp": "2025-08-10",
    "congress_score": 40.0,
    "insider_score": 50,
    "short_interest_pct": 0,
    "combined_score": 47.5,
    "price": 84.69000244140625,
    "price_change_24h": 1.5954916282588525,
    "rsi": 50,
    "position_pct": 11.288120548640023,
    "ta_score": 50,
    "signal_direction": "WAIT",
    "signal_name": "historical_import",
    "confidence": "MEDIUM",
    "hit_tp1": true,
    "hit_sl": false,
    "candles_to_result": 6,
    "max_favorable_pct": 1.4759711464937397,
    "max_adverse_pct": -7.9466326165119945,
    "outcome_tracked": true
  },
  {
    "symbol": "CL",
    "timeframe": "historical_1w",
    "timestamp": "2025-08-17",
    "congress_score": 50.0,
    "insider_score": 50,
    "short_interest_pct": 0,
    "combined_score": 50.0,
    "price": 85.06999969482422,
    "price_change_24h": 0.7341655050171514,
    "rsi": 50,
    "position_pct": 13.919680030433037,
    "ta_score": 50,
    "signal_direction": "WAIT",
    "signal_name": "historical_import",
    "confidence": "MEDIUM",
    "hit_tp1": false,
    "hit_sl": true,
    "candles_to_result": 4,
    "max_favorable_pct": 1.0226904310603442,
    "max_adverse_pct": -8.35782371677162,
    "outcome_tracked": true
  },
  {
    "symbol": "CL",
    "timeframe": "historical_1w",
    "timestamp": "2025-08-24",
    "congress_score": 16.666666666666664,
    "insider_score": 50,
    "short_interest_pct": 0,
    "combined_score": 41.666666666666664,
    "price": 85.94000244140625,
    "price_change_24h": 1.993828937316639,
    "rsi": 50,
    "position_pct": 19.944628780353785,
    "ta_score": 50,
    "signal_direction": "WAIT",
    "signal_name": "historical_import",
    "confidence": "MEDIUM",
    "hit_tp1": true,
    "hit_sl": false,
    "candles_to_result": 3,
    "max_favorable_pct": -0.9425240458196884,
    "max_adverse_pct": -10.34442533988712,
    "outcome_tracked": true
  },
  {
    "symbol": "CL",
    "timeframe": "historical_1w",
    "timestamp": "2025-08-31",
    "congress_score": 60.0,
    "insider_score": 50,
    "short_interest_pct": 0,
    "combined_score": 52.5,
    "price": 84.06999969482422,
    "price_change_24h": 0.011898806234792943,
    "rsi": 50,
    "position_pct": 6.994473445062028,
    "ta_score": 50,
    "signal_direction": "WAIT",
    "signal_name": "historical_import",
    "confidence": "MEDIUM",
    "hit_tp1": false,
    "hit_sl": true,
    "candles_to_result": 3,
    "max_favorable_pct": 1.2608511507571813,
    "max_adverse_pct": -8.350180407457042,
    "outcome_tracked": true
  },
  {
    "symbol": "CL",
    "timeframe": "historical_1w",
    "timestamp": "2025-09-07",
    "congress_score": 100.0,
    "insider_score": 50,
    "short_interest_pct": 0,
    "combined_score": 62.5,
    "price": 85.12999725341797,
    "price_change_24h": 0.8768786220186913,
    "rsi": 50,
    "position_pct": 14.335175518312656,
    "ta_score": 50,
    "signal_direction": "WAIT",
    "signal_name": "historical_import",
    "confidence": "MEDIUM",
    "hit_tp1": false,
    "hit_sl": true,
    "candles_to_result": 1,
    "max_favorable_pct": -2.1731452294235996,
    "max_adverse_pct": -9.491359640958692,
    "outcome_tracked": true
  },
  {
    "symbol": "CL",
    "timeframe": "historical_1w",
    "timestamp": "2025-09-14",
    "congress_score": 71.42857142857143,
    "insider_score": 50,
    "short_interest_pct": 0,
    "combined_score": 55.35714285714286,
    "price": 83.27999877929688,
    "price_change_24h": -1.0808927850343164,
    "rsi": 50,
    "position_pct": 1.5235539024029419,
    "ta_score": 50,
    "signal_direction": "WAIT",
    "signal_name": "historical_import",
    "confidence": "MEDIUM",
    "hit_tp1": false,
    "hit_sl": true,
    "candles_to_result": 1,
    "max_favorable_pct": -2.5336222877996746,
    "max_adverse_pct": -7.480782683546122,
    "outcome_tracked": true
  },
  {
    "symbol": "CL",
    "timeframe": "historical_1w",
    "timestamp": "2025-09-21",
    "congress_score": 71.42857142857143,
    "insider_score": 50,
    "short_interest_pct": 0,
    "combined_score": 55.35714285714286,
    "price": 81.16999816894531,
    "price_change_24h": -1.168877531446288,
    "rsi": 50,
    "position_pct": 0.0,
    "ta_score": 50,
    "signal_direction": "WAIT",
    "signal_name": "historical_import",
    "confidence": "MEDIUM",
    "hit_tp1": false,
    "hit_sl": true,
    "candles_to_result": 2,
    "max_favorable_pct": -0.29567311714114536,
    "max_adverse_pct": -5.0757610079185165,
    "outcome_tracked": true
  },
  {
    "symbol": "CL",
    "timeframe": "historical_1w",
    "timestamp": "2025-09-28",
    "congress_score": 50.0,
    "insider_score": 50,
    "short_interest_pct": 0,
    "combined_score": 50.0,
    "price": 79.58999633789062,
    "price_change_24h": 0.28981316251283185,
    "rsi": 50,
    "position_pct": 1.2678926972307905,
    "ta_score": 50,
    "signal_direction": "WAIT",
    "signal_name": "historical_import",
    "confidence": "MEDIUM",
    "hit_tp1": false,
    "hit_sl": true,
    "candles_to_result": 2,
    "max_favorable_pct": 1.6836336586778016,
    "max_adverse_pct": -3.191347409226593,
    "outcome_tracked": true
  },
  {
    "symbol": "CL",
    "timeframe": "historical_1w",
    "timestamp": "2025-10-05",
    "congress_score": 42.857142857142854,
    "insider_score": 50,
    "short_interest_pct": 0,
    "combined_score": 48.214285714285715,
    "price": 78.0,
    "price_change_24h": -2.9850764680724553,
    "rsi": 50,
    "position_pct": 0.0,
    "ta_score": 50,
    "signal_direction": "WAIT",
    "signal_name": "historical_import",
    "confidence": "MEDIUM",
    "hit_tp1": true,
    "hit_sl": false,
    "candles_to_result": 7,
    "max_favorable_pct": 3.756410647661258,
    "max_adverse_pct": -1.217944805438702,
    "outcome_tracked": true
  },
  {
    "symbol": "CL",
    "timeframe": "historical_1w",
    "timestamp": "2025-10-12",
    "congress_score": 0.0,
    "insider_score": 50,
    "short_interest_pct": 0,
    "combined_score": 37.5,
    "price": 77.95999908447266,
    "price_change_24h": 0.6584921321188558,
    "rsi": 50,
    "position_pct": 2.543651165109205,
    "ta_score": 50,
    "signal_direction": "WAIT",
    "signal_name": "historical_import",
    "confidence": "MEDIUM",
    "hit_tp1": false,
    "hit_sl": true,
    "candles_to_result": 6,
    "max_favorable_pct": 3.8096475828392644,
    "max_adverse_pct": -1.1672601890731529,
    "outcome_tracked": true
  },
  {
    "symbol": "CL",
    "timeframe": "historical_1w",
    "timestamp": "2025-10-19",
    "congress_score": 0.0,
    "insider_score": 50,
    "short_interest_pct": 0,
    "combined_score": 37.5,
    "price": 79.12000274658203,
    "price_change_24h": 2.7799419281990554,
    "rsi": 50,
    "position_pct": 10.428848634200587,
    "ta_score": 50,
    "signal_direction": "WAIT",
    "signal_name": "historical_import",
    "confidence": "MEDIUM",
    "hit_tp1": false,
    "hit_sl": true,
    "candles_to_result": 5,
    "max_favorable_pct": 2.287661142266507,
    "max_adverse_pct": -2.61627859323304,
    "outcome_tracked": true
  },
  {
    "symbol": "CL",
    "timeframe": "historical_1w",
    "timestamp": "2025-10-26",
    "congress_score": 0.0,
    "insider_score": 50,
    "short_interest_pct": 0,
    "combined_score": 37.5,
    "price": 78.0,
    "price_change_24h": -0.9523809523809524,
    "rsi": 50,
    "position_pct": 4.970744687772926,
    "ta_score": 50,
    "signal_direction": "WAIT",
    "signal_name": "historical_import",
    "confidence": "MEDIUM",
    "hit_tp1": false,
    "hit_sl": false,
    "candles_to_result": 0,
    "max_favorable_pct": 0,
    "max_adverse_pct": 0,
    "outcome_tracked": false
  },
  {
    "symbol": "CL",
    "timeframe": "historical_1w",
    "timestamp": "2025-11-02",
    "congress_score": 0.0,
    "insider_score": 50,
    "short_interest_pct": 0,
    "combined_score": 37.5,
    "price": 77.05000305175781,
    "price_change_24h": -1.0021826557193403,
    "rsi": 50,
    "position_pct": 6.063389519376107,
    "ta_score": 50,
    "signal_direction": "WAIT",
    "signal_name": "historical_import",
    "confidence": "MEDIUM",
    "hit_tp1": false,
    "hit_sl": false,
    "candles_to_result": 0,
    "max_favorable_pct": 0,
    "max_adverse_pct": 0,
    "outcome_tracked": false
  },
  {
    "symbol": "CL",
    "timeframe": "historical_1w",
    "timestamp": "2025-11-09",
    "congress_score": 100.0,
    "insider_score": 50,
    "short_interest_pct": 0,
    "combined_score": 62.5,
    "price": 78.76000213623047,
    "price_change_24h": 5.041342504751074,
    "rsi": 50,
    "position_pct": 16.785077010482965,
    "ta_score": 50,
    "signal_direction": "WAIT",
    "signal_name": "historical_import",
    "confidence": "MEDIUM",
    "hit_tp1": false,
    "hit_sl": false,
    "candles_to_result": 0,
    "max_favorable_pct": 0,
    "max_adverse_pct": 0,
    "outcome_tracked": false
  },
  {
    "symbol": "CL",
    "timeframe": "historical_1w",
    "timestamp": "2025-11-16",
    "congress_score": 100.0,
    "insider_score": 50,
    "short_interest_pct": 0,
    "combined_score": 62.5,
    "price": 78.05000305175781,
    "price_change_24h": -0.5352340543031652,
    "rsi": 50,
    "position_pct": 13.632327497568383,
    "ta_score": 50,
    "signal_direction": "WAIT",
    "signal_name": "historical_import",
    "confidence": "MEDIUM",
    "hit_tp1": false,
    "hit_sl": false,
    "candles_to_result": 0,
    "max_favorable_pct": 0,
    "max_adverse_pct": 0,
    "outcome_tracked": false
  },
  {
    "symbol": "CL",
    "timeframe": "historical_1w",
    "timestamp": "2025-11-23",
    "congress_score": 100.0,
    "insider_score": 50,
    "short_interest_pct": 0,
    "combined_score": 62.5,
    "price": 80.93000030517578,
    "price_change_24h": 2.690017526019905,
    "rsi": 50,
    "position_pct": 26.420949534528944,
    "ta_score": 50,
    "signal_direction": "WAIT",
    "signal_name": "historical_import",
    "confidence": "MEDIUM",
    "hit_tp1": false,
    "hit_sl": false,
    "candles_to_result": 0,
    "max_favorable_pct": 0,
    "max_adverse_pct": 0,
    "outcome_tracked": false
  },
  {
    "symbol": "CL",
    "timeframe": "historical_1w",
    "timestamp": "2025-11-30",
    "congress_score": 100.0,
    "insider_score": 50,
    "short_interest_pct": 0,
    "combined_score": 62.5,
    "price": 80.38999938964844,
    "price_change_24h": 1.5281625155456862,
    "rsi": 50,
    "position_pct": 24.0230765504155,
    "ta_score": 50,
    "signal_direction": "WAIT",
    "signal_name": "historical_import",
    "confidence": "MEDIUM",
    "hit_tp1": false,
    "hit_sl": false,
    "candles_to_result": 0,
    "max_favorable_pct": 0,
    "max_adverse_pct": 0,
    "outcome_tracked": false
  },
  {
    "symbol": "CL",
    "timeframe": "historical_1w",
    "timestamp": "2025-12-07",
    "congress_score": 100.0,
    "insider_score": 50,
    "short_interest_pct": 0,
    "combined_score": 62.5,
    "price": 78.06999969482422,
    "price_change_24h": -2.339257805192951,
    "rsi": 50,
    "position_pct": 13.72112255106393,
    "ta_score": 50,
    "signal_direction": "WAIT",
    "signal_name": "historical_import",
    "confidence": "MEDIUM",
    "hit_tp1": false,
    "hit_sl": false,
    "candles_to_result": 0,
    "max_favorable_pct": 0,
    "max_adverse_pct": 0,
    "outcome_tracked": false
  },
  {
    "symbol": "CL",
    "timeframe": "historical_1w",
    "timestamp": "2025-12-14",
    "congress_score": 50,
    "insider_score": 50,
    "short_interest_pct": 0,
    "combined_score": 50.0,
    "price": 78.33999633789062,
    "price_change_24h": 2.9299641435500994,
    "rsi": 50,
    "position_pct": 14.920042103965084,
    "ta_score": 50,
    "signal_direction": "WAIT",
    "signal_name": "historical_import",
    "confidence": "MEDIUM",
    "hit_tp1": false,
    "hit_sl": false,
    "candles_to_result": 0,
    "max_favorable_pct": 0,
    "max_adverse_pct": 0,
    "outcome_tracked": false
  },
  {
    "symbol": "CL",
    "timeframe": "historical_1w",
    "timestamp": "2025-12-21",
    "congress_score": 50,
    "insider_score": 50,
    "short_interest_pct": 0,
    "combined_score": 50.0,
    "price": 78.36000061035156,
    "price_change_24h": -1.3470976843928024,
    "rsi": 50,
    "position_pct": 15.00887103577177,
    "ta_score": 50,
    "signal_direction": "WAIT",
    "signal_name": "historical_import",
    "confidence": "MEDIUM",
    "hit_tp1": false,
    "hit_sl": false,
    "candles_to_result": 0,
    "max_favorable_pct": 0,
    "max_adverse_pct": 0,
    "outcome_tracked": false
  },
  {
    "symbol": "CL",
    "timeframe": "historical_1w",
    "timestamp": "2025-12-28",
    "congress_score": 50,
    "insider_score": 50,
    "short_interest_pct": 0,
    "combined_score": 50.0,
    "price": 79.66000366210938,
    "price_change_24h": 0.784416421306281,
    "rsi": 50,
    "position_pct": 20.781531984005372,
    "ta_score": 50,
    "signal_direction": "WAIT",
    "signal_name": "historical_import",
    "confidence": "MEDIUM",
    "hit_tp1": false,
    "hit_sl": false,
    "candles_to_result": 0,
    "max_favorable_pct": 0,
    "max_adverse_pct": 0,
    "outcome_tracked": false
  }
]