[
  {
    "symbol": "CMCSA",
    "timeframe": "historical_1w",
    "timestamp": "2025-06-29",
    "congress_score": 0.0,
    "insider_score": 50,
    "short_interest_pct": 0,
    "combined_score": 37.5,
    "price": 35.31999969482422,
    "price_change_24h": 2.110435209644578,
    "rsi": 50,
    "position_pct": 45.841027951648535,
    "ta_score": 50,
    "signal_direction": "WAIT",
    "signal_name": "historical_import",
    "confidence": "MEDIUM",
    "hit_tp1": true,
    "hit_sl": false,
    "candles_to_result": 4,
    "max_favorable_pct": 1.896947874947915,
    "max_adverse_pct": -10.334087344471703,
    "outcome_tracked": true
  },
  {
    "symbol": "CMCSA",
    "timeframe": "historical_1w",
    "timestamp": "2025-07-06",
    "congress_score": 50.0,
    "insider_score": 50,
    "short_interest_pct": 0,
    "combined_score": 50.0,
    "price": 35.9900016784668,
    "price_change_24h": 0.8405801717607859,
    "rsi": 50,
    "position_pct": 58.22553816495428,
    "ta_score": 50,
    "signal_direction": "WAIT",
    "signal_name": "historical_import",
    "confidence": "MEDIUM",
    "hit_tp1": false,
    "hit_sl": true,
    "candles_to_result": 1,
    "max_favorable_pct": -2.778549467527007,
    "max_adverse_pct": -12.003338151433192,
    "outcome_tracked": true
  },
  {
    "symbol": "CMCSA",
    "timeframe": "historical_1w",
    "timestamp": "2025-07-13",
    "congress_score": 50.0,
    "insider_score": 50,
    "short_interest_pct": 0,
    "combined_score": 50.0,
    "price": 34.9900016784668,
    "price_change_24h": -1.269743131149706,
    "rsi": 50,
    "position_pct": 39.74124928871054,
    "ta_score": 50,
    "signal_direction": "WAIT",
    "signal_name": "historical_import",
    "confidence": "MEDIUM",
    "hit_tp1": false,
    "hit_sl": true,
    "candles_to_result": 2,
    "max_favorable_pct": -1.2860838563960064,
    "max_adverse_pct": -9.717065912492659,
    "outcome_tracked": true
  },
  {
    "symbol": "CMCSA",
    "timeframe": "historical_1w",
    "timestamp": "2025-07-20",
    "congress_score": 66.66666666666666,
    "insider_score": 50,
    "short_interest_pct": 0,
    "combined_score": 54.166666666666664,
    "price": 34.540000915527344,
    "price_change_24h": -3.086415524576541,
    "rsi": 50,
    "position_pct": 31.42330519200761,
    "ta_score": 50,
    "signal_direction": "WAIT",
    "signal_name": "historical_import",
    "confidence": "MEDIUM",
    "hit_tp1": false,
    "hit_sl": true,
    "candles_to_result": 1,
    "max_favorable_pct": -1.1291238544035898,
    "max_adverse_pct": -8.540824217561877,
    "outcome_tracked": true
  },
  {
    "symbol": "CMCSA",
    "timeframe": "historical_1w",
    "timestamp": "2025-07-27",
    "congress_score": 100.0,
    "insider_score": 50,
    "short_interest_pct": 0,
    "combined_score": 62.5,
    "price": 33.68000030517578,
    "price_change_24h": -3.7989091120275633,
    "rsi": 50,
    "position_pct": 15.526805476523393,
    "ta_score": 50,
    "signal_direction": "WAIT",
    "signal_name": "historical_import",
    "confidence": "MEDIUM",
    "hit_tp1": false,
    "hit_sl": true,
    "candles_to_result": 1,
    "max_favorable_pct": 1.3954905476378439,
    "max_adverse_pct": -8.254158733538642,
    "outcome_tracked": true
  },
  {
    "symbol": "CMCSA",
    "timeframe": "historical_1w",
    "timestamp": "2025-08-03",
    "congress_score": 100.0,
    "insider_score": 50,
    "short_interest_pct": 0,
    "combined_score": 62.5,
    "price": 32.52000045776367,
    "price_change_24h": -3.012222959449755,
    "rsi": 50,
    "position_pct": 0.3478340480638587,
    "ta_score": 50,
    "signal_direction": "WAIT",
    "signal_name": "historical_import",
    "confidence": "MEDIUM",
    "hit_tp1": false,
    "hit_sl": true,
    "candles_to_result": 1,
    "max_favorable_pct": 5.012303336933366,
    "max_adverse_pct": -9.409598186400041,
    "outcome_tracked": true
  },
  {
    "symbol": "CMCSA",
    "timeframe": "historical_1w",
    "timestamp": "2025-08-10",
    "congress_score": 33.33333333333333,
    "insider_score": 50,
    "short_interest_pct": 0,
    "combined_score": 45.83333333333333,
    "price": 31.670000076293945,
    "price_change_24h": -2.733419101533389,
    "rsi": 50,
    "position_pct": 0.0,
    "ta_score": 50,
    "signal_direction": "WAIT",
    "signal_name": "historical_import",
    "confidence": "MEDIUM",
    "hit_tp1": false,
    "hit_sl": true,
    "candles_to_result": 1,
    "max_favorable_pct": 7.830759215694871,
    "max_adverse_pct": -6.978215934630037,
    "outcome_tracked": true
  },
  {
    "symbol": "CMCSA",
    "timeframe": "historical_1w",
    "timestamp": "2025-08-17",
    "congress_score": 28.57142857142857,
    "insider_score": 50,
    "short_interest_pct": 0,
    "combined_score": 44.64285714285714,
    "price": 33.45000076293945,
    "price_change_24h": 6.494749842208041,
    "rsi": 50,
    "position_pct": 29.824574123079756,
    "ta_score": 50,
    "signal_direction": "WAIT",
    "signal_name": "historical_import",
    "confidence": "MEDIUM",
    "hit_tp1": false,
    "hit_sl": true,
    "candles_to_result": 1,
    "max_favorable_pct": 2.092677868381429,
    "max_adverse_pct": -12.466367656750696,
    "outcome_tracked": true
  },
  {
    "symbol": "CMCSA",
    "timeframe": "historical_1w",
    "timestamp": "2025-08-24",
    "congress_score": 22.22222222222222,
    "insider_score": 50,
    "short_interest_pct": 0,
    "combined_score": 43.05555555555556,
    "price": 34.150001525878906,
    "price_change_24h": 2.1537577449308345,
    "rsi": 50,
    "position_pct": 40.05850317752005,
    "ta_score": 50,
    "signal_direction": "WAIT",
    "signal_name": "historical_import",
    "confidence": "MEDIUM",
    "hit_tp1": true,
    "hit_sl": false,
    "candles_to_result": 3,
    "max_favorable_pct": -0.5270872536839474,
    "max_adverse_pct": -18.477309198681265,
    "outcome_tracked": true
  },
  {
    "symbol": "CMCSA",
    "timeframe": "historical_1w",
    "timestamp": "2025-08-31",
    "congress_score": 0.0,
    "insider_score": 50,
    "short_interest_pct": 0,
    "combined_score": 37.5,
    "price": 33.970001220703125,
    "price_change_24h": -0.11760394826233857,
    "rsi": 50,
    "position_pct": 37.42691982722322,
    "ta_score": 50,
    "signal_direction": "WAIT",
    "signal_name": "historical_import",
    "confidence": "MEDIUM",
    "hit_tp1": true,
    "hit_sl": false,
    "candles_to_result": 3,
    "max_favorable_pct": -0.17663047140088886,
    "max_adverse_pct": -19.487785108464518,
    "outcome_tracked": true
  },
  {
    "symbol": "CMCSA",
    "timeframe": "historical_1w",
    "timestamp": "2025-09-07",
    "congress_score": 16.666666666666664,
    "insider_score": 50,
    "short_interest_pct": 0,
    "combined_score": 41.666666666666664,
    "price": 33.90999984741211,
    "price_change_24h": -0.6445977551071731,
    "rsi": 50,
    "position_pct": 36.549706786982064,
    "ta_score": 50,
    "signal_direction": "WAIT",
    "signal_name": "historical_import",
    "confidence": "MEDIUM",
    "hit_tp1": true,
    "hit_sl": false,
    "candles_to_result": 2,
    "max_favorable_pct": -2.5066307223412228,
    "max_adverse_pct": -19.34532437470069,
    "outcome_tracked": true
  },
  {
    "symbol": "CMCSA",
    "timeframe": "historical_1w",
    "timestamp": "2025-09-14",
    "congress_score": 20.0,
    "insider_score": 50,
    "short_interest_pct": 0,
    "combined_score": 42.5,
    "price": 33.060001373291016,
    "price_change_24h": -2.7647018432617188,
    "rsi": 50,
    "position_pct": 24.12282878757881,
    "ta_score": 50,
    "signal_direction": "WAIT",
    "signal_name": "historical_import",
    "confidence": "MEDIUM",
    "hit_tp1": true,
    "hit_sl": false,
    "candles_to_result": 1,
    "max_favorable_pct": -4.053242602158823,
    "max_adverse_pct": -17.2716296268347,
    "outcome_tracked": true
  },
  {
    "symbol": "CMCSA",
    "timeframe": "historical_1w",
    "timestamp": "2025-09-21",
    "congress_score": 33.33333333333333,
    "insider_score": 50,
    "short_interest_pct": 0,
    "combined_score": 45.83333333333333,
    "price": 31.59000015258789,
    "price_change_24h": -3.1575684028919193,
    "rsi": 50,
    "position_pct": 2.631583350296838,
    "ta_score": 50,
    "signal_direction": "WAIT",
    "signal_name": "historical_import",
    "confidence": "MEDIUM",
    "hit_tp1": true,
    "hit_sl": false,
    "candles_to_result": 3,
    "max_favorable_pct": 0.4115199751145043,
    "max_adverse_pct": -15.511236450971841,
    "outcome_tracked": true
  },
  {
    "symbol": "CMCSA",
    "timeframe": "historical_1w",
    "timestamp": "2025-09-28",
    "congress_score": 50.0,
    "insider_score": 50,
    "short_interest_pct": 0,
    "combined_score": 50.0,
    "price": 31.719999313354492,
    "price_change_24h": 0.7303891518198038,
    "rsi": 50,
    "position_pct": 4.53215583372605,
    "ta_score": 50,
    "signal_direction": "WAIT",
    "signal_name": "historical_import",
    "confidence": "MEDIUM",
    "hit_tp1": false,
    "hit_sl": true,
    "candles_to_result": 1,
    "max_favorable_pct": -2.5851188921022117,
    "max_adverse_pct": -15.857499647483241,
    "outcome_tracked": true
  },
  {
    "symbol": "CMCSA",
    "timeframe": "historical_1w",
    "timestamp": "2025-10-05",
    "congress_score": 66.66666666666666,
    "insider_score": 50,
    "short_interest_pct": 0,
    "combined_score": 54.166666666666664,
    "price": 30.899999618530273,
    "price_change_24h": -1.8736111682319665,
    "rsi": 50,
    "position_pct": 6.3694264420709095,
    "ta_score": 50,
    "signal_direction": "WAIT",
    "signal_name": "historical_import",
    "confidence": "MEDIUM",
    "hit_tp1": false,
    "hit_sl": true,
    "candles_to_result": 1,
    "max_favorable_pct": -4.401290355315599,
    "max_adverse_pct": -13.624592674583665,
    "outcome_tracked": true
  },
  {
    "symbol": "CMCSA",
    "timeframe": "historical_1w",
    "timestamp": "2025-10-12",
    "congress_score": 25.0,
    "insider_score": 50,
    "short_interest_pct": 0,
    "combined_score": 43.75,
    "price": 29.459999084472656,
    "price_change_24h": -5.242846767820152,
    "rsi": 50,
    "position_pct": 0.0,
    "ta_score": 50,
    "signal_direction": "WAIT",
    "signal_name": "historical_import",
    "confidence": "MEDIUM",
    "hit_tp1": true,
    "hit_sl": false,
    "candles_to_result": 3,
    "max_favorable_pct": 0.3733897276647914,
    "max_adverse_pct": -9.402575140862815,
    "outcome_tracked": true
  },
  {
    "symbol": "CMCSA",
    "timeframe": "historical_1w",
    "timestamp": "2025-10-19",
    "congress_score": 25.0,
    "insider_score": 50,
    "short_interest_pct": 0,
    "combined_score": 43.75,
    "price": 29.540000915527344,
    "price_change_24h": 0.4420301556943858,
    "rsi": 50,
    "position_pct": 3.114579463561896,
    "ta_score": 50,
    "signal_direction": "WAIT",
    "signal_name": "historical_import",
    "confidence": "MEDIUM",
    "hit_tp1": true,
    "hit_sl": false,
    "candles_to_result": 2,
    "max_favorable_pct": 0.13540625233253104,
    "max_adverse_pct": -9.647935995735391,
    "outcome_tracked": true
  },
  {
    "symbol": "CMCSA",
    "timeframe": "historical_1w",
    "timestamp": "2025-10-26",
    "congress_score": 33.33333333333333,
    "insider_score": 50,
    "short_interest_pct": 0,
    "combined_score": 45.83333333333333,
    "price": 29.280000686645508,
    "price_change_24h": -0.9807203624336557,
    "rsi": 50,
    "position_pct": 0.2224745080408856,
    "ta_score": 50,
    "signal_direction": "WAIT",
    "signal_name": "historical_import",
    "confidence": "MEDIUM",
    "hit_tp1": false,
    "hit_sl": false,
    "candles_to_result": 0,
    "max_favorable_pct": 0,
    "max_adverse_pct": 0,
    "outcome_tracked": false
  },
  {
    "symbol": "CMCSA",
    "timeframe": "historical_1w",
    "timestamp": "2025-11-02",
    "congress_score": 0.0,
    "insider_score": 50,
    "short_interest_pct": 0,
    "combined_score": 37.5,
    "price": 27.84000015258789,
    "price_change_24h": -5.370495987792969,
    "rsi": 50,
    "position_pct": 4.75755208824131,
    "ta_score": 50,
    "signal_direction": "WAIT",
    "signal_name": "historical_import",
    "confidence": "MEDIUM",
    "hit_tp1": false,
    "hit_sl": false,
    "candles_to_result": 0,
    "max_favorable_pct": 0,
    "max_adverse_pct": 0,
    "outcome_tracked": false
  },
  {
    "symbol": "CMCSA",
    "timeframe": "historical_1w",
    "timestamp": "2025-11-09",
    "congress_score": 0.0,
    "insider_score": 50,
    "short_interest_pct": 0,
    "combined_score": 37.5,
    "price": 27.350000381469727,
    "price_change_24h": 1.3713893458529307,
    "rsi": 50,
    "position_pct": 3.283059664638367,
    "ta_score": 50,
    "signal_direction": "WAIT",
    "signal_name": "historical_import",
    "confidence": "MEDIUM",
    "hit_tp1": false,
    "hit_sl": false,
    "candles_to_result": 0,
    "max_favorable_pct": 0,
    "max_adverse_pct": 0,
    "outcome_tracked": false
  },
  {
    "symbol": "CMCSA",
    "timeframe": "historical_1w",
    "timestamp": "2025-11-16",
    "congress_score": 25.0,
    "insider_score": 50,
    "short_interest_pct": 0,
    "combined_score": 43.75,
    "price": 27.510000228881836,
    "price_change_24h": 1.4380508022855267,
    "rsi": 50,
    "position_pct": 4.702756567151701,
    "ta_score": 50,
    "signal_direction": "WAIT",
    "signal_name": "historical_import",
    "confidence": "MEDIUM",
    "hit_tp1": false,
    "hit_sl": false,
    "candles_to_result": 0,
    "max_favorable_pct": 0,
    "max_adverse_pct": 0,
    "outcome_tracked": false
  },
  {
    "symbol": "CMCSA",
    "timeframe": "historical_1w",
    "timestamp": "2025-11-23",
    "congress_score": 20.0,
    "insider_score": 50,
    "short_interest_pct": 0,
    "combined_score": 42.5,
    "price": 27.350000381469727,
    "price_change_24h": 0.4775939434041577,
    "rsi": 50,
    "position_pct": 6.196223482808503,
    "ta_score": 50,
    "signal_direction": "WAIT",
    "signal_name": "historical_import",
    "confidence": "MEDIUM",
    "hit_tp1": false,
    "hit_sl": false,
    "candles_to_result": 0,
    "max_favorable_pct": 0,
    "max_adverse_pct": 0,
    "outcome_tracked": false
  },
  {
    "symbol": "CMCSA",
    "timeframe": "historical_1w",
    "timestamp": "2025-11-30",
    "congress_score": 25.0,
    "insider_score": 50,
    "short_interest_pct": 0,
    "combined_score": 43.75,
    "price": 26.690000534057617,
    "price_change_24h": 0.8692420919996597,
    "rsi": 50,
    "position_pct": 1.9508179111508865,
    "ta_score": 50,
    "signal_direction": "WAIT",
    "signal_name": "historical_import",
    "confidence": "MEDIUM",
    "hit_tp1": false,
    "hit_sl": false,
    "candles_to_result": 0,
    "max_favorable_pct": 0,
    "max_adverse_pct": 0,
    "outcome_tracked": false
  },
  {
    "symbol": "CMCSA",
    "timeframe": "historical_1w",
    "timestamp": "2025-12-07",
    "congress_score": 25.0,
    "insider_score": 50,
    "short_interest_pct": 0,
    "combined_score": 43.75,
    "price": 27.309999465942383,
    "price_change_24h": 2.746424169795649,
    "rsi": 50,
    "position_pct": 7.209502251609518,
    "ta_score": 50,
    "signal_direction": "WAIT",
    "signal_name": "historical_import",
    "confidence": "MEDIUM",
    "hit_tp1": false,
    "hit_sl": false,
    "candles_to_result": 0,
    "max_favorable_pct": 0,
    "max_adverse_pct": 0,
    "outcome_tracked": false
  },
  {
    "symbol": "CMCSA",
    "timeframe": "historical_1w",
    "timestamp": "2025-12-14",
    "congress_score": 0.0,
    "insider_score": 50,
    "short_interest_pct": 0,
    "combined_score": 37.5,
    "price": 27.229999542236328,
    "price_change_24h": 2.176359970012042,
    "rsi": 50,
    "position_pct": 6.530961814850982,
    "ta_score": 50,
    "signal_direction": "WAIT",
    "signal_name": "historical_import",
    "confidence": "MEDIUM",
    "hit_tp1": false,
    "hit_sl": false,
    "candles_to_result": 0,
    "max_favorable_pct": 0,
    "max_adverse_pct": 0,
    "outcome_tracked": false
  },
  {
    "symbol": "CMCSA",
    "timeframe": "historical_1w",
    "timestamp": "2025-12-21",
    "congress_score": 50,
    "insider_score": 50,
    "short_interest_pct": 0,
    "combined_score": 50.0,
    "price": 29.56999969482422,
    "price_change_24h": 4.8209877862071036,
    "rsi": 50,
    "position_pct": 26.378289812138306,
    "ta_score": 50,
    "signal_direction": "WAIT",
    "signal_name": "historical_import",
    "confidence": "MEDIUM",
    "hit_tp1": false,
    "hit_sl": false,
    "candles_to_result": 0,
    "max_favorable_pct": 0,
    "max_adverse_pct": 0,
    "outcome_tracked": false
  },
  {
    "symbol": "CMCSA",
    "timeframe": "historical_1w",
    "timestamp": "2025-12-28",
    "congress_score": 50,
    "insider_score": 50,
    "short_interest_pct": 0,
    "combined_score": 50.0,
    "price": 29.579999923706055,
    "price_change_24h": 1.0936421473720797,
    "rsi": 50,
    "position_pct": 26.46310938894314,
    "ta_score": 50,
    "signal_direction": "WAIT",
    "signal_name": "historical_import",
    "confidence": "MEDIUM",
    "hit_tp1": false,
    "hit_sl": false,
    "candles_to_result": 0,
    "max_favorable_pct": 0,
    "max_adverse_pct": 0,
    "outcome_tracked": false
  }
]