[
  {
    "symbol": "COIN",
    "timeframe": "historical_1w",
    "timestamp": "2025-06-29",
    "congress_score": 100.0,
    "insider_score": 50,
    "short_interest_pct": 0,
    "combined_score": 62.5,
    "price": 353.42999267578125,
    "price_change_24h": 14.902954219465233,
    "rsi": 50,
    "position_pct": 90.32199729081437,
    "ta_score": 50,
    "signal_direction": "WAIT",
    "signal_name": "historical_import",
    "confidence": "MEDIUM",
    "hit_tp1": true,
    "hit_sl": false,
    "candles_to_result": 2,
    "max_favorable_pct": 18.77316794796806,
    "max_adverse_pct": -15.380693907726611,
    "outcome_tracked": true
  },
  {
    "symbol": "COIN",
    "timeframe": "historical_1w",
    "timestamp": "2025-07-06",
    "congress_score": 100.0,
    "insider_score": 50,
    "short_interest_pct": 0,
    "combined_score": 62.5,
    "price": 355.79998779296875,
    "price_change_24h": 1.51502117222889,
    "rsi": 50,
    "position_pct": 91.38192352180485,
    "ta_score": 50,
    "signal_direction": "WAIT",
    "signal_name": "historical_import",
    "confidence": "MEDIUM",
    "hit_tp1": true,
    "hit_sl": false,
    "candles_to_result": 1,
    "max_favorable_pct": 17.982016071219352,
    "max_adverse_pct": -15.944345816492769,
    "outcome_tracked": true
  },
  {
    "symbol": "COIN",
    "timeframe": "historical_1w",
    "timestamp": "2025-07-13",
    "congress_score": 100.0,
    "insider_score": 50,
    "short_interest_pct": 0,
    "combined_score": 62.5,
    "price": 387.05999755859375,
    "price_change_24h": 8.389804240550298,
    "rsi": 50,
    "position_pct": 99.19996885148325,
    "ta_score": 50,
    "signal_direction": "WAIT",
    "signal_name": "historical_import",
    "confidence": "MEDIUM",
    "hit_tp1": true,
    "hit_sl": false,
    "candles_to_result": 1,
    "max_favorable_pct": 8.45347011499165,
    "max_adverse_pct": -22.73290724677766,
    "outcome_tracked": true
  },
  {
    "symbol": "COIN",
    "timeframe": "historical_1w",
    "timestamp": "2025-07-20",
    "congress_score": 100.0,
    "insider_score": 50,
    "short_interest_pct": 0,
    "combined_score": 62.5,
    "price": 419.7799987792969,
    "price_change_24h": 6.540440185517377,
    "rsi": 50,
    "position_pct": 100.0,
    "ta_score": 50,
    "signal_direction": "WAIT",
    "signal_name": "historical_import",
    "confidence": "MEDIUM",
    "hit_tp1": false,
    "hit_sl": true,
    "candles_to_result": 1,
    "max_favorable_pct": -6.698745818990733,
    "max_adverse_pct": -28.755536663513716,
    "outcome_tracked": true
  },
  {
    "symbol": "COIN",
    "timeframe": "historical_1w",
    "timestamp": "2025-07-27",
    "congress_score": 50,
    "insider_score": 50,
    "short_interest_pct": 0,
    "combined_score": 50.0,
    "price": 391.6600036621094,
    "price_change_24h": -5.311510519389799,
    "rsi": 50,
    "position_pct": 89.51958727849988,
    "ta_score": 50,
    "signal_direction": "WAIT",
    "signal_name": "historical_import",
    "confidence": "MEDIUM",
    "hit_tp1": false,
    "hit_sl": true,
    "candles_to_result": 1,
    "max_favorable_pct": -2.971969192565168,
    "max_adverse_pct": -23.64040123376226,
    "outcome_tracked": true
  },
  {
    "symbol": "COIN",
    "timeframe": "historical_1w",
    "timestamp": "2025-08-03",
    "congress_score": 50,
    "insider_score": 50,
    "short_interest_pct": 0,
    "combined_score": 50.0,
    "price": 314.69000244140625,
    "price_change_24h": -17.075545985533886,
    "rsi": 50,
    "position_pct": 60.83261999398998,
    "ta_score": 50,
    "signal_direction": "WAIT",
    "signal_name": "historical_import",
    "confidence": "MEDIUM",
    "hit_tp1": false,
    "hit_sl": true,
    "candles_to_result": 4,
    "max_favorable_pct": 20.760108699172847,
    "max_adverse_pct": -4.963613396042306,
    "outcome_tracked": true
  },
  {
    "symbol": "COIN",
    "timeframe": "historical_1w",
    "timestamp": "2025-08-10",
    "congress_score": 50,
    "insider_score": 50,
    "short_interest_pct": 0,
    "combined_score": 50.0,
    "price": 310.5400085449219,
    "price_change_24h": -2.398090505328371,
    "rsi": 50,
    "position_pct": 59.28590390653666,
    "ta_score": 50,
    "signal_direction": "WAIT",
    "signal_name": "historical_import",
    "confidence": "MEDIUM",
    "hit_tp1": false,
    "hit_sl": true,
    "candles_to_result": 4,
    "max_favorable_pct": 22.37392237937651,
    "max_adverse_pct": -3.6935663376990937,
    "outcome_tracked": true
  },
  {
    "symbol": "COIN",
    "timeframe": "historical_1w",
    "timestamp": "2025-08-17",
    "congress_score": 50,
    "insider_score": 50,
    "short_interest_pct": 0,
    "combined_score": 50.0,
    "price": 317.54998779296875,
    "price_change_24h": -0.6476463787754547,
    "rsi": 50,
    "position_pct": 61.89854574315552,
    "ta_score": 50,
    "signal_direction": "WAIT",
    "signal_name": "historical_import",
    "confidence": "MEDIUM",
    "hit_tp1": false,
    "hit_sl": true,
    "candles_to_result": 2,
    "max_favorable_pct": 19.67249366151175,
    "max_adverse_pct": -5.819550048541739,
    "outcome_tracked": true
  },
  {
    "symbol": "COIN",
    "timeframe": "historical_1w",
    "timestamp": "2025-08-24",
    "congress_score": 50,
    "insider_score": 50,
    "short_interest_pct": 0,
    "combined_score": 50.0,
    "price": 319.8500061035156,
    "price_change_24h": -0.2743755971280194,
    "rsi": 50,
    "position_pct": 62.75576997314144,
    "ta_score": 50,
    "signal_direction": "WAIT",
    "signal_name": "historical_import",
    "confidence": "MEDIUM",
    "hit_tp1": false,
    "hit_sl": true,
    "candles_to_result": 1,
    "max_favorable_pct": 18.811937396269098,
    "max_adverse_pct": -6.496794867207749,
    "outcome_tracked": true
  },
  {
    "symbol": "COIN",
    "timeframe": "historical_1w",
    "timestamp": "2025-08-31",
    "congress_score": 50,
    "insider_score": 50,
    "short_interest_pct": 0,
    "combined_score": 50.0,
    "price": 304.5400085449219,
    "price_change_24h": -0.47712139054840685,
    "rsi": 50,
    "position_pct": 57.04968458761631,
    "ta_score": 50,
    "signal_direction": "WAIT",
    "signal_name": "historical_import",
    "confidence": "MEDIUM",
    "hit_tp1": true,
    "hit_sl": false,
    "candles_to_result": 2,
    "max_favorable_pct": 24.784914412194926,
    "max_adverse_pct": -1.7961519233018146,
    "outcome_tracked": true
  },
  {
    "symbol": "COIN",
    "timeframe": "historical_1w",
    "timestamp": "2025-09-07",
    "congress_score": 50,
    "insider_score": 50,
    "short_interest_pct": 0,
    "combined_score": 50.0,
    "price": 299.07000732421875,
    "price_change_24h": -1.4791113027032927,
    "rsi": 50,
    "position_pct": 55.0109975202406,
    "ta_score": 50,
    "signal_direction": "WAIT",
    "signal_name": "historical_import",
    "confidence": "MEDIUM",
    "hit_tp1": true,
    "hit_sl": false,
    "candles_to_result": 1,
    "max_favorable_pct": 27.067234997488754,
    "max_adverse_pct": -5.038956416609676,
    "outcome_tracked": true
  },
  {
    "symbol": "COIN",
    "timeframe": "historical_1w",
    "timestamp": "2025-09-14",
    "congress_score": 100.0,
    "insider_score": 50,
    "short_interest_pct": 0,
    "combined_score": 62.5,
    "price": 323.0400085449219,
    "price_change_24h": 6.89609381074861,
    "rsi": 50,
    "position_pct": 63.9446941542874,
    "ta_score": 50,
    "signal_direction": "WAIT",
    "signal_name": "historical_import",
    "confidence": "MEDIUM",
    "hit_tp1": true,
    "hit_sl": false,
    "candles_to_result": 1,
    "max_favorable_pct": 17.638676003448154,
    "max_adverse_pct": -25.578876515947712,
    "outcome_tracked": true
  },
  {
    "symbol": "COIN",
    "timeframe": "historical_1w",
    "timestamp": "2025-09-21",
    "congress_score": 100.0,
    "insider_score": 50,
    "short_interest_pct": 0,
    "combined_score": 62.5,
    "price": 342.4599914550781,
    "price_change_24h": 4.721424671309846,
    "rsi": 50,
    "position_pct": 71.18258431375315,
    "ta_score": 50,
    "signal_direction": "WAIT",
    "signal_name": "historical_import",
    "confidence": "MEDIUM",
    "hit_tp1": false,
    "hit_sl": true,
    "candles_to_result": 1,
    "max_favorable_pct": 10.967703818190584,
    "max_adverse_pct": -29.799097803912396,
    "outcome_tracked": true
  },
  {
    "symbol": "COIN",
    "timeframe": "historical_1w",
    "timestamp": "2025-09-28",
    "congress_score": 100.0,
    "insider_score": 50,
    "short_interest_pct": 0,
    "combined_score": 62.5,
    "price": 312.5899963378906,
    "price_change_24h": -5.832208211236977,
    "rsi": 50,
    "position_pct": 60.04994095756793,
    "ta_score": 50,
    "signal_direction": "WAIT",
    "signal_name": "historical_import",
    "confidence": "MEDIUM",
    "hit_tp1": true,
    "hit_sl": false,
    "candles_to_result": 1,
    "max_favorable_pct": 21.571385350058854,
    "max_adverse_pct": -23.090947733899682,
    "outcome_tracked": true
  },
  {
    "symbol": "COIN",
    "timeframe": "historical_1w",
    "timestamp": "2025-10-05",
    "congress_score": 100.0,
    "insider_score": 50,
    "short_interest_pct": 0,
    "combined_score": 62.5,
    "price": 380.0199890136719,
    "price_change_24h": 13.781849793461076,
    "rsi": 50,
    "position_pct": 85.18131634027458,
    "ta_score": 50,
    "signal_direction": "WAIT",
    "signal_name": "historical_import",
    "confidence": "MEDIUM",
    "hit_tp1": false,
    "hit_sl": true,
    "candles_to_result": 1,
    "max_favorable_pct": -6.0549391909011,
    "max_adverse_pct": -36.73753733689514,
    "outcome_tracked": true
  },
  {
    "symbol": "COIN",
    "timeframe": "historical_1w",
    "timestamp": "2025-10-12",
    "congress_score": 100.0,
    "insider_score": 50,
    "short_interest_pct": 0,
    "combined_score": 62.5,
    "price": 357.010009765625,
    "price_change_24h": -7.5271316101458705,
    "rsi": 50,
    "position_pct": 76.60542298653478,
    "ta_score": 50,
    "signal_direction": "WAIT",
    "signal_name": "historical_import",
    "confidence": "MEDIUM",
    "hit_tp1": false,
    "hit_sl": true,
    "candles_to_result": 1,
    "max_favorable_pct": -0.714270816165896,
    "max_adverse_pct": -32.660150391879164,
    "outcome_tracked": true
  },
  {
    "symbol": "COIN",
    "timeframe": "historical_1w",
    "timestamp": "2025-10-19",
    "congress_score": 100.0,
    "insider_score": 50,
    "short_interest_pct": 0,
    "combined_score": 62.5,
    "price": 336.0199890136719,
    "price_change_24h": -5.874114623476045,
    "rsi": 50,
    "position_pct": 68.78237466819199,
    "ta_score": 50,
    "signal_direction": "WAIT",
    "signal_name": "historical_import",
    "confidence": "MEDIUM",
    "hit_tp1": true,
    "hit_sl": false,
    "candles_to_result": 1,
    "max_favorable_pct": 5.487769491194159,
    "max_adverse_pct": -29.331583096919424,
    "outcome_tracked": true
  },
  {
    "symbol": "COIN",
    "timeframe": "historical_1w",
    "timestamp": "2025-10-26",
    "congress_score": 100.0,
    "insider_score": 50,
    "short_interest_pct": 0,
    "combined_score": 62.5,
    "price": 354.4599914550781,
    "price_change_24h": 3.1066358466763777,
    "rsi": 50,
    "position_pct": 75.65502295159385,
    "ta_score": 50,
    "signal_direction": "WAIT",
    "signal_name": "historical_import",
    "confidence": "MEDIUM",
    "hit_tp1": false,
    "hit_sl": false,
    "candles_to_result": 0,
    "max_favorable_pct": 0,
    "max_adverse_pct": 0,
    "outcome_tracked": false
  },
  {
    "symbol": "COIN",
    "timeframe": "historical_1w",
    "timestamp": "2025-11-02",
    "congress_score": 100.0,
    "insider_score": 50,
    "short_interest_pct": 0,
    "combined_score": 62.5,
    "price": 343.7799987792969,
    "price_change_24h": -4.883378317835732,
    "rsi": 50,
    "position_pct": 71.67455529367554,
    "ta_score": 50,
    "signal_direction": "WAIT",
    "signal_name": "historical_import",
    "confidence": "MEDIUM",
    "hit_tp1": false,
    "hit_sl": false,
    "candles_to_result": 0,
    "max_favorable_pct": 0,
    "max_adverse_pct": 0,
    "outcome_tracked": false
  },
  {
    "symbol": "COIN",
    "timeframe": "historical_1w",
    "timestamp": "2025-11-09",
    "congress_score": 100.0,
    "insider_score": 50,
    "short_interest_pct": 0,
    "combined_score": 62.5,
    "price": 309.1400146484375,
    "price_change_24h": -6.440287486989946,
    "rsi": 50,
    "position_pct": 58.7641216735885,
    "ta_score": 50,
    "signal_direction": "WAIT",
    "signal_name": "historical_import",
    "confidence": "MEDIUM",
    "hit_tp1": false,
    "hit_sl": false,
    "candles_to_result": 0,
    "max_favorable_pct": 0,
    "max_adverse_pct": 0,
    "outcome_tracked": false
  },
  {
    "symbol": "COIN",
    "timeframe": "historical_1w",
    "timestamp": "2025-11-16",
    "congress_score": 100.0,
    "insider_score": 50,
    "short_interest_pct": 0,
    "combined_score": 62.5,
    "price": 284.0,
    "price_change_24h": -10.672158480619471,
    "rsi": 50,
    "position_pct": 49.39435726779241,
    "ta_score": 50,
    "signal_direction": "WAIT",
    "signal_name": "historical_import",
    "confidence": "MEDIUM",
    "hit_tp1": false,
    "hit_sl": false,
    "candles_to_result": 0,
    "max_favorable_pct": 0,
    "max_adverse_pct": 0,
    "outcome_tracked": false
  },
  {
    "symbol": "COIN",
    "timeframe": "historical_1w",
    "timestamp": "2025-11-23",
    "congress_score": 100.0,
    "insider_score": 50,
    "short_interest_pct": 0,
    "combined_score": 62.5,
    "price": 240.41000366210938,
    "price_change_24h": -8.918358574068975,
    "rsi": 50,
    "position_pct": 33.148225280716,
    "ta_score": 50,
    "signal_direction": "WAIT",
    "signal_name": "historical_import",
    "confidence": "MEDIUM",
    "hit_tp1": false,
    "hit_sl": false,
    "candles_to_result": 0,
    "max_favorable_pct": 0,
    "max_adverse_pct": 0,
    "outcome_tracked": false
  },
  {
    "symbol": "COIN",
    "timeframe": "historical_1w",
    "timestamp": "2025-11-30",
    "congress_score": 100.0,
    "insider_score": 50,
    "short_interest_pct": 0,
    "combined_score": 62.5,
    "price": 272.82000732421875,
    "price_change_24h": 6.582805025260428,
    "rsi": 50,
    "position_pct": 45.227537999964056,
    "ta_score": 50,
    "signal_direction": "WAIT",
    "signal_name": "historical_import",
    "confidence": "MEDIUM",
    "hit_tp1": false,
    "hit_sl": false,
    "candles_to_result": 0,
    "max_favorable_pct": 0,
    "max_adverse_pct": 0,
    "outcome_tracked": false
  },
  {
    "symbol": "COIN",
    "timeframe": "historical_1w",
    "timestamp": "2025-12-07",
    "congress_score": 100.0,
    "insider_score": 50,
    "short_interest_pct": 0,
    "combined_score": 62.5,
    "price": 269.7300109863281,
    "price_change_24h": 3.8061941147723566,
    "rsi": 50,
    "position_pct": 44.07588641560003,
    "ta_score": 50,
    "signal_direction": "WAIT",
    "signal_name": "historical_import",
    "confidence": "MEDIUM",
    "hit_tp1": false,
    "hit_sl": false,
    "candles_to_result": 0,
    "max_favorable_pct": 0,
    "max_adverse_pct": 0,
    "outcome_tracked": false
  },
  {
    "symbol": "COIN",
    "timeframe": "historical_1w",
    "timestamp": "2025-12-14",
    "congress_score": 100.0,
    "insider_score": 50,
    "short_interest_pct": 0,
    "combined_score": 62.5,
    "price": 267.4599914550781,
    "price_change_24h": -2.458067269108711,
    "rsi": 50,
    "position_pct": 43.22984282724874,
    "ta_score": 50,
    "signal_direction": "WAIT",
    "signal_name": "historical_import",
    "confidence": "MEDIUM",
    "hit_tp1": false,
    "hit_sl": false,
    "candles_to_result": 0,
    "max_favorable_pct": 0,
    "max_adverse_pct": 0,
    "outcome_tracked": false
  },
  {
    "symbol": "COIN",
    "timeframe": "historical_1w",
    "timestamp": "2025-12-21",
    "congress_score": 50,
    "insider_score": 50,
    "short_interest_pct": 0,
    "combined_score": 50.0,
    "price": 245.1199951171875,
    "price_change_24h": -2.116445607583695,
    "rsi": 50,
    "position_pct": 34.90365426134858,
    "ta_score": 50,
    "signal_direction": "WAIT",
    "signal_name": "historical_import",
    "confidence": "MEDIUM",
    "hit_tp1": false,
    "hit_sl": false,
    "candles_to_result": 0,
    "max_favorable_pct": 0,
    "max_adverse_pct": 0,
    "outcome_tracked": false
  },
  {
    "symbol": "COIN",
    "timeframe": "historical_1w",
    "timestamp": "2025-12-28",
    "congress_score": 50,
    "insider_score": 50,
    "short_interest_pct": 0,
    "combined_score": 50.0,
    "price": 237.4600067138672,
    "price_change_24h": -4.211370487962421,
    "rsi": 50,
    "position_pct": 32.04875191964679,
    "ta_score": 50,
    "signal_direction": "WAIT",
    "signal_name": "historical_import",
    "confidence": "MEDIUM",
    "hit_tp1": false,
    "hit_sl": false,
    "candles_to_result": 0,
    "max_favorable_pct": 0,
    "max_adverse_pct": 0,
    "outcome_tracked": false
  }
]