[
  {
    "symbol": "COP",
    "timeframe": "historical_1w",
    "timestamp": "2025-06-29",
    "congress_score": 25.0,
    "insider_score": 50,
    "short_interest_pct": 0,
    "combined_score": 43.75,
    "price": 90.16999816894531,
    "price_change_24h": -1.6792072084842928,
    "rsi": 50,
    "position_pct": 32.03923280301869,
    "ta_score": 50,
    "signal_direction": "WAIT",
    "signal_name": "historical_import",
    "confidence": "MEDIUM",
    "hit_tp1": false,
    "hit_sl": true,
    "candles_to_result": 1,
    "max_favorable_pct": 9.759347044978146,
    "max_adverse_pct": 1.630255351618046,
    "outcome_tracked": true
  },
  {
    "symbol": "COP",
    "timeframe": "historical_1w",
    "timestamp": "2025-07-06",
    "congress_score": 33.33333333333333,
    "insider_score": 50,
    "short_interest_pct": 0,
    "combined_score": 45.83333333333333,
    "price": 93.68000030517578,
    "price_change_24h": 4.390464157785472,
    "rsi": 50,
    "position_pct": 47.01364796130099,
    "ta_score": 50,
    "signal_direction": "WAIT",
    "signal_name": "historical_import",
    "confidence": "MEDIUM",
    "hit_tp1": false,
    "hit_sl": true,
    "candles_to_result": 1,
    "max_favorable_pct": 5.6468839648744895,
    "max_adverse_pct": -2.1776269309156207,
    "outcome_tracked": true
  },
  {
    "symbol": "COP",
    "timeframe": "historical_1w",
    "timestamp": "2025-07-13",
    "congress_score": 33.33333333333333,
    "insider_score": 50,
    "short_interest_pct": 0,
    "combined_score": 45.83333333333333,
    "price": 95.61000061035156,
    "price_change_24h": 3.306318160662266,
    "rsi": 50,
    "position_pct": 55.24743948153956,
    "ta_score": 50,
    "signal_direction": "WAIT",
    "signal_name": "historical_import",
    "confidence": "MEDIUM",
    "hit_tp1": true,
    "hit_sl": false,
    "candles_to_result": 1,
    "max_favorable_pct": 3.514277365235975,
    "max_adverse_pct": -4.15228657604809,
    "outcome_tracked": true
  },
  {
    "symbol": "COP",
    "timeframe": "historical_1w",
    "timestamp": "2025-07-20",
    "congress_score": 50.0,
    "insider_score": 50,
    "short_interest_pct": 0,
    "combined_score": 50.0,
    "price": 91.63999938964844,
    "price_change_24h": -2.686629317713207,
    "rsi": 50,
    "position_pct": 38.31057045685567,
    "ta_score": 50,
    "signal_direction": "WAIT",
    "signal_name": "historical_import",
    "confidence": "MEDIUM",
    "hit_tp1": true,
    "hit_sl": false,
    "candles_to_result": 1,
    "max_favorable_pct": 7.998692579522951,
    "max_adverse_pct": 0.3055421007875993,
    "outcome_tracked": true
  },
  {
    "symbol": "COP",
    "timeframe": "historical_1w",
    "timestamp": "2025-07-27",
    "congress_score": 50,
    "insider_score": 50,
    "short_interest_pct": 0,
    "combined_score": 50.0,
    "price": 94.94999694824219,
    "price_change_24h": 4.340655987079327,
    "rsi": 50,
    "position_pct": 52.43172357629901,
    "ta_score": 50,
    "signal_direction": "WAIT",
    "signal_name": "historical_import",
    "confidence": "MEDIUM",
    "hit_tp1": false,
    "hit_sl": true,
    "candles_to_result": 1,
    "max_favorable_pct": 4.23381190275579,
    "max_adverse_pct": -3.191152055485105,
    "outcome_tracked": true
  },
  {
    "symbol": "COP",
    "timeframe": "historical_1w",
    "timestamp": "2025-08-03",
    "congress_score": 50,
    "insider_score": 50,
    "short_interest_pct": 0,
    "combined_score": 50.0,
    "price": 92.76000213623047,
    "price_change_24h": -4.390841738026777,
    "rsi": 50,
    "position_pct": 43.08874022849781,
    "ta_score": 50,
    "signal_direction": "WAIT",
    "signal_name": "historical_import",
    "confidence": "MEDIUM",
    "hit_tp1": true,
    "hit_sl": false,
    "candles_to_result": 3,
    "max_favorable_pct": 6.694694848489161,
    "max_adverse_pct": -5.5196233599290165,
    "outcome_tracked": true
  },
  {
    "symbol": "COP",
    "timeframe": "historical_1w",
    "timestamp": "2025-08-10",
    "congress_score": 50,
    "insider_score": 50,
    "short_interest_pct": 0,
    "combined_score": 50.0,
    "price": 93.91000366210938,
    "price_change_24h": 1.1416318852000016,
    "rsi": 50,
    "position_pct": 47.99489116881113,
    "ta_score": 50,
    "signal_direction": "WAIT",
    "signal_name": "historical_import",
    "confidence": "MEDIUM",
    "hit_tp1": true,
    "hit_sl": false,
    "candles_to_result": 2,
    "max_favorable_pct": 5.388134768687426,
    "max_adverse_pct": -7.91183049242455,
    "outcome_tracked": true
  },
  {
    "symbol": "COP",
    "timeframe": "historical_1w",
    "timestamp": "2025-08-17",
    "congress_score": 0.0,
    "insider_score": 50,
    "short_interest_pct": 0,
    "combined_score": 37.5,
    "price": 95.33000183105469,
    "price_change_24h": 1.9245194859943142,
    "rsi": 50,
    "position_pct": 54.05290517578369,
    "ta_score": 50,
    "signal_direction": "WAIT",
    "signal_name": "historical_import",
    "confidence": "MEDIUM",
    "hit_tp1": false,
    "hit_sl": true,
    "candles_to_result": 2,
    "max_favorable_pct": 3.8183146121189644,
    "max_adverse_pct": -9.28353960362363,
    "outcome_tracked": true
  },
  {
    "symbol": "COP",
    "timeframe": "historical_1w",
    "timestamp": "2025-08-24",
    "congress_score": 25.0,
    "insider_score": 50,
    "short_interest_pct": 0,
    "combined_score": 43.75,
    "price": 96.77999877929688,
    "price_change_24h": 2.9574455098902925,
    "rsi": 50,
    "position_pct": 60.23890035142744,
    "ta_score": 50,
    "signal_direction": "WAIT",
    "signal_name": "historical_import",
    "confidence": "MEDIUM",
    "hit_tp1": false,
    "hit_sl": true,
    "candles_to_result": 1,
    "max_favorable_pct": 2.2628667793233475,
    "max_adverse_pct": -10.64269017594434,
    "outcome_tracked": true
  },
  {
    "symbol": "COP",
    "timeframe": "historical_1w",
    "timestamp": "2025-08-31",
    "congress_score": 25.0,
    "insider_score": 50,
    "short_interest_pct": 0,
    "combined_score": 43.75,
    "price": 98.97000122070312,
    "price_change_24h": 0.8046454604519868,
    "rsi": 50,
    "position_pct": 69.58191624784732,
    "ta_score": 50,
    "signal_direction": "WAIT",
    "signal_name": "historical_import",
    "confidence": "MEDIUM",
    "hit_tp1": true,
    "hit_sl": false,
    "candles_to_result": 1,
    "max_favorable_pct": -0.4950973605394183,
    "max_adverse_pct": -12.61998354018086,
    "outcome_tracked": true
  },
  {
    "symbol": "COP",
    "timeframe": "historical_1w",
    "timestamp": "2025-09-07",
    "congress_score": 25.0,
    "insider_score": 50,
    "short_interest_pct": 0,
    "combined_score": 43.75,
    "price": 92.94999694824219,
    "price_change_24h": -6.101627483455065,
    "rsi": 50,
    "position_pct": 43.89929847962147,
    "ta_score": 50,
    "signal_direction": "WAIT",
    "signal_name": "historical_import",
    "confidence": "MEDIUM",
    "hit_tp1": false,
    "hit_sl": true,
    "candles_to_result": 3,
    "max_favorable_pct": 5.949442270310894,
    "max_adverse_pct": -6.960724909879569,
    "outcome_tracked": true
  },
  {
    "symbol": "COP",
    "timeframe": "historical_1w",
    "timestamp": "2025-09-14",
    "congress_score": 33.33333333333333,
    "insider_score": 50,
    "short_interest_pct": 0,
    "combined_score": 45.83333333333333,
    "price": 92.43000030517578,
    "price_change_24h": 1.12691330645683,
    "rsi": 50,
    "position_pct": 41.680882275877536,
    "ta_score": 50,
    "signal_direction": "WAIT",
    "signal_name": "historical_import",
    "confidence": "MEDIUM",
    "hit_tp1": false,
    "hit_sl": true,
    "candles_to_result": 2,
    "max_favorable_pct": 6.545497167351012,
    "max_adverse_pct": -6.43730058270811,
    "outcome_tracked": true
  },
  {
    "symbol": "COP",
    "timeframe": "historical_1w",
    "timestamp": "2025-09-21",
    "congress_score": 50,
    "insider_score": 50,
    "short_interest_pct": 0,
    "combined_score": 50.0,
    "price": 91.91999816894531,
    "price_change_24h": -0.44406330984331527,
    "rsi": 50,
    "position_pct": 39.50510476261153,
    "ta_score": 50,
    "signal_direction": "WAIT",
    "signal_name": "historical_import",
    "confidence": "MEDIUM",
    "hit_tp1": true,
    "hit_sl": false,
    "candles_to_result": 1,
    "max_favorable_pct": 7.136646343194276,
    "max_adverse_pct": -5.918184204065391,
    "outcome_tracked": true
  },
  {
    "symbol": "COP",
    "timeframe": "historical_1w",
    "timestamp": "2025-09-28",
    "congress_score": 0.0,
    "insider_score": 50,
    "short_interest_pct": 0,
    "combined_score": 37.5,
    "price": 98.4800033569336,
    "price_change_24h": 7.031845528189,
    "rsi": 50,
    "position_pct": 67.49148121277454,
    "ta_score": 50,
    "signal_direction": "WAIT",
    "signal_name": "historical_import",
    "confidence": "MEDIUM",
    "hit_tp1": true,
    "hit_sl": false,
    "candles_to_result": 1,
    "max_favorable_pct": -4.38667703855238,
    "max_adverse_pct": -12.185214856773383,
    "outcome_tracked": true
  },
  {
    "symbol": "COP",
    "timeframe": "historical_1w",
    "timestamp": "2025-10-05",
    "congress_score": 0.0,
    "insider_score": 50,
    "short_interest_pct": 0,
    "combined_score": 37.5,
    "price": 94.16000366210938,
    "price_change_24h": -1.7631662377835164,
    "rsi": 50,
    "position_pct": 49.061444305895826,
    "ta_score": 50,
    "signal_direction": "WAIT",
    "signal_name": "historical_import",
    "confidence": "MEDIUM",
    "hit_tp1": true,
    "hit_sl": false,
    "candles_to_result": 1,
    "max_favorable_pct": 1.4655875103510525,
    "max_adverse_pct": -8.156329658540853,
    "outcome_tracked": true
  },
  {
    "symbol": "COP",
    "timeframe": "historical_1w",
    "timestamp": "2025-10-12",
    "congress_score": 0.0,
    "insider_score": 50,
    "short_interest_pct": 0,
    "combined_score": 37.5,
    "price": 87.63999938964844,
    "price_change_24h": -7.659892521280471,
    "rsi": 50,
    "position_pct": 21.245720263500598,
    "ta_score": 50,
    "signal_direction": "WAIT",
    "signal_name": "historical_import",
    "confidence": "MEDIUM",
    "hit_tp1": false,
    "hit_sl": true,
    "candles_to_result": 5,
    "max_favorable_pct": 9.014150594359785,
    "max_adverse_pct": -1.3235920136848565,
    "outcome_tracked": true
  },
  {
    "symbol": "COP",
    "timeframe": "historical_1w",
    "timestamp": "2025-10-19",
    "congress_score": 0.0,
    "insider_score": 50,
    "short_interest_pct": 0,
    "combined_score": 37.5,
    "price": 86.4800033569336,
    "price_change_24h": -2.590668454592985,
    "rsi": 50,
    "position_pct": 16.296930632709344,
    "ta_score": 50,
    "signal_direction": "WAIT",
    "signal_name": "historical_import",
    "confidence": "MEDIUM",
    "hit_tp1": false,
    "hit_sl": true,
    "candles_to_result": 2,
    "max_favorable_pct": 10.476407501049616,
    "max_adverse_pct": 0.40471607369917195,
    "outcome_tracked": true
  },
  {
    "symbol": "COP",
    "timeframe": "historical_1w",
    "timestamp": "2025-10-26",
    "congress_score": 0.0,
    "insider_score": 50,
    "short_interest_pct": 0,
    "combined_score": 37.5,
    "price": 88.02999877929688,
    "price_change_24h": 1.1141755661666402,
    "rsi": 50,
    "position_pct": 22.909540553463223,
    "ta_score": 50,
    "signal_direction": "WAIT",
    "signal_name": "historical_import",
    "confidence": "MEDIUM",
    "hit_tp1": false,
    "hit_sl": false,
    "candles_to_result": 0,
    "max_favorable_pct": 0,
    "max_adverse_pct": 0,
    "outcome_tracked": false
  },
  {
    "symbol": "COP",
    "timeframe": "historical_1w",
    "timestamp": "2025-11-02",
    "congress_score": 20.0,
    "insider_score": 50,
    "short_interest_pct": 0,
    "combined_score": 42.5,
    "price": 88.86000061035156,
    "price_change_24h": 0.19167681166501616,
    "rsi": 50,
    "position_pct": 26.45050478025288,
    "ta_score": 50,
    "signal_direction": "WAIT",
    "signal_name": "historical_import",
    "confidence": "MEDIUM",
    "hit_tp1": false,
    "hit_sl": false,
    "candles_to_result": 0,
    "max_favorable_pct": 0,
    "max_adverse_pct": 0,
    "outcome_tracked": false
  },
  {
    "symbol": "COP",
    "timeframe": "historical_1w",
    "timestamp": "2025-11-09",
    "congress_score": 20.0,
    "insider_score": 50,
    "short_interest_pct": 0,
    "combined_score": 42.5,
    "price": 86.83000183105469,
    "price_change_24h": -1.9645454101443467,
    "rsi": 50,
    "position_pct": 17.790098514904177,
    "ta_score": 50,
    "signal_direction": "WAIT",
    "signal_name": "historical_import",
    "confidence": "MEDIUM",
    "hit_tp1": false,
    "hit_sl": false,
    "candles_to_result": 0,
    "max_favorable_pct": 0,
    "max_adverse_pct": 0,
    "outcome_tracked": false
  },
  {
    "symbol": "COP",
    "timeframe": "historical_1w",
    "timestamp": "2025-11-16",
    "congress_score": 16.666666666666664,
    "insider_score": 50,
    "short_interest_pct": 0,
    "combined_score": 41.666666666666664,
    "price": 91.37000274658203,
    "price_change_24h": 3.558879372298788,
    "rsi": 50,
    "position_pct": 37.15870739019642,
    "ta_score": 50,
    "signal_direction": "WAIT",
    "signal_name": "historical_import",
    "confidence": "MEDIUM",
    "hit_tp1": false,
    "hit_sl": false,
    "candles_to_result": 0,
    "max_favorable_pct": 0,
    "max_adverse_pct": 0,
    "outcome_tracked": false
  },
  {
    "symbol": "COP",
    "timeframe": "historical_1w",
    "timestamp": "2025-11-23",
    "congress_score": 16.666666666666664,
    "insider_score": 50,
    "short_interest_pct": 0,
    "combined_score": 41.666666666666664,
    "price": 87.37000274658203,
    "price_change_24h": -1.5216393773065762,
    "rsi": 50,
    "position_pct": 20.093857196841352,
    "ta_score": 50,
    "signal_direction": "WAIT",
    "signal_name": "historical_import",
    "confidence": "MEDIUM",
    "hit_tp1": false,
    "hit_sl": false,
    "candles_to_result": 0,
    "max_favorable_pct": 0,
    "max_adverse_pct": 0,
    "outcome_tracked": false
  },
  {
    "symbol": "COP",
    "timeframe": "historical_1w",
    "timestamp": "2025-11-30",
    "congress_score": 0.0,
    "insider_score": 50,
    "short_interest_pct": 0,
    "combined_score": 37.5,
    "price": 88.69000244140625,
    "price_change_24h": 1.2905492397442324,
    "rsi": 50,
    "position_pct": 25.725256458703775,
    "ta_score": 50,
    "signal_direction": "WAIT",
    "signal_name": "historical_import",
    "confidence": "MEDIUM",
    "hit_tp1": false,
    "hit_sl": false,
    "candles_to_result": 0,
    "max_favorable_pct": 0,
    "max_adverse_pct": 0,
    "outcome_tracked": false
  },
  {
    "symbol": "COP",
    "timeframe": "historical_1w",
    "timestamp": "2025-12-07",
    "congress_score": 0.0,
    "insider_score": 50,
    "short_interest_pct": 0,
    "combined_score": 37.5,
    "price": 93.69000244140625,
    "price_change_24h": 3.8001331974254136,
    "rsi": 50,
    "position_pct": 47.05631920039761,
    "ta_score": 50,
    "signal_direction": "WAIT",
    "signal_name": "historical_import",
    "confidence": "MEDIUM",
    "hit_tp1": false,
    "hit_sl": false,
    "candles_to_result": 0,
    "max_favorable_pct": 0,
    "max_adverse_pct": 0,
    "outcome_tracked": false
  },
  {
    "symbol": "COP",
    "timeframe": "historical_1w",
    "timestamp": "2025-12-14",
    "congress_score": 50,
    "insider_score": 50,
    "short_interest_pct": 0,
    "combined_score": 50.0,
    "price": 95.54000091552734,
    "price_change_24h": 2.863914449579172,
    "rsi": 50,
    "position_pct": 54.94880590510059,
    "ta_score": 50,
    "signal_direction": "WAIT",
    "signal_name": "historical_import",
    "confidence": "MEDIUM",
    "hit_tp1": false,
    "hit_sl": false,
    "candles_to_result": 0,
    "max_favorable_pct": 0,
    "max_adverse_pct": 0,
    "outcome_tracked": false
  },
  {
    "symbol": "COP",
    "timeframe": "historical_1w",
    "timestamp": "2025-12-21",
    "congress_score": 50,
    "insider_score": 50,
    "short_interest_pct": 0,
    "combined_score": 50.0,
    "price": 91.94000244140625,
    "price_change_24h": -2.5646440793683416,
    "rsi": 50,
    "position_pct": 39.59044724080477,
    "ta_score": 50,
    "signal_direction": "WAIT",
    "signal_name": "historical_import",
    "confidence": "MEDIUM",
    "hit_tp1": false,
    "hit_sl": false,
    "candles_to_result": 0,
    "max_favorable_pct": 0,
    "max_adverse_pct": 0,
    "outcome_tracked": false
  },
  {
    "symbol": "COP",
    "timeframe": "historical_1w",
    "timestamp": "2025-12-28",
    "congress_score": 50,
    "insider_score": 50,
    "short_interest_pct": 0,
    "combined_score": 50.0,
    "price": 90.93499755859375,
    "price_change_24h": -2.5452792435329616,
    "rsi": 50,
    "position_pct": 35.30288279860835,
    "ta_score": 50,
    "signal_direction": "WAIT",
    "signal_name": "historical_import",
    "confidence": "MEDIUM",
    "hit_tp1": false,
    "hit_sl": false,
    "candles_to_result": 0,
    "max_favorable_pct": 0,
    "max_adverse_pct": 0,
    "outcome_tracked": false
  }
]