[
  {
    "symbol": "COST",
    "timeframe": "historical_1w",
    "timestamp": "2025-06-29",
    "congress_score": 50.0,
    "insider_score": 50,
    "short_interest_pct": 0,
    "combined_score": 50.0,
    "price": 985.1400146484375,
    "price_change_24h": -1.9253709577454519,
    "rsi": 50,
    "position_pct": 50.75173136140128,
    "ta_score": 50,
    "signal_direction": "WAIT",
    "signal_name": "historical_import",
    "confidence": "MEDIUM",
    "hit_tp1": false,
    "hit_sl": true,
    "candles_to_result": 3,
    "max_favorable_pct": 0.190836313098439,
    "max_adverse_pct": -5.040911285834781,
    "outcome_tracked": true
  },
  {
    "symbol": "COST",
    "timeframe": "historical_1w",
    "timestamp": "2025-07-06",
    "congress_score": 50.0,
    "insider_score": 50,
    "short_interest_pct": 0,
    "combined_score": 50.0,
    "price": 987.02001953125,
    "price_change_24h": -0.29496564468098474,
    "rsi": 50,
    "position_pct": 51.761184207939024,
    "ta_score": 50,
    "signal_direction": "WAIT",
    "signal_name": "historical_import",
    "confidence": "MEDIUM",
    "hit_tp1": false,
    "hit_sl": true,
    "candles_to_result": 2,
    "max_favorable_pct": -0.6119469659154939,
    "max_adverse_pct": -5.221782541652712,
    "outcome_tracked": true
  },
  {
    "symbol": "COST",
    "timeframe": "historical_1w",
    "timestamp": "2025-07-13",
    "congress_score": 50.0,
    "insider_score": 50,
    "short_interest_pct": 0,
    "combined_score": 50.0,
    "price": 970.3300170898438,
    "price_change_24h": -2.202218926730314,
    "rsi": 50,
    "position_pct": 42.799627444323114,
    "ta_score": 50,
    "signal_direction": "WAIT",
    "signal_name": "historical_import",
    "confidence": "MEDIUM",
    "hit_tp1": false,
    "hit_sl": true,
    "candles_to_result": 2,
    "max_favorable_pct": 1.0975609525970338,
    "max_adverse_pct": -3.591565344501442,
    "outcome_tracked": true
  },
  {
    "symbol": "COST",
    "timeframe": "historical_1w",
    "timestamp": "2025-07-20",
    "congress_score": 0.0,
    "insider_score": 50,
    "short_interest_pct": 0,
    "combined_score": 37.5,
    "price": 950.9500122070312,
    "price_change_24h": -3.0543028165425308,
    "rsi": 50,
    "position_pct": 32.39369644184421,
    "ta_score": 50,
    "signal_direction": "WAIT",
    "signal_name": "historical_import",
    "confidence": "MEDIUM",
    "hit_tp1": false,
    "hit_sl": true,
    "candles_to_result": 3,
    "max_favorable_pct": 3.1578913587711197,
    "max_adverse_pct": -3.680529949073722,
    "outcome_tracked": true
  },
  {
    "symbol": "COST",
    "timeframe": "historical_1w",
    "timestamp": "2025-07-27",
    "congress_score": 0.0,
    "insider_score": 50,
    "short_interest_pct": 0,
    "combined_score": 37.5,
    "price": 935.47998046875,
    "price_change_24h": -1.274855114290192,
    "rsi": 50,
    "position_pct": 24.08719271038843,
    "ta_score": 50,
    "signal_direction": "WAIT",
    "signal_name": "historical_import",
    "confidence": "MEDIUM",
    "hit_tp1": false,
    "hit_sl": true,
    "candles_to_result": 2,
    "max_favorable_pct": 4.863813331120231,
    "max_adverse_pct": -2.1486270156060217,
    "outcome_tracked": true
  },
  {
    "symbol": "COST",
    "timeframe": "historical_1w",
    "timestamp": "2025-08-03",
    "congress_score": 0.0,
    "insider_score": 50,
    "short_interest_pct": 0,
    "combined_score": 37.5,
    "price": 952.52001953125,
    "price_change_24h": 1.9839644418699909,
    "rsi": 50,
    "position_pct": 33.23669870051217,
    "ta_score": 50,
    "signal_direction": "WAIT",
    "signal_name": "historical_import",
    "confidence": "MEDIUM",
    "hit_tp1": false,
    "hit_sl": true,
    "candles_to_result": 1,
    "max_favorable_pct": 2.987859609660025,
    "max_adverse_pct": -3.899132184824281,
    "outcome_tracked": true
  },
  {
    "symbol": "COST",
    "timeframe": "historical_1w",
    "timestamp": "2025-08-10",
    "congress_score": 50,
    "insider_score": 50,
    "short_interest_pct": 0,
    "combined_score": 50.0,
    "price": 980.97998046875,
    "price_change_24h": 2.6806353017629707,
    "rsi": 50,
    "position_pct": 48.51803591583545,
    "ta_score": 50,
    "signal_direction": "WAIT",
    "signal_name": "historical_import",
    "confidence": "MEDIUM",
    "hit_tp1": false,
    "hit_sl": true,
    "candles_to_result": 2,
    "max_favorable_pct": -0.9113338314136006,
    "max_adverse_pct": -6.687188005059115,
    "outcome_tracked": true
  },
  {
    "symbol": "COST",
    "timeframe": "historical_1w",
    "timestamp": "2025-08-17",
    "congress_score": 50,
    "insider_score": 50,
    "short_interest_pct": 0,
    "combined_score": 50.0,
    "price": 972.0399780273438,
    "price_change_24h": -1.689019597869467,
    "rsi": 50,
    "position_pct": 43.7177766212792,
    "ta_score": 50,
    "signal_direction": "WAIT",
    "signal_name": "historical_import",
    "confidence": "MEDIUM",
    "hit_tp1": false,
    "hit_sl": true,
    "candles_to_result": 2,
    "max_favorable_pct": -0.4259036363589556,
    "max_adverse_pct": -5.8289756003160385,
    "outcome_tracked": true
  },
  {
    "symbol": "COST",
    "timeframe": "historical_1w",
    "timestamp": "2025-08-24",
    "congress_score": 50,
    "insider_score": 50,
    "short_interest_pct": 0,
    "combined_score": 50.0,
    "price": 958.5399780273438,
    "price_change_24h": -2.124878549789445,
    "rsi": 50,
    "position_pct": 36.46906490098173,
    "ta_score": 50,
    "signal_direction": "WAIT",
    "signal_name": "historical_import",
    "confidence": "MEDIUM",
    "hit_tp1": false,
    "hit_sl": true,
    "candles_to_result": 5,
    "max_favorable_pct": 0.976489932739325,
    "max_adverse_pct": -4.912676247184047,
    "outcome_tracked": true
  },
  {
    "symbol": "COST",
    "timeframe": "historical_1w",
    "timestamp": "2025-08-31",
    "congress_score": 50,
    "insider_score": 50,
    "short_interest_pct": 0,
    "combined_score": 50.0,
    "price": 943.3200073242188,
    "price_change_24h": 0.184794728307087,
    "rsi": 50,
    "position_pct": 28.29682934406867,
    "ta_score": 50,
    "signal_direction": "WAIT",
    "signal_name": "historical_import",
    "confidence": "MEDIUM",
    "hit_tp1": false,
    "hit_sl": true,
    "candles_to_result": 4,
    "max_favorable_pct": 2.605692331234061,
    "max_adverse_pct": -3.37849243838139,
    "outcome_tracked": true
  },
  {
    "symbol": "COST",
    "timeframe": "historical_1w",
    "timestamp": "2025-09-07",
    "congress_score": 50,
    "insider_score": 50,
    "short_interest_pct": 0,
    "combined_score": 50.0,
    "price": 963.47998046875,
    "price_change_24h": 2.626698723093467,
    "rsi": 50,
    "position_pct": 39.12155775989429,
    "ta_score": 50,
    "signal_direction": "WAIT",
    "signal_name": "historical_import",
    "confidence": "MEDIUM",
    "hit_tp1": false,
    "hit_sl": true,
    "candles_to_result": 3,
    "max_favorable_pct": 0.4587582549626066,
    "max_adverse_pct": -5.400212699427886,
    "outcome_tracked": true
  },
  {
    "symbol": "COST",
    "timeframe": "historical_1w",
    "timestamp": "2025-09-14",
    "congress_score": 50,
    "insider_score": 50,
    "short_interest_pct": 0,
    "combined_score": 50.0,
    "price": 967.9000244140625,
    "price_change_24h": -0.406436309214654,
    "rsi": 50,
    "position_pct": 41.49486326734737,
    "ta_score": 50,
    "signal_direction": "WAIT",
    "signal_name": "historical_import",
    "confidence": "MEDIUM",
    "hit_tp1": false,
    "hit_sl": true,
    "candles_to_result": 2,
    "max_favorable_pct": -1.7295227655010312,
    "max_adverse_pct": -7.117472146995908,
    "outcome_tracked": true
  },
  {
    "symbol": "COST",
    "timeframe": "historical_1w",
    "timestamp": "2025-09-21",
    "congress_score": 50,
    "insider_score": 50,
    "short_interest_pct": 0,
    "combined_score": 50.0,
    "price": 951.1599731445312,
    "price_change_24h": -0.9311532828599722,
    "rsi": 50,
    "position_pct": 32.50643320543391,
    "ta_score": 50,
    "signal_direction": "WAIT",
    "signal_name": "historical_import",
    "confidence": "MEDIUM",
    "hit_tp1": false,
    "hit_sl": true,
    "candles_to_result": 1,
    "max_favorable_pct": -1.5591442526391983,
    "max_adverse_pct": -5.48277522723109,
    "outcome_tracked": true
  },
  {
    "symbol": "COST",
    "timeframe": "historical_1w",
    "timestamp": "2025-09-28",
    "congress_score": 0.0,
    "insider_score": 50,
    "short_interest_pct": 0,
    "combined_score": 37.5,
    "price": 915.9500122070312,
    "price_change_24h": -2.895277789353071,
    "rsi": 50,
    "position_pct": 13.600740129961892,
    "ta_score": 50,
    "signal_direction": "WAIT",
    "signal_name": "historical_import",
    "confidence": "MEDIUM",
    "hit_tp1": false,
    "hit_sl": true,
    "candles_to_result": 3,
    "max_favorable_pct": 2.2250127857639055,
    "max_adverse_pct": -2.322181259651794,
    "outcome_tracked": true
  },
  {
    "symbol": "COST",
    "timeframe": "historical_1w",
    "timestamp": "2025-10-05",
    "congress_score": 0.0,
    "insider_score": 50,
    "short_interest_pct": 0,
    "combined_score": 37.5,
    "price": 915.3800048828125,
    "price_change_24h": -0.16250834276505696,
    "rsi": 50,
    "position_pct": 13.294679480204866,
    "ta_score": 50,
    "signal_direction": "WAIT",
    "signal_name": "historical_import",
    "confidence": "MEDIUM",
    "hit_tp1": false,
    "hit_sl": true,
    "candles_to_result": 2,
    "max_favorable_pct": 2.2886683230221183,
    "max_adverse_pct": -3.376743430576094,
    "outcome_tracked": true
  },
  {
    "symbol": "COST",
    "timeframe": "historical_1w",
    "timestamp": "2025-10-12",
    "congress_score": 25.0,
    "insider_score": 50,
    "short_interest_pct": 0,
    "combined_score": 43.75,
    "price": 930.010009765625,
    "price_change_24h": 2.0934427375139206,
    "rsi": 50,
    "position_pct": 21.150137840356876,
    "ta_score": 50,
    "signal_direction": "WAIT",
    "signal_name": "historical_import",
    "confidence": "MEDIUM",
    "hit_tp1": true,
    "hit_sl": false,
    "candles_to_result": 6,
    "max_favorable_pct": 0.6795633657546843,
    "max_adverse_pct": -7.998840213255853,
    "outcome_tracked": true
  },
  {
    "symbol": "COST",
    "timeframe": "historical_1w",
    "timestamp": "2025-10-19",
    "congress_score": 33.33333333333333,
    "insider_score": 50,
    "short_interest_pct": 0,
    "combined_score": 45.83333333333333,
    "price": 936.3300170898438,
    "price_change_24h": 0.08230573488171976,
    "rsi": 50,
    "position_pct": 24.543612741351716,
    "ta_score": 50,
    "signal_direction": "WAIT",
    "signal_name": "historical_import",
    "confidence": "MEDIUM",
    "hit_tp1": true,
    "hit_sl": false,
    "candles_to_result": 5,
    "max_favorable_pct": -0.44749205567807904,
    "max_adverse_pct": -8.619826396627406,
    "outcome_tracked": true
  },
  {
    "symbol": "COST",
    "timeframe": "historical_1w",
    "timestamp": "2025-10-26",
    "congress_score": 40.0,
    "insider_score": 50,
    "short_interest_pct": 0,
    "combined_score": 47.5,
    "price": 932.1400146484375,
    "price_change_24h": -0.4240923358630824,
    "rsi": 50,
    "position_pct": 22.293826089122344,
    "ta_score": 50,
    "signal_direction": "WAIT",
    "signal_name": "historical_import",
    "confidence": "MEDIUM",
    "hit_tp1": false,
    "hit_sl": false,
    "candles_to_result": 0,
    "max_favorable_pct": 0,
    "max_adverse_pct": 0,
    "outcome_tracked": false
  },
  {
    "symbol": "COST",
    "timeframe": "historical_1w",
    "timestamp": "2025-11-02",
    "congress_score": 50.0,
    "insider_score": 50,
    "short_interest_pct": 0,
    "combined_score": 50.0,
    "price": 911.4500122070312,
    "price_change_24h": -1.978809900738198,
    "rsi": 50,
    "position_pct": 11.184502889862737,
    "ta_score": 50,
    "signal_direction": "WAIT",
    "signal_name": "historical_import",
    "confidence": "MEDIUM",
    "hit_tp1": false,
    "hit_sl": false,
    "candles_to_result": 0,
    "max_favorable_pct": 0,
    "max_adverse_pct": 0,
    "outcome_tracked": false
  },
  {
    "symbol": "COST",
    "timeframe": "historical_1w",
    "timestamp": "2025-11-09",
    "congress_score": 75.0,
    "insider_score": 50,
    "short_interest_pct": 0,
    "combined_score": 56.25,
    "price": 922.739990234375,
    "price_change_24h": -0.5710947716104307,
    "rsi": 50,
    "position_pct": 17.246561856433665,
    "ta_score": 50,
    "signal_direction": "WAIT",
    "signal_name": "historical_import",
    "confidence": "MEDIUM",
    "hit_tp1": false,
    "hit_sl": false,
    "candles_to_result": 0,
    "max_favorable_pct": 0,
    "max_adverse_pct": 0,
    "outcome_tracked": false
  },
  {
    "symbol": "COST",
    "timeframe": "historical_1w",
    "timestamp": "2025-11-16",
    "congress_score": 80.0,
    "insider_score": 50,
    "short_interest_pct": 0,
    "combined_score": 57.5,
    "price": 922.97998046875,
    "price_change_24h": 0.8104310946242917,
    "rsi": 50,
    "position_pct": 17.375422599001887,
    "ta_score": 50,
    "signal_direction": "WAIT",
    "signal_name": "historical_import",
    "confidence": "MEDIUM",
    "hit_tp1": false,
    "hit_sl": false,
    "candles_to_result": 0,
    "max_favorable_pct": 0,
    "max_adverse_pct": 0,
    "outcome_tracked": false
  },
  {
    "symbol": "COST",
    "timeframe": "historical_1w",
    "timestamp": "2025-11-23",
    "congress_score": 100.0,
    "insider_score": 50,
    "short_interest_pct": 0,
    "combined_score": 62.5,
    "price": 899.010009765625,
    "price_change_24h": -1.48807423818083,
    "rsi": 50,
    "position_pct": 4.515211928889099,
    "ta_score": 50,
    "signal_direction": "WAIT",
    "signal_name": "historical_import",
    "confidence": "MEDIUM",
    "hit_tp1": false,
    "hit_sl": false,
    "candles_to_result": 0,
    "max_favorable_pct": 0,
    "max_adverse_pct": 0,
    "outcome_tracked": false
  },
  {
    "symbol": "COST",
    "timeframe": "historical_1w",
    "timestamp": "2025-11-30",
    "congress_score": 100.0,
    "insider_score": 50,
    "short_interest_pct": 0,
    "combined_score": 62.5,
    "price": 913.5900268554688,
    "price_change_24h": 3.100035197224998,
    "rsi": 50,
    "position_pct": 14.401820879054771,
    "ta_score": 50,
    "signal_direction": "WAIT",
    "signal_name": "historical_import",
    "confidence": "MEDIUM",
    "hit_tp1": false,
    "hit_sl": false,
    "candles_to_result": 0,
    "max_favorable_pct": 0,
    "max_adverse_pct": 0,
    "outcome_tracked": false
  },
  {
    "symbol": "COST",
    "timeframe": "historical_1w",
    "timestamp": "2025-12-07",
    "congress_score": 100.0,
    "insider_score": 50,
    "short_interest_pct": 0,
    "combined_score": 62.5,
    "price": 894.6799926757812,
    "price_change_24h": -1.894823115107245,
    "rsi": 50,
    "position_pct": 4.487783368383058,
    "ta_score": 50,
    "signal_direction": "WAIT",
    "signal_name": "historical_import",
    "confidence": "MEDIUM",
    "hit_tp1": false,
    "hit_sl": false,
    "candles_to_result": 0,
    "max_favorable_pct": 0,
    "max_adverse_pct": 0,
    "outcome_tracked": false
  },
  {
    "symbol": "COST",
    "timeframe": "historical_1w",
    "timestamp": "2025-12-14",
    "congress_score": 50,
    "insider_score": 50,
    "short_interest_pct": 0,
    "combined_score": 50.0,
    "price": 884.469970703125,
    "price_change_24h": -0.34365972158418523,
    "rsi": 50,
    "position_pct": 4.969126674245939,
    "ta_score": 50,
    "signal_direction": "WAIT",
    "signal_name": "historical_import",
    "confidence": "MEDIUM",
    "hit_tp1": false,
    "hit_sl": false,
    "candles_to_result": 0,
    "max_favorable_pct": 0,
    "max_adverse_pct": 0,
    "outcome_tracked": false
  },
  {
    "symbol": "COST",
    "timeframe": "historical_1w",
    "timestamp": "2025-12-21",
    "congress_score": 50,
    "insider_score": 50,
    "short_interest_pct": 0,
    "combined_score": 50.0,
    "price": 855.6199951171875,
    "price_change_24h": -0.5740450933602564,
    "rsi": 50,
    "position_pct": 0.0,
    "ta_score": 50,
    "signal_direction": "WAIT",
    "signal_name": "historical_import",
    "confidence": "MEDIUM",
    "hit_tp1": false,
    "hit_sl": false,
    "candles_to_result": 0,
    "max_favorable_pct": 0,
    "max_adverse_pct": 0,
    "outcome_tracked": false
  },
  {
    "symbol": "COST",
    "timeframe": "historical_1w",
    "timestamp": "2025-12-28",
    "congress_score": 50,
    "insider_score": 50,
    "short_interest_pct": 0,
    "combined_score": 50.0,
    "price": 872.0700073242188,
    "price_change_24h": 2.596471449908088,
    "rsi": 50,
    "position_pct": 9.728470752573266,
    "ta_score": 50,
    "signal_direction": "WAIT",
    "signal_name": "historical_import",
    "confidence": "MEDIUM",
    "hit_tp1": false,
    "hit_sl": false,
    "candles_to_result": 0,
    "max_favorable_pct": 0,
    "max_adverse_pct": 0,
    "outcome_tracked": false
  }
]