[
  {
    "symbol": "CRM",
    "timeframe": "historical_1w",
    "timestamp": "2025-06-29",
    "congress_score": 75.0,
    "insider_score": 50,
    "short_interest_pct": 0,
    "combined_score": 56.25,
    "price": 273.4200134277344,
    "price_change_24h": 3.800163101802844,
    "rsi": 50,
    "position_pct": 30.042860055989596,
    "ta_score": 50,
    "signal_direction": "WAIT",
    "signal_name": "historical_import",
    "confidence": "MEDIUM",
    "hit_tp1": false,
    "hit_sl": true,
    "candles_to_result": 2,
    "max_favorable_pct": -0.4644939905197062,
    "max_adverse_pct": -12.03643380318853,
    "outcome_tracked": true
  },
  {
    "symbol": "CRM",
    "timeframe": "historical_1w",
    "timestamp": "2025-07-06",
    "congress_score": 75.0,
    "insider_score": 50,
    "short_interest_pct": 0,
    "combined_score": 56.25,
    "price": 272.1499938964844,
    "price_change_24h": -0.19803019549200682,
    "rsi": 50,
    "position_pct": 29.016083962927404,
    "ta_score": 50,
    "signal_direction": "WAIT",
    "signal_name": "historical_import",
    "confidence": "MEDIUM",
    "hit_tp1": false,
    "hit_sl": true,
    "candles_to_result": 1,
    "max_favorable_pct": -1.1170342138894847,
    "max_adverse_pct": -11.625941612801617,
    "outcome_tracked": true
  },
  {
    "symbol": "CRM",
    "timeframe": "historical_1w",
    "timestamp": "2025-07-13",
    "congress_score": 50.0,
    "insider_score": 50,
    "short_interest_pct": 0,
    "combined_score": 50.0,
    "price": 258.07000732421875,
    "price_change_24h": -4.347657894540385,
    "rsi": 50,
    "position_pct": 17.63279949579017,
    "ta_score": 50,
    "signal_direction": "WAIT",
    "signal_name": "historical_import",
    "confidence": "MEDIUM",
    "hit_tp1": true,
    "hit_sl": false,
    "candles_to_result": 2,
    "max_favorable_pct": 4.277900458798373,
    "max_adverse_pct": -6.804360180965083,
    "outcome_tracked": true
  },
  {
    "symbol": "CRM",
    "timeframe": "historical_1w",
    "timestamp": "2025-07-20",
    "congress_score": 20.0,
    "insider_score": 50,
    "short_interest_pct": 0,
    "combined_score": 42.5,
    "price": 262.3800048828125,
    "price_change_24h": 1.0397459500864594,
    "rsi": 50,
    "position_pct": 21.117314769318945,
    "ta_score": 50,
    "signal_direction": "WAIT",
    "signal_name": "historical_import",
    "confidence": "MEDIUM",
    "hit_tp1": false,
    "hit_sl": true,
    "candles_to_result": 1,
    "max_favorable_pct": 2.5649745954368095,
    "max_adverse_pct": -8.33524276582906,
    "outcome_tracked": true
  },
  {
    "symbol": "CRM",
    "timeframe": "historical_1w",
    "timestamp": "2025-07-27",
    "congress_score": 0.0,
    "insider_score": 50,
    "short_interest_pct": 0,
    "combined_score": 37.5,
    "price": 269.1099853515625,
    "price_change_24h": 2.6040821275178194,
    "rsi": 50,
    "position_pct": 26.55832010983267,
    "ta_score": 50,
    "signal_direction": "WAIT",
    "signal_name": "historical_import",
    "confidence": "MEDIUM",
    "hit_tp1": true,
    "hit_sl": false,
    "candles_to_result": 1,
    "max_favorable_pct": -4.778709840425411,
    "max_adverse_pct": -10.627621567948818,
    "outcome_tracked": true
  },
  {
    "symbol": "CRM",
    "timeframe": "historical_1m",
    "timestamp": "2025-07-28",
    "congress_score": 37.5,
    "insider_score": 50,
    "short_interest_pct": 0,
    "combined_score": 46.875,
    "price": 0,
    "price_change_24h": 0,
    "rsi": 50,
    "position_pct": 50,
    "ta_score": 50,
    "signal_direction": "WAIT",
    "signal_name": "quiver_only_import",
    "confidence": "LOW",
    "hit_tp1": false,
    "hit_sl": false,
    "candles_to_result": 0,
    "max_favorable_pct": 0,
    "max_adverse_pct": 0,
    "outcome_tracked": false
  },
  {
    "symbol": "CRM",
    "timeframe": "historical_1w",
    "timestamp": "2025-08-03",
    "congress_score": 0.0,
    "insider_score": 50,
    "short_interest_pct": 0,
    "combined_score": 37.5,
    "price": 250.74000549316406,
    "price_change_24h": -7.219239410485083,
    "rsi": 50,
    "position_pct": 11.706693276918546,
    "ta_score": 50,
    "signal_direction": "WAIT",
    "signal_name": "historical_import",
    "confidence": "MEDIUM",
    "hit_tp1": true,
    "hit_sl": false,
    "candles_to_result": 1,
    "max_favorable_pct": 2.197493174652641,
    "max_adverse_pct": -4.079927718836644,
    "outcome_tracked": true
  },
  {
    "symbol": "CRM",
    "timeframe": "historical_1w",
    "timestamp": "2025-08-10",
    "congress_score": 16.666666666666664,
    "insider_score": 50,
    "short_interest_pct": 0,
    "combined_score": 41.666666666666664,
    "price": 240.50999450683594,
    "price_change_24h": -4.680569306661255,
    "rsi": 50,
    "position_pct": 3.4360088865872065,
    "ta_score": 50,
    "signal_direction": "WAIT",
    "signal_name": "historical_import",
    "confidence": "MEDIUM",
    "hit_tp1": false,
    "hit_sl": true,
    "candles_to_result": 2,
    "max_favorable_pct": 6.544428860612979,
    "max_adverse_pct": -0.06236493281368055,
    "outcome_tracked": true
  },
  {
    "symbol": "CRM",
    "timeframe": "historical_1w",
    "timestamp": "2025-08-17",
    "congress_score": 33.33333333333333,
    "insider_score": 50,
    "short_interest_pct": 0,
    "combined_score": 45.83333333333333,
    "price": 242.44000244140625,
    "price_change_24h": 4.194606357592893,
    "rsi": 50,
    "position_pct": 8.402835810492727,
    "ta_score": 50,
    "signal_direction": "WAIT",
    "signal_name": "historical_import",
    "confidence": "MEDIUM",
    "hit_tp1": false,
    "hit_sl": true,
    "candles_to_result": 1,
    "max_favorable_pct": 5.696253679064946,
    "max_adverse_pct": -0.8579449802461496,
    "outcome_tracked": true
  },
  {
    "symbol": "CRM",
    "timeframe": "historical_1w",
    "timestamp": "2025-08-24",
    "congress_score": 33.33333333333333,
    "insider_score": 50,
    "short_interest_pct": 0,
    "combined_score": 45.83333333333333,
    "price": 248.2899932861328,
    "price_change_24h": 1.7707062523320987,
    "rsi": 50,
    "position_pct": 12.962809662765205,
    "ta_score": 50,
    "signal_direction": "WAIT",
    "signal_name": "historical_import",
    "confidence": "MEDIUM",
    "hit_tp1": false,
    "hit_sl": true,
    "candles_to_result": 1,
    "max_favorable_pct": 3.2059313420231024,
    "max_adverse_pct": -3.1938430424953204,
    "outcome_tracked": true
  },
  {
    "symbol": "CRM",
    "timeframe": "historical_1m",
    "timestamp": "2025-08-28",
    "congress_score": 11.11111111111111,
    "insider_score": 50,
    "short_interest_pct": 0,
    "combined_score": 40.27777777777778,
    "price": 0,
    "price_change_24h": 0,
    "rsi": 50,
    "position_pct": 50,
    "ta_score": 50,
    "signal_direction": "WAIT",
    "signal_name": "quiver_only_import",
    "confidence": "LOW",
    "hit_tp1": false,
    "hit_sl": false,
    "candles_to_result": 0,
    "max_favorable_pct": 0,
    "max_adverse_pct": 0,
    "outcome_tracked": false
  },
  {
    "symbol": "CRM",
    "timeframe": "historical_1w",
    "timestamp": "2025-08-31",
    "congress_score": 20.0,
    "insider_score": 50,
    "short_interest_pct": 0,
    "combined_score": 42.5,
    "price": 256.25,
    "price_change_24h": 3.3808064904550537,
    "rsi": 50,
    "position_pct": 19.167506976414476,
    "ta_score": 50,
    "signal_direction": "WAIT",
    "signal_name": "historical_import",
    "confidence": "MEDIUM",
    "hit_tp1": true,
    "hit_sl": false,
    "candles_to_result": 2,
    "max_favorable_pct": -0.5541456269054879,
    "max_adverse_pct": -6.200975371570122,
    "outcome_tracked": true
  },
  {
    "symbol": "CRM",
    "timeframe": "historical_1w",
    "timestamp": "2025-09-07",
    "congress_score": 25.0,
    "insider_score": 50,
    "short_interest_pct": 0,
    "combined_score": 43.75,
    "price": 250.75999450683594,
    "price_change_24h": -0.8305015021935641,
    "rsi": 50,
    "position_pct": 14.888135920607201,
    "ta_score": 50,
    "signal_direction": "WAIT",
    "signal_name": "historical_import",
    "confidence": "MEDIUM",
    "hit_tp1": true,
    "hit_sl": false,
    "candles_to_result": 1,
    "max_favorable_pct": 3.84830489977155,
    "max_adverse_pct": -4.14738958538335,
    "outcome_tracked": true
  },
  {
    "symbol": "CRM",
    "timeframe": "historical_1w",
    "timestamp": "2025-09-14",
    "congress_score": 25.0,
    "insider_score": 50,
    "short_interest_pct": 0,
    "combined_score": 43.75,
    "price": 242.75999450683594,
    "price_change_24h": -3.769774291260501,
    "rsi": 50,
    "position_pct": 8.652264483122083,
    "ta_score": 50,
    "signal_direction": "WAIT",
    "signal_name": "historical_import",
    "confidence": "MEDIUM",
    "hit_tp1": false,
    "hit_sl": true,
    "candles_to_result": 6,
    "max_favorable_pct": 7.270559216780846,
    "max_adverse_pct": -1.1863526483735933,
    "outcome_tracked": true
  },
  {
    "symbol": "CRM",
    "timeframe": "historical_1w",
    "timestamp": "2025-09-21",
    "congress_score": 25.0,
    "insider_score": 50,
    "short_interest_pct": 0,
    "combined_score": 43.75,
    "price": 247.08999633789062,
    "price_change_24h": 1.8843773647206006,
    "rsi": 50,
    "position_pct": 12.027431325938608,
    "ta_score": 50,
    "signal_direction": "WAIT",
    "signal_name": "historical_import",
    "confidence": "MEDIUM",
    "hit_tp1": false,
    "hit_sl": true,
    "candles_to_result": 5,
    "max_favorable_pct": 5.390751354419022,
    "max_adverse_pct": -2.9179616989506147,
    "outcome_tracked": true
  },
  {
    "symbol": "CRM",
    "timeframe": "historical_1m",
    "timestamp": "2025-09-28",
    "congress_score": 25.0,
    "insider_score": 50,
    "short_interest_pct": 0,
    "combined_score": 43.75,
    "price": 0,
    "price_change_24h": 0,
    "rsi": 50,
    "position_pct": 50,
    "ta_score": 50,
    "signal_direction": "WAIT",
    "signal_name": "quiver_only_import",
    "confidence": "LOW",
    "hit_tp1": false,
    "hit_sl": false,
    "candles_to_result": 0,
    "max_favorable_pct": 0,
    "max_adverse_pct": 0,
    "outcome_tracked": false
  },
  {
    "symbol": "CRM",
    "timeframe": "historical_1w",
    "timestamp": "2025-09-28",
    "congress_score": 33.33333333333333,
    "insider_score": 50,
    "short_interest_pct": 0,
    "combined_score": 45.83333333333333,
    "price": 243.42999267578125,
    "price_change_24h": -2.5071127015163577,
    "rsi": 50,
    "position_pct": 9.174517288733758,
    "ta_score": 50,
    "signal_direction": "WAIT",
    "signal_name": "historical_import",
    "confidence": "MEDIUM",
    "hit_tp1": false,
    "hit_sl": true,
    "candles_to_result": 4,
    "max_favorable_pct": 6.975315900758132,
    "max_adverse_pct": -6.7041829505232355,
    "outcome_tracked": true
  },
  {
    "symbol": "CRM",
    "timeframe": "historical_1w",
    "timestamp": "2025-10-05",
    "congress_score": 33.33333333333333,
    "insider_score": 50,
    "short_interest_pct": 0,
    "combined_score": 45.83333333333333,
    "price": 240.36000061035156,
    "price_change_24h": -1.9339067217983532,
    "rsi": 50,
    "position_pct": 6.781507809468894,
    "ta_score": 50,
    "signal_direction": "WAIT",
    "signal_name": "historical_import",
    "confidence": "MEDIUM",
    "hit_tp1": false,
    "hit_sl": true,
    "candles_to_result": 3,
    "max_favorable_pct": 8.341655433867693,
    "max_adverse_pct": -5.512564472605249,
    "outcome_tracked": true
  },
  {
    "symbol": "CRM",
    "timeframe": "historical_1w",
    "timestamp": "2025-10-12",
    "congress_score": 66.66666666666666,
    "insider_score": 50,
    "short_interest_pct": 0,
    "combined_score": 54.166666666666664,
    "price": 241.67999267578125,
    "price_change_24h": -1.6681610073557323,
    "rsi": 50,
    "position_pct": 7.81042041178389,
    "ta_score": 50,
    "signal_direction": "WAIT",
    "signal_name": "historical_import",
    "confidence": "MEDIUM",
    "hit_tp1": true,
    "hit_sl": false,
    "candles_to_result": 2,
    "max_favorable_pct": 7.816126787863176,
    "max_adverse_pct": -6.028629802623189,
    "outcome_tracked": true
  },
  {
    "symbol": "CRM",
    "timeframe": "historical_1w",
    "timestamp": "2025-10-19",
    "congress_score": 66.66666666666666,
    "insider_score": 50,
    "short_interest_pct": 0,
    "combined_score": 54.166666666666664,
    "price": 243.0800018310547,
    "price_change_24h": -2.2793962488222363,
    "rsi": 50,
    "position_pct": 8.901705049732302,
    "ta_score": 50,
    "signal_direction": "WAIT",
    "signal_name": "historical_import",
    "confidence": "MEDIUM",
    "hit_tp1": true,
    "hit_sl": false,
    "candles_to_result": 1,
    "max_favorable_pct": 7.8780685416413085,
    "max_adverse_pct": -6.56985399885038,
    "outcome_tracked": true
  },
  {
    "symbol": "CRM",
    "timeframe": "historical_1w",
    "timestamp": "2025-10-26",
    "congress_score": 100.0,
    "insider_score": 50,
    "short_interest_pct": 0,
    "combined_score": 62.5,
    "price": 254.8300018310547,
    "price_change_24h": 0.21629819663291308,
    "rsi": 50,
    "position_pct": 18.060641223538568,
    "ta_score": 50,
    "signal_direction": "WAIT",
    "signal_name": "historical_import",
    "confidence": "MEDIUM",
    "hit_tp1": false,
    "hit_sl": true,
    "candles_to_result": 2,
    "max_favorable_pct": 2.9039002872901287,
    "max_adverse_pct": -10.877840529578117,
    "outcome_tracked": true
  },
  {
    "symbol": "CRM",
    "timeframe": "historical_1m",
    "timestamp": "2025-10-28",
    "congress_score": 60.0,
    "insider_score": 50,
    "short_interest_pct": 0,
    "combined_score": 52.5,
    "price": 0,
    "price_change_24h": 0,
    "rsi": 50,
    "position_pct": 50,
    "ta_score": 50,
    "signal_direction": "WAIT",
    "signal_name": "quiver_only_import",
    "confidence": "LOW",
    "hit_tp1": false,
    "hit_sl": false,
    "candles_to_result": 0,
    "max_favorable_pct": 0,
    "max_adverse_pct": 0,
    "outcome_tracked": false
  },
  {
    "symbol": "CRM",
    "timeframe": "historical_1w",
    "timestamp": "2025-11-02",
    "congress_score": 100.0,
    "insider_score": 50,
    "short_interest_pct": 0,
    "combined_score": 62.5,
    "price": 260.4100036621094,
    "price_change_24h": 1.9336917907392706,
    "rsi": 50,
    "position_pct": 22.410162978462143,
    "ta_score": 50,
    "signal_direction": "WAIT",
    "signal_name": "historical_import",
    "confidence": "MEDIUM",
    "hit_tp1": false,
    "hit_sl": false,
    "candles_to_result": 0,
    "max_favorable_pct": 0,
    "max_adverse_pct": 0,
    "outcome_tracked": false
  },
  {
    "symbol": "CRM",
    "timeframe": "historical_1w",
    "timestamp": "2025-11-09",
    "congress_score": 100.0,
    "insider_score": 50,
    "short_interest_pct": 0,
    "combined_score": 62.5,
    "price": 239.8800048828125,
    "price_change_24h": -8.21152206160291,
    "rsi": 50,
    "position_pct": 6.407358853534427,
    "ta_score": 50,
    "signal_direction": "WAIT",
    "signal_name": "historical_import",
    "confidence": "MEDIUM",
    "hit_tp1": false,
    "hit_sl": false,
    "candles_to_result": 0,
    "max_favorable_pct": 0,
    "max_adverse_pct": 0,
    "outcome_tracked": false
  },
  {
    "symbol": "CRM",
    "timeframe": "historical_1w",
    "timestamp": "2025-11-16",
    "congress_score": 66.66666666666666,
    "insider_score": 50,
    "short_interest_pct": 0,
    "combined_score": 54.166666666666664,
    "price": 243.66000366210938,
    "price_change_24h": 0.8067506077853722,
    "rsi": 50,
    "position_pct": 9.353807156227676,
    "ta_score": 50,
    "signal_direction": "WAIT",
    "signal_name": "historical_import",
    "confidence": "MEDIUM",
    "hit_tp1": false,
    "hit_sl": false,
    "candles_to_result": 0,
    "max_favorable_pct": 0,
    "max_adverse_pct": 0,
    "outcome_tracked": false
  },
  {
    "symbol": "CRM",
    "timeframe": "historical_1w",
    "timestamp": "2025-11-23",
    "congress_score": 66.66666666666666,
    "insider_score": 50,
    "short_interest_pct": 0,
    "combined_score": 54.166666666666664,
    "price": 227.11000061035156,
    "price_change_24h": -4.185123494930281,
    "rsi": 50,
    "position_pct": 1.2929151970626211,
    "ta_score": 50,
    "signal_direction": "WAIT",
    "signal_name": "historical_import",
    "confidence": "MEDIUM",
    "hit_tp1": false,
    "hit_sl": false,
    "candles_to_result": 0,
    "max_favorable_pct": 0,
    "max_adverse_pct": 0,
    "outcome_tracked": false
  },
  {
    "symbol": "CRM",
    "timeframe": "historical_1m",
    "timestamp": "2025-11-28",
    "congress_score": 80.0,
    "insider_score": 50,
    "short_interest_pct": 0,
    "combined_score": 57.5,
    "price": 0,
    "price_change_24h": 0,
    "rsi": 50,
    "position_pct": 50,
    "ta_score": 50,
    "signal_direction": "WAIT",
    "signal_name": "quiver_only_import",
    "confidence": "LOW",
    "hit_tp1": false,
    "hit_sl": false,
    "candles_to_result": 0,
    "max_favorable_pct": 0,
    "max_adverse_pct": 0,
    "outcome_tracked": false
  },
  {
    "symbol": "CRM",
    "timeframe": "historical_1w",
    "timestamp": "2025-11-30",
    "congress_score": 66.66666666666666,
    "insider_score": 50,
    "short_interest_pct": 0,
    "combined_score": 54.166666666666664,
    "price": 230.5399932861328,
    "price_change_24h": 1.6400607714453859,
    "rsi": 50,
    "position_pct": 3.8415793672353997,
    "ta_score": 50,
    "signal_direction": "WAIT",
    "signal_name": "historical_import",
    "confidence": "MEDIUM",
    "hit_tp1": false,
    "hit_sl": false,
    "candles_to_result": 0,
    "max_favorable_pct": 0,
    "max_adverse_pct": 0,
    "outcome_tracked": false
  },
  {
    "symbol": "CRM",
    "timeframe": "historical_1w",
    "timestamp": "2025-12-07",
    "congress_score": 50.0,
    "insider_score": 50,
    "short_interest_pct": 0,
    "combined_score": 50.0,
    "price": 260.57000732421875,
    "price_change_24h": 11.91427448138435,
    "rsi": 50,
    "position_pct": 26.155452323603296,
    "ta_score": 50,
    "signal_direction": "WAIT",
    "signal_name": "historical_import",
    "confidence": "MEDIUM",
    "hit_tp1": false,
    "hit_sl": false,
    "candles_to_result": 0,
    "max_favorable_pct": 0,
    "max_adverse_pct": 0,
    "outcome_tracked": false
  },
  {
    "symbol": "CRM",
    "timeframe": "historical_1w",
    "timestamp": "2025-12-14",
    "congress_score": 50,
    "insider_score": 50,
    "short_interest_pct": 0,
    "combined_score": 50.0,
    "price": 262.2300109863281,
    "price_change_24h": 1.040346865383885,
    "rsi": 50,
    "position_pct": 27.388921970884724,
    "ta_score": 50,
    "signal_direction": "WAIT",
    "signal_name": "historical_import",
    "confidence": "MEDIUM",
    "hit_tp1": false,
    "hit_sl": false,
    "candles_to_result": 0,
    "max_favorable_pct": 0,
    "max_adverse_pct": 0,
    "outcome_tracked": false
  },
  {
    "symbol": "CRM",
    "timeframe": "historical_1w",
    "timestamp": "2025-12-21",
    "congress_score": 50,
    "insider_score": 50,
    "short_interest_pct": 0,
    "combined_score": 50.0,
    "price": 259.9100036621094,
    "price_change_24h": 2.0936451381565324,
    "rsi": 50,
    "position_pct": 25.665035041467892,
    "ta_score": 50,
    "signal_direction": "WAIT",
    "signal_name": "historical_import",
    "confidence": "MEDIUM",
    "hit_tp1": false,
    "hit_sl": false,
    "candles_to_result": 0,
    "max_favorable_pct": 0,
    "max_adverse_pct": 0,
    "outcome_tracked": false
  },
  {
    "symbol": "CRM",
    "timeframe": "historical_1w",
    "timestamp": "2025-12-28",
    "congress_score": 50,
    "insider_score": 50,
    "short_interest_pct": 0,
    "combined_score": 50.0,
    "price": 265.6199951171875,
    "price_change_24h": 0.37410354687987957,
    "rsi": 50,
    "position_pct": 29.90785769712725,
    "ta_score": 50,
    "signal_direction": "WAIT",
    "signal_name": "historical_import",
    "confidence": "MEDIUM",
    "hit_tp1": false,
    "hit_sl": false,
    "candles_to_result": 0,
    "max_favorable_pct": 0,
    "max_adverse_pct": 0,
    "outcome_tracked": false
  }
]