[
  {
    "symbol": "CRWD",
    "timeframe": "historical_1w",
    "timestamp": "2025-06-29",
    "congress_score": 50,
    "insider_score": 50,
    "short_interest_pct": 0,
    "combined_score": 50.0,
    "price": 499.3299865722656,
    "price_change_24h": 1.5290435434419876,
    "rsi": 50,
    "position_pct": 97.0004001973789,
    "ta_score": 50,
    "signal_direction": "WAIT",
    "signal_name": "historical_import",
    "confidence": "MEDIUM",
    "hit_tp1": false,
    "hit_sl": true,
    "candles_to_result": 2,
    "max_favorable_pct": 2.9579615506496895,
    "max_adverse_pct": -16.361921752445983,
    "outcome_tracked": true
  },
  {
    "symbol": "CRWD",
    "timeframe": "historical_1w",
    "timestamp": "2025-07-06",
    "congress_score": 50,
    "insider_score": 50,
    "short_interest_pct": 0,
    "combined_score": 50.0,
    "price": 514.0999755859375,
    "price_change_24h": 0.9404838016737902,
    "rsi": 50,
    "position_pct": 100.0,
    "ta_score": 50,
    "signal_direction": "WAIT",
    "signal_name": "historical_import",
    "confidence": "MEDIUM",
    "hit_tp1": false,
    "hit_sl": true,
    "candles_to_result": 1,
    "max_favorable_pct": -6.934441756834311,
    "max_adverse_pct": -18.764826937245978,
    "outcome_tracked": true
  },
  {
    "symbol": "CRWD",
    "timeframe": "historical_1w",
    "timestamp": "2025-07-13",
    "congress_score": 50,
    "insider_score": 50,
    "short_interest_pct": 0,
    "combined_score": 50.0,
    "price": 478.45001220703125,
    "price_change_24h": -5.34364335548946,
    "rsi": 50,
    "position_pct": 82.63010861665137,
    "ta_score": 50,
    "signal_direction": "WAIT",
    "signal_name": "historical_import",
    "confidence": "MEDIUM",
    "hit_tp1": false,
    "hit_sl": true,
    "candles_to_result": 2,
    "max_favorable_pct": 5.037093734153599,
    "max_adverse_pct": -12.711883325838683,
    "outcome_tracked": true
  },
  {
    "symbol": "CRWD",
    "timeframe": "historical_1w",
    "timestamp": "2025-07-20",
    "congress_score": 100.0,
    "insider_score": 50,
    "short_interest_pct": 0,
    "combined_score": 62.5,
    "price": 475.9599914550781,
    "price_change_24h": -0.04620127348628824,
    "rsi": 50,
    "position_pct": 81.41688464937793,
    "ta_score": 50,
    "signal_direction": "WAIT",
    "signal_name": "historical_import",
    "confidence": "MEDIUM",
    "hit_tp1": false,
    "hit_sl": true,
    "candles_to_result": 2,
    "max_favorable_pct": 5.5866032471765505,
    "max_adverse_pct": -12.255228930890278,
    "outcome_tracked": true
  },
  {
    "symbol": "CRWD",
    "timeframe": "historical_1w",
    "timestamp": "2025-07-27",
    "congress_score": 100.0,
    "insider_score": 50,
    "short_interest_pct": 0,
    "combined_score": 62.5,
    "price": 467.9200134277344,
    "price_change_24h": -2.836491034803715,
    "rsi": 50,
    "position_pct": 77.49953013276426,
    "ta_score": 50,
    "signal_direction": "WAIT",
    "signal_name": "historical_import",
    "confidence": "MEDIUM",
    "hit_tp1": false,
    "hit_sl": true,
    "candles_to_result": 1,
    "max_favorable_pct": 7.400832059213179,
    "max_adverse_pct": -10.74756520383129,
    "outcome_tracked": true
  },
  {
    "symbol": "CRWD",
    "timeframe": "historical_1w",
    "timestamp": "2025-08-03",
    "congress_score": 100.0,
    "insider_score": 50,
    "short_interest_pct": 0,
    "combined_score": 62.5,
    "price": 446.6600036621094,
    "price_change_24h": -5.404716296650667,
    "rsi": 50,
    "position_pct": 67.14092032122265,
    "ta_score": 50,
    "signal_direction": "WAIT",
    "signal_name": "historical_import",
    "confidence": "MEDIUM",
    "hit_tp1": false,
    "hit_sl": true,
    "candles_to_result": 1,
    "max_favorable_pct": 12.512869671030405,
    "max_adverse_pct": -6.499350409994975,
    "outcome_tracked": true
  },
  {
    "symbol": "CRWD",
    "timeframe": "historical_1w",
    "timestamp": "2025-08-10",
    "congress_score": 75.0,
    "insider_score": 50,
    "short_interest_pct": 0,
    "combined_score": 56.25,
    "price": 424.489990234375,
    "price_change_24h": -6.6767788100143495,
    "rsi": 50,
    "position_pct": 56.338925348207304,
    "ta_score": 50,
    "signal_direction": "WAIT",
    "signal_name": "historical_import",
    "confidence": "MEDIUM",
    "hit_tp1": true,
    "hit_sl": false,
    "candles_to_result": 6,
    "max_favorable_pct": 18.389125622371978,
    "max_adverse_pct": -1.6160535017032733,
    "outcome_tracked": true
  },
  {
    "symbol": "CRWD",
    "timeframe": "historical_1w",
    "timestamp": "2025-08-17",
    "congress_score": 66.66666666666666,
    "insider_score": 50,
    "short_interest_pct": 0,
    "combined_score": 54.166666666666664,
    "price": 427.8999938964844,
    "price_change_24h": 0.34472275542325204,
    "rsi": 50,
    "position_pct": 58.00039671069144,
    "ta_score": 50,
    "signal_direction": "WAIT",
    "signal_name": "historical_import",
    "confidence": "MEDIUM",
    "hit_tp1": false,
    "hit_sl": true,
    "candles_to_result": 3,
    "max_favorable_pct": 23.234404030345843,
    "max_adverse_pct": -2.400090946520636,
    "outcome_tracked": true
  },
  {
    "symbol": "CRWD",
    "timeframe": "historical_1w",
    "timestamp": "2025-08-24",
    "congress_score": 40.0,
    "insider_score": 50,
    "short_interest_pct": 0,
    "combined_score": 47.5,
    "price": 420.54998779296875,
    "price_change_24h": -1.3580730390430162,
    "rsi": 50,
    "position_pct": 54.41922030587762,
    "ta_score": 50,
    "signal_direction": "WAIT",
    "signal_name": "historical_import",
    "confidence": "MEDIUM",
    "hit_tp1": false,
    "hit_sl": true,
    "candles_to_result": 3,
    "max_favorable_pct": 29.119016889127035,
    "max_adverse_pct": -0.6943248115355359,
    "outcome_tracked": true
  },
  {
    "symbol": "CRWD",
    "timeframe": "historical_1w",
    "timestamp": "2025-08-31",
    "congress_score": 40.0,
    "insider_score": 50,
    "short_interest_pct": 0,
    "combined_score": 47.5,
    "price": 423.70001220703125,
    "price_change_24h": 1.1627690926865721,
    "rsi": 50,
    "position_pct": 55.95402081452377,
    "ta_score": 50,
    "signal_direction": "WAIT",
    "signal_name": "historical_import",
    "confidence": "MEDIUM",
    "hit_tp1": false,
    "hit_sl": true,
    "candles_to_result": 2,
    "max_favorable_pct": 28.15907342959803,
    "max_adverse_pct": -1.4326191053430466,
    "outcome_tracked": true
  },
  {
    "symbol": "CRWD",
    "timeframe": "historical_1w",
    "timestamp": "2025-09-07",
    "congress_score": 0.0,
    "insider_score": 50,
    "short_interest_pct": 0,
    "combined_score": 37.5,
    "price": 417.6300048828125,
    "price_change_24h": 0.9987919910066506,
    "rsi": 50,
    "position_pct": 52.99650394985862,
    "ta_score": 50,
    "signal_direction": "WAIT",
    "signal_name": "historical_import",
    "confidence": "MEDIUM",
    "hit_tp1": false,
    "hit_sl": true,
    "candles_to_result": 1,
    "max_favorable_pct": 30.021790440558572,
    "max_adverse_pct": 4.422575247170238,
    "outcome_tracked": true
  },
  {
    "symbol": "CRWD",
    "timeframe": "historical_1w",
    "timestamp": "2025-09-14",
    "congress_score": 25.0,
    "insider_score": 50,
    "short_interest_pct": 0,
    "combined_score": 43.75,
    "price": 436.1000061035156,
    "price_change_24h": 1.8782433749421636,
    "rsi": 50,
    "position_pct": 61.995725397692055,
    "ta_score": 50,
    "signal_direction": "WAIT",
    "signal_name": "historical_import",
    "confidence": "MEDIUM",
    "hit_tp1": false,
    "hit_sl": true,
    "candles_to_result": 1,
    "max_favorable_pct": 24.515019987578835,
    "max_adverse_pct": 10.39211343497695,
    "outcome_tracked": true
  },
  {
    "symbol": "CRWD",
    "timeframe": "historical_1w",
    "timestamp": "2025-09-21",
    "congress_score": 50.0,
    "insider_score": 50,
    "short_interest_pct": 0,
    "combined_score": 50.0,
    "price": 502.54998779296875,
    "price_change_24h": 12.99098415057873,
    "rsi": 50,
    "position_pct": 94.37244769901851,
    "ta_score": 50,
    "signal_direction": "WAIT",
    "signal_name": "historical_import",
    "confidence": "MEDIUM",
    "hit_tp1": false,
    "hit_sl": true,
    "candles_to_result": 1,
    "max_favorable_pct": 8.050944772746512,
    "max_adverse_pct": -4.204551761712332,
    "outcome_tracked": true
  },
  {
    "symbol": "CRWD",
    "timeframe": "historical_1w",
    "timestamp": "2025-09-28",
    "congress_score": 50.0,
    "insider_score": 50,
    "short_interest_pct": 0,
    "combined_score": 50.0,
    "price": 481.4200134277344,
    "price_change_24h": -2.3766072256493698,
    "rsi": 50,
    "position_pct": 84.07719561822037,
    "ta_score": 50,
    "signal_direction": "WAIT",
    "signal_name": "historical_import",
    "confidence": "MEDIUM",
    "hit_tp1": true,
    "hit_sl": false,
    "candles_to_result": 4,
    "max_favorable_pct": 12.793401732380588,
    "max_adverse_pct": 0.6709277509575016,
    "outcome_tracked": true
  },
  {
    "symbol": "CRWD",
    "timeframe": "historical_1w",
    "timestamp": "2025-10-05",
    "congress_score": 50.0,
    "insider_score": 50,
    "short_interest_pct": 0,
    "combined_score": 50.0,
    "price": 489.8800048828125,
    "price_change_24h": 0.2927613143707206,
    "rsi": 50,
    "position_pct": 88.19919515905899,
    "ta_score": 50,
    "signal_direction": "WAIT",
    "signal_name": "historical_import",
    "confidence": "MEDIUM",
    "hit_tp1": true,
    "hit_sl": false,
    "candles_to_result": 3,
    "max_favorable_pct": 10.84551407553817,
    "max_adverse_pct": -1.0676106259081204,
    "outcome_tracked": true
  },
  {
    "symbol": "CRWD",
    "timeframe": "historical_1w",
    "timestamp": "2025-10-12",
    "congress_score": 50,
    "insider_score": 50,
    "short_interest_pct": 0,
    "combined_score": 50.0,
    "price": 493.6600036621094,
    "price_change_24h": -0.46174180634275797,
    "rsi": 50,
    "position_pct": 90.04094090021805,
    "ta_score": 50,
    "signal_direction": "WAIT",
    "signal_name": "historical_import",
    "confidence": "MEDIUM",
    "hit_tp1": true,
    "hit_sl": false,
    "candles_to_result": 2,
    "max_favorable_pct": 9.996760065110266,
    "max_adverse_pct": -2.5077998604250142,
    "outcome_tracked": true
  },
  {
    "symbol": "CRWD",
    "timeframe": "historical_1w",
    "timestamp": "2025-10-19",
    "congress_score": 0.0,
    "insider_score": 50,
    "short_interest_pct": 0,
    "combined_score": 37.5,
    "price": 484.6499938964844,
    "price_change_24h": -4.710877124938168,
    "rsi": 50,
    "position_pct": 85.65095347362737,
    "ta_score": 50,
    "signal_direction": "WAIT",
    "signal_name": "historical_import",
    "confidence": "MEDIUM",
    "hit_tp1": false,
    "hit_sl": true,
    "candles_to_result": 1,
    "max_favorable_pct": 12.041682988570438,
    "max_adverse_pct": -0.8913664249713069,
    "outcome_tracked": true
  },
  {
    "symbol": "CRWD",
    "timeframe": "historical_1w",
    "timestamp": "2025-10-26",
    "congress_score": 0.0,
    "insider_score": 50,
    "short_interest_pct": 0,
    "combined_score": 37.5,
    "price": 527.3200073242188,
    "price_change_24h": 4.708012680905173,
    "rsi": 50,
    "position_pct": 100.0,
    "ta_score": 50,
    "signal_direction": "WAIT",
    "signal_name": "historical_import",
    "confidence": "MEDIUM",
    "hit_tp1": false,
    "hit_sl": false,
    "candles_to_result": 0,
    "max_favorable_pct": 0,
    "max_adverse_pct": 0,
    "outcome_tracked": false
  },
  {
    "symbol": "CRWD",
    "timeframe": "historical_1w",
    "timestamp": "2025-11-02",
    "congress_score": 0.0,
    "insider_score": 50,
    "short_interest_pct": 0,
    "combined_score": 37.5,
    "price": 543.010009765625,
    "price_change_24h": 2.5127425433004498,
    "rsi": 50,
    "position_pct": 98.3492975496981,
    "ta_score": 50,
    "signal_direction": "WAIT",
    "signal_name": "historical_import",
    "confidence": "MEDIUM",
    "hit_tp1": false,
    "hit_sl": false,
    "candles_to_result": 0,
    "max_favorable_pct": 0,
    "max_adverse_pct": 0,
    "outcome_tracked": false
  },
  {
    "symbol": "CRWD",
    "timeframe": "historical_1w",
    "timestamp": "2025-11-09",
    "congress_score": 0.0,
    "insider_score": 50,
    "short_interest_pct": 0,
    "combined_score": 37.5,
    "price": 539.8099975585938,
    "price_change_24h": -2.194155987559851,
    "rsi": 50,
    "position_pct": 95.01769708170791,
    "ta_score": 50,
    "signal_direction": "WAIT",
    "signal_name": "historical_import",
    "confidence": "MEDIUM",
    "hit_tp1": false,
    "hit_sl": false,
    "candles_to_result": 0,
    "max_favorable_pct": 0,
    "max_adverse_pct": 0,
    "outcome_tracked": false
  },
  {
    "symbol": "CRWD",
    "timeframe": "historical_1w",
    "timestamp": "2025-11-16",
    "congress_score": 0.0,
    "insider_score": 50,
    "short_interest_pct": 0,
    "combined_score": 37.5,
    "price": 537.5499877929688,
    "price_change_24h": -3.583670915287547,
    "rsi": 50,
    "position_pct": 91.9652398869965,
    "ta_score": 50,
    "signal_direction": "WAIT",
    "signal_name": "historical_import",
    "confidence": "MEDIUM",
    "hit_tp1": false,
    "hit_sl": false,
    "candles_to_result": 0,
    "max_favorable_pct": 0,
    "max_adverse_pct": 0,
    "outcome_tracked": false
  },
  {
    "symbol": "CRWD",
    "timeframe": "historical_1w",
    "timestamp": "2025-11-23",
    "congress_score": 50,
    "insider_score": 50,
    "short_interest_pct": 0,
    "combined_score": 50.0,
    "price": 490.6700134277344,
    "price_change_24h": -7.382312225141349,
    "rsi": 50,
    "position_pct": 73.11295932217534,
    "ta_score": 50,
    "signal_direction": "WAIT",
    "signal_name": "historical_import",
    "confidence": "MEDIUM",
    "hit_tp1": false,
    "hit_sl": false,
    "candles_to_result": 0,
    "max_favorable_pct": 0,
    "max_adverse_pct": 0,
    "outcome_tracked": false
  },
  {
    "symbol": "CRWD",
    "timeframe": "historical_1w",
    "timestamp": "2025-11-30",
    "congress_score": 50,
    "insider_score": 50,
    "short_interest_pct": 0,
    "combined_score": 50.0,
    "price": 509.1600036621094,
    "price_change_24h": 0.46170165030476035,
    "rsi": 50,
    "position_pct": 80.54851124512481,
    "ta_score": 50,
    "signal_direction": "WAIT",
    "signal_name": "historical_import",
    "confidence": "MEDIUM",
    "hit_tp1": false,
    "hit_sl": false,
    "candles_to_result": 0,
    "max_favorable_pct": 0,
    "max_adverse_pct": 0,
    "outcome_tracked": false
  },
  {
    "symbol": "CRWD",
    "timeframe": "historical_1w",
    "timestamp": "2025-12-07",
    "congress_score": 50,
    "insider_score": 50,
    "short_interest_pct": 0,
    "combined_score": 50.0,
    "price": 512.030029296875,
    "price_change_24h": 1.5670609441108152,
    "rsi": 50,
    "position_pct": 81.70266137484322,
    "ta_score": 50,
    "signal_direction": "WAIT",
    "signal_name": "historical_import",
    "confidence": "MEDIUM",
    "hit_tp1": false,
    "hit_sl": false,
    "candles_to_result": 0,
    "max_favorable_pct": 0,
    "max_adverse_pct": 0,
    "outcome_tracked": false
  },
  {
    "symbol": "CRWD",
    "timeframe": "historical_1w",
    "timestamp": "2025-12-14",
    "congress_score": 50,
    "insider_score": 50,
    "short_interest_pct": 0,
    "combined_score": 50.0,
    "price": 504.7799987792969,
    "price_change_24h": -2.0206144554005254,
    "rsi": 50,
    "position_pct": 78.78713910181361,
    "ta_score": 50,
    "signal_direction": "WAIT",
    "signal_name": "historical_import",
    "confidence": "MEDIUM",
    "hit_tp1": false,
    "hit_sl": false,
    "candles_to_result": 0,
    "max_favorable_pct": 0,
    "max_adverse_pct": 0,
    "outcome_tracked": false
  },
  {
    "symbol": "CRWD",
    "timeframe": "historical_1w",
    "timestamp": "2025-12-21",
    "congress_score": 50,
    "insider_score": 50,
    "short_interest_pct": 0,
    "combined_score": 50.0,
    "price": 481.2799987792969,
    "price_change_24h": -1.269822230271707,
    "rsi": 50,
    "position_pct": 69.33686530640296,
    "ta_score": 50,
    "signal_direction": "WAIT",
    "signal_name": "historical_import",
    "confidence": "MEDIUM",
    "hit_tp1": false,
    "hit_sl": false,
    "candles_to_result": 0,
    "max_favorable_pct": 0,
    "max_adverse_pct": 0,
    "outcome_tracked": false
  },
  {
    "symbol": "CRWD",
    "timeframe": "historical_1w",
    "timestamp": "2025-12-28",
    "congress_score": 50,
    "insider_score": 50,
    "short_interest_pct": 0,
    "combined_score": 50.0,
    "price": 480.3299865722656,
    "price_change_24h": -0.5816177486802919,
    "rsi": 50,
    "position_pct": 68.95482805255497,
    "ta_score": 50,
    "signal_direction": "WAIT",
    "signal_name": "historical_import",
    "confidence": "MEDIUM",
    "hit_tp1": false,
    "hit_sl": false,
    "candles_to_result": 0,
    "max_favorable_pct": 0,
    "max_adverse_pct": 0,
    "outcome_tracked": false
  }
]