[
  {
    "symbol": "CSCO",
    "timeframe": "historical_1w",
    "timestamp": "2025-06-29",
    "congress_score": 0.0,
    "insider_score": 50,
    "short_interest_pct": 0,
    "combined_score": 37.5,
    "price": 68.6500015258789,
    "price_change_24h": 1.8848387121246348,
    "rsi": 50,
    "position_pct": 98.0964755436973,
    "ta_score": 50,
    "signal_direction": "WAIT",
    "signal_name": "historical_import",
    "confidence": "MEDIUM",
    "hit_tp1": false,
    "hit_sl": true,
    "candles_to_result": 6,
    "max_favorable_pct": 4.573924719382207,
    "max_adverse_pct": -3.5688339740431667,
    "outcome_tracked": true
  },
  {
    "symbol": "CSCO",
    "timeframe": "historical_1w",
    "timestamp": "2025-07-06",
    "congress_score": 50.0,
    "insider_score": 50,
    "short_interest_pct": 0,
    "combined_score": 50.0,
    "price": 69.37000274658203,
    "price_change_24h": -0.014405458679151396,
    "rsi": 50,
    "position_pct": 99.93826740158303,
    "ta_score": 50,
    "signal_direction": "WAIT",
    "signal_name": "historical_import",
    "confidence": "MEDIUM",
    "hit_tp1": false,
    "hit_sl": true,
    "candles_to_result": 1,
    "max_favorable_pct": 3.488536936903249,
    "max_adverse_pct": -4.569706894664978,
    "outcome_tracked": true
  },
  {
    "symbol": "CSCO",
    "timeframe": "historical_1w",
    "timestamp": "2025-07-13",
    "congress_score": 50.0,
    "insider_score": 50,
    "short_interest_pct": 0,
    "combined_score": 50.0,
    "price": 67.94999694824219,
    "price_change_24h": -1.421737055846216,
    "rsi": 50,
    "position_pct": 91.16738464191913,
    "ta_score": 50,
    "signal_direction": "WAIT",
    "signal_name": "historical_import",
    "confidence": "MEDIUM",
    "hit_tp1": true,
    "hit_sl": false,
    "candles_to_result": 4,
    "max_favorable_pct": 5.651220220377794,
    "max_adverse_pct": -2.5754232208913606,
    "outcome_tracked": true
  },
  {
    "symbol": "CSCO",
    "timeframe": "historical_1w",
    "timestamp": "2025-07-20",
    "congress_score": 100.0,
    "insider_score": 50,
    "short_interest_pct": 0,
    "combined_score": 62.5,
    "price": 68.05000305175781,
    "price_change_24h": 0.33913795041073524,
    "rsi": 50,
    "position_pct": 91.78508761905616,
    "ta_score": 50,
    "signal_direction": "WAIT",
    "signal_name": "historical_import",
    "confidence": "MEDIUM",
    "hit_tp1": true,
    "hit_sl": false,
    "candles_to_result": 3,
    "max_favorable_pct": 5.495955468106217,
    "max_adverse_pct": -2.7185981198392275,
    "outcome_tracked": true
  },
  {
    "symbol": "CSCO",
    "timeframe": "historical_1w",
    "timestamp": "2025-07-27",
    "congress_score": 100.0,
    "insider_score": 50,
    "short_interest_pct": 0,
    "combined_score": 62.5,
    "price": 68.69000244140625,
    "price_change_24h": 0.5121541151174551,
    "rsi": 50,
    "position_pct": 95.73814162730429,
    "ta_score": 50,
    "signal_direction": "WAIT",
    "signal_name": "historical_import",
    "confidence": "MEDIUM",
    "hit_tp1": false,
    "hit_sl": true,
    "candles_to_result": 1,
    "max_favorable_pct": 4.513027171261852,
    "max_adverse_pct": -3.6249896704954696,
    "outcome_tracked": true
  },
  {
    "symbol": "CSCO",
    "timeframe": "historical_1m",
    "timestamp": "2025-07-28",
    "congress_score": 66.66666666666666,
    "insider_score": 50,
    "short_interest_pct": 0,
    "combined_score": 54.166666666666664,
    "price": 0,
    "price_change_24h": 0,
    "rsi": 50,
    "position_pct": 50,
    "ta_score": 50,
    "signal_direction": "WAIT",
    "signal_name": "quiver_only_import",
    "confidence": "LOW",
    "hit_tp1": false,
    "hit_sl": false,
    "candles_to_result": 0,
    "max_favorable_pct": 0,
    "max_adverse_pct": 0,
    "outcome_tracked": false
  },
  {
    "symbol": "CSCO",
    "timeframe": "historical_1w",
    "timestamp": "2025-08-03",
    "congress_score": 100.0,
    "insider_score": 50,
    "short_interest_pct": 0,
    "combined_score": 62.5,
    "price": 67.11000061035156,
    "price_change_24h": -1.1925759429188276,
    "rsi": 50,
    "position_pct": 85.97901892763879,
    "ta_score": 50,
    "signal_direction": "WAIT",
    "signal_name": "historical_import",
    "confidence": "MEDIUM",
    "hit_tp1": true,
    "hit_sl": false,
    "candles_to_result": 1,
    "max_favorable_pct": 6.97362578246483,
    "max_adverse_pct": -1.3559881594890182,
    "outcome_tracked": true
  },
  {
    "symbol": "CSCO",
    "timeframe": "historical_1w",
    "timestamp": "2025-08-10",
    "congress_score": 50.0,
    "insider_score": 50,
    "short_interest_pct": 0,
    "combined_score": 50.0,
    "price": 71.79000091552734,
    "price_change_24h": 4.81822624424913,
    "rsi": 50,
    "position_pct": 100.0,
    "ta_score": 50,
    "signal_direction": "WAIT",
    "signal_name": "historical_import",
    "confidence": "MEDIUM",
    "hit_tp1": false,
    "hit_sl": true,
    "candles_to_result": 1,
    "max_favorable_pct": -3.7609758228220596,
    "max_adverse_pct": -7.786605231921795,
    "outcome_tracked": true
  },
  {
    "symbol": "CSCO",
    "timeframe": "historical_1w",
    "timestamp": "2025-08-17",
    "congress_score": 50.0,
    "insider_score": 50,
    "short_interest_pct": 0,
    "combined_score": 50.0,
    "price": 66.19999694824219,
    "price_change_24h": -6.325175232093594,
    "rsi": 50,
    "position_pct": 69.94621892791024,
    "ta_score": 50,
    "signal_direction": "WAIT",
    "signal_name": "historical_import",
    "confidence": "MEDIUM",
    "hit_tp1": true,
    "hit_sl": false,
    "candles_to_result": 2,
    "max_favorable_pct": 4.365558191653626,
    "max_adverse_pct": 0.49849221490553264,
    "outcome_tracked": true
  },
  {
    "symbol": "CSCO",
    "timeframe": "historical_1w",
    "timestamp": "2025-08-24",
    "congress_score": 0.0,
    "insider_score": 50,
    "short_interest_pct": 0,
    "combined_score": 37.5,
    "price": 67.31999969482422,
    "price_change_24h": 0.5526553598920603,
    "rsi": 50,
    "position_pct": 75.9677383298478,
    "ta_score": 50,
    "signal_direction": "WAIT",
    "signal_name": "historical_import",
    "confidence": "MEDIUM",
    "hit_tp1": false,
    "hit_sl": true,
    "candles_to_result": 1,
    "max_favorable_pct": 4.174090272329267,
    "max_adverse_pct": -1.1735010681945703,
    "outcome_tracked": true
  },
  {
    "symbol": "CSCO",
    "timeframe": "historical_1m",
    "timestamp": "2025-08-28",
    "congress_score": 66.66666666666666,
    "insider_score": 50,
    "short_interest_pct": 0,
    "combined_score": 54.166666666666664,
    "price": 0,
    "price_change_24h": 0,
    "rsi": 50,
    "position_pct": 50,
    "ta_score": 50,
    "signal_direction": "WAIT",
    "signal_name": "quiver_only_import",
    "confidence": "LOW",
    "hit_tp1": false,
    "hit_sl": false,
    "candles_to_result": 0,
    "max_favorable_pct": 0,
    "max_adverse_pct": 0,
    "outcome_tracked": false
  },
  {
    "symbol": "CSCO",
    "timeframe": "historical_1w",
    "timestamp": "2025-08-31",
    "congress_score": 0.0,
    "insider_score": 50,
    "short_interest_pct": 0,
    "combined_score": 37.5,
    "price": 69.08999633789062,
    "price_change_24h": 2.9043743907790915,
    "rsi": 50,
    "position_pct": 85.48384814307329,
    "ta_score": 50,
    "signal_direction": "WAIT",
    "signal_name": "historical_import",
    "confidence": "MEDIUM",
    "hit_tp1": true,
    "hit_sl": false,
    "candles_to_result": 1,
    "max_favorable_pct": 2.2289781403313955,
    "max_adverse_pct": -3.7053085747375922,
    "outcome_tracked": true
  },
  {
    "symbol": "CSCO",
    "timeframe": "historical_1w",
    "timestamp": "2025-09-07",
    "congress_score": 50,
    "insider_score": 50,
    "short_interest_pct": 0,
    "combined_score": 50.0,
    "price": 66.9000015258789,
    "price_change_24h": -1.327435819127994,
    "rsi": 50,
    "position_pct": 73.70968393596313,
    "ta_score": 50,
    "signal_direction": "WAIT",
    "signal_name": "historical_import",
    "confidence": "MEDIUM",
    "hit_tp1": true,
    "hit_sl": false,
    "candles_to_result": 6,
    "max_favorable_pct": 9.282509630542302,
    "max_adverse_pct": -0.5530683679265735,
    "outcome_tracked": true
  },
  {
    "symbol": "CSCO",
    "timeframe": "historical_1w",
    "timestamp": "2025-09-14",
    "congress_score": 50,
    "insider_score": 50,
    "short_interest_pct": 0,
    "combined_score": 50.0,
    "price": 66.52999877929688,
    "price_change_24h": -0.5233230988256459,
    "rsi": 50,
    "position_pct": 71.72042210235323,
    "ta_score": 50,
    "signal_direction": "WAIT",
    "signal_name": "historical_import",
    "confidence": "MEDIUM",
    "hit_tp1": true,
    "hit_sl": false,
    "candles_to_result": 5,
    "max_favorable_pct": 9.890277997573456,
    "max_adverse_pct": 1.037129797184016,
    "outcome_tracked": true
  },
  {
    "symbol": "CSCO",
    "timeframe": "historical_1w",
    "timestamp": "2025-09-21",
    "congress_score": 50,
    "insider_score": 50,
    "short_interest_pct": 0,
    "combined_score": 50.0,
    "price": 68.20999908447266,
    "price_change_24h": 1.775593108044959,
    "rsi": 50,
    "position_pct": 80.75268069613705,
    "ta_score": 50,
    "signal_direction": "WAIT",
    "signal_name": "historical_import",
    "confidence": "MEDIUM",
    "hit_tp1": true,
    "hit_sl": false,
    "candles_to_result": 5,
    "max_favorable_pct": 14.352735738059764,
    "max_adverse_pct": -1.4513969756010372,
    "outcome_tracked": true
  },
  {
    "symbol": "CSCO",
    "timeframe": "historical_1m",
    "timestamp": "2025-09-28",
    "congress_score": 0.0,
    "insider_score": 50,
    "short_interest_pct": 0,
    "combined_score": 37.5,
    "price": 0,
    "price_change_24h": 0,
    "rsi": 50,
    "position_pct": 50,
    "ta_score": 50,
    "signal_direction": "WAIT",
    "signal_name": "quiver_only_import",
    "confidence": "LOW",
    "hit_tp1": false,
    "hit_sl": false,
    "candles_to_result": 0,
    "max_favorable_pct": 0,
    "max_adverse_pct": 0,
    "outcome_tracked": false
  },
  {
    "symbol": "CSCO",
    "timeframe": "historical_1w",
    "timestamp": "2025-09-28",
    "congress_score": 0.0,
    "insider_score": 50,
    "short_interest_pct": 0,
    "combined_score": 37.5,
    "price": 67.22000122070312,
    "price_change_24h": -0.7822860211023985,
    "rsi": 50,
    "position_pct": 75.43011219105314,
    "ta_score": 50,
    "signal_direction": "WAIT",
    "signal_name": "historical_import",
    "confidence": "MEDIUM",
    "hit_tp1": false,
    "hit_sl": true,
    "candles_to_result": 3,
    "max_favorable_pct": 16.036891674403506,
    "max_adverse_pct": 1.0413521801998942,
    "outcome_tracked": true
  },
  {
    "symbol": "CSCO",
    "timeframe": "historical_1w",
    "timestamp": "2025-10-05",
    "congress_score": 0.0,
    "insider_score": 50,
    "short_interest_pct": 0,
    "combined_score": 37.5,
    "price": 67.91999816894531,
    "price_change_24h": 0.2953292153530634,
    "rsi": 50,
    "position_pct": 79.19353618086092,
    "ta_score": 50,
    "signal_direction": "WAIT",
    "signal_name": "historical_import",
    "confidence": "MEDIUM",
    "hit_tp1": false,
    "hit_sl": true,
    "candles_to_result": 2,
    "max_favorable_pct": 14.8409924952906,
    "max_adverse_pct": 0.029452698763593226,
    "outcome_tracked": true
  },
  {
    "symbol": "CSCO",
    "timeframe": "historical_1w",
    "timestamp": "2025-10-12",
    "congress_score": 75.0,
    "insider_score": 50,
    "short_interest_pct": 0,
    "combined_score": 56.25,
    "price": 67.94000244140625,
    "price_change_24h": -1.4076348413205593,
    "rsi": 50,
    "position_pct": 79.30108601956694,
    "ta_score": 50,
    "signal_direction": "WAIT",
    "signal_name": "historical_import",
    "confidence": "MEDIUM",
    "hit_tp1": true,
    "hit_sl": false,
    "candles_to_result": 1,
    "max_favorable_pct": 14.807178682794179,
    "max_adverse_pct": 3.2234246884233544,
    "outcome_tracked": true
  },
  {
    "symbol": "CSCO",
    "timeframe": "historical_1w",
    "timestamp": "2025-10-19",
    "congress_score": 75.0,
    "insider_score": 50,
    "short_interest_pct": 0,
    "combined_score": 56.25,
    "price": 70.12999725341797,
    "price_change_24h": 3.957898317789733,
    "rsi": 50,
    "position_pct": 91.07525022667707,
    "ta_score": 50,
    "signal_direction": "WAIT",
    "signal_name": "historical_import",
    "confidence": "MEDIUM",
    "hit_tp1": true,
    "hit_sl": false,
    "candles_to_result": 2,
    "max_favorable_pct": 11.222020611441655,
    "max_adverse_pct": 0.7129616705861644,
    "outcome_tracked": true
  },
  {
    "symbol": "CSCO",
    "timeframe": "historical_1w",
    "timestamp": "2025-10-26",
    "congress_score": 100.0,
    "insider_score": 50,
    "short_interest_pct": 0,
    "combined_score": 62.5,
    "price": 70.62999725341797,
    "price_change_24h": -0.02831461009043289,
    "rsi": 50,
    "position_pct": 93.76342193889553,
    "ta_score": 50,
    "signal_direction": "WAIT",
    "signal_name": "historical_import",
    "confidence": "MEDIUM",
    "hit_tp1": true,
    "hit_sl": false,
    "candles_to_result": 1,
    "max_favorable_pct": 11.029309384760545,
    "max_adverse_pct": 0.6229682266976969,
    "outcome_tracked": true
  },
  {
    "symbol": "CSCO",
    "timeframe": "historical_1m",
    "timestamp": "2025-10-28",
    "congress_score": 75.0,
    "insider_score": 50,
    "short_interest_pct": 0,
    "combined_score": 56.25,
    "price": 0,
    "price_change_24h": 0,
    "rsi": 50,
    "position_pct": 50,
    "ta_score": 50,
    "signal_direction": "WAIT",
    "signal_name": "quiver_only_import",
    "confidence": "LOW",
    "hit_tp1": false,
    "hit_sl": false,
    "candles_to_result": 0,
    "max_favorable_pct": 0,
    "max_adverse_pct": 0,
    "outcome_tracked": false
  },
  {
    "symbol": "CSCO",
    "timeframe": "historical_1w",
    "timestamp": "2025-11-02",
    "congress_score": 100.0,
    "insider_score": 50,
    "short_interest_pct": 0,
    "combined_score": 62.5,
    "price": 73.11000061035156,
    "price_change_24h": 2.40930275305833,
    "rsi": 50,
    "position_pct": 100.0,
    "ta_score": 50,
    "signal_direction": "WAIT",
    "signal_name": "historical_import",
    "confidence": "MEDIUM",
    "hit_tp1": false,
    "hit_sl": false,
    "candles_to_result": 0,
    "max_favorable_pct": 0,
    "max_adverse_pct": 0,
    "outcome_tracked": false
  },
  {
    "symbol": "CSCO",
    "timeframe": "historical_1w",
    "timestamp": "2025-11-09",
    "congress_score": 100.0,
    "insider_score": 50,
    "short_interest_pct": 0,
    "combined_score": 62.5,
    "price": 71.06999969482422,
    "price_change_24h": -4.53995620143242,
    "rsi": 50,
    "position_pct": 84.10161091125516,
    "ta_score": 50,
    "signal_direction": "WAIT",
    "signal_name": "historical_import",
    "confidence": "MEDIUM",
    "hit_tp1": false,
    "hit_sl": false,
    "candles_to_result": 0,
    "max_favorable_pct": 0,
    "max_adverse_pct": 0,
    "outcome_tracked": false
  },
  {
    "symbol": "CSCO",
    "timeframe": "historical_1w",
    "timestamp": "2025-11-16",
    "congress_score": 100.0,
    "insider_score": 50,
    "short_interest_pct": 0,
    "combined_score": 62.5,
    "price": 78.0,
    "price_change_24h": 8.198091222544654,
    "rsi": 50,
    "position_pct": 100.0,
    "ta_score": 50,
    "signal_direction": "WAIT",
    "signal_name": "historical_import",
    "confidence": "MEDIUM",
    "hit_tp1": false,
    "hit_sl": false,
    "candles_to_result": 0,
    "max_favorable_pct": 0,
    "max_adverse_pct": 0,
    "outcome_tracked": false
  },
  {
    "symbol": "CSCO",
    "timeframe": "historical_1w",
    "timestamp": "2025-11-23",
    "congress_score": 100.0,
    "insider_score": 50,
    "short_interest_pct": 0,
    "combined_score": 62.5,
    "price": 76.0999984741211,
    "price_change_24h": -2.159938713733891,
    "rsi": 50,
    "position_pct": 90.91269505477496,
    "ta_score": 50,
    "signal_direction": "WAIT",
    "signal_name": "historical_import",
    "confidence": "MEDIUM",
    "hit_tp1": false,
    "hit_sl": false,
    "candles_to_result": 0,
    "max_favorable_pct": 0,
    "max_adverse_pct": 0,
    "outcome_tracked": false
  },
  {
    "symbol": "CSCO",
    "timeframe": "historical_1m",
    "timestamp": "2025-11-28",
    "congress_score": 100.0,
    "insider_score": 50,
    "short_interest_pct": 0,
    "combined_score": 62.5,
    "price": 0,
    "price_change_24h": 0,
    "rsi": 50,
    "position_pct": 50,
    "ta_score": 50,
    "signal_direction": "WAIT",
    "signal_name": "quiver_only_import",
    "confidence": "LOW",
    "hit_tp1": false,
    "hit_sl": false,
    "candles_to_result": 0,
    "max_favorable_pct": 0,
    "max_adverse_pct": 0,
    "outcome_tracked": false
  },
  {
    "symbol": "CSCO",
    "timeframe": "historical_1w",
    "timestamp": "2025-11-30",
    "congress_score": 100.0,
    "insider_score": 50,
    "short_interest_pct": 0,
    "combined_score": 62.5,
    "price": 76.94000244140625,
    "price_change_24h": 0.9181592303918101,
    "rsi": 50,
    "position_pct": 94.24604403038497,
    "ta_score": 50,
    "signal_direction": "WAIT",
    "signal_name": "historical_import",
    "confidence": "MEDIUM",
    "hit_tp1": false,
    "hit_sl": false,
    "candles_to_result": 0,
    "max_favorable_pct": 0,
    "max_adverse_pct": 0,
    "outcome_tracked": false
  },
  {
    "symbol": "CSCO",
    "timeframe": "historical_1w",
    "timestamp": "2025-12-07",
    "congress_score": 50,
    "insider_score": 50,
    "short_interest_pct": 0,
    "combined_score": 50.0,
    "price": 77.97000122070312,
    "price_change_24h": 2.5381381929753184,
    "rsi": 50,
    "position_pct": 98.33334064988209,
    "ta_score": 50,
    "signal_direction": "WAIT",
    "signal_name": "historical_import",
    "confidence": "MEDIUM",
    "hit_tp1": false,
    "hit_sl": false,
    "candles_to_result": 0,
    "max_favorable_pct": 0,
    "max_adverse_pct": 0,
    "outcome_tracked": false
  },
  {
    "symbol": "CSCO",
    "timeframe": "historical_1w",
    "timestamp": "2025-12-14",
    "congress_score": 50,
    "insider_score": 50,
    "short_interest_pct": 0,
    "combined_score": 50.0,
    "price": 77.80000305175781,
    "price_change_24h": -1.3441510910343684,
    "rsi": 50,
    "position_pct": 90.94605756132592,
    "ta_score": 50,
    "signal_direction": "WAIT",
    "signal_name": "historical_import",
    "confidence": "MEDIUM",
    "hit_tp1": false,
    "hit_sl": false,
    "candles_to_result": 0,
    "max_favorable_pct": 0,
    "max_adverse_pct": 0,
    "outcome_tracked": false
  },
  {
    "symbol": "CSCO",
    "timeframe": "historical_1w",
    "timestamp": "2025-12-21",
    "congress_score": 50,
    "insider_score": 50,
    "short_interest_pct": 0,
    "combined_score": 50.0,
    "price": 78.41999816894531,
    "price_change_24h": 0.21725005616014376,
    "rsi": 50,
    "position_pct": 93.23724413088556,
    "ta_score": 50,
    "signal_direction": "WAIT",
    "signal_name": "historical_import",
    "confidence": "MEDIUM",
    "hit_tp1": false,
    "hit_sl": false,
    "candles_to_result": 0,
    "max_favorable_pct": 0,
    "max_adverse_pct": 0,
    "outcome_tracked": false
  },
  {
    "symbol": "CSCO",
    "timeframe": "historical_1w",
    "timestamp": "2025-12-28",
    "congress_score": 50,
    "insider_score": 50,
    "short_interest_pct": 0,
    "combined_score": 50.0,
    "price": 78.06009674072266,
    "price_change_24h": -0.06388921935598182,
    "rsi": 50,
    "position_pct": 91.90723152941581,
    "ta_score": 50,
    "signal_direction": "WAIT",
    "signal_name": "historical_import",
    "confidence": "MEDIUM",
    "hit_tp1": false,
    "hit_sl": false,
    "candles_to_result": 0,
    "max_favorable_pct": 0,
    "max_adverse_pct": 0,
    "outcome_tracked": false
  }
]