[
  {
    "symbol": "CVS",
    "timeframe": "historical_1w",
    "timestamp": "2025-06-29",
    "congress_score": 0.0,
    "insider_score": 50,
    "short_interest_pct": 0,
    "combined_score": 37.5,
    "price": 68.48999786376953,
    "price_change_24h": 2.514594172380243,
    "rsi": 50,
    "position_pct": 93.55944232734898,
    "ta_score": 50,
    "signal_direction": "WAIT",
    "signal_name": "historical_import",
    "confidence": "MEDIUM",
    "hit_tp1": true,
    "hit_sl": false,
    "candles_to_result": 2,
    "max_favorable_pct": 7.7237568703819415,
    "max_adverse_pct": -11.373919322241507,
    "outcome_tracked": true
  },
  {
    "symbol": "CVS",
    "timeframe": "historical_1w",
    "timestamp": "2025-07-06",
    "congress_score": 0.0,
    "insider_score": 50,
    "short_interest_pct": 0,
    "combined_score": 37.5,
    "price": 67.43000030517578,
    "price_change_24h": -2.2470324388611562,
    "rsi": 50,
    "position_pct": 89.51981774354564,
    "ta_score": 50,
    "signal_direction": "WAIT",
    "signal_name": "historical_import",
    "confidence": "MEDIUM",
    "hit_tp1": true,
    "hit_sl": false,
    "candles_to_result": 1,
    "max_favorable_pct": 11.196801153177944,
    "max_adverse_pct": -9.980720023398469,
    "outcome_tracked": true
  },
  {
    "symbol": "CVS",
    "timeframe": "historical_1w",
    "timestamp": "2025-07-13",
    "congress_score": 0.0,
    "insider_score": 50,
    "short_interest_pct": 0,
    "combined_score": 37.5,
    "price": 64.77999877929688,
    "price_change_24h": -2.8494323892968336,
    "rsi": 50,
    "position_pct": 79.42072720860273,
    "ta_score": 50,
    "signal_direction": "WAIT",
    "signal_name": "historical_import",
    "confidence": "MEDIUM",
    "hit_tp1": true,
    "hit_sl": false,
    "candles_to_result": 1,
    "max_favorable_pct": 15.745607857122332,
    "max_adverse_pct": -6.298237254152826,
    "outcome_tracked": true
  },
  {
    "symbol": "CVS",
    "timeframe": "historical_1w",
    "timestamp": "2025-07-20",
    "congress_score": 0.0,
    "insider_score": 50,
    "short_interest_pct": 0,
    "combined_score": 37.5,
    "price": 61.959999084472656,
    "price_change_24h": -3.7290265741434654,
    "rsi": 50,
    "position_pct": 68.67377783954693,
    "ta_score": 50,
    "signal_direction": "WAIT",
    "signal_name": "historical_import",
    "confidence": "MEDIUM",
    "hit_tp1": false,
    "hit_sl": true,
    "candles_to_result": 3,
    "max_favorable_pct": 22.288569662123468,
    "max_adverse_pct": -2.033567366286424,
    "outcome_tracked": true
  },
  {
    "symbol": "CVS",
    "timeframe": "historical_1w",
    "timestamp": "2025-07-27",
    "congress_score": 0.0,
    "insider_score": 50,
    "short_interest_pct": 0,
    "combined_score": 37.5,
    "price": 60.70000076293945,
    "price_change_24h": -1.5249815639466793,
    "rsi": 50,
    "position_pct": 63.87195527500346,
    "ta_score": 50,
    "signal_direction": "WAIT",
    "signal_name": "historical_import",
    "confidence": "MEDIUM",
    "hit_tp1": false,
    "hit_sl": true,
    "candles_to_result": 1,
    "max_favorable_pct": 27.66062090575995,
    "max_adverse_pct": 2.915980948132624,
    "outcome_tracked": true
  },
  {
    "symbol": "CVS",
    "timeframe": "historical_1w",
    "timestamp": "2025-08-03",
    "congress_score": 50,
    "insider_score": 50,
    "short_interest_pct": 0,
    "combined_score": 50.0,
    "price": 62.470001220703125,
    "price_change_24h": 4.745140610356686,
    "rsi": 50,
    "position_pct": 70.61738341732014,
    "ta_score": 50,
    "signal_direction": "WAIT",
    "signal_name": "historical_import",
    "confidence": "MEDIUM",
    "hit_tp1": true,
    "hit_sl": false,
    "candles_to_result": 1,
    "max_favorable_pct": 24.69985593671181,
    "max_adverse_pct": 4.914358307722896,
    "outcome_tracked": true
  },
  {
    "symbol": "CVS",
    "timeframe": "historical_1w",
    "timestamp": "2025-08-10",
    "congress_score": 100.0,
    "insider_score": 50,
    "short_interest_pct": 0,
    "combined_score": 62.5,
    "price": 65.54000091552734,
    "price_change_24h": 6.655817903674581,
    "rsi": 50,
    "position_pct": 82.3170766278718,
    "ta_score": 50,
    "signal_direction": "WAIT",
    "signal_name": "historical_import",
    "confidence": "MEDIUM",
    "hit_tp1": true,
    "hit_sl": false,
    "candles_to_result": 1,
    "max_favorable_pct": 25.9078356581412,
    "max_adverse_pct": 4.668900695527444,
    "outcome_tracked": true
  },
  {
    "symbol": "CVS",
    "timeframe": "historical_1w",
    "timestamp": "2025-08-17",
    "congress_score": 100.0,
    "insider_score": 50,
    "short_interest_pct": 0,
    "combined_score": 62.5,
    "price": 68.5999984741211,
    "price_change_24h": 5.733664269702401,
    "rsi": 50,
    "position_pct": 93.97865194364192,
    "ta_score": 50,
    "signal_direction": "WAIT",
    "signal_name": "historical_import",
    "confidence": "MEDIUM",
    "hit_tp1": true,
    "hit_sl": false,
    "candles_to_result": 1,
    "max_favorable_pct": 20.291542971675927,
    "max_adverse_pct": 3.935866818794869,
    "outcome_tracked": true
  },
  {
    "symbol": "CVS",
    "timeframe": "historical_1w",
    "timestamp": "2025-08-24",
    "congress_score": 50.0,
    "insider_score": 50,
    "short_interest_pct": 0,
    "combined_score": 50.0,
    "price": 71.30000305175781,
    "price_change_24h": 1.6103818046166045,
    "rsi": 50,
    "position_pct": 99.5271107839917,
    "ta_score": 50,
    "signal_direction": "WAIT",
    "signal_name": "historical_import",
    "confidence": "MEDIUM",
    "hit_tp1": true,
    "hit_sl": false,
    "candles_to_result": 2,
    "max_favorable_pct": 15.73631572380694,
    "max_adverse_pct": 2.594668155593416,
    "outcome_tracked": true
  },
  {
    "symbol": "CVS",
    "timeframe": "historical_1w",
    "timestamp": "2025-08-31",
    "congress_score": 50.0,
    "insider_score": 50,
    "short_interest_pct": 0,
    "combined_score": 50.0,
    "price": 73.1500015258789,
    "price_change_24h": 2.7243399330828915,
    "rsi": 50,
    "position_pct": 100.0,
    "ta_score": 50,
    "signal_direction": "WAIT",
    "signal_name": "historical_import",
    "confidence": "MEDIUM",
    "hit_tp1": true,
    "hit_sl": false,
    "candles_to_result": 4,
    "max_favorable_pct": 12.809289024925851,
    "max_adverse_pct": 0.8612402464476903,
    "outcome_tracked": true
  },
  {
    "symbol": "CVS",
    "timeframe": "historical_1w",
    "timestamp": "2025-09-07",
    "congress_score": 0.0,
    "insider_score": 50,
    "short_interest_pct": 0,
    "combined_score": 37.5,
    "price": 73.77999877929688,
    "price_change_24h": -0.4184067673319793,
    "rsi": 50,
    "position_pct": 98.97181564800324,
    "ta_score": 50,
    "signal_direction": "WAIT",
    "signal_name": "historical_import",
    "confidence": "MEDIUM",
    "hit_tp1": false,
    "hit_sl": true,
    "candles_to_result": 3,
    "max_favorable_pct": 11.846026034662973,
    "max_adverse_pct": 1.5451333810110177,
    "outcome_tracked": true
  },
  {
    "symbol": "CVS",
    "timeframe": "historical_1w",
    "timestamp": "2025-09-14",
    "congress_score": 0.0,
    "insider_score": 50,
    "short_interest_pct": 0,
    "combined_score": 37.5,
    "price": 74.9800033569336,
    "price_change_24h": 6.717906457718703,
    "rsi": 50,
    "position_pct": 100.0,
    "ta_score": 50,
    "signal_direction": "WAIT",
    "signal_name": "historical_import",
    "confidence": "MEDIUM",
    "hit_tp1": false,
    "hit_sl": true,
    "candles_to_result": 3,
    "max_favorable_pct": 10.05600553288795,
    "max_adverse_pct": -0.08002825460360881,
    "outcome_tracked": true
  },
  {
    "symbol": "CVS",
    "timeframe": "historical_1w",
    "timestamp": "2025-09-21",
    "congress_score": 0.0,
    "insider_score": 50,
    "short_interest_pct": 0,
    "combined_score": 37.5,
    "price": 74.91999816894531,
    "price_change_24h": 1.9874749559876572,
    "rsi": 50,
    "position_pct": 99.80668434650768,
    "ta_score": 50,
    "signal_direction": "WAIT",
    "signal_name": "historical_import",
    "confidence": "MEDIUM",
    "hit_tp1": false,
    "hit_sl": true,
    "candles_to_result": 2,
    "max_favorable_pct": 10.144151975261698,
    "max_adverse_pct": 1.134541504131299,
    "outcome_tracked": true
  },
  {
    "symbol": "CVS",
    "timeframe": "historical_1w",
    "timestamp": "2025-09-28",
    "congress_score": 0.0,
    "insider_score": 50,
    "short_interest_pct": 0,
    "combined_score": 37.5,
    "price": 75.7699966430664,
    "price_change_24h": 0.8518560003265823,
    "rsi": 50,
    "position_pct": 97.75797504255507,
    "ta_score": 50,
    "signal_direction": "WAIT",
    "signal_name": "historical_import",
    "confidence": "MEDIUM",
    "hit_tp1": false,
    "hit_sl": true,
    "candles_to_result": 1,
    "max_favorable_pct": 8.908539394290289,
    "max_adverse_pct": -0.18476890042365948,
    "outcome_tracked": true
  },
  {
    "symbol": "CVS",
    "timeframe": "historical_1w",
    "timestamp": "2025-10-05",
    "congress_score": 0.0,
    "insider_score": 50,
    "short_interest_pct": 0,
    "combined_score": 37.5,
    "price": 77.48999786376953,
    "price_change_24h": 2.5406883375663334,
    "rsi": 50,
    "position_pct": 100.0,
    "ta_score": 50,
    "signal_direction": "WAIT",
    "signal_name": "historical_import",
    "confidence": "MEDIUM",
    "hit_tp1": false,
    "hit_sl": true,
    "candles_to_result": 2,
    "max_favorable_pct": 6.491158753339768,
    "max_adverse_pct": -2.4003105712062567,
    "outcome_tracked": true
  },
  {
    "symbol": "CVS",
    "timeframe": "historical_1w",
    "timestamp": "2025-10-12",
    "congress_score": 0.0,
    "insider_score": 50,
    "short_interest_pct": 0,
    "combined_score": 37.5,
    "price": 77.9000015258789,
    "price_change_24h": 1.379496666458821,
    "rsi": 50,
    "position_pct": 100.0,
    "ta_score": 50,
    "signal_direction": "WAIT",
    "signal_name": "historical_import",
    "confidence": "MEDIUM",
    "hit_tp1": false,
    "hit_sl": true,
    "candles_to_result": 1,
    "max_favorable_pct": 5.930673975215144,
    "max_adverse_pct": -2.913997725284802,
    "outcome_tracked": true
  },
  {
    "symbol": "CVS",
    "timeframe": "historical_1w",
    "timestamp": "2025-10-19",
    "congress_score": 0.0,
    "insider_score": 50,
    "short_interest_pct": 0,
    "combined_score": 37.5,
    "price": 82.5199966430664,
    "price_change_24h": 5.201420288975466,
    "rsi": 50,
    "position_pct": 100.0,
    "ta_score": 50,
    "signal_direction": "WAIT",
    "signal_name": "historical_import",
    "confidence": "MEDIUM",
    "hit_tp1": true,
    "hit_sl": false,
    "candles_to_result": 2,
    "max_favorable_pct": -0.7149737783468492,
    "max_adverse_pct": -8.349490632495508,
    "outcome_tracked": true
  },
  {
    "symbol": "CVS",
    "timeframe": "historical_1w",
    "timestamp": "2025-10-26",
    "congress_score": 50,
    "insider_score": 50,
    "short_interest_pct": 0,
    "combined_score": 50.0,
    "price": 81.93000030517578,
    "price_change_24h": -0.6668319948747639,
    "rsi": 50,
    "position_pct": 97.16112392487251,
    "ta_score": 50,
    "signal_direction": "WAIT",
    "signal_name": "historical_import",
    "confidence": "MEDIUM",
    "hit_tp1": false,
    "hit_sl": false,
    "candles_to_result": 0,
    "max_favorable_pct": 0,
    "max_adverse_pct": 0,
    "outcome_tracked": false
  },
  {
    "symbol": "CVS",
    "timeframe": "historical_1w",
    "timestamp": "2025-11-02",
    "congress_score": 25.0,
    "insider_score": 50,
    "short_interest_pct": 0,
    "combined_score": 43.75,
    "price": 78.1500015258789,
    "price_change_24h": -5.215276630104176,
    "rsi": 50,
    "position_pct": 87.49360843120243,
    "ta_score": 50,
    "signal_direction": "WAIT",
    "signal_name": "historical_import",
    "confidence": "MEDIUM",
    "hit_tp1": false,
    "hit_sl": false,
    "candles_to_result": 0,
    "max_favorable_pct": 0,
    "max_adverse_pct": 0,
    "outcome_tracked": false
  },
  {
    "symbol": "CVS",
    "timeframe": "historical_1w",
    "timestamp": "2025-11-09",
    "congress_score": 25.0,
    "insider_score": 50,
    "short_interest_pct": 0,
    "combined_score": 43.75,
    "price": 78.98999786376953,
    "price_change_24h": 0.7011670133158413,
    "rsi": 50,
    "position_pct": 89.64193653534385,
    "ta_score": 50,
    "signal_direction": "WAIT",
    "signal_name": "historical_import",
    "confidence": "MEDIUM",
    "hit_tp1": false,
    "hit_sl": false,
    "candles_to_result": 0,
    "max_favorable_pct": 0,
    "max_adverse_pct": 0,
    "outcome_tracked": false
  },
  {
    "symbol": "CVS",
    "timeframe": "historical_1w",
    "timestamp": "2025-11-16",
    "congress_score": 25.0,
    "insider_score": 50,
    "short_interest_pct": 0,
    "combined_score": 43.75,
    "price": 77.80999755859375,
    "price_change_24h": 0.3482030434337273,
    "rsi": 50,
    "position_pct": 86.62403311820458,
    "ta_score": 50,
    "signal_direction": "WAIT",
    "signal_name": "historical_import",
    "confidence": "MEDIUM",
    "hit_tp1": false,
    "hit_sl": false,
    "candles_to_result": 0,
    "max_favorable_pct": 0,
    "max_adverse_pct": 0,
    "outcome_tracked": false
  },
  {
    "symbol": "CVS",
    "timeframe": "historical_1w",
    "timestamp": "2025-11-23",
    "congress_score": 20.0,
    "insider_score": 50,
    "short_interest_pct": 0,
    "combined_score": 42.5,
    "price": 78.02999877929688,
    "price_change_24h": -0.48463826688498485,
    "rsi": 50,
    "position_pct": 87.18669605381785,
    "ta_score": 50,
    "signal_direction": "WAIT",
    "signal_name": "historical_import",
    "confidence": "MEDIUM",
    "hit_tp1": false,
    "hit_sl": false,
    "candles_to_result": 0,
    "max_favorable_pct": 0,
    "max_adverse_pct": 0,
    "outcome_tracked": false
  },
  {
    "symbol": "CVS",
    "timeframe": "historical_1w",
    "timestamp": "2025-11-30",
    "congress_score": 0.0,
    "insider_score": 50,
    "short_interest_pct": 0,
    "combined_score": 37.5,
    "price": 80.36000061035156,
    "price_change_24h": 3.157893499726605,
    "rsi": 50,
    "position_pct": 93.14577967187947,
    "ta_score": 50,
    "signal_direction": "WAIT",
    "signal_name": "historical_import",
    "confidence": "MEDIUM",
    "hit_tp1": false,
    "hit_sl": false,
    "candles_to_result": 0,
    "max_favorable_pct": 0,
    "max_adverse_pct": 0,
    "outcome_tracked": false
  },
  {
    "symbol": "CVS",
    "timeframe": "historical_1w",
    "timestamp": "2025-12-07",
    "congress_score": 0.0,
    "insider_score": 50,
    "short_interest_pct": 0,
    "combined_score": 37.5,
    "price": 75.62999725341797,
    "price_change_24h": -4.386853713832112,
    "rsi": 50,
    "position_pct": 81.04858509374448,
    "ta_score": 50,
    "signal_direction": "WAIT",
    "signal_name": "historical_import",
    "confidence": "MEDIUM",
    "hit_tp1": false,
    "hit_sl": false,
    "candles_to_result": 0,
    "max_favorable_pct": 0,
    "max_adverse_pct": 0,
    "outcome_tracked": false
  },
  {
    "symbol": "CVS",
    "timeframe": "historical_1w",
    "timestamp": "2025-12-14",
    "congress_score": 0.0,
    "insider_score": 50,
    "short_interest_pct": 0,
    "combined_score": 37.5,
    "price": 79.41999816894531,
    "price_change_24h": 3.776296139743633,
    "rsi": 50,
    "position_pct": 90.74168149699248,
    "ta_score": 50,
    "signal_direction": "WAIT",
    "signal_name": "historical_import",
    "confidence": "MEDIUM",
    "hit_tp1": false,
    "hit_sl": false,
    "candles_to_result": 0,
    "max_favorable_pct": 0,
    "max_adverse_pct": 0,
    "outcome_tracked": false
  },
  {
    "symbol": "CVS",
    "timeframe": "historical_1w",
    "timestamp": "2025-12-21",
    "congress_score": 0.0,
    "insider_score": 50,
    "short_interest_pct": 0,
    "combined_score": 37.5,
    "price": 77.72000122070312,
    "price_change_24h": -2.472080763395145,
    "rsi": 50,
    "position_pct": 86.39386346955379,
    "ta_score": 50,
    "signal_direction": "WAIT",
    "signal_name": "historical_import",
    "confidence": "MEDIUM",
    "hit_tp1": false,
    "hit_sl": false,
    "candles_to_result": 0,
    "max_favorable_pct": 0,
    "max_adverse_pct": 0,
    "outcome_tracked": false
  },
  {
    "symbol": "CVS",
    "timeframe": "historical_1w",
    "timestamp": "2025-12-28",
    "congress_score": 50,
    "insider_score": 50,
    "short_interest_pct": 0,
    "combined_score": 50.0,
    "price": 79.54499816894531,
    "price_change_24h": 1.5122480211379792,
    "rsi": 50,
    "position_pct": 91.0613745729076,
    "ta_score": 50,
    "signal_direction": "WAIT",
    "signal_name": "historical_import",
    "confidence": "MEDIUM",
    "hit_tp1": false,
    "hit_sl": false,
    "candles_to_result": 0,
    "max_favorable_pct": 0,
    "max_adverse_pct": 0,
    "outcome_tracked": false
  }
]