[
  {
    "symbol": "CVX",
    "timeframe": "historical_1w",
    "timestamp": "2025-06-29",
    "congress_score": 60.0,
    "insider_score": 50,
    "short_interest_pct": 0,
    "combined_score": 52.5,
    "price": 143.7899932861328,
    "price_change_24h": -2.0904312348221232,
    "rsi": 50,
    "position_pct": 28.92466334582524,
    "ta_score": 50,
    "signal_direction": "WAIT",
    "signal_name": "historical_import",
    "confidence": "MEDIUM",
    "hit_tp1": true,
    "hit_sl": false,
    "candles_to_result": 1,
    "max_favorable_pct": 11.690669450086121,
    "max_adverse_pct": 3.18520206196879,
    "outcome_tracked": true
  },
  {
    "symbol": "CVX",
    "timeframe": "historical_1w",
    "timestamp": "2025-07-06",
    "congress_score": 50.0,
    "insider_score": 50,
    "short_interest_pct": 0,
    "combined_score": 50.0,
    "price": 148.3699951171875,
    "price_change_24h": 3.61756588271651,
    "rsi": 50,
    "position_pct": 42.09315670926083,
    "ta_score": 50,
    "signal_direction": "WAIT",
    "signal_name": "historical_import",
    "confidence": "MEDIUM",
    "hit_tp1": true,
    "hit_sl": false,
    "candles_to_result": 1,
    "max_favorable_pct": 8.242913923848592,
    "max_adverse_pct": 1.1255632701384757,
    "outcome_tracked": true
  },
  {
    "symbol": "CVX",
    "timeframe": "historical_1w",
    "timestamp": "2025-07-13",
    "congress_score": 50.0,
    "insider_score": 50,
    "short_interest_pct": 0,
    "combined_score": 50.0,
    "price": 155.30999755859375,
    "price_change_24h": 5.366352774522086,
    "rsi": 50,
    "position_pct": 62.04716097891409,
    "ta_score": 50,
    "signal_direction": "WAIT",
    "signal_name": "historical_import",
    "confidence": "MEDIUM",
    "hit_tp1": false,
    "hit_sl": true,
    "candles_to_result": 1,
    "max_favorable_pct": 3.4060965991105077,
    "max_adverse_pct": -3.3932163771187525,
    "outcome_tracked": true
  },
  {
    "symbol": "CVX",
    "timeframe": "historical_1w",
    "timestamp": "2025-07-20",
    "congress_score": 33.33333333333333,
    "insider_score": 50,
    "short_interest_pct": 0,
    "combined_score": 45.83333333333333,
    "price": 150.0399932861328,
    "price_change_24h": -1.061655572139714,
    "rsi": 50,
    "position_pct": 46.89476173386881,
    "ta_score": 50,
    "signal_direction": "WAIT",
    "signal_name": "historical_import",
    "confidence": "MEDIUM",
    "hit_tp1": false,
    "hit_sl": true,
    "candles_to_result": 1,
    "max_favorable_pct": 7.0381320247358365,
    "max_adverse_pct": 0.9064254006983204,
    "outcome_tracked": true
  },
  {
    "symbol": "CVX",
    "timeframe": "historical_1w",
    "timestamp": "2025-07-27",
    "congress_score": 33.33333333333333,
    "insider_score": 50,
    "short_interest_pct": 0,
    "combined_score": 45.83333333333333,
    "price": 154.83999633789062,
    "price_change_24h": 3.4473569712729426,
    "rsi": 50,
    "position_pct": 60.69580607034837,
    "ta_score": 50,
    "signal_direction": "WAIT",
    "signal_name": "historical_import",
    "confidence": "MEDIUM",
    "hit_tp1": false,
    "hit_sl": true,
    "candles_to_result": 4,
    "max_favorable_pct": 3.719975395152782,
    "max_adverse_pct": -2.2216497822045307,
    "outcome_tracked": true
  },
  {
    "symbol": "CVX",
    "timeframe": "historical_1w",
    "timestamp": "2025-08-03",
    "congress_score": 50.0,
    "insider_score": 50,
    "short_interest_pct": 0,
    "combined_score": 50.0,
    "price": 151.39999389648438,
    "price_change_24h": -3.122603609502316,
    "rsi": 50,
    "position_pct": 50.80505689799951,
    "ta_score": 50,
    "signal_direction": "WAIT",
    "signal_name": "historical_import",
    "confidence": "MEDIUM",
    "hit_tp1": true,
    "hit_sl": false,
    "candles_to_result": 2,
    "max_favorable_pct": 6.076626537595178,
    "max_adverse_pct": -1.651255020333295,
    "outcome_tracked": true
  },
  {
    "symbol": "CVX",
    "timeframe": "historical_1w",
    "timestamp": "2025-08-10",
    "congress_score": 50.0,
    "insider_score": 50,
    "short_interest_pct": 0,
    "combined_score": 50.0,
    "price": 155.00999450683594,
    "price_change_24h": 2.628443721645488,
    "rsi": 50,
    "position_pct": 61.18458748182589,
    "ta_score": 50,
    "signal_direction": "WAIT",
    "signal_name": "historical_import",
    "confidence": "MEDIUM",
    "hit_tp1": true,
    "hit_sl": false,
    "candles_to_result": 3,
    "max_favorable_pct": 3.6062265626576537,
    "max_adverse_pct": -3.9416817152923076,
    "outcome_tracked": true
  },
  {
    "symbol": "CVX",
    "timeframe": "historical_1w",
    "timestamp": "2025-08-17",
    "congress_score": 33.33333333333333,
    "insider_score": 50,
    "short_interest_pct": 0,
    "combined_score": 45.83333333333333,
    "price": 156.5500030517578,
    "price_change_24h": 2.0202060379064326,
    "rsi": 50,
    "position_pct": 65.61244429313372,
    "ta_score": 50,
    "signal_direction": "WAIT",
    "signal_name": "historical_import",
    "confidence": "MEDIUM",
    "hit_tp1": false,
    "hit_sl": true,
    "candles_to_result": 2,
    "max_favorable_pct": 2.5870347957890614,
    "max_adverse_pct": -4.886623446915059,
    "outcome_tracked": true
  },
  {
    "symbol": "CVX",
    "timeframe": "historical_1w",
    "timestamp": "2025-08-24",
    "congress_score": 25.0,
    "insider_score": 50,
    "short_interest_pct": 0,
    "combined_score": 43.75,
    "price": 158.17999267578125,
    "price_change_24h": 1.8413502554068886,
    "rsi": 50,
    "position_pct": 70.29901611956433,
    "ta_score": 50,
    "signal_direction": "WAIT",
    "signal_name": "historical_import",
    "confidence": "MEDIUM",
    "hit_tp1": true,
    "hit_sl": false,
    "candles_to_result": 7,
    "max_favorable_pct": 1.529911202293854,
    "max_adverse_pct": -5.866733600321961,
    "outcome_tracked": true
  },
  {
    "symbol": "CVX",
    "timeframe": "historical_1w",
    "timestamp": "2025-08-31",
    "congress_score": 0.0,
    "insider_score": 50,
    "short_interest_pct": 0,
    "combined_score": 37.5,
    "price": 160.60000610351562,
    "price_change_24h": 1.5170728202091188,
    "rsi": 50,
    "position_pct": 77.25707682304805,
    "ta_score": 50,
    "signal_direction": "WAIT",
    "signal_name": "historical_import",
    "confidence": "MEDIUM",
    "hit_tp1": true,
    "hit_sl": false,
    "candles_to_result": 1,
    "max_favorable_pct": -0.2739741125057268,
    "max_adverse_pct": -7.285187896873392,
    "outcome_tracked": true
  },
  {
    "symbol": "CVX",
    "timeframe": "historical_1w",
    "timestamp": "2025-09-07",
    "congress_score": 0.0,
    "insider_score": 50,
    "short_interest_pct": 0,
    "combined_score": 37.5,
    "price": 153.66000366210938,
    "price_change_24h": -5.048506504668107,
    "rsi": 50,
    "position_pct": 57.3030725533948,
    "ta_score": 50,
    "signal_direction": "WAIT",
    "signal_name": "historical_import",
    "confidence": "MEDIUM",
    "hit_tp1": false,
    "hit_sl": true,
    "candles_to_result": 1,
    "max_favorable_pct": 4.230118342501913,
    "max_adverse_pct": -3.097754556932084,
    "outcome_tracked": true
  },
  {
    "symbol": "CVX",
    "timeframe": "historical_1w",
    "timestamp": "2025-09-14",
    "congress_score": 0.0,
    "insider_score": 50,
    "short_interest_pct": 0,
    "combined_score": 37.5,
    "price": 157.11000061035156,
    "price_change_24h": 2.019480915812703,
    "rsi": 50,
    "position_pct": 67.22255808913275,
    "ta_score": 50,
    "signal_direction": "WAIT",
    "signal_name": "historical_import",
    "confidence": "MEDIUM",
    "hit_tp1": true,
    "hit_sl": false,
    "candles_to_result": 4,
    "max_favorable_pct": 1.9413169371198233,
    "max_adverse_pct": -5.225642341017375,
    "outcome_tracked": true
  },
  {
    "symbol": "CVX",
    "timeframe": "historical_1w",
    "timestamp": "2025-09-21",
    "congress_score": 0.0,
    "insider_score": 50,
    "short_interest_pct": 0,
    "combined_score": 37.5,
    "price": 156.2100067138672,
    "price_change_24h": -0.6992504365889685,
    "rsi": 50,
    "position_pct": 64.63488147017867,
    "ta_score": 50,
    "signal_direction": "WAIT",
    "signal_name": "historical_import",
    "confidence": "MEDIUM",
    "hit_tp1": false,
    "hit_sl": true,
    "candles_to_result": 1,
    "max_favorable_pct": 2.528645271411755,
    "max_adverse_pct": -4.679605981179362,
    "outcome_tracked": true
  },
  {
    "symbol": "CVX",
    "timeframe": "historical_1w",
    "timestamp": "2025-09-28",
    "congress_score": 50,
    "insider_score": 50,
    "short_interest_pct": 0,
    "combined_score": 50.0,
    "price": 160.16000366210938,
    "price_change_24h": 2.63377156678964,
    "rsi": 50,
    "position_pct": 75.9919748769601,
    "ta_score": 50,
    "signal_direction": "WAIT",
    "signal_name": "historical_import",
    "confidence": "MEDIUM",
    "hit_tp1": false,
    "hit_sl": true,
    "candles_to_result": 1,
    "max_favorable_pct": -1.5234780129962655,
    "max_adverse_pct": -7.0304754671336775,
    "outcome_tracked": true
  },
  {
    "symbol": "CVX",
    "timeframe": "historical_1w",
    "timestamp": "2025-10-05",
    "congress_score": 50,
    "insider_score": 50,
    "short_interest_pct": 0,
    "combined_score": 50.0,
    "price": 153.5500030517578,
    "price_change_24h": -1.633570116625628,
    "rsi": 50,
    "position_pct": 56.98679706687281,
    "ta_score": 50,
    "signal_direction": "WAIT",
    "signal_name": "historical_import",
    "confidence": "MEDIUM",
    "hit_tp1": false,
    "hit_sl": true,
    "candles_to_result": 1,
    "max_favorable_pct": 2.7157265295134585,
    "max_adverse_pct": -3.028335436571784,
    "outcome_tracked": true
  },
  {
    "symbol": "CVX",
    "timeframe": "historical_1w",
    "timestamp": "2025-10-12",
    "congress_score": 50,
    "insider_score": 50,
    "short_interest_pct": 0,
    "combined_score": 50.0,
    "price": 148.89999389648438,
    "price_change_24h": -3.324250249285333,
    "rsi": 50,
    "position_pct": 43.61701754278208,
    "ta_score": 50,
    "signal_direction": "WAIT",
    "signal_name": "historical_import",
    "confidence": "MEDIUM",
    "hit_tp1": true,
    "hit_sl": false,
    "candles_to_result": 2,
    "max_favorable_pct": 5.9234437110524265,
    "max_adverse_pct": -0.7723263556906883,
    "outcome_tracked": true
  },
  {
    "symbol": "CVX",
    "timeframe": "historical_1w",
    "timestamp": "2025-10-19",
    "congress_score": 50.0,
    "insider_score": 50,
    "short_interest_pct": 0,
    "combined_score": 50.0,
    "price": 153.0800018310547,
    "price_change_24h": 0.7502957557790378,
    "rsi": 50,
    "position_pct": 55.63544215830709,
    "ta_score": 50,
    "signal_direction": "WAIT",
    "signal_name": "historical_import",
    "confidence": "MEDIUM",
    "hit_tp1": true,
    "hit_sl": false,
    "candles_to_result": 2,
    "max_favorable_pct": 3.031094417394461,
    "max_adverse_pct": -3.4818407155084135,
    "outcome_tracked": true
  },
  {
    "symbol": "CVX",
    "timeframe": "historical_1w",
    "timestamp": "2025-10-26",
    "congress_score": 50.0,
    "insider_score": 50,
    "short_interest_pct": 0,
    "combined_score": 50.0,
    "price": 155.55999755859375,
    "price_change_24h": 0.6991208317739201,
    "rsi": 50,
    "position_pct": 62.765964914435834,
    "ta_score": 50,
    "signal_direction": "WAIT",
    "signal_name": "historical_import",
    "confidence": "MEDIUM",
    "hit_tp1": false,
    "hit_sl": false,
    "candles_to_result": 0,
    "max_favorable_pct": 0,
    "max_adverse_pct": 0,
    "outcome_tracked": false
  },
  {
    "symbol": "CVX",
    "timeframe": "historical_1w",
    "timestamp": "2025-11-02",
    "congress_score": 40.0,
    "insider_score": 50,
    "short_interest_pct": 0,
    "combined_score": 47.5,
    "price": 157.72000122070312,
    "price_change_24h": 1.5713565562775942,
    "rsi": 50,
    "position_pct": 68.97644144669822,
    "ta_score": 50,
    "signal_direction": "WAIT",
    "signal_name": "historical_import",
    "confidence": "MEDIUM",
    "hit_tp1": false,
    "hit_sl": false,
    "candles_to_result": 0,
    "max_favorable_pct": 0,
    "max_adverse_pct": 0,
    "outcome_tracked": false
  },
  {
    "symbol": "CVX",
    "timeframe": "historical_1w",
    "timestamp": "2025-11-09",
    "congress_score": 40.0,
    "insider_score": 50,
    "short_interest_pct": 0,
    "combined_score": 47.5,
    "price": 155.02000427246094,
    "price_change_24h": 0.6362055498845239,
    "rsi": 50,
    "position_pct": 61.21336771752549,
    "ta_score": 50,
    "signal_direction": "WAIT",
    "signal_name": "historical_import",
    "confidence": "MEDIUM",
    "hit_tp1": false,
    "hit_sl": false,
    "candles_to_result": 0,
    "max_favorable_pct": 0,
    "max_adverse_pct": 0,
    "outcome_tracked": false
  },
  {
    "symbol": "CVX",
    "timeframe": "historical_1w",
    "timestamp": "2025-11-16",
    "congress_score": 33.33333333333333,
    "insider_score": 50,
    "short_interest_pct": 0,
    "combined_score": 45.83333333333333,
    "price": 157.6199951171875,
    "price_change_24h": 1.2656609688101124,
    "rsi": 50,
    "position_pct": 68.68890232356532,
    "ta_score": 50,
    "signal_direction": "WAIT",
    "signal_name": "historical_import",
    "confidence": "MEDIUM",
    "hit_tp1": false,
    "hit_sl": false,
    "candles_to_result": 0,
    "max_favorable_pct": 0,
    "max_adverse_pct": 0,
    "outcome_tracked": false
  },
  {
    "symbol": "CVX",
    "timeframe": "historical_1w",
    "timestamp": "2025-11-23",
    "congress_score": 50.0,
    "insider_score": 50,
    "short_interest_pct": 0,
    "combined_score": 50.0,
    "price": 149.97999572753906,
    "price_change_24h": -3.1262184263716644,
    "rsi": 50,
    "position_pct": 46.722255808913275,
    "ta_score": 50,
    "signal_direction": "WAIT",
    "signal_name": "historical_import",
    "confidence": "MEDIUM",
    "hit_tp1": false,
    "hit_sl": false,
    "candles_to_result": 0,
    "max_favorable_pct": 0,
    "max_adverse_pct": 0,
    "outcome_tracked": false
  },
  {
    "symbol": "CVX",
    "timeframe": "historical_1w",
    "timestamp": "2025-11-30",
    "congress_score": 50.0,
    "insider_score": 50,
    "short_interest_pct": 0,
    "combined_score": 50.0,
    "price": 151.1300048828125,
    "price_change_24h": 0.9215391537979966,
    "rsi": 50,
    "position_pct": 50.0287802356996,
    "ta_score": 50,
    "signal_direction": "WAIT",
    "signal_name": "historical_import",
    "confidence": "MEDIUM",
    "hit_tp1": false,
    "hit_sl": false,
    "candles_to_result": 0,
    "max_favorable_pct": 0,
    "max_adverse_pct": 0,
    "outcome_tracked": false
  },
  {
    "symbol": "CVX",
    "timeframe": "historical_1w",
    "timestamp": "2025-12-07",
    "congress_score": 50.0,
    "insider_score": 50,
    "short_interest_pct": 0,
    "combined_score": 50.0,
    "price": 150.0,
    "price_change_24h": -1.6651326851498685,
    "rsi": 50,
    "position_pct": 46.77977240800196,
    "ta_score": 50,
    "signal_direction": "WAIT",
    "signal_name": "historical_import",
    "confidence": "MEDIUM",
    "hit_tp1": false,
    "hit_sl": false,
    "candles_to_result": 0,
    "max_favorable_pct": 0,
    "max_adverse_pct": 0,
    "outcome_tracked": false
  },
  {
    "symbol": "CVX",
    "timeframe": "historical_1w",
    "timestamp": "2025-12-14",
    "congress_score": 100.0,
    "insider_score": 50,
    "short_interest_pct": 0,
    "combined_score": 62.5,
    "price": 149.99000549316406,
    "price_change_24h": 0.8607348002879992,
    "rsi": 50,
    "position_pct": 46.751036044612874,
    "ta_score": 50,
    "signal_direction": "WAIT",
    "signal_name": "historical_import",
    "confidence": "MEDIUM",
    "hit_tp1": false,
    "hit_sl": false,
    "candles_to_result": 0,
    "max_favorable_pct": 0,
    "max_adverse_pct": 0,
    "outcome_tracked": false
  },
  {
    "symbol": "CVX",
    "timeframe": "historical_1w",
    "timestamp": "2025-12-21",
    "congress_score": 50,
    "insider_score": 50,
    "short_interest_pct": 0,
    "combined_score": 50.0,
    "price": 147.75,
    "price_change_24h": -1.3684933311046132,
    "rsi": 50,
    "position_pct": 40.310536988306275,
    "ta_score": 50,
    "signal_direction": "WAIT",
    "signal_name": "historical_import",
    "confidence": "MEDIUM",
    "hit_tp1": false,
    "hit_sl": false,
    "candles_to_result": 0,
    "max_favorable_pct": 0,
    "max_adverse_pct": 0,
    "outcome_tracked": false
  },
  {
    "symbol": "CVX",
    "timeframe": "historical_1w",
    "timestamp": "2025-12-28",
    "congress_score": 50,
    "insider_score": 50,
    "short_interest_pct": 0,
    "combined_score": 50.0,
    "price": 149.83949279785156,
    "price_change_24h": 0.026361645720464896,
    "rsi": 50,
    "position_pct": 46.31827957366644,
    "ta_score": 50,
    "signal_direction": "WAIT",
    "signal_name": "historical_import",
    "confidence": "MEDIUM",
    "hit_tp1": false,
    "hit_sl": false,
    "candles_to_result": 0,
    "max_favorable_pct": 0,
    "max_adverse_pct": 0,
    "outcome_tracked": false
  }
]