[
  {
    "symbol": "DE",
    "timeframe": "historical_1w",
    "timestamp": "2025-06-29",
    "congress_score": 100.0,
    "insider_score": 50,
    "short_interest_pct": 0,
    "combined_score": 62.5,
    "price": 513.3400268554688,
    "price_change_24h": -0.14394456305927075,
    "rsi": 50,
    "position_pct": 85.24126793848514,
    "ta_score": 50,
    "signal_direction": "WAIT",
    "signal_name": "historical_import",
    "confidence": "MEDIUM",
    "hit_tp1": false,
    "hit_sl": true,
    "candles_to_result": 3,
    "max_favorable_pct": 1.4863333168064967,
    "max_adverse_pct": -7.8076937298965605,
    "outcome_tracked": true
  },
  {
    "symbol": "DE",
    "timeframe": "historical_1w",
    "timestamp": "2025-07-06",
    "congress_score": 100.0,
    "insider_score": 50,
    "short_interest_pct": 0,
    "combined_score": 62.5,
    "price": 520.969970703125,
    "price_change_24h": 2.454321758231206,
    "rsi": 50,
    "position_pct": 91.44901793016734,
    "ta_score": 50,
    "signal_direction": "WAIT",
    "signal_name": "historical_import",
    "confidence": "MEDIUM",
    "hit_tp1": false,
    "hit_sl": true,
    "candles_to_result": 2,
    "max_favorable_pct": -0.6890926583479116,
    "max_adverse_pct": -9.68577149838347,
    "outcome_tracked": true
  },
  {
    "symbol": "DE",
    "timeframe": "historical_1w",
    "timestamp": "2025-07-13",
    "congress_score": 100.0,
    "insider_score": 50,
    "short_interest_pct": 0,
    "combined_score": 62.5,
    "price": 512.4099731445312,
    "price_change_24h": 0.4154430939485561,
    "rsi": 50,
    "position_pct": 84.48457286554435,
    "ta_score": 50,
    "signal_direction": "WAIT",
    "signal_name": "historical_import",
    "confidence": "MEDIUM",
    "hit_tp1": false,
    "hit_sl": true,
    "candles_to_result": 1,
    "max_favorable_pct": 0.9699326708614616,
    "max_adverse_pct": -8.348777444589697,
    "outcome_tracked": true
  },
  {
    "symbol": "DE",
    "timeframe": "historical_1w",
    "timestamp": "2025-07-20",
    "congress_score": 50.0,
    "insider_score": 50,
    "short_interest_pct": 0,
    "combined_score": 50.0,
    "price": 499.82000732421875,
    "price_change_24h": -1.5346384531715893,
    "rsi": 50,
    "position_pct": 74.24133100468427,
    "ta_score": 50,
    "signal_direction": "WAIT",
    "signal_name": "historical_import",
    "confidence": "MEDIUM",
    "hit_tp1": true,
    "hit_sl": false,
    "candles_to_result": 1,
    "max_favorable_pct": 3.5132642353796553,
    "max_adverse_pct": -7.168584003201348,
    "outcome_tracked": true
  },
  {
    "symbol": "DE",
    "timeframe": "historical_1w",
    "timestamp": "2025-07-27",
    "congress_score": 0.0,
    "insider_score": 50,
    "short_interest_pct": 0,
    "combined_score": 37.5,
    "price": 517.3800048828125,
    "price_change_24h": 4.260038502429648,
    "rsi": 50,
    "position_pct": 88.52820871634462,
    "ta_score": 50,
    "signal_direction": "WAIT",
    "signal_name": "historical_import",
    "confidence": "MEDIUM",
    "hit_tp1": true,
    "hit_sl": false,
    "candles_to_result": 1,
    "max_favorable_pct": -1.3549054272425507,
    "max_adverse_pct": -10.533843497168846,
    "outcome_tracked": true
  },
  {
    "symbol": "DE",
    "timeframe": "historical_1w",
    "timestamp": "2025-08-03",
    "congress_score": 0.0,
    "insider_score": 50,
    "short_interest_pct": 0,
    "combined_score": 37.5,
    "price": 500.9800109863281,
    "price_change_24h": -1.8744446254930305,
    "rsi": 50,
    "position_pct": 75.18511419203013,
    "ta_score": 50,
    "signal_direction": "WAIT",
    "signal_name": "historical_import",
    "confidence": "MEDIUM",
    "hit_tp1": true,
    "hit_sl": false,
    "candles_to_result": 4,
    "max_favorable_pct": 1.8743231116891068,
    "max_adverse_pct": -10.90462766673207,
    "outcome_tracked": true
  },
  {
    "symbol": "DE",
    "timeframe": "historical_1w",
    "timestamp": "2025-08-10",
    "congress_score": 0.0,
    "insider_score": 50,
    "short_interest_pct": 0,
    "combined_score": 37.5,
    "price": 510.3699951171875,
    "price_change_24h": -0.037214517846052876,
    "rsi": 50,
    "position_pct": 82.82483934258205,
    "ta_score": 50,
    "signal_direction": "WAIT",
    "signal_name": "historical_import",
    "confidence": "MEDIUM",
    "hit_tp1": true,
    "hit_sl": false,
    "candles_to_result": 1,
    "max_favorable_pct": -2.817564711951898,
    "max_adverse_pct": -12.543838710379529,
    "outcome_tracked": true
  },
  {
    "symbol": "DE",
    "timeframe": "historical_1w",
    "timestamp": "2025-08-17",
    "congress_score": 0.0,
    "insider_score": 50,
    "short_interest_pct": 0,
    "combined_score": 37.5,
    "price": 488.79998779296875,
    "price_change_24h": -3.5859447708776906,
    "rsi": 50,
    "position_pct": 65.27540313950492,
    "ta_score": 50,
    "signal_direction": "WAIT",
    "signal_name": "historical_import",
    "confidence": "MEDIUM",
    "hit_tp1": true,
    "hit_sl": false,
    "candles_to_result": 3,
    "max_favorable_pct": 1.4709497997065368,
    "max_adverse_pct": -8.684530022417434,
    "outcome_tracked": true
  },
  {
    "symbol": "DE",
    "timeframe": "historical_1w",
    "timestamp": "2025-08-24",
    "congress_score": 0.0,
    "insider_score": 50,
    "short_interest_pct": 0,
    "combined_score": 37.5,
    "price": 495.989990234375,
    "price_change_24h": 0.9895517079479049,
    "rsi": 50,
    "position_pct": 71.12521520719729,
    "ta_score": 50,
    "signal_direction": "WAIT",
    "signal_name": "historical_import",
    "confidence": "MEDIUM",
    "hit_tp1": true,
    "hit_sl": false,
    "candles_to_result": 1,
    "max_favorable_pct": -3.4980495428423763,
    "max_adverse_pct": -10.008263293257693,
    "outcome_tracked": true
  },
  {
    "symbol": "DE",
    "timeframe": "historical_1w",
    "timestamp": "2025-08-31",
    "congress_score": 0.0,
    "insider_score": 50,
    "short_interest_pct": 0,
    "combined_score": 37.5,
    "price": 478.6400146484375,
    "price_change_24h": -1.897925674090401,
    "rsi": 50,
    "position_pct": 57.009212134333985,
    "ta_score": 50,
    "signal_direction": "WAIT",
    "signal_name": "historical_import",
    "confidence": "MEDIUM",
    "hit_tp1": true,
    "hit_sl": false,
    "candles_to_result": 4,
    "max_favorable_pct": -1.124019036888115,
    "max_adverse_pct": -6.746199138540263,
    "outcome_tracked": true
  },
  {
    "symbol": "DE",
    "timeframe": "historical_1w",
    "timestamp": "2025-09-07",
    "congress_score": 0.0,
    "insider_score": 50,
    "short_interest_pct": 0,
    "combined_score": 37.5,
    "price": 473.260009765625,
    "price_change_24h": -0.7382836995436317,
    "rsi": 50,
    "position_pct": 52.63202064598658,
    "ta_score": 50,
    "signal_direction": "WAIT",
    "signal_name": "historical_import",
    "confidence": "MEDIUM",
    "hit_tp1": true,
    "hit_sl": false,
    "candles_to_result": 5,
    "max_favorable_pct": 0.627562261635834,
    "max_adverse_pct": -5.686092867942963,
    "outcome_tracked": true
  },
  {
    "symbol": "DE",
    "timeframe": "historical_1w",
    "timestamp": "2025-09-14",
    "congress_score": 50,
    "insider_score": 50,
    "short_interest_pct": 0,
    "combined_score": 50.0,
    "price": 470.510009765625,
    "price_change_24h": -2.2844800267712504,
    "rsi": 50,
    "position_pct": 50.39461067050295,
    "ta_score": 50,
    "signal_direction": "WAIT",
    "signal_name": "historical_import",
    "confidence": "MEDIUM",
    "hit_tp1": false,
    "hit_sl": true,
    "candles_to_result": 4,
    "max_favorable_pct": 3.5557119129269323,
    "max_adverse_pct": -5.134854341174206,
    "outcome_tracked": true
  },
  {
    "symbol": "DE",
    "timeframe": "historical_1w",
    "timestamp": "2025-09-21",
    "congress_score": 50,
    "insider_score": 50,
    "short_interest_pct": 0,
    "combined_score": 50.0,
    "price": 469.6300048828125,
    "price_change_24h": 0.11085236884486369,
    "rsi": 50,
    "position_pct": 49.678635505674215,
    "ta_score": 50,
    "signal_direction": "WAIT",
    "signal_name": "historical_import",
    "confidence": "MEDIUM",
    "hit_tp1": false,
    "hit_sl": true,
    "candles_to_result": 3,
    "max_favorable_pct": 3.7497572915846265,
    "max_adverse_pct": -4.957093570949746,
    "outcome_tracked": true
  },
  {
    "symbol": "DE",
    "timeframe": "historical_1w",
    "timestamp": "2025-09-28",
    "congress_score": 0.0,
    "insider_score": 50,
    "short_interest_pct": 0,
    "combined_score": 37.5,
    "price": 463.989990234375,
    "price_change_24h": -1.0745599552350726,
    "rsi": 50,
    "position_pct": 45.08989912884226,
    "ta_score": 50,
    "signal_direction": "WAIT",
    "signal_name": "historical_import",
    "confidence": "MEDIUM",
    "hit_tp1": true,
    "hit_sl": false,
    "candles_to_result": 2,
    "max_favorable_pct": 5.010883960719872,
    "max_adverse_pct": -3.8018027332764013,
    "outcome_tracked": true
  },
  {
    "symbol": "DE",
    "timeframe": "historical_1w",
    "timestamp": "2025-10-05",
    "congress_score": 0.0,
    "insider_score": 50,
    "short_interest_pct": 0,
    "combined_score": 37.5,
    "price": 462.8800048828125,
    "price_change_24h": -0.560696342846893,
    "rsi": 50,
    "position_pct": 44.186811020396206,
    "ta_score": 50,
    "signal_direction": "WAIT",
    "signal_name": "historical_import",
    "confidence": "MEDIUM",
    "hit_tp1": true,
    "hit_sl": false,
    "candles_to_result": 1,
    "max_favorable_pct": 5.262699856246702,
    "max_adverse_pct": -3.5711196433040526,
    "outcome_tracked": true
  },
  {
    "symbol": "DE",
    "timeframe": "historical_1w",
    "timestamp": "2025-10-12",
    "congress_score": 0.0,
    "insider_score": 50,
    "short_interest_pct": 0,
    "combined_score": 37.5,
    "price": 446.3500061035156,
    "price_change_24h": -2.3966218787232734,
    "rsi": 50,
    "position_pct": 30.73794405183942,
    "ta_score": 50,
    "signal_direction": "WAIT",
    "signal_name": "historical_import",
    "confidence": "MEDIUM",
    "hit_tp1": false,
    "hit_sl": true,
    "candles_to_result": 1,
    "max_favorable_pct": 9.160968650547378,
    "max_adverse_pct": 2.7220776812684973,
    "outcome_tracked": true
  },
  {
    "symbol": "DE",
    "timeframe": "historical_1w",
    "timestamp": "2025-10-19",
    "congress_score": 0.0,
    "insider_score": 50,
    "short_interest_pct": 0,
    "combined_score": 37.5,
    "price": 458.5,
    "price_change_24h": 4.415753523098174,
    "rsi": 50,
    "position_pct": 40.62322315949739,
    "ta_score": 50,
    "signal_direction": "WAIT",
    "signal_name": "historical_import",
    "confidence": "MEDIUM",
    "hit_tp1": false,
    "hit_sl": true,
    "candles_to_result": 1,
    "max_favorable_pct": 6.268263955152671,
    "max_adverse_pct": 0.6826619155534351,
    "outcome_tracked": true
  },
  {
    "symbol": "DE",
    "timeframe": "historical_1w",
    "timestamp": "2025-10-26",
    "congress_score": 33.33333333333333,
    "insider_score": 50,
    "short_interest_pct": 0,
    "combined_score": 45.83333333333333,
    "price": 472.760009765625,
    "price_change_24h": 2.2316424335557676,
    "rsi": 50,
    "position_pct": 52.225218832262286,
    "ta_score": 50,
    "signal_direction": "WAIT",
    "signal_name": "historical_import",
    "confidence": "MEDIUM",
    "hit_tp1": false,
    "hit_sl": false,
    "candles_to_result": 0,
    "max_favorable_pct": 0,
    "max_adverse_pct": 0,
    "outcome_tracked": false
  },
  {
    "symbol": "DE",
    "timeframe": "historical_1w",
    "timestamp": "2025-11-02",
    "congress_score": 33.33333333333333,
    "insider_score": 50,
    "short_interest_pct": 0,
    "combined_score": 45.83333333333333,
    "price": 461.6300048828125,
    "price_change_24h": -3.4448862184572175,
    "rsi": 50,
    "position_pct": 43.16980648608546,
    "ta_score": 50,
    "signal_direction": "WAIT",
    "signal_name": "historical_import",
    "confidence": "MEDIUM",
    "hit_tp1": false,
    "hit_sl": false,
    "candles_to_result": 0,
    "max_favorable_pct": 0,
    "max_adverse_pct": 0,
    "outcome_tracked": false
  },
  {
    "symbol": "DE",
    "timeframe": "historical_1w",
    "timestamp": "2025-11-09",
    "congress_score": 50.0,
    "insider_score": 50,
    "short_interest_pct": 0,
    "combined_score": 50.0,
    "price": 467.7900085449219,
    "price_change_24h": 1.2663995481226278,
    "rsi": 50,
    "position_pct": 48.18160781067428,
    "ta_score": 50,
    "signal_direction": "WAIT",
    "signal_name": "historical_import",
    "confidence": "MEDIUM",
    "hit_tp1": false,
    "hit_sl": false,
    "candles_to_result": 0,
    "max_favorable_pct": 0,
    "max_adverse_pct": 0,
    "outcome_tracked": false
  },
  {
    "symbol": "DE",
    "timeframe": "historical_1w",
    "timestamp": "2025-11-16",
    "congress_score": 33.33333333333333,
    "insider_score": 50,
    "short_interest_pct": 0,
    "combined_score": 45.83333333333333,
    "price": 476.2300109863281,
    "price_change_24h": 0.3878657393862338,
    "rsi": 50,
    "position_pct": 55.0484244126774,
    "ta_score": 50,
    "signal_direction": "WAIT",
    "signal_name": "historical_import",
    "confidence": "MEDIUM",
    "hit_tp1": false,
    "hit_sl": false,
    "candles_to_result": 0,
    "max_favorable_pct": 0,
    "max_adverse_pct": 0,
    "outcome_tracked": false
  },
  {
    "symbol": "DE",
    "timeframe": "historical_1w",
    "timestamp": "2025-11-23",
    "congress_score": 50.0,
    "insider_score": 50,
    "short_interest_pct": 0,
    "combined_score": 50.0,
    "price": 487.239990234375,
    "price_change_24h": 2.3656412009222594,
    "rsi": 50,
    "position_pct": 64.0061834670221,
    "ta_score": 50,
    "signal_direction": "WAIT",
    "signal_name": "historical_import",
    "confidence": "MEDIUM",
    "hit_tp1": false,
    "hit_sl": false,
    "candles_to_result": 0,
    "max_favorable_pct": 0,
    "max_adverse_pct": 0,
    "outcome_tracked": false
  },
  {
    "symbol": "DE",
    "timeframe": "historical_1w",
    "timestamp": "2025-11-30",
    "congress_score": 0.0,
    "insider_score": 50,
    "short_interest_pct": 0,
    "combined_score": 37.5,
    "price": 464.489990234375,
    "price_change_24h": -4.667204449479452,
    "rsi": 50,
    "position_pct": 45.496700942566555,
    "ta_score": 50,
    "signal_direction": "WAIT",
    "signal_name": "historical_import",
    "confidence": "MEDIUM",
    "hit_tp1": false,
    "hit_sl": false,
    "candles_to_result": 0,
    "max_favorable_pct": 0,
    "max_adverse_pct": 0,
    "outcome_tracked": false
  },
  {
    "symbol": "DE",
    "timeframe": "historical_1w",
    "timestamp": "2025-12-07",
    "congress_score": 0.0,
    "insider_score": 50,
    "short_interest_pct": 0,
    "combined_score": 37.5,
    "price": 475.1099853515625,
    "price_change_24h": 1.4953750654865485,
    "rsi": 50,
    "position_pct": 54.137167493396674,
    "ta_score": 50,
    "signal_direction": "WAIT",
    "signal_name": "historical_import",
    "confidence": "MEDIUM",
    "hit_tp1": false,
    "hit_sl": false,
    "candles_to_result": 0,
    "max_favorable_pct": 0,
    "max_adverse_pct": 0,
    "outcome_tracked": false
  },
  {
    "symbol": "DE",
    "timeframe": "historical_1w",
    "timestamp": "2025-12-14",
    "congress_score": 50,
    "insider_score": 50,
    "short_interest_pct": 0,
    "combined_score": 50.0,
    "price": 484.79998779296875,
    "price_change_24h": 3.9562520527463625,
    "rsi": 50,
    "position_pct": 62.02098862971054,
    "ta_score": 50,
    "signal_direction": "WAIT",
    "signal_name": "historical_import",
    "confidence": "MEDIUM",
    "hit_tp1": false,
    "hit_sl": false,
    "candles_to_result": 0,
    "max_favorable_pct": 0,
    "max_adverse_pct": 0,
    "outcome_tracked": false
  },
  {
    "symbol": "DE",
    "timeframe": "historical_1w",
    "timestamp": "2025-12-21",
    "congress_score": 50,
    "insider_score": 50,
    "short_interest_pct": 0,
    "combined_score": 50.0,
    "price": 470.57000732421875,
    "price_change_24h": -3.573697689066276,
    "rsi": 50,
    "position_pct": 50.44342490181288,
    "ta_score": 50,
    "signal_direction": "WAIT",
    "signal_name": "historical_import",
    "confidence": "MEDIUM",
    "hit_tp1": false,
    "hit_sl": false,
    "candles_to_result": 0,
    "max_favorable_pct": 0,
    "max_adverse_pct": 0,
    "outcome_tracked": false
  },
  {
    "symbol": "DE",
    "timeframe": "historical_1w",
    "timestamp": "2025-12-28",
    "congress_score": 50,
    "insider_score": 50,
    "short_interest_pct": 0,
    "combined_score": 50.0,
    "price": 467.67999267578125,
    "price_change_24h": -0.23252263656725575,
    "rsi": 50,
    "position_pct": 48.09209850046455,
    "ta_score": 50,
    "signal_direction": "WAIT",
    "signal_name": "historical_import",
    "confidence": "MEDIUM",
    "hit_tp1": false,
    "hit_sl": false,
    "candles_to_result": 0,
    "max_favorable_pct": 0,
    "max_adverse_pct": 0,
    "outcome_tracked": false
  }
]