[
  {
    "symbol": "DHR",
    "timeframe": "historical_1w",
    "timestamp": "2025-06-29",
    "congress_score": 50.0,
    "insider_score": 50,
    "short_interest_pct": 0,
    "combined_score": 50.0,
    "price": 198.8000030517578,
    "price_change_24h": 1.2529320361367673,
    "rsi": 50,
    "position_pct": 31.810407679902536,
    "ta_score": 50,
    "signal_direction": "WAIT",
    "signal_name": "historical_import",
    "confidence": "MEDIUM",
    "hit_tp1": true,
    "hit_sl": false,
    "candles_to_result": 2,
    "max_favorable_pct": 6.539235312091739,
    "max_adverse_pct": -4.40140838313867,
    "outcome_tracked": true
  },
  {
    "symbol": "DHR",
    "timeframe": "historical_1w",
    "timestamp": "2025-07-06",
    "congress_score": 70.0,
    "insider_score": 50,
    "short_interest_pct": 0,
    "combined_score": 55.0,
    "price": 203.1999969482422,
    "price_change_24h": 2.8652444337744667,
    "rsi": 50,
    "position_pct": 37.6036849324123,
    "ta_score": 50,
    "signal_direction": "WAIT",
    "signal_name": "historical_import",
    "confidence": "MEDIUM",
    "hit_tp1": false,
    "hit_sl": true,
    "candles_to_result": 2,
    "max_favorable_pct": 4.23228653182813,
    "max_adverse_pct": -6.4714537864062365,
    "outcome_tracked": true
  },
  {
    "symbol": "DHR",
    "timeframe": "historical_1w",
    "timestamp": "2025-07-13",
    "congress_score": 80.0,
    "insider_score": 50,
    "short_interest_pct": 0,
    "combined_score": 57.5,
    "price": 204.85000610351562,
    "price_change_24h": 2.6148379968068367,
    "rsi": 50,
    "position_pct": 39.7761789700327,
    "ta_score": 50,
    "signal_direction": "WAIT",
    "signal_name": "historical_import",
    "confidence": "MEDIUM",
    "hit_tp1": false,
    "hit_sl": true,
    "candles_to_result": 1,
    "max_favorable_pct": 3.3927247943210643,
    "max_adverse_pct": -7.224799907635353,
    "outcome_tracked": true
  },
  {
    "symbol": "DHR",
    "timeframe": "historical_1w",
    "timestamp": "2025-07-20",
    "congress_score": 80.0,
    "insider_score": 50,
    "short_interest_pct": 0,
    "combined_score": 57.5,
    "price": 190.0500030517578,
    "price_change_24h": -3.8938037664941527,
    "rsi": 50,
    "position_pct": 20.289669889797185,
    "ta_score": 50,
    "signal_direction": "WAIT",
    "signal_name": "historical_import",
    "confidence": "MEDIUM",
    "hit_tp1": true,
    "hit_sl": false,
    "candles_to_result": 1,
    "max_favorable_pct": 11.444356564454592,
    "max_adverse_pct": 0.0,
    "outcome_tracked": true
  },
  {
    "symbol": "DHR",
    "timeframe": "historical_1w",
    "timestamp": "2025-07-27",
    "congress_score": 86.66666666666667,
    "insider_score": 50,
    "short_interest_pct": 0,
    "combined_score": 59.16666666666667,
    "price": 205.47999572753906,
    "price_change_24h": 9.257184944597139,
    "rsi": 50,
    "position_pct": 40.60565842933111,
    "ta_score": 50,
    "signal_direction": "WAIT",
    "signal_name": "historical_import",
    "confidence": "MEDIUM",
    "hit_tp1": false,
    "hit_sl": true,
    "candles_to_result": 1,
    "max_favorable_pct": 3.0757287597956298,
    "max_adverse_pct": -7.509243233701934,
    "outcome_tracked": true
  },
  {
    "symbol": "DHR",
    "timeframe": "historical_1m",
    "timestamp": "2025-07-28",
    "congress_score": 82.35294117647058,
    "insider_score": 50,
    "short_interest_pct": 0,
    "combined_score": 58.088235294117645,
    "price": 0,
    "price_change_24h": 0,
    "rsi": 50,
    "position_pct": 50,
    "ta_score": 50,
    "signal_direction": "WAIT",
    "signal_name": "quiver_only_import",
    "confidence": "LOW",
    "hit_tp1": false,
    "hit_sl": false,
    "candles_to_result": 0,
    "max_favorable_pct": 0,
    "max_adverse_pct": 0,
    "outcome_tracked": false
  },
  {
    "symbol": "DHR",
    "timeframe": "historical_1w",
    "timestamp": "2025-08-03",
    "congress_score": 100.0,
    "insider_score": 50,
    "short_interest_pct": 0,
    "combined_score": 62.5,
    "price": 197.08999633789062,
    "price_change_24h": -2.8826283793924095,
    "rsi": 50,
    "position_pct": 29.55891751192727,
    "ta_score": 50,
    "signal_direction": "WAIT",
    "signal_name": "historical_import",
    "confidence": "MEDIUM",
    "hit_tp1": true,
    "hit_sl": false,
    "candles_to_result": 2,
    "max_favorable_pct": 7.463598856965012,
    "max_adverse_pct": -6.215434688526062,
    "outcome_tracked": true
  },
  {
    "symbol": "DHR",
    "timeframe": "historical_1w",
    "timestamp": "2025-08-10",
    "congress_score": 83.33333333333334,
    "insider_score": 50,
    "short_interest_pct": 0,
    "combined_score": 58.333333333333336,
    "price": 200.55999755859375,
    "price_change_24h": 1.5699335254346758,
    "rsi": 50,
    "position_pct": 34.12771456279198,
    "ta_score": 50,
    "signal_direction": "WAIT",
    "signal_name": "historical_import",
    "confidence": "MEDIUM",
    "hit_tp1": true,
    "hit_sl": false,
    "candles_to_result": 1,
    "max_favorable_pct": 7.194858451448962,
    "max_adverse_pct": -7.838054154398619,
    "outcome_tracked": true
  },
  {
    "symbol": "DHR",
    "timeframe": "historical_1w",
    "timestamp": "2025-08-17",
    "congress_score": 85.71428571428571,
    "insider_score": 50,
    "short_interest_pct": 0,
    "combined_score": 58.92857142857143,
    "price": 210.92999267578125,
    "price_change_24h": 5.59170928920058,
    "rsi": 50,
    "position_pct": 47.78142823476798,
    "ta_score": 50,
    "signal_direction": "WAIT",
    "signal_name": "historical_import",
    "confidence": "MEDIUM",
    "hit_tp1": false,
    "hit_sl": true,
    "candles_to_result": 2,
    "max_favorable_pct": 1.9248153218416049,
    "max_adverse_pct": -12.369031073733238,
    "outcome_tracked": true
  },
  {
    "symbol": "DHR",
    "timeframe": "historical_1w",
    "timestamp": "2025-08-24",
    "congress_score": 50.0,
    "insider_score": 50,
    "short_interest_pct": 0,
    "combined_score": 50.0,
    "price": 211.8000030517578,
    "price_change_24h": 1.3348684839234441,
    "rsi": 50,
    "position_pct": 48.92693239663049,
    "ta_score": 50,
    "signal_direction": "WAIT",
    "signal_name": "historical_import",
    "confidence": "MEDIUM",
    "hit_tp1": false,
    "hit_sl": true,
    "candles_to_result": 1,
    "max_favorable_pct": 1.5061389969039356,
    "max_adverse_pct": -12.728992599343325,
    "outcome_tracked": true
  },
  {
    "symbol": "DHR",
    "timeframe": "historical_1m",
    "timestamp": "2025-08-28",
    "congress_score": 70.0,
    "insider_score": 50,
    "short_interest_pct": 0,
    "combined_score": 55.0,
    "price": 0,
    "price_change_24h": 0,
    "rsi": 50,
    "position_pct": 50,
    "ta_score": 50,
    "signal_direction": "WAIT",
    "signal_name": "quiver_only_import",
    "confidence": "LOW",
    "hit_tp1": false,
    "hit_sl": false,
    "candles_to_result": 0,
    "max_favorable_pct": 0,
    "max_adverse_pct": 0,
    "outcome_tracked": false
  },
  {
    "symbol": "DHR",
    "timeframe": "historical_1w",
    "timestamp": "2025-08-31",
    "congress_score": 20.0,
    "insider_score": 50,
    "short_interest_pct": 0,
    "combined_score": 42.5,
    "price": 205.82000732421875,
    "price_change_24h": -0.919457200502461,
    "rsi": 50,
    "position_pct": 41.05333665229588,
    "ta_score": 50,
    "signal_direction": "WAIT",
    "signal_name": "historical_import",
    "confidence": "MEDIUM",
    "hit_tp1": true,
    "hit_sl": false,
    "candles_to_result": 2,
    "max_favorable_pct": 8.351951496891454,
    "max_adverse_pct": -10.193377825159281,
    "outcome_tracked": true
  },
  {
    "symbol": "DHR",
    "timeframe": "historical_1w",
    "timestamp": "2025-09-07",
    "congress_score": 50.0,
    "insider_score": 50,
    "short_interest_pct": 0,
    "combined_score": 50.0,
    "price": 200.2100067138672,
    "price_change_24h": -1.7567038079436603,
    "rsi": 50,
    "position_pct": 33.666897105531156,
    "ta_score": 50,
    "signal_direction": "WAIT",
    "signal_name": "historical_import",
    "confidence": "MEDIUM",
    "hit_tp1": false,
    "hit_sl": true,
    "candles_to_result": 1,
    "max_favorable_pct": 11.388036076315435,
    "max_adverse_pct": -7.676944138932486,
    "outcome_tracked": true
  },
  {
    "symbol": "DHR",
    "timeframe": "historical_1w",
    "timestamp": "2025-09-14",
    "congress_score": 57.14285714285714,
    "insider_score": 50,
    "short_interest_pct": 0,
    "combined_score": 51.785714285714285,
    "price": 190.0500030517578,
    "price_change_24h": -4.319590001579423,
    "rsi": 50,
    "position_pct": 20.289669889797185,
    "ta_score": 50,
    "signal_direction": "WAIT",
    "signal_name": "historical_import",
    "confidence": "MEDIUM",
    "hit_tp1": false,
    "hit_sl": true,
    "candles_to_result": 2,
    "max_favorable_pct": 17.34279975049612,
    "max_adverse_pct": -2.7413873350206184,
    "outcome_tracked": true
  },
  {
    "symbol": "DHR",
    "timeframe": "historical_1w",
    "timestamp": "2025-09-21",
    "congress_score": 75.0,
    "insider_score": 50,
    "short_interest_pct": 0,
    "combined_score": 56.25,
    "price": 193.2899932861328,
    "price_change_24h": 2.519359376867743,
    "rsi": 50,
    "position_pct": 24.55562165353848,
    "ta_score": 50,
    "signal_direction": "WAIT",
    "signal_name": "historical_import",
    "confidence": "MEDIUM",
    "hit_tp1": false,
    "hit_sl": true,
    "candles_to_result": 1,
    "max_favorable_pct": 15.375861272191024,
    "max_adverse_pct": -4.371668085131242,
    "outcome_tracked": true
  },
  {
    "symbol": "DHR",
    "timeframe": "historical_1m",
    "timestamp": "2025-09-28",
    "congress_score": 50.0,
    "insider_score": 50,
    "short_interest_pct": 0,
    "combined_score": 50.0,
    "price": 0,
    "price_change_24h": 0,
    "rsi": 50,
    "position_pct": 50,
    "ta_score": 50,
    "signal_direction": "WAIT",
    "signal_name": "quiver_only_import",
    "confidence": "LOW",
    "hit_tp1": false,
    "hit_sl": false,
    "candles_to_result": 0,
    "max_favorable_pct": 0,
    "max_adverse_pct": 0,
    "outcome_tracked": false
  },
  {
    "symbol": "DHR",
    "timeframe": "historical_1w",
    "timestamp": "2025-09-28",
    "congress_score": 80.0,
    "insider_score": 50,
    "short_interest_pct": 0,
    "combined_score": 57.5,
    "price": 184.83999633789062,
    "price_change_24h": -2.9507561576534247,
    "rsi": 50,
    "position_pct": 13.429884605779776,
    "ta_score": 50,
    "signal_direction": "WAIT",
    "signal_name": "historical_import",
    "confidence": "MEDIUM",
    "hit_tp1": true,
    "hit_sl": false,
    "candles_to_result": 1,
    "max_favorable_pct": 23.019911217686722,
    "max_adverse_pct": 9.53257451042516,
    "outcome_tracked": true
  },
  {
    "symbol": "DHR",
    "timeframe": "historical_1w",
    "timestamp": "2025-10-05",
    "congress_score": 66.66666666666666,
    "insider_score": 50,
    "short_interest_pct": 0,
    "combined_score": 54.166666666666664,
    "price": 214.99000549316406,
    "price_change_24h": 15.54875218433759,
    "rsi": 50,
    "position_pct": 53.12706744545761,
    "ta_score": 50,
    "signal_direction": "WAIT",
    "signal_name": "historical_import",
    "confidence": "MEDIUM",
    "hit_tp1": false,
    "hit_sl": true,
    "candles_to_result": 1,
    "max_favorable_pct": 5.767707139706386,
    "max_adverse_pct": -5.828177338083415,
    "outcome_tracked": true
  },
  {
    "symbol": "DHR",
    "timeframe": "historical_1w",
    "timestamp": "2025-10-12",
    "congress_score": 60.0,
    "insider_score": 50,
    "short_interest_pct": 0,
    "combined_score": 52.5,
    "price": 202.4600067138672,
    "price_change_24h": -4.369184122931737,
    "rsi": 50,
    "position_pct": 36.62937253727253,
    "ta_score": 50,
    "signal_direction": "WAIT",
    "signal_name": "historical_import",
    "confidence": "MEDIUM",
    "hit_tp1": true,
    "hit_sl": false,
    "candles_to_result": 1,
    "max_favorable_pct": 12.313539390035844,
    "max_adverse_pct": 3.2598985606348427,
    "outcome_tracked": true
  },
  {
    "symbol": "DHR",
    "timeframe": "historical_1w",
    "timestamp": "2025-10-19",
    "congress_score": 60.0,
    "insider_score": 50,
    "short_interest_pct": 0,
    "combined_score": 52.5,
    "price": 209.05999755859375,
    "price_change_24h": 1.910889236915499,
    "rsi": 50,
    "position_pct": 45.31928841603718,
    "ta_score": 50,
    "signal_direction": "WAIT",
    "signal_name": "historical_import",
    "confidence": "MEDIUM",
    "hit_tp1": true,
    "hit_sl": false,
    "candles_to_result": 1,
    "max_favorable_pct": 8.767818829576564,
    "max_adverse_pct": 0.4209341304358616,
    "outcome_tracked": true
  },
  {
    "symbol": "DHR",
    "timeframe": "historical_1w",
    "timestamp": "2025-10-26",
    "congress_score": 66.66666666666666,
    "insider_score": 50,
    "short_interest_pct": 0,
    "combined_score": 54.166666666666664,
    "price": 223.00999450683594,
    "price_change_24h": 7.015689409284452,
    "rsi": 50,
    "position_pct": 63.68663207471925,
    "ta_score": 50,
    "signal_direction": "WAIT",
    "signal_name": "historical_import",
    "confidence": "MEDIUM",
    "hit_tp1": false,
    "hit_sl": true,
    "candles_to_result": 1,
    "max_favorable_pct": 1.964039724990101,
    "max_adverse_pct": -5.860720320778741,
    "outcome_tracked": true
  },
  {
    "symbol": "DHR",
    "timeframe": "historical_1m",
    "timestamp": "2025-10-28",
    "congress_score": 66.66666666666666,
    "insider_score": 50,
    "short_interest_pct": 0,
    "combined_score": 54.166666666666664,
    "price": 0,
    "price_change_24h": 0,
    "rsi": 50,
    "position_pct": 50,
    "ta_score": 50,
    "signal_direction": "WAIT",
    "signal_name": "quiver_only_import",
    "confidence": "LOW",
    "hit_tp1": false,
    "hit_sl": false,
    "candles_to_result": 0,
    "max_favorable_pct": 0,
    "max_adverse_pct": 0,
    "outcome_tracked": false
  },
  {
    "symbol": "DHR",
    "timeframe": "historical_1w",
    "timestamp": "2025-11-02",
    "congress_score": 66.66666666666666,
    "insider_score": 50,
    "short_interest_pct": 0,
    "combined_score": 54.166666666666664,
    "price": 215.3800048828125,
    "price_change_24h": -2.5473914139431826,
    "rsi": 50,
    "position_pct": 53.64056238333655,
    "ta_score": 50,
    "signal_direction": "WAIT",
    "signal_name": "historical_import",
    "confidence": "MEDIUM",
    "hit_tp1": false,
    "hit_sl": false,
    "candles_to_result": 0,
    "max_favorable_pct": 0,
    "max_adverse_pct": 0,
    "outcome_tracked": false
  },
  {
    "symbol": "DHR",
    "timeframe": "historical_1w",
    "timestamp": "2025-11-09",
    "congress_score": 33.33333333333333,
    "insider_score": 50,
    "short_interest_pct": 0,
    "combined_score": 45.83333333333333,
    "price": 209.94000244140625,
    "price_change_24h": -1.9246917519279851,
    "rsi": 50,
    "position_pct": 46.47795190276806,
    "ta_score": 50,
    "signal_direction": "WAIT",
    "signal_name": "historical_import",
    "confidence": "MEDIUM",
    "hit_tp1": false,
    "hit_sl": false,
    "candles_to_result": 0,
    "max_favorable_pct": 0,
    "max_adverse_pct": 0,
    "outcome_tracked": false
  },
  {
    "symbol": "DHR",
    "timeframe": "historical_1w",
    "timestamp": "2025-11-16",
    "congress_score": 25.0,
    "insider_score": 50,
    "short_interest_pct": 0,
    "combined_score": 43.75,
    "price": 221.2100067138672,
    "price_change_24h": 4.754467316370115,
    "rsi": 50,
    "position_pct": 61.316667801784,
    "ta_score": 50,
    "signal_direction": "WAIT",
    "signal_name": "historical_import",
    "confidence": "MEDIUM",
    "hit_tp1": false,
    "hit_sl": false,
    "candles_to_result": 0,
    "max_favorable_pct": 0,
    "max_adverse_pct": 0,
    "outcome_tracked": false
  },
  {
    "symbol": "DHR",
    "timeframe": "historical_1w",
    "timestamp": "2025-11-23",
    "congress_score": 25.0,
    "insider_score": 50,
    "short_interest_pct": 0,
    "combined_score": 43.75,
    "price": 227.38999938964844,
    "price_change_24h": 3.152783919102669,
    "rsi": 50,
    "position_pct": 69.45359067749227,
    "ta_score": 50,
    "signal_direction": "WAIT",
    "signal_name": "historical_import",
    "confidence": "MEDIUM",
    "hit_tp1": false,
    "hit_sl": false,
    "candles_to_result": 0,
    "max_favorable_pct": 0,
    "max_adverse_pct": 0,
    "outcome_tracked": false
  },
  {
    "symbol": "DHR",
    "timeframe": "historical_1m",
    "timestamp": "2025-11-28",
    "congress_score": 42.857142857142854,
    "insider_score": 50,
    "short_interest_pct": 0,
    "combined_score": 48.214285714285715,
    "price": 0,
    "price_change_24h": 0,
    "rsi": 50,
    "position_pct": 50,
    "ta_score": 50,
    "signal_direction": "WAIT",
    "signal_name": "quiver_only_import",
    "confidence": "LOW",
    "hit_tp1": false,
    "hit_sl": false,
    "candles_to_result": 0,
    "max_favorable_pct": 0,
    "max_adverse_pct": 0,
    "outcome_tracked": false
  },
  {
    "symbol": "DHR",
    "timeframe": "historical_1w",
    "timestamp": "2025-11-30",
    "congress_score": 33.33333333333333,
    "insider_score": 50,
    "short_interest_pct": 0,
    "combined_score": 45.83333333333333,
    "price": 226.77999877929688,
    "price_change_24h": -0.08811214732872702,
    "rsi": 50,
    "position_pct": 68.65042986793061,
    "ta_score": 50,
    "signal_direction": "WAIT",
    "signal_name": "historical_import",
    "confidence": "MEDIUM",
    "hit_tp1": false,
    "hit_sl": false,
    "candles_to_result": 0,
    "max_favorable_pct": 0,
    "max_adverse_pct": 0,
    "outcome_tracked": false
  },
  {
    "symbol": "DHR",
    "timeframe": "historical_1w",
    "timestamp": "2025-12-07",
    "congress_score": 0.0,
    "insider_score": 50,
    "short_interest_pct": 0,
    "combined_score": 37.5,
    "price": 226.25,
    "price_change_24h": 0.9413762006323132,
    "rsi": 50,
    "position_pct": 67.95260392903286,
    "ta_score": 50,
    "signal_direction": "WAIT",
    "signal_name": "historical_import",
    "confidence": "MEDIUM",
    "hit_tp1": false,
    "hit_sl": false,
    "candles_to_result": 0,
    "max_favorable_pct": 0,
    "max_adverse_pct": 0,
    "outcome_tracked": false
  },
  {
    "symbol": "DHR",
    "timeframe": "historical_1w",
    "timestamp": "2025-12-14",
    "congress_score": 50,
    "insider_score": 50,
    "short_interest_pct": 0,
    "combined_score": 50.0,
    "price": 226.3300018310547,
    "price_change_24h": 0.8241296056335711,
    "rsi": 50,
    "position_pct": 68.0579387996968,
    "ta_score": 50,
    "signal_direction": "WAIT",
    "signal_name": "historical_import",
    "confidence": "MEDIUM",
    "hit_tp1": false,
    "hit_sl": false,
    "candles_to_result": 0,
    "max_favorable_pct": 0,
    "max_adverse_pct": 0,
    "outcome_tracked": false
  },
  {
    "symbol": "DHR",
    "timeframe": "historical_1w",
    "timestamp": "2025-12-21",
    "congress_score": 50,
    "insider_score": 50,
    "short_interest_pct": 0,
    "combined_score": 50.0,
    "price": 224.83999633789062,
    "price_change_24h": -1.6146687354467955,
    "rsi": 50,
    "position_pct": 66.09611450340425,
    "ta_score": 50,
    "signal_direction": "WAIT",
    "signal_name": "historical_import",
    "confidence": "MEDIUM",
    "hit_tp1": false,
    "hit_sl": false,
    "candles_to_result": 0,
    "max_favorable_pct": 0,
    "max_adverse_pct": 0,
    "outcome_tracked": false
  },
  {
    "symbol": "DHR",
    "timeframe": "historical_1w",
    "timestamp": "2025-12-28",
    "congress_score": 50,
    "insider_score": 50,
    "short_interest_pct": 0,
    "combined_score": 50.0,
    "price": 229.47999572753906,
    "price_change_24h": 0.6447091163186064,
    "rsi": 50,
    "position_pct": 72.20539636790579,
    "ta_score": 50,
    "signal_direction": "WAIT",
    "signal_name": "historical_import",
    "confidence": "MEDIUM",
    "hit_tp1": false,
    "hit_sl": false,
    "candles_to_result": 0,
    "max_favorable_pct": 0,
    "max_adverse_pct": 0,
    "outcome_tracked": false
  }
]