[
  {
    "symbol": "DIS",
    "timeframe": "historical_1w",
    "timestamp": "2025-06-29",
    "congress_score": 33.33333333333333,
    "insider_score": 50,
    "short_interest_pct": 0,
    "combined_score": 45.83333333333333,
    "price": 122.33999633789062,
    "price_change_24h": 3.898086061902866,
    "rsi": 50,
    "position_pct": 100.0,
    "ta_score": 50,
    "signal_direction": "WAIT",
    "signal_name": "historical_import",
    "confidence": "MEDIUM",
    "hit_tp1": true,
    "hit_sl": false,
    "candles_to_result": 5,
    "max_favorable_pct": 1.3568773187834777,
    "max_adverse_pct": -8.100373000947657,
    "outcome_tracked": true
  },
  {
    "symbol": "DIS",
    "timeframe": "historical_1w",
    "timestamp": "2025-07-06",
    "congress_score": 50.0,
    "insider_score": 50,
    "short_interest_pct": 0,
    "combined_score": 50.0,
    "price": 124.0,
    "price_change_24h": -0.008065588305918229,
    "rsi": 50,
    "position_pct": 99.97634869705855,
    "ta_score": 50,
    "signal_direction": "WAIT",
    "signal_name": "historical_import",
    "confidence": "MEDIUM",
    "hit_tp1": false,
    "hit_sl": true,
    "candles_to_result": 1,
    "max_favorable_pct": -2.0403215962071575,
    "max_adverse_pct": -9.330644915180821,
    "outcome_tracked": true
  },
  {
    "symbol": "DIS",
    "timeframe": "historical_1w",
    "timestamp": "2025-07-13",
    "congress_score": 60.0,
    "insider_score": 50,
    "short_interest_pct": 0,
    "combined_score": 52.5,
    "price": 119.87000274658203,
    "price_change_24h": -2.671322521679597,
    "rsi": 50,
    "position_pct": 90.21045329859906,
    "ta_score": 50,
    "signal_direction": "WAIT",
    "signal_name": "historical_import",
    "confidence": "MEDIUM",
    "hit_tp1": false,
    "hit_sl": true,
    "candles_to_result": 3,
    "max_favorable_pct": 1.334778040761091,
    "max_adverse_pct": -6.206725845443758,
    "outcome_tracked": true
  },
  {
    "symbol": "DIS",
    "timeframe": "historical_1w",
    "timestamp": "2025-07-20",
    "congress_score": 60.0,
    "insider_score": 50,
    "short_interest_pct": 0,
    "combined_score": 52.5,
    "price": 121.41999816894531,
    "price_change_24h": 1.2086329361410082,
    "rsi": 50,
    "position_pct": 93.87561146555993,
    "ta_score": 50,
    "signal_direction": "WAIT",
    "signal_name": "historical_import",
    "confidence": "MEDIUM",
    "hit_tp1": false,
    "hit_sl": true,
    "candles_to_result": 2,
    "max_favorable_pct": 0.041181891378582976,
    "max_adverse_pct": -7.404050403015766,
    "outcome_tracked": true
  },
  {
    "symbol": "DIS",
    "timeframe": "historical_1w",
    "timestamp": "2025-07-27",
    "congress_score": 66.66666666666666,
    "insider_score": 50,
    "short_interest_pct": 0,
    "combined_score": 54.166666666666664,
    "price": 121.47000122070312,
    "price_change_24h": 0.5213546027019826,
    "rsi": 50,
    "position_pct": 93.9938499396089,
    "ta_score": 50,
    "signal_direction": "WAIT",
    "signal_name": "historical_import",
    "confidence": "MEDIUM",
    "hit_tp1": false,
    "hit_sl": true,
    "candles_to_result": 1,
    "max_favorable_pct": -2.148679166973383,
    "max_adverse_pct": -7.442167469071024,
    "outcome_tracked": true
  },
  {
    "symbol": "DIS",
    "timeframe": "historical_1w",
    "timestamp": "2025-08-03",
    "congress_score": 50,
    "insider_score": 50,
    "short_interest_pct": 0,
    "combined_score": 50.0,
    "price": 116.58999633789062,
    "price_change_24h": -3.140322607327299,
    "rsi": 50,
    "position_pct": 82.45446763370609,
    "ta_score": 50,
    "signal_direction": "WAIT",
    "signal_name": "historical_import",
    "confidence": "MEDIUM",
    "hit_tp1": false,
    "hit_sl": true,
    "candles_to_result": 1,
    "max_favorable_pct": 1.946997464415571,
    "max_adverse_pct": -6.347023011338279,
    "outcome_tracked": true
  },
  {
    "symbol": "DIS",
    "timeframe": "historical_1w",
    "timestamp": "2025-08-10",
    "congress_score": 0.0,
    "insider_score": 50,
    "short_interest_pct": 0,
    "combined_score": 37.5,
    "price": 112.43000030517578,
    "price_change_24h": -5.7980714347858076,
    "rsi": 50,
    "position_pct": 72.61763636708048,
    "ta_score": 50,
    "signal_direction": "WAIT",
    "signal_name": "historical_import",
    "confidence": "MEDIUM",
    "hit_tp1": false,
    "hit_sl": true,
    "candles_to_result": 1,
    "max_favorable_pct": 5.719114371362118,
    "max_adverse_pct": -2.881791207840436,
    "outcome_tracked": true
  },
  {
    "symbol": "DIS",
    "timeframe": "historical_1w",
    "timestamp": "2025-08-17",
    "congress_score": 0.0,
    "insider_score": 50,
    "short_interest_pct": 0,
    "combined_score": 37.5,
    "price": 115.38999938964844,
    "price_change_24h": 2.5233196453887343,
    "rsi": 50,
    "position_pct": 79.61692466311325,
    "ta_score": 50,
    "signal_direction": "WAIT",
    "signal_name": "historical_import",
    "confidence": "MEDIUM",
    "hit_tp1": false,
    "hit_sl": true,
    "candles_to_result": 1,
    "max_favorable_pct": 3.007194071459902,
    "max_adverse_pct": -5.3730799731665355,
    "outcome_tracked": true
  },
  {
    "symbol": "DIS",
    "timeframe": "historical_1w",
    "timestamp": "2025-08-24",
    "congress_score": 0.0,
    "insider_score": 50,
    "short_interest_pct": 0,
    "combined_score": 37.5,
    "price": 118.86000061035156,
    "price_change_24h": 1.9819798353569502,
    "rsi": 50,
    "position_pct": 87.82217683994418,
    "ta_score": 50,
    "signal_direction": "WAIT",
    "signal_name": "historical_import",
    "confidence": "MEDIUM",
    "hit_tp1": true,
    "hit_sl": false,
    "candles_to_result": 4,
    "max_favorable_pct": -0.40383926844081647,
    "max_adverse_pct": -8.135620157571452,
    "outcome_tracked": true
  },
  {
    "symbol": "DIS",
    "timeframe": "historical_1w",
    "timestamp": "2025-08-31",
    "congress_score": 0.0,
    "insider_score": 50,
    "short_interest_pct": 0,
    "combined_score": 37.5,
    "price": 118.37999725341797,
    "price_change_24h": 0.5691939292808076,
    "rsi": 50,
    "position_pct": 86.68714882731211,
    "ta_score": 50,
    "signal_direction": "WAIT",
    "signal_name": "historical_import",
    "confidence": "MEDIUM",
    "hit_tp1": true,
    "hit_sl": false,
    "candles_to_result": 3,
    "max_favorable_pct": -0.39702112030165954,
    "max_adverse_pct": -7.763131462436639,
    "outcome_tracked": true
  },
  {
    "symbol": "DIS",
    "timeframe": "historical_1w",
    "timestamp": "2025-09-07",
    "congress_score": 33.33333333333333,
    "insider_score": 50,
    "short_interest_pct": 0,
    "combined_score": 45.83333333333333,
    "price": 117.91000366210938,
    "price_change_24h": -0.30438233801889253,
    "rsi": 50,
    "position_pct": 85.57579015827972,
    "ta_score": 50,
    "signal_direction": "WAIT",
    "signal_name": "historical_import",
    "confidence": "MEDIUM",
    "hit_tp1": true,
    "hit_sl": false,
    "candles_to_result": 2,
    "max_favorable_pct": -1.653807579571263,
    "max_adverse_pct": -10.270545529838818,
    "outcome_tracked": true
  },
  {
    "symbol": "DIS",
    "timeframe": "historical_1w",
    "timestamp": "2025-09-14",
    "congress_score": 50.0,
    "insider_score": 50,
    "short_interest_pct": 0,
    "combined_score": 50.0,
    "price": 115.95999908447266,
    "price_change_24h": -2.423424219258174,
    "rsi": 50,
    "position_pct": 80.96476028024358,
    "ta_score": 50,
    "signal_direction": "WAIT",
    "signal_name": "historical_import",
    "confidence": "MEDIUM",
    "hit_tp1": false,
    "hit_sl": true,
    "candles_to_result": 2,
    "max_favorable_pct": -1.8972033163259767,
    "max_adverse_pct": -10.072439114687578,
    "outcome_tracked": true
  },
  {
    "symbol": "DIS",
    "timeframe": "historical_1w",
    "timestamp": "2025-09-21",
    "congress_score": 50.0,
    "insider_score": 50,
    "short_interest_pct": 0,
    "combined_score": 50.0,
    "price": 113.76000213623047,
    "price_change_24h": -1.608718704520657,
    "rsi": 50,
    "position_pct": 75.76259215393732,
    "ta_score": 50,
    "signal_direction": "WAIT",
    "signal_name": "historical_import",
    "confidence": "MEDIUM",
    "hit_tp1": false,
    "hit_sl": true,
    "candles_to_result": 3,
    "max_favorable_pct": -0.25492344416454943,
    "max_adverse_pct": -8.33333612773763,
    "outcome_tracked": true
  },
  {
    "symbol": "DIS",
    "timeframe": "historical_1w",
    "timestamp": "2025-09-28",
    "congress_score": 50.0,
    "insider_score": 50,
    "short_interest_pct": 0,
    "combined_score": 50.0,
    "price": 113.47000122070312,
    "price_change_24h": 0.8084609824513077,
    "rsi": 50,
    "position_pct": 75.07684869390144,
    "ta_score": 50,
    "signal_direction": "WAIT",
    "signal_name": "historical_import",
    "confidence": "MEDIUM",
    "hit_tp1": false,
    "hit_sl": true,
    "candles_to_result": 2,
    "max_favorable_pct": -0.7490953247350521,
    "max_adverse_pct": -8.099059083934769,
    "outcome_tracked": true
  },
  {
    "symbol": "DIS",
    "timeframe": "historical_1w",
    "timestamp": "2025-10-05",
    "congress_score": 33.33333333333333,
    "insider_score": 50,
    "short_interest_pct": 0,
    "combined_score": 45.83333333333333,
    "price": 112.47000122070312,
    "price_change_24h": -2.0125436340485563,
    "rsi": 50,
    "position_pct": 72.71222353818801,
    "ta_score": 50,
    "signal_direction": "WAIT",
    "signal_name": "historical_import",
    "confidence": "MEDIUM",
    "hit_tp1": true,
    "hit_sl": false,
    "candles_to_result": 6,
    "max_favorable_pct": 0.13337025362394542,
    "max_adverse_pct": -7.281943942842832,
    "outcome_tracked": true
  },
  {
    "symbol": "DIS",
    "timeframe": "historical_1w",
    "timestamp": "2025-10-12",
    "congress_score": 33.33333333333333,
    "insider_score": 50,
    "short_interest_pct": 0,
    "combined_score": 45.83333333333333,
    "price": 109.19000244140625,
    "price_change_24h": -3.157425772588692,
    "rsi": 50,
    "position_pct": 64.95625591395327,
    "ta_score": 50,
    "signal_direction": "WAIT",
    "signal_name": "historical_import",
    "confidence": "MEDIUM",
    "hit_tp1": false,
    "hit_sl": true,
    "candles_to_result": 2,
    "max_favorable_pct": 3.1413135163325916,
    "max_adverse_pct": -4.496752039862066,
    "outcome_tracked": true
  },
  {
    "symbol": "DIS",
    "timeframe": "historical_1w",
    "timestamp": "2025-10-19",
    "congress_score": 33.33333333333333,
    "insider_score": 50,
    "short_interest_pct": 0,
    "combined_score": 45.83333333333333,
    "price": 110.66999816894531,
    "price_change_24h": 0.3627473819317085,
    "rsi": 50,
    "position_pct": 68.45589104164056,
    "ta_score": 50,
    "signal_direction": "WAIT",
    "signal_name": "historical_import",
    "confidence": "MEDIUM",
    "hit_tp1": true,
    "hit_sl": false,
    "candles_to_result": 4,
    "max_favorable_pct": 2.5842601045186395,
    "max_adverse_pct": -5.773922016239367,
    "outcome_tracked": true
  },
  {
    "symbol": "DIS",
    "timeframe": "historical_1w",
    "timestamp": "2025-10-26",
    "congress_score": 50.0,
    "insider_score": 50,
    "short_interest_pct": 0,
    "combined_score": 50.0,
    "price": 111.68000030517578,
    "price_change_24h": -0.2500882293555744,
    "rsi": 50,
    "position_pct": 70.84416750029541,
    "ta_score": 50,
    "signal_direction": "WAIT",
    "signal_name": "historical_import",
    "confidence": "MEDIUM",
    "hit_tp1": false,
    "hit_sl": false,
    "candles_to_result": 0,
    "max_favorable_pct": 0,
    "max_adverse_pct": 0,
    "outcome_tracked": false
  },
  {
    "symbol": "DIS",
    "timeframe": "historical_1w",
    "timestamp": "2025-11-02",
    "congress_score": 100.0,
    "insider_score": 50,
    "short_interest_pct": 0,
    "combined_score": 62.5,
    "price": 112.62000274658203,
    "price_change_24h": 0.24924908119919906,
    "rsi": 50,
    "position_pct": 73.06692091967668,
    "ta_score": 50,
    "signal_direction": "WAIT",
    "signal_name": "historical_import",
    "confidence": "MEDIUM",
    "hit_tp1": false,
    "hit_sl": false,
    "candles_to_result": 0,
    "max_favorable_pct": 0,
    "max_adverse_pct": 0,
    "outcome_tracked": false
  },
  {
    "symbol": "DIS",
    "timeframe": "historical_1w",
    "timestamp": "2025-11-09",
    "congress_score": 100.0,
    "insider_score": 50,
    "short_interest_pct": 0,
    "combined_score": 62.5,
    "price": 110.73999786376953,
    "price_change_24h": -1.2308284418540734,
    "rsi": 50,
    "position_pct": 68.62141408091415,
    "ta_score": 50,
    "signal_direction": "WAIT",
    "signal_name": "historical_import",
    "confidence": "MEDIUM",
    "hit_tp1": false,
    "hit_sl": false,
    "candles_to_result": 0,
    "max_favorable_pct": 0,
    "max_adverse_pct": 0,
    "outcome_tracked": false
  },
  {
    "symbol": "DIS",
    "timeframe": "historical_1w",
    "timestamp": "2025-11-16",
    "congress_score": 100.0,
    "insider_score": 50,
    "short_interest_pct": 0,
    "combined_score": 62.5,
    "price": 105.80000305175781,
    "price_change_24h": -5.737700405009108,
    "rsi": 50,
    "position_pct": 56.9401780793374,
    "ta_score": 50,
    "signal_direction": "WAIT",
    "signal_name": "historical_import",
    "confidence": "MEDIUM",
    "hit_tp1": false,
    "hit_sl": false,
    "candles_to_result": 0,
    "max_favorable_pct": 0,
    "max_adverse_pct": 0,
    "outcome_tracked": false
  },
  {
    "symbol": "DIS",
    "timeframe": "historical_1w",
    "timestamp": "2025-11-23",
    "congress_score": 100.0,
    "insider_score": 50,
    "short_interest_pct": 0,
    "combined_score": 62.5,
    "price": 104.27999877929688,
    "price_change_24h": -1.3340936981159317,
    "rsi": 50,
    "position_pct": 53.34593773988438,
    "ta_score": 50,
    "signal_direction": "WAIT",
    "signal_name": "historical_import",
    "confidence": "MEDIUM",
    "hit_tp1": false,
    "hit_sl": false,
    "candles_to_result": 0,
    "max_favorable_pct": 0,
    "max_adverse_pct": 0,
    "outcome_tracked": false
  },
  {
    "symbol": "DIS",
    "timeframe": "historical_1w",
    "timestamp": "2025-11-30",
    "congress_score": 100.0,
    "insider_score": 50,
    "short_interest_pct": 0,
    "combined_score": 62.5,
    "price": 104.47000122070312,
    "price_change_24h": 2.4818508129338968,
    "rsi": 50,
    "position_pct": 53.79522229248056,
    "ta_score": 50,
    "signal_direction": "WAIT",
    "signal_name": "historical_import",
    "confidence": "MEDIUM",
    "hit_tp1": false,
    "hit_sl": false,
    "candles_to_result": 0,
    "max_favorable_pct": 0,
    "max_adverse_pct": 0,
    "outcome_tracked": false
  },
  {
    "symbol": "DIS",
    "timeframe": "historical_1w",
    "timestamp": "2025-12-07",
    "congress_score": 100.0,
    "insider_score": 50,
    "short_interest_pct": 0,
    "combined_score": 62.5,
    "price": 105.30000305175781,
    "price_change_24h": -1.3767852744463436,
    "rsi": 50,
    "position_pct": 55.75786550148069,
    "ta_score": 50,
    "signal_direction": "WAIT",
    "signal_name": "historical_import",
    "confidence": "MEDIUM",
    "hit_tp1": false,
    "hit_sl": false,
    "candles_to_result": 0,
    "max_favorable_pct": 0,
    "max_adverse_pct": 0,
    "outcome_tracked": false
  },
  {
    "symbol": "DIS",
    "timeframe": "historical_1w",
    "timestamp": "2025-12-14",
    "congress_score": 50,
    "insider_score": 50,
    "short_interest_pct": 0,
    "combined_score": 50.0,
    "price": 111.5999984741211,
    "price_change_24h": 3.6885638966947485,
    "rsi": 50,
    "position_pct": 70.65499315808037,
    "ta_score": 50,
    "signal_direction": "WAIT",
    "signal_name": "historical_import",
    "confidence": "MEDIUM",
    "hit_tp1": false,
    "hit_sl": false,
    "candles_to_result": 0,
    "max_favorable_pct": 0,
    "max_adverse_pct": 0,
    "outcome_tracked": false
  },
  {
    "symbol": "DIS",
    "timeframe": "historical_1w",
    "timestamp": "2025-12-21",
    "congress_score": 50,
    "insider_score": 50,
    "short_interest_pct": 0,
    "combined_score": 50.0,
    "price": 111.23999786376953,
    "price_change_24h": 0.6787944741611136,
    "rsi": 50,
    "position_pct": 69.80372665877087,
    "ta_score": 50,
    "signal_direction": "WAIT",
    "signal_name": "historical_import",
    "confidence": "MEDIUM",
    "hit_tp1": false,
    "hit_sl": false,
    "candles_to_result": 0,
    "max_favorable_pct": 0,
    "max_adverse_pct": 0,
    "outcome_tracked": false
  },
  {
    "symbol": "DIS",
    "timeframe": "historical_1w",
    "timestamp": "2025-12-28",
    "congress_score": 50,
    "insider_score": 50,
    "short_interest_pct": 0,
    "combined_score": 50.0,
    "price": 113.52999877929688,
    "price_change_24h": 1.0233151396913116,
    "rsi": 50,
    "position_pct": 75.21872043023362,
    "ta_score": 50,
    "signal_direction": "WAIT",
    "signal_name": "historical_import",
    "confidence": "MEDIUM",
    "hit_tp1": false,
    "hit_sl": false,
    "candles_to_result": 0,
    "max_favorable_pct": 0,
    "max_adverse_pct": 0,
    "outcome_tracked": false
  }
]