[
  {
    "symbol": "FDX",
    "timeframe": "historical_1w",
    "timestamp": "2025-06-29",
    "congress_score": 100.0,
    "insider_score": 50,
    "short_interest_pct": 0,
    "combined_score": 62.5,
    "price": 228.91000366210938,
    "price_change_24h": -0.13959432508563474,
    "rsi": 50,
    "position_pct": 36.95183260890948,
    "ta_score": 50,
    "signal_direction": "WAIT",
    "signal_name": "historical_import",
    "confidence": "MEDIUM",
    "hit_tp1": true,
    "hit_sl": false,
    "candles_to_result": 1,
    "max_favorable_pct": 6.242625074274192,
    "max_adverse_pct": -5.159231737214206,
    "outcome_tracked": true
  },
  {
    "symbol": "FDX",
    "timeframe": "historical_1w",
    "timestamp": "2025-07-06",
    "congress_score": 33.33333333333333,
    "insider_score": 50,
    "short_interest_pct": 0,
    "combined_score": 45.83333333333333,
    "price": 241.22999572753906,
    "price_change_24h": 6.123794957745821,
    "rsi": 50,
    "position_pct": 51.71338703832834,
    "ta_score": 50,
    "signal_direction": "WAIT",
    "signal_name": "historical_import",
    "confidence": "MEDIUM",
    "hit_tp1": true,
    "hit_sl": false,
    "candles_to_result": 2,
    "max_favorable_pct": 0.8166485327671162,
    "max_adverse_pct": -10.002897670850778,
    "outcome_tracked": true
  },
  {
    "symbol": "FDX",
    "timeframe": "historical_1w",
    "timestamp": "2025-07-13",
    "congress_score": 33.33333333333333,
    "insider_score": 50,
    "short_interest_pct": 0,
    "combined_score": 45.83333333333333,
    "price": 236.05999755859375,
    "price_change_24h": 0.4126084630623583,
    "rsi": 50,
    "position_pct": 45.5188043660691,
    "ta_score": 50,
    "signal_direction": "WAIT",
    "signal_name": "historical_import",
    "confidence": "MEDIUM",
    "hit_tp1": true,
    "hit_sl": false,
    "candles_to_result": 1,
    "max_favorable_pct": 3.0246545215167933,
    "max_adverse_pct": -8.03185277097699,
    "outcome_tracked": true
  },
  {
    "symbol": "FDX",
    "timeframe": "historical_1w",
    "timestamp": "2025-07-20",
    "congress_score": 33.33333333333333,
    "insider_score": 50,
    "short_interest_pct": 0,
    "combined_score": 45.83333333333333,
    "price": 226.6199951171875,
    "price_change_24h": -3.145568315558911,
    "rsi": 50,
    "position_pct": 34.20799271029835,
    "ta_score": 50,
    "signal_direction": "WAIT",
    "signal_name": "historical_import",
    "confidence": "MEDIUM",
    "hit_tp1": false,
    "hit_sl": true,
    "candles_to_result": 1,
    "max_favorable_pct": 7.3162131269489254,
    "max_adverse_pct": -4.2008601265519365,
    "outcome_tracked": true
  },
  {
    "symbol": "FDX",
    "timeframe": "historical_1w",
    "timestamp": "2025-07-27",
    "congress_score": 33.33333333333333,
    "insider_score": 50,
    "short_interest_pct": 0,
    "combined_score": 45.83333333333333,
    "price": 243.1999969482422,
    "price_change_24h": 7.739335290552077,
    "rsi": 50,
    "position_pct": 54.07380091611249,
    "ta_score": 50,
    "signal_direction": "WAIT",
    "signal_name": "historical_import",
    "confidence": "MEDIUM",
    "hit_tp1": true,
    "hit_sl": false,
    "candles_to_result": 1,
    "max_favorable_pct": 0.5797712499188279,
    "max_adverse_pct": -10.731904264900614,
    "outcome_tracked": true
  },
  {
    "symbol": "FDX",
    "timeframe": "historical_1w",
    "timestamp": "2025-08-03",
    "congress_score": 50,
    "insider_score": 50,
    "short_interest_pct": 0,
    "combined_score": 50.0,
    "price": 217.10000610351562,
    "price_change_24h": -10.440987243196806,
    "rsi": 50,
    "position_pct": 22.801342832079808,
    "ta_score": 50,
    "signal_direction": "WAIT",
    "signal_name": "historical_import",
    "confidence": "MEDIUM",
    "hit_tp1": true,
    "hit_sl": false,
    "candles_to_result": 1,
    "max_favorable_pct": 12.671577030596156,
    "max_adverse_pct": 3.4684470601564565,
    "outcome_tracked": true
  },
  {
    "symbol": "FDX",
    "timeframe": "historical_1w",
    "timestamp": "2025-08-10",
    "congress_score": 100.0,
    "insider_score": 50,
    "short_interest_pct": 0,
    "combined_score": 62.5,
    "price": 228.0500030517578,
    "price_change_24h": 4.855394405204364,
    "rsi": 50,
    "position_pct": 35.92139803138565,
    "ta_score": 50,
    "signal_direction": "WAIT",
    "signal_name": "historical_import",
    "confidence": "MEDIUM",
    "hit_tp1": true,
    "hit_sl": false,
    "candles_to_result": 2,
    "max_favorable_pct": 7.26156427844262,
    "max_adverse_pct": -1.4996703017667208,
    "outcome_tracked": true
  },
  {
    "symbol": "FDX",
    "timeframe": "historical_1w",
    "timestamp": "2025-08-17",
    "congress_score": 100.0,
    "insider_score": 50,
    "short_interest_pct": 0,
    "combined_score": 62.5,
    "price": 227.25999450683594,
    "price_change_24h": 1.1798200833815613,
    "rsi": 50,
    "position_pct": 34.974826469193374,
    "ta_score": 50,
    "signal_direction": "WAIT",
    "signal_name": "historical_import",
    "confidence": "MEDIUM",
    "hit_tp1": true,
    "hit_sl": false,
    "candles_to_result": 1,
    "max_favorable_pct": 7.634430398172759,
    "max_adverse_pct": -1.1572602691162732,
    "outcome_tracked": true
  },
  {
    "symbol": "FDX",
    "timeframe": "historical_1w",
    "timestamp": "2025-08-24",
    "congress_score": 81.81818181818183,
    "insider_score": 50,
    "short_interest_pct": 0,
    "combined_score": 57.95454545454545,
    "price": 236.8000030517578,
    "price_change_24h": 3.9873536722206815,
    "rsi": 50,
    "position_pct": 46.405463327162295,
    "ta_score": 50,
    "signal_direction": "WAIT",
    "signal_name": "historical_import",
    "confidence": "MEDIUM",
    "hit_tp1": false,
    "hit_sl": true,
    "candles_to_result": 1,
    "max_favorable_pct": 7.187501711619845,
    "max_adverse_pct": -5.1393572686252424,
    "outcome_tracked": true
  },
  {
    "symbol": "FDX",
    "timeframe": "historical_1w",
    "timestamp": "2025-08-31",
    "congress_score": 83.33333333333334,
    "insider_score": 50,
    "short_interest_pct": 0,
    "combined_score": 58.333333333333336,
    "price": 231.07000732421875,
    "price_change_24h": -0.8283230368159872,
    "rsi": 50,
    "position_pct": 39.53990340121478,
    "ta_score": 50,
    "signal_direction": "WAIT",
    "signal_name": "historical_import",
    "confidence": "MEDIUM",
    "hit_tp1": true,
    "hit_sl": false,
    "candles_to_result": 5,
    "max_favorable_pct": 13.424498217177591,
    "max_adverse_pct": -2.787035200275975,
    "outcome_tracked": true
  },
  {
    "symbol": "FDX",
    "timeframe": "historical_1w",
    "timestamp": "2025-09-07",
    "congress_score": 33.33333333333333,
    "insider_score": 50,
    "short_interest_pct": 0,
    "combined_score": 45.83333333333333,
    "price": 227.72000122070312,
    "price_change_24h": 1.579092095895278,
    "rsi": 50,
    "position_pct": 35.525996803442425,
    "ta_score": 50,
    "signal_direction": "WAIT",
    "signal_name": "historical_import",
    "confidence": "MEDIUM",
    "hit_tp1": false,
    "hit_sl": true,
    "candles_to_result": 3,
    "max_favorable_pct": 17.495167804464504,
    "max_adverse_pct": -1.3569279471836304,
    "outcome_tracked": true
  },
  {
    "symbol": "FDX",
    "timeframe": "historical_1w",
    "timestamp": "2025-09-14",
    "congress_score": 33.33333333333333,
    "insider_score": 50,
    "short_interest_pct": 0,
    "combined_score": 45.83333333333333,
    "price": 229.5500030517578,
    "price_change_24h": 2.0222235785590277,
    "rsi": 50,
    "position_pct": 37.7186663678045,
    "ta_score": 50,
    "signal_direction": "WAIT",
    "signal_name": "historical_import",
    "confidence": "MEDIUM",
    "hit_tp1": false,
    "hit_sl": true,
    "candles_to_result": 2,
    "max_favorable_pct": 17.373116573225005,
    "max_adverse_pct": -2.1433230684104916,
    "outcome_tracked": true
  },
  {
    "symbol": "FDX",
    "timeframe": "historical_1w",
    "timestamp": "2025-09-21",
    "congress_score": 33.33333333333333,
    "insider_score": 50,
    "short_interest_pct": 0,
    "combined_score": 45.83333333333333,
    "price": 231.75,
    "price_change_24h": 2.685097918844256,
    "rsi": 50,
    "position_pct": 40.354656271333695,
    "ta_score": 50,
    "signal_direction": "WAIT",
    "signal_name": "historical_import",
    "confidence": "MEDIUM",
    "hit_tp1": false,
    "hit_sl": true,
    "candles_to_result": 1,
    "max_favorable_pct": 18.95576814488943,
    "max_adverse_pct": -3.0722740527238406,
    "outcome_tracked": true
  },
  {
    "symbol": "FDX",
    "timeframe": "historical_1w",
    "timestamp": "2025-09-28",
    "congress_score": 0.0,
    "insider_score": 50,
    "short_interest_pct": 0,
    "combined_score": 37.5,
    "price": 237.82000732421875,
    "price_change_24h": 3.3460856815636797,
    "rsi": 50,
    "position_pct": 47.62761091509962,
    "ta_score": 50,
    "signal_direction": "WAIT",
    "signal_name": "historical_import",
    "confidence": "MEDIUM",
    "hit_tp1": false,
    "hit_sl": true,
    "candles_to_result": 1,
    "max_favorable_pct": 15.919596411393675,
    "max_adverse_pct": -5.5462122761708565,
    "outcome_tracked": true
  },
  {
    "symbol": "FDX",
    "timeframe": "historical_1w",
    "timestamp": "2025-10-05",
    "congress_score": 0.0,
    "insider_score": 50,
    "short_interest_pct": 0,
    "combined_score": 37.5,
    "price": 244.61000061035156,
    "price_change_24h": 3.3942001509625555,
    "rsi": 50,
    "position_pct": 55.76323754020835,
    "ta_score": 50,
    "signal_direction": "WAIT",
    "signal_name": "historical_import",
    "confidence": "MEDIUM",
    "hit_tp1": true,
    "hit_sl": false,
    "candles_to_result": 1,
    "max_favorable_pct": 16.242179644497227,
    "max_adverse_pct": -8.168102562317534,
    "outcome_tracked": true
  },
  {
    "symbol": "FDX",
    "timeframe": "historical_1w",
    "timestamp": "2025-10-12",
    "congress_score": 0.0,
    "insider_score": 50,
    "short_interest_pct": 0,
    "combined_score": 37.5,
    "price": 224.6300048828125,
    "price_change_24h": -9.067722141915697,
    "rsi": 50,
    "position_pct": 31.823628418281736,
    "ta_score": 50,
    "signal_direction": "WAIT",
    "signal_name": "historical_import",
    "confidence": "MEDIUM",
    "hit_tp1": false,
    "hit_sl": true,
    "candles_to_result": 1,
    "max_favorable_pct": 28.55806993814155,
    "max_adverse_pct": 5.862973726869652,
    "outcome_tracked": true
  },
  {
    "symbol": "FDX",
    "timeframe": "historical_1w",
    "timestamp": "2025-10-19",
    "congress_score": 0.0,
    "insider_score": 50,
    "short_interest_pct": 0,
    "combined_score": 37.5,
    "price": 237.8000030517578,
    "price_change_24h": 3.5488828094404763,
    "rsi": 50,
    "position_pct": 47.60364221810819,
    "ta_score": 50,
    "signal_direction": "WAIT",
    "signal_name": "historical_import",
    "confidence": "MEDIUM",
    "hit_tp1": false,
    "hit_sl": true,
    "candles_to_result": 2,
    "max_favorable_pct": 24.108494993827506,
    "max_adverse_pct": 1.4087429780215048,
    "outcome_tracked": true
  },
  {
    "symbol": "FDX",
    "timeframe": "historical_1w",
    "timestamp": "2025-10-26",
    "congress_score": 50,
    "insider_score": 50,
    "short_interest_pct": 0,
    "combined_score": 50.0,
    "price": 241.14999389648438,
    "price_change_24h": 0.5587741760279273,
    "rsi": 50,
    "position_pct": 51.617530533121595,
    "ta_score": 50,
    "signal_direction": "WAIT",
    "signal_name": "historical_import",
    "confidence": "MEDIUM",
    "hit_tp1": false,
    "hit_sl": false,
    "candles_to_result": 0,
    "max_favorable_pct": 0,
    "max_adverse_pct": 0,
    "outcome_tracked": false
  },
  {
    "symbol": "FDX",
    "timeframe": "historical_1w",
    "timestamp": "2025-11-02",
    "congress_score": 50,
    "insider_score": 50,
    "short_interest_pct": 0,
    "combined_score": 50.0,
    "price": 253.82000732421875,
    "price_change_24h": 2.6198799556363688,
    "rsi": 50,
    "position_pct": 66.79847317023406,
    "ta_score": 50,
    "signal_direction": "WAIT",
    "signal_name": "historical_import",
    "confidence": "MEDIUM",
    "hit_tp1": false,
    "hit_sl": false,
    "candles_to_result": 0,
    "max_favorable_pct": 0,
    "max_adverse_pct": 0,
    "outcome_tracked": false
  },
  {
    "symbol": "FDX",
    "timeframe": "historical_1w",
    "timestamp": "2025-11-09",
    "congress_score": 50,
    "insider_score": 50,
    "short_interest_pct": 0,
    "combined_score": 50.0,
    "price": 262.0899963378906,
    "price_change_24h": 3.5969764208619894,
    "rsi": 50,
    "position_pct": 76.70739943477022,
    "ta_score": 50,
    "signal_direction": "WAIT",
    "signal_name": "historical_import",
    "confidence": "MEDIUM",
    "hit_tp1": false,
    "hit_sl": false,
    "candles_to_result": 0,
    "max_favorable_pct": 0,
    "max_adverse_pct": 0,
    "outcome_tracked": false
  },
  {
    "symbol": "FDX",
    "timeframe": "historical_1w",
    "timestamp": "2025-11-16",
    "congress_score": 50,
    "insider_score": 50,
    "short_interest_pct": 0,
    "combined_score": 50.0,
    "price": 267.55999755859375,
    "price_change_24h": 5.384220804997435,
    "rsi": 50,
    "position_pct": 83.26143943086502,
    "ta_score": 50,
    "signal_direction": "WAIT",
    "signal_name": "historical_import",
    "confidence": "MEDIUM",
    "hit_tp1": false,
    "hit_sl": false,
    "candles_to_result": 0,
    "max_favorable_pct": 0,
    "max_adverse_pct": 0,
    "outcome_tracked": false
  },
  {
    "symbol": "FDX",
    "timeframe": "historical_1w",
    "timestamp": "2025-11-23",
    "congress_score": 50,
    "insider_score": 50,
    "short_interest_pct": 0,
    "combined_score": 50.0,
    "price": 269.42999267578125,
    "price_change_24h": 1.775386807087714,
    "rsi": 50,
    "position_pct": 85.50202810645101,
    "ta_score": 50,
    "signal_direction": "WAIT",
    "signal_name": "historical_import",
    "confidence": "MEDIUM",
    "hit_tp1": false,
    "hit_sl": false,
    "candles_to_result": 0,
    "max_favorable_pct": 0,
    "max_adverse_pct": 0,
    "outcome_tracked": false
  },
  {
    "symbol": "FDX",
    "timeframe": "historical_1w",
    "timestamp": "2025-11-30",
    "congress_score": 50,
    "insider_score": 50,
    "short_interest_pct": 0,
    "combined_score": 50.0,
    "price": 275.67999267578125,
    "price_change_24h": 3.2586640690110116,
    "rsi": 50,
    "position_pct": 92.99064617486289,
    "ta_score": 50,
    "signal_direction": "WAIT",
    "signal_name": "historical_import",
    "confidence": "MEDIUM",
    "hit_tp1": false,
    "hit_sl": false,
    "candles_to_result": 0,
    "max_favorable_pct": 0,
    "max_adverse_pct": 0,
    "outcome_tracked": false
  },
  {
    "symbol": "FDX",
    "timeframe": "historical_1w",
    "timestamp": "2025-12-07",
    "congress_score": 50,
    "insider_score": 50,
    "short_interest_pct": 0,
    "combined_score": 50.0,
    "price": 274.2900085449219,
    "price_change_24h": 0.34755696925410345,
    "rsi": 50,
    "position_pct": 91.32519653051739,
    "ta_score": 50,
    "signal_direction": "WAIT",
    "signal_name": "historical_import",
    "confidence": "MEDIUM",
    "hit_tp1": false,
    "hit_sl": false,
    "candles_to_result": 0,
    "max_favorable_pct": 0,
    "max_adverse_pct": 0,
    "outcome_tracked": false
  },
  {
    "symbol": "FDX",
    "timeframe": "historical_1w",
    "timestamp": "2025-12-14",
    "congress_score": 50,
    "insider_score": 50,
    "short_interest_pct": 0,
    "combined_score": 50.0,
    "price": 284.3399963378906,
    "price_change_24h": 2.783394043424446,
    "rsi": 50,
    "position_pct": 99.49255854599616,
    "ta_score": 50,
    "signal_direction": "WAIT",
    "signal_name": "historical_import",
    "confidence": "MEDIUM",
    "hit_tp1": false,
    "hit_sl": false,
    "candles_to_result": 0,
    "max_favorable_pct": 0,
    "max_adverse_pct": 0,
    "outcome_tracked": false
  },
  {
    "symbol": "FDX",
    "timeframe": "historical_1w",
    "timestamp": "2025-12-21",
    "congress_score": 50,
    "insider_score": 50,
    "short_interest_pct": 0,
    "combined_score": 50.0,
    "price": 288.7799987792969,
    "price_change_24h": 2.684630906384948,
    "rsi": 50,
    "position_pct": 100.0,
    "ta_score": 50,
    "signal_direction": "WAIT",
    "signal_name": "historical_import",
    "confidence": "MEDIUM",
    "hit_tp1": false,
    "hit_sl": false,
    "candles_to_result": 0,
    "max_favorable_pct": 0,
    "max_adverse_pct": 0,
    "outcome_tracked": false
  },
  {
    "symbol": "FDX",
    "timeframe": "historical_1w",
    "timestamp": "2025-12-28",
    "congress_score": 50,
    "insider_score": 50,
    "short_interest_pct": 0,
    "combined_score": 50.0,
    "price": 295.1300048828125,
    "price_change_24h": 0.8026525422889643,
    "rsi": 50,
    "position_pct": 99.21293149406384,
    "ta_score": 50,
    "signal_direction": "WAIT",
    "signal_name": "historical_import",
    "confidence": "MEDIUM",
    "hit_tp1": false,
    "hit_sl": false,
    "candles_to_result": 0,
    "max_favorable_pct": 0,
    "max_adverse_pct": 0,
    "outcome_tracked": false
  }
]