[
  {
    "symbol": "GILD",
    "timeframe": "historical_1w",
    "timestamp": "2025-06-29",
    "congress_score": 100.0,
    "insider_score": 50,
    "short_interest_pct": 0,
    "combined_score": 62.5,
    "price": 110.66999816894531,
    "price_change_24h": 4.2188488789338185,
    "rsi": 50,
    "position_pct": 76.1584560504301,
    "ta_score": 50,
    "signal_direction": "WAIT",
    "signal_name": "historical_import",
    "confidence": "MEDIUM",
    "hit_tp1": false,
    "hit_sl": true,
    "candles_to_result": 3,
    "max_favorable_pct": 7.897357583598986,
    "max_adverse_pct": -2.2137860204010305,
    "outcome_tracked": true
  },
  {
    "symbol": "GILD",
    "timeframe": "historical_1w",
    "timestamp": "2025-07-06",
    "congress_score": 100.0,
    "insider_score": 50,
    "short_interest_pct": 0,
    "combined_score": 62.5,
    "price": 111.75,
    "price_change_24h": 0.7937198805969162,
    "rsi": 50,
    "position_pct": 79.97876615949777,
    "ta_score": 50,
    "signal_direction": "WAIT",
    "signal_name": "historical_import",
    "confidence": "MEDIUM",
    "hit_tp1": false,
    "hit_sl": true,
    "candles_to_result": 2,
    "max_favorable_pct": 6.854589406809285,
    "max_adverse_pct": -3.1588355966862416,
    "outcome_tracked": true
  },
  {
    "symbol": "GILD",
    "timeframe": "historical_1w",
    "timestamp": "2025-07-13",
    "congress_score": 50,
    "insider_score": 50,
    "short_interest_pct": 0,
    "combined_score": 50.0,
    "price": 109.63999938964844,
    "price_change_24h": -1.9144743362126369,
    "rsi": 50,
    "position_pct": 72.51502264529177,
    "ta_score": 50,
    "signal_direction": "WAIT",
    "signal_name": "historical_import",
    "confidence": "MEDIUM",
    "hit_tp1": true,
    "hit_sl": false,
    "candles_to_result": 2,
    "max_favorable_pct": 8.910985340066834,
    "max_adverse_pct": -1.2951460934424086,
    "outcome_tracked": true
  },
  {
    "symbol": "GILD",
    "timeframe": "historical_1w",
    "timestamp": "2025-07-20",
    "congress_score": 50,
    "insider_score": 50,
    "short_interest_pct": 0,
    "combined_score": 50.0,
    "price": 108.22000122070312,
    "price_change_24h": -3.4525785026538505,
    "rsi": 50,
    "position_pct": 67.49203730981166,
    "ta_score": 50,
    "signal_direction": "WAIT",
    "signal_name": "historical_import",
    "confidence": "MEDIUM",
    "hit_tp1": true,
    "hit_sl": false,
    "candles_to_result": 1,
    "max_favorable_pct": 10.340050189599829,
    "max_adverse_pct": 3.585286647248441,
    "outcome_tracked": true
  },
  {
    "symbol": "GILD",
    "timeframe": "historical_1w",
    "timestamp": "2025-07-27",
    "congress_score": 50,
    "insider_score": 50,
    "short_interest_pct": 0,
    "combined_score": 50.0,
    "price": 116.19999694824219,
    "price_change_24h": 7.3143685428814535,
    "rsi": 50,
    "position_pct": 95.71982125575444,
    "ta_score": 50,
    "signal_direction": "WAIT",
    "signal_name": "historical_import",
    "confidence": "MEDIUM",
    "hit_tp1": false,
    "hit_sl": true,
    "candles_to_result": 1,
    "max_favorable_pct": 2.762484335775834,
    "max_adverse_pct": -3.528398091049276,
    "outcome_tracked": true
  },
  {
    "symbol": "GILD",
    "timeframe": "historical_1w",
    "timestamp": "2025-08-03",
    "congress_score": 50,
    "insider_score": 50,
    "short_interest_pct": 0,
    "combined_score": 50.0,
    "price": 113.18000030517578,
    "price_change_24h": 0.13270948199495272,
    "rsi": 50,
    "position_pct": 85.03713223328295,
    "ta_score": 50,
    "signal_direction": "WAIT",
    "signal_name": "historical_import",
    "confidence": "MEDIUM",
    "hit_tp1": true,
    "hit_sl": false,
    "candles_to_result": 1,
    "max_favorable_pct": 5.5045090476543255,
    "max_adverse_pct": -0.9542338117534873,
    "outcome_tracked": true
  },
  {
    "symbol": "GILD",
    "timeframe": "historical_1w",
    "timestamp": "2025-08-10",
    "congress_score": 50,
    "insider_score": 50,
    "short_interest_pct": 0,
    "combined_score": 50.0,
    "price": 119.41000366210938,
    "price_change_24h": 4.279103514511739,
    "rsi": 50,
    "position_pct": 100.0,
    "ta_score": 50,
    "signal_direction": "WAIT",
    "signal_name": "historical_import",
    "confidence": "MEDIUM",
    "hit_tp1": false,
    "hit_sl": true,
    "candles_to_result": 2,
    "max_favorable_pct": 2.8473275204858277,
    "max_adverse_pct": -6.121769503226184,
    "outcome_tracked": true
  },
  {
    "symbol": "GILD",
    "timeframe": "historical_1w",
    "timestamp": "2025-08-17",
    "congress_score": 50,
    "insider_score": 50,
    "short_interest_pct": 0,
    "combined_score": 50.0,
    "price": 118.37000274658203,
    "price_change_24h": -1.743171289816674,
    "rsi": 50,
    "position_pct": 93.29716453434884,
    "ta_score": 50,
    "signal_direction": "WAIT",
    "signal_name": "historical_import",
    "confidence": "MEDIUM",
    "hit_tp1": false,
    "hit_sl": true,
    "candles_to_result": 1,
    "max_favorable_pct": 3.7509459398402565,
    "max_adverse_pct": -5.296953727275288,
    "outcome_tracked": true
  },
  {
    "symbol": "GILD",
    "timeframe": "historical_1w",
    "timestamp": "2025-08-24",
    "congress_score": 50,
    "insider_score": 50,
    "short_interest_pct": 0,
    "combined_score": 50.0,
    "price": 114.7699966430664,
    "price_change_24h": -2.7290459182997164,
    "rsi": 50,
    "position_pct": 81.8065616198375,
    "ta_score": 50,
    "signal_direction": "WAIT",
    "signal_name": "historical_import",
    "confidence": "MEDIUM",
    "hit_tp1": false,
    "hit_sl": true,
    "candles_to_result": 5,
    "max_favorable_pct": 7.005315980387862,
    "max_adverse_pct": -2.3263903868961338,
    "outcome_tracked": true
  },
  {
    "symbol": "GILD",
    "timeframe": "historical_1w",
    "timestamp": "2025-08-31",
    "congress_score": 50,
    "insider_score": 50,
    "short_interest_pct": 0,
    "combined_score": 50.0,
    "price": 112.97000122070312,
    "price_change_24h": -1.0337278049954854,
    "rsi": 50,
    "position_pct": 76.0612845143025,
    "ta_score": 50,
    "signal_direction": "WAIT",
    "signal_name": "historical_import",
    "confidence": "MEDIUM",
    "hit_tp1": true,
    "hit_sl": false,
    "candles_to_result": 6,
    "max_favorable_pct": 8.71027372892276,
    "max_adverse_pct": -0.7701183829168559,
    "outcome_tracked": true
  },
  {
    "symbol": "GILD",
    "timeframe": "historical_1w",
    "timestamp": "2025-09-07",
    "congress_score": 50,
    "insider_score": 50,
    "short_interest_pct": 0,
    "combined_score": 50.0,
    "price": 115.05000305175781,
    "price_change_24h": 2.0761281042433475,
    "rsi": 50,
    "position_pct": 82.70029412008223,
    "ta_score": 50,
    "signal_direction": "WAIT",
    "signal_name": "historical_import",
    "confidence": "MEDIUM",
    "hit_tp1": false,
    "hit_sl": true,
    "candles_to_result": 3,
    "max_favorable_pct": 8.665791679139174,
    "max_adverse_pct": -2.564106474912124,
    "outcome_tracked": true
  },
  {
    "symbol": "GILD",
    "timeframe": "historical_1w",
    "timestamp": "2025-09-14",
    "congress_score": 50,
    "insider_score": 50,
    "short_interest_pct": 0,
    "combined_score": 50.0,
    "price": 114.55000305175781,
    "price_change_24h": -1.147734063845024,
    "rsi": 50,
    "position_pct": 81.10437975436906,
    "ta_score": 50,
    "signal_direction": "WAIT",
    "signal_name": "historical_import",
    "confidence": "MEDIUM",
    "hit_tp1": false,
    "hit_sl": true,
    "candles_to_result": 2,
    "max_favorable_pct": 10.554339603489954,
    "max_adverse_pct": -2.138807954924033,
    "outcome_tracked": true
  },
  {
    "symbol": "GILD",
    "timeframe": "historical_1w",
    "timestamp": "2025-09-21",
    "congress_score": 50,
    "insider_score": 50,
    "short_interest_pct": 0,
    "combined_score": 50.0,
    "price": 114.08999633789062,
    "price_change_24h": 1.3772839965824326,
    "rsi": 50,
    "position_pct": 79.63611710839876,
    "ta_score": 50,
    "signal_direction": "WAIT",
    "signal_name": "historical_import",
    "confidence": "MEDIUM",
    "hit_tp1": true,
    "hit_sl": false,
    "candles_to_result": 4,
    "max_favorable_pct": 11.000090678055189,
    "max_adverse_pct": -1.7442351894516013,
    "outcome_tracked": true
  },
  {
    "symbol": "GILD",
    "timeframe": "historical_1w",
    "timestamp": "2025-09-28",
    "congress_score": 0.0,
    "insider_score": 50,
    "short_interest_pct": 0,
    "combined_score": 37.5,
    "price": 112.0999984741211,
    "price_change_24h": -0.34669694822178265,
    "rsi": 50,
    "position_pct": 73.28438475134215,
    "ta_score": 50,
    "signal_direction": "WAIT",
    "signal_name": "historical_import",
    "confidence": "MEDIUM",
    "hit_tp1": false,
    "hit_sl": true,
    "candles_to_result": 2,
    "max_favorable_pct": 12.970562991474067,
    "max_adverse_pct": 0.5263193356968349,
    "outcome_tracked": true
  },
  {
    "symbol": "GILD",
    "timeframe": "historical_1w",
    "timestamp": "2025-10-05",
    "congress_score": 0.0,
    "insider_score": 50,
    "short_interest_pct": 0,
    "combined_score": 37.5,
    "price": 112.69000244140625,
    "price_change_24h": 0.06215565007730672,
    "rsi": 50,
    "position_pct": 75.16757636577843,
    "ta_score": 50,
    "signal_direction": "WAIT",
    "signal_name": "historical_import",
    "confidence": "MEDIUM",
    "hit_tp1": false,
    "hit_sl": true,
    "candles_to_result": 1,
    "max_favorable_pct": 12.37909011094002,
    "max_adverse_pct": 3.9843799507450797,
    "outcome_tracked": true
  },
  {
    "symbol": "GILD",
    "timeframe": "historical_1w",
    "timestamp": "2025-10-12",
    "congress_score": 0.0,
    "insider_score": 50,
    "short_interest_pct": 0,
    "combined_score": 37.5,
    "price": 117.18000030517578,
    "price_change_24h": 3.169570713228139,
    "rsi": 50,
    "position_pct": 89.49888055140089,
    "ta_score": 50,
    "signal_direction": "WAIT",
    "signal_name": "historical_import",
    "confidence": "MEDIUM",
    "hit_tp1": false,
    "hit_sl": true,
    "candles_to_result": 1,
    "max_favorable_pct": 8.073049206208966,
    "max_adverse_pct": 1.416620607946459,
    "outcome_tracked": true
  },
  {
    "symbol": "GILD",
    "timeframe": "historical_1w",
    "timestamp": "2025-10-19",
    "congress_score": 0.0,
    "insider_score": 50,
    "short_interest_pct": 0,
    "combined_score": 37.5,
    "price": 122.80999755859375,
    "price_change_24h": 3.891378487224201,
    "rsi": 50,
    "position_pct": 100.0,
    "ta_score": 50,
    "signal_direction": "WAIT",
    "signal_name": "historical_import",
    "confidence": "MEDIUM",
    "hit_tp1": true,
    "hit_sl": false,
    "candles_to_result": 3,
    "max_favorable_pct": 3.1186401003121587,
    "max_adverse_pct": -3.2326368370856793,
    "outcome_tracked": true
  },
  {
    "symbol": "GILD",
    "timeframe": "historical_1w",
    "timestamp": "2025-10-26",
    "congress_score": 50,
    "insider_score": 50,
    "short_interest_pct": 0,
    "combined_score": 50.0,
    "price": 120.94000244140625,
    "price_change_24h": -1.7626497913954609,
    "rsi": 50,
    "position_pct": 91.01316780124971,
    "ta_score": 50,
    "signal_direction": "WAIT",
    "signal_name": "historical_import",
    "confidence": "MEDIUM",
    "hit_tp1": false,
    "hit_sl": false,
    "candles_to_result": 0,
    "max_favorable_pct": 0,
    "max_adverse_pct": 0,
    "outcome_tracked": false
  },
  {
    "symbol": "GILD",
    "timeframe": "historical_1w",
    "timestamp": "2025-11-02",
    "congress_score": 50,
    "insider_score": 50,
    "short_interest_pct": 0,
    "combined_score": 50.0,
    "price": 119.79000091552734,
    "price_change_24h": -0.5644561287336661,
    "rsi": 50,
    "position_pct": 87.7218070527568,
    "ta_score": 50,
    "signal_direction": "WAIT",
    "signal_name": "historical_import",
    "confidence": "MEDIUM",
    "hit_tp1": false,
    "hit_sl": false,
    "candles_to_result": 0,
    "max_favorable_pct": 0,
    "max_adverse_pct": 0,
    "outcome_tracked": false
  },
  {
    "symbol": "GILD",
    "timeframe": "historical_1w",
    "timestamp": "2025-11-09",
    "congress_score": 50,
    "insider_score": 50,
    "short_interest_pct": 0,
    "combined_score": 50.0,
    "price": 118.83999633789062,
    "price_change_24h": -2.6300750787412253,
    "rsi": 50,
    "position_pct": 85.00284737543606,
    "ta_score": 50,
    "signal_direction": "WAIT",
    "signal_name": "historical_import",
    "confidence": "MEDIUM",
    "hit_tp1": false,
    "hit_sl": false,
    "candles_to_result": 0,
    "max_favorable_pct": 0,
    "max_adverse_pct": 0,
    "outcome_tracked": false
  },
  {
    "symbol": "GILD",
    "timeframe": "historical_1w",
    "timestamp": "2025-11-16",
    "congress_score": 50,
    "insider_score": 50,
    "short_interest_pct": 0,
    "combined_score": 50.0,
    "price": 125.0199966430664,
    "price_change_24h": 5.814638195906189,
    "rsi": 50,
    "position_pct": 99.50083106665967,
    "ta_score": 50,
    "signal_direction": "WAIT",
    "signal_name": "historical_import",
    "confidence": "MEDIUM",
    "hit_tp1": false,
    "hit_sl": false,
    "candles_to_result": 0,
    "max_favorable_pct": 0,
    "max_adverse_pct": 0,
    "outcome_tracked": false
  },
  {
    "symbol": "GILD",
    "timeframe": "historical_1w",
    "timestamp": "2025-11-23",
    "congress_score": 50,
    "insider_score": 50,
    "short_interest_pct": 0,
    "combined_score": 50.0,
    "price": 126.63999938964844,
    "price_change_24h": 2.0549626295533816,
    "rsi": 50,
    "position_pct": 96.326720670148,
    "ta_score": 50,
    "signal_direction": "WAIT",
    "signal_name": "historical_import",
    "confidence": "MEDIUM",
    "hit_tp1": false,
    "hit_sl": false,
    "candles_to_result": 0,
    "max_favorable_pct": 0,
    "max_adverse_pct": 0,
    "outcome_tracked": false
  },
  {
    "symbol": "GILD",
    "timeframe": "historical_1w",
    "timestamp": "2025-11-30",
    "congress_score": 50,
    "insider_score": 50,
    "short_interest_pct": 0,
    "combined_score": 50.0,
    "price": 125.83999633789062,
    "price_change_24h": 0.45501693150701283,
    "rsi": 50,
    "position_pct": 94.27174279009624,
    "ta_score": 50,
    "signal_direction": "WAIT",
    "signal_name": "historical_import",
    "confidence": "MEDIUM",
    "hit_tp1": false,
    "hit_sl": false,
    "candles_to_result": 0,
    "max_favorable_pct": 0,
    "max_adverse_pct": 0,
    "outcome_tracked": false
  },
  {
    "symbol": "GILD",
    "timeframe": "historical_1w",
    "timestamp": "2025-12-07",
    "congress_score": 50,
    "insider_score": 50,
    "short_interest_pct": 0,
    "combined_score": 50.0,
    "price": 121.22000122070312,
    "price_change_24h": -2.5014079985115534,
    "rsi": 50,
    "position_pct": 82.40430334607576,
    "ta_score": 50,
    "signal_direction": "WAIT",
    "signal_name": "historical_import",
    "confidence": "MEDIUM",
    "hit_tp1": false,
    "hit_sl": false,
    "candles_to_result": 0,
    "max_favorable_pct": 0,
    "max_adverse_pct": 0,
    "outcome_tracked": false
  },
  {
    "symbol": "GILD",
    "timeframe": "historical_1w",
    "timestamp": "2025-12-14",
    "congress_score": 50,
    "insider_score": 50,
    "short_interest_pct": 0,
    "combined_score": 50.0,
    "price": 120.4000015258789,
    "price_change_24h": -0.6518697084021421,
    "rsi": 50,
    "position_pct": 80.2979598379974,
    "ta_score": 50,
    "signal_direction": "WAIT",
    "signal_name": "historical_import",
    "confidence": "MEDIUM",
    "hit_tp1": false,
    "hit_sl": false,
    "candles_to_result": 0,
    "max_favorable_pct": 0,
    "max_adverse_pct": 0,
    "outcome_tracked": false
  },
  {
    "symbol": "GILD",
    "timeframe": "historical_1w",
    "timestamp": "2025-12-21",
    "congress_score": 50,
    "insider_score": 50,
    "short_interest_pct": 0,
    "combined_score": 50.0,
    "price": 124.29000091552734,
    "price_change_24h": 3.765238088322631,
    "rsi": 50,
    "position_pct": 90.29025009436303,
    "ta_score": 50,
    "signal_direction": "WAIT",
    "signal_name": "historical_import",
    "confidence": "MEDIUM",
    "hit_tp1": false,
    "hit_sl": false,
    "candles_to_result": 0,
    "max_favorable_pct": 0,
    "max_adverse_pct": 0,
    "outcome_tracked": false
  },
  {
    "symbol": "GILD",
    "timeframe": "historical_1w",
    "timestamp": "2025-12-28",
    "congress_score": 50,
    "insider_score": 50,
    "short_interest_pct": 0,
    "combined_score": 50.0,
    "price": 124.57499694824219,
    "price_change_24h": 0.33424071673047023,
    "rsi": 50,
    "position_pct": 91.02232298064098,
    "ta_score": 50,
    "signal_direction": "WAIT",
    "signal_name": "historical_import",
    "confidence": "MEDIUM",
    "hit_tp1": false,
    "hit_sl": false,
    "candles_to_result": 0,
    "max_favorable_pct": 0,
    "max_adverse_pct": 0,
    "outcome_tracked": false
  }
]