[
  {
    "symbol": "GOOG",
    "timeframe": "historical_1w",
    "timestamp": "2025-06-29",
    "congress_score": 36.36363636363637,
    "insider_score": 50,
    "short_interest_pct": 0,
    "combined_score": 46.59090909090909,
    "price": 178.27000427246094,
    "price_change_24h": 7.385103410216762,
    "rsi": 50,
    "position_pct": 51.84034011146677,
    "ta_score": 50,
    "signal_direction": "WAIT",
    "signal_name": "historical_import",
    "confidence": "MEDIUM",
    "hit_tp1": false,
    "hit_sl": true,
    "candles_to_result": 3,
    "max_favorable_pct": 15.958936594156537,
    "max_adverse_pct": 1.2789581671923975,
    "outcome_tracked": true
  },
  {
    "symbol": "GOOG",
    "timeframe": "historical_1w",
    "timestamp": "2025-07-06",
    "congress_score": 33.33333333333333,
    "insider_score": 50,
    "short_interest_pct": 0,
    "combined_score": 45.83333333333333,
    "price": 180.5500030517578,
    "price_change_24h": 1.7813877180123474,
    "rsi": 50,
    "position_pct": 55.570094073809294,
    "ta_score": 50,
    "signal_direction": "WAIT",
    "signal_name": "historical_import",
    "confidence": "MEDIUM",
    "hit_tp1": false,
    "hit_sl": true,
    "candles_to_result": 2,
    "max_favorable_pct": 18.266405522067352,
    "max_adverse_pct": 0.42093297922463724,
    "outcome_tracked": true
  },
  {
    "symbol": "GOOG",
    "timeframe": "historical_1w",
    "timestamp": "2025-07-13",
    "congress_score": 25.0,
    "insider_score": 50,
    "short_interest_pct": 0,
    "combined_score": 43.75,
    "price": 181.30999755859375,
    "price_change_24h": 2.1119621826771664,
    "rsi": 50,
    "position_pct": 56.81333707418671,
    "ta_score": 50,
    "signal_direction": "WAIT",
    "signal_name": "historical_import",
    "confidence": "MEDIUM",
    "hit_tp1": false,
    "hit_sl": true,
    "candles_to_result": 1,
    "max_favorable_pct": 29.70602908587304,
    "max_adverse_pct": 2.5536401440390657,
    "outcome_tracked": true
  },
  {
    "symbol": "GOOG",
    "timeframe": "historical_1w",
    "timestamp": "2025-07-20",
    "congress_score": 75.0,
    "insider_score": 50,
    "short_interest_pct": 0,
    "combined_score": 56.25,
    "price": 185.94000244140625,
    "price_change_24h": 1.712162860135305,
    "rsi": 50,
    "position_pct": 64.38736703163285,
    "ta_score": 50,
    "signal_direction": "WAIT",
    "signal_name": "historical_import",
    "confidence": "MEDIUM",
    "hit_tp1": true,
    "hit_sl": false,
    "candles_to_result": 1,
    "max_favorable_pct": 29.816070621423492,
    "max_adverse_pct": 2.1566066764463843,
    "outcome_tracked": true
  },
  {
    "symbol": "GOOG",
    "timeframe": "historical_1w",
    "timestamp": "2025-07-27",
    "congress_score": 100.0,
    "insider_score": 50,
    "short_interest_pct": 0,
    "combined_score": 62.5,
    "price": 194.0800018310547,
    "price_change_24h": 1.5328318221956276,
    "rsi": 50,
    "position_pct": 77.70324915081963,
    "ta_score": 50,
    "signal_direction": "WAIT",
    "signal_name": "historical_import",
    "confidence": "MEDIUM",
    "hit_tp1": false,
    "hit_sl": true,
    "candles_to_result": 1,
    "max_favorable_pct": 31.512779825377752,
    "max_adverse_pct": -2.127990954167262,
    "outcome_tracked": true
  },
  {
    "symbol": "GOOG",
    "timeframe": "historical_1m",
    "timestamp": "2025-07-28",
    "congress_score": 46.15384615384615,
    "insider_score": 50,
    "short_interest_pct": 0,
    "combined_score": 49.03846153846154,
    "price": 0,
    "price_change_24h": 0,
    "rsi": 50,
    "position_pct": 50,
    "ta_score": 50,
    "signal_direction": "WAIT",
    "signal_name": "quiver_only_import",
    "confidence": "LOW",
    "hit_tp1": false,
    "hit_sl": false,
    "candles_to_result": 0,
    "max_favorable_pct": 0,
    "max_adverse_pct": 0,
    "outcome_tracked": false
  },
  {
    "symbol": "GOOG",
    "timeframe": "historical_1w",
    "timestamp": "2025-08-03",
    "congress_score": 100.0,
    "insider_score": 50,
    "short_interest_pct": 0,
    "combined_score": 62.5,
    "price": 189.9499969482422,
    "price_change_24h": -1.7940240169334536,
    "rsi": 50,
    "position_pct": 70.94714813180317,
    "ta_score": 50,
    "signal_direction": "WAIT",
    "signal_name": "historical_import",
    "confidence": "MEDIUM",
    "hit_tp1": true,
    "hit_sl": false,
    "candles_to_result": 1,
    "max_favorable_pct": 34.372208262110256,
    "max_adverse_pct": 6.39115534861333,
    "outcome_tracked": true
  },
  {
    "symbol": "GOOG",
    "timeframe": "historical_1w",
    "timestamp": "2025-08-10",
    "congress_score": 100.0,
    "insider_score": 50,
    "short_interest_pct": 0,
    "combined_score": 62.5,
    "price": 202.08999633789062,
    "price_change_24h": 3.2388231611190936,
    "rsi": 50,
    "position_pct": 90.8064617584274,
    "ta_score": 50,
    "signal_direction": "WAIT",
    "signal_name": "historical_import",
    "confidence": "MEDIUM",
    "hit_tp1": true,
    "hit_sl": false,
    "candles_to_result": 3,
    "max_favorable_pct": 26.300168300467302,
    "max_adverse_pct": 1.3954215326441748,
    "outcome_tracked": true
  },
  {
    "symbol": "GOOG",
    "timeframe": "historical_1w",
    "timestamp": "2025-08-17",
    "congress_score": 100.0,
    "insider_score": 50,
    "short_interest_pct": 0,
    "combined_score": 62.5,
    "price": 204.91000366210938,
    "price_change_24h": 1.6267414074622537,
    "rsi": 50,
    "position_pct": 95.41959295255174,
    "ta_score": 50,
    "signal_direction": "WAIT",
    "signal_name": "historical_import",
    "confidence": "MEDIUM",
    "hit_tp1": true,
    "hit_sl": false,
    "candles_to_result": 2,
    "max_favorable_pct": 24.562003285133603,
    "max_adverse_pct": 0.8833134186939859,
    "outcome_tracked": true
  },
  {
    "symbol": "GOOG",
    "timeframe": "historical_1w",
    "timestamp": "2025-08-24",
    "congress_score": 50.0,
    "insider_score": 50,
    "short_interest_pct": 0,
    "combined_score": 50.0,
    "price": 206.72000122070312,
    "price_change_24h": 1.1894894583342577,
    "rsi": 50,
    "position_pct": 98.38049171587353,
    "ta_score": 50,
    "signal_direction": "WAIT",
    "signal_name": "historical_import",
    "confidence": "MEDIUM",
    "hit_tp1": true,
    "hit_sl": false,
    "candles_to_result": 1,
    "max_favorable_pct": 23.47136415728776,
    "max_adverse_pct": 3.2943099450367677,
    "outcome_tracked": true
  },
  {
    "symbol": "GOOG",
    "timeframe": "historical_1m",
    "timestamp": "2025-08-28",
    "congress_score": 63.63636363636363,
    "insider_score": 50,
    "short_interest_pct": 0,
    "combined_score": 53.40909090909091,
    "price": 0,
    "price_change_24h": 0,
    "rsi": 50,
    "position_pct": 50,
    "ta_score": 50,
    "signal_direction": "WAIT",
    "signal_name": "quiver_only_import",
    "confidence": "LOW",
    "hit_tp1": false,
    "hit_sl": false,
    "candles_to_result": 0,
    "max_favorable_pct": 0,
    "max_adverse_pct": 0,
    "outcome_tracked": false
  },
  {
    "symbol": "GOOG",
    "timeframe": "historical_1w",
    "timestamp": "2025-08-31",
    "congress_score": 33.33333333333333,
    "insider_score": 50,
    "short_interest_pct": 0,
    "combined_score": 45.83333333333333,
    "price": 213.52999877929688,
    "price_change_24h": 2.089307248362394,
    "rsi": 50,
    "position_pct": 100.0,
    "ta_score": 50,
    "signal_direction": "WAIT",
    "signal_name": "historical_import",
    "confidence": "MEDIUM",
    "hit_tp1": false,
    "hit_sl": true,
    "candles_to_result": 1,
    "max_favorable_pct": 22.001597552991296,
    "max_adverse_pct": 10.134407115327805,
    "outcome_tracked": true
  },
  {
    "symbol": "GOOG",
    "timeframe": "historical_1w",
    "timestamp": "2025-09-07",
    "congress_score": 42.857142857142854,
    "insider_score": 50,
    "short_interest_pct": 0,
    "combined_score": 48.214285714285715,
    "price": 235.1699981689453,
    "price_change_24h": 10.93447430309573,
    "rsi": 50,
    "position_pct": 100.0,
    "ta_score": 50,
    "signal_direction": "WAIT",
    "signal_name": "historical_import",
    "confidence": "MEDIUM",
    "hit_tp1": true,
    "hit_sl": false,
    "candles_to_result": 2,
    "max_favorable_pct": 19.836717914059868,
    "max_adverse_pct": 0.9865235116224582,
    "outcome_tracked": true
  },
  {
    "symbol": "GOOG",
    "timeframe": "historical_1w",
    "timestamp": "2025-09-14",
    "congress_score": 50.0,
    "insider_score": 50,
    "short_interest_pct": 0,
    "combined_score": 50.0,
    "price": 241.3800048828125,
    "price_change_24h": 3.0833622769845515,
    "rsi": 50,
    "position_pct": 100.0,
    "ta_score": 50,
    "signal_direction": "WAIT",
    "signal_name": "historical_import",
    "confidence": "MEDIUM",
    "hit_tp1": true,
    "hit_sl": false,
    "candles_to_result": 1,
    "max_favorable_pct": 16.753667090627268,
    "max_adverse_pct": -1.6115665386356222,
    "outcome_tracked": true
  },
  {
    "symbol": "GOOG",
    "timeframe": "historical_1w",
    "timestamp": "2025-09-21",
    "congress_score": 87.5,
    "insider_score": 50,
    "short_interest_pct": 0,
    "combined_score": 59.375,
    "price": 255.24000549316406,
    "price_change_24h": 1.382273221424635,
    "rsi": 50,
    "position_pct": 100.0,
    "ta_score": 50,
    "signal_direction": "WAIT",
    "signal_name": "historical_import",
    "confidence": "MEDIUM",
    "hit_tp1": false,
    "hit_sl": true,
    "candles_to_result": 1,
    "max_favorable_pct": 10.413728749025028,
    "max_adverse_pct": -6.954238997802947,
    "outcome_tracked": true
  },
  {
    "symbol": "GOOG",
    "timeframe": "historical_1m",
    "timestamp": "2025-09-28",
    "congress_score": 52.94117647058824,
    "insider_score": 50,
    "short_interest_pct": 0,
    "combined_score": 50.73529411764706,
    "price": 0,
    "price_change_24h": 0,
    "rsi": 50,
    "position_pct": 50,
    "ta_score": 50,
    "signal_direction": "WAIT",
    "signal_name": "quiver_only_import",
    "confidence": "LOW",
    "hit_tp1": false,
    "hit_sl": false,
    "candles_to_result": 0,
    "max_favorable_pct": 0,
    "max_adverse_pct": 0,
    "outcome_tracked": false
  },
  {
    "symbol": "GOOG",
    "timeframe": "historical_1w",
    "timestamp": "2025-09-28",
    "congress_score": 60.0,
    "insider_score": 50,
    "short_interest_pct": 0,
    "combined_score": 52.5,
    "price": 247.17999267578125,
    "price_change_24h": -2.2540383173721863,
    "rsi": 50,
    "position_pct": 92.58235547051301,
    "ta_score": 50,
    "signal_direction": "WAIT",
    "signal_name": "historical_import",
    "confidence": "MEDIUM",
    "hit_tp1": false,
    "hit_sl": true,
    "candles_to_result": 2,
    "max_favorable_pct": 21.22744670905727,
    "max_adverse_pct": -3.920215013246343,
    "outcome_tracked": true
  },
  {
    "symbol": "GOOG",
    "timeframe": "historical_1w",
    "timestamp": "2025-10-05",
    "congress_score": 55.55555555555556,
    "insider_score": 50,
    "short_interest_pct": 0,
    "combined_score": 51.388888888888886,
    "price": 246.4499969482422,
    "price_change_24h": 0.8552939649166496,
    "rsi": 50,
    "position_pct": 91.91053906803151,
    "ta_score": 50,
    "signal_direction": "WAIT",
    "signal_name": "historical_import",
    "confidence": "MEDIUM",
    "hit_tp1": false,
    "hit_sl": true,
    "candles_to_result": 1,
    "max_favorable_pct": 29.892472745462033,
    "max_adverse_pct": -3.6356224654203766,
    "outcome_tracked": true
  },
  {
    "symbol": "GOOG",
    "timeframe": "historical_1w",
    "timestamp": "2025-10-12",
    "congress_score": 50.0,
    "insider_score": 50,
    "short_interest_pct": 0,
    "combined_score": 50.0,
    "price": 237.49000549316406,
    "price_change_24h": -5.574326794115062,
    "rsi": 50,
    "position_pct": 83.66464255311858,
    "ta_score": 50,
    "signal_direction": "WAIT",
    "signal_name": "historical_import",
    "confidence": "MEDIUM",
    "hit_tp1": true,
    "hit_sl": false,
    "candles_to_result": 1,
    "max_favorable_pct": 35.62254784956064,
    "max_adverse_pct": 6.863441583202932,
    "outcome_tracked": true
  },
  {
    "symbol": "GOOG",
    "timeframe": "historical_1w",
    "timestamp": "2025-10-19",
    "congress_score": 20.0,
    "insider_score": 50,
    "short_interest_pct": 0,
    "combined_score": 42.5,
    "price": 253.7899932861328,
    "price_change_24h": 3.7401871808832023,
    "rsi": 50,
    "position_pct": 98.6655511152565,
    "ta_score": 50,
    "signal_direction": "WAIT",
    "signal_name": "historical_import",
    "confidence": "MEDIUM",
    "hit_tp1": false,
    "hit_sl": true,
    "candles_to_result": 1,
    "max_favorable_pct": 26.912015784150206,
    "max_adverse_pct": 2.6478650290658927,
    "outcome_tracked": true
  },
  {
    "symbol": "GOOG",
    "timeframe": "historical_1w",
    "timestamp": "2025-10-26",
    "congress_score": 40.0,
    "insider_score": 50,
    "short_interest_pct": 0,
    "combined_score": 47.5,
    "price": 260.510009765625,
    "price_change_24h": 1.3578791149070812,
    "rsi": 50,
    "position_pct": 100.0,
    "ta_score": 50,
    "signal_direction": "WAIT",
    "signal_name": "historical_import",
    "confidence": "MEDIUM",
    "hit_tp1": false,
    "hit_sl": true,
    "candles_to_result": 1,
    "max_favorable_pct": 23.638242011379045,
    "max_adverse_pct": 6.322214350043906,
    "outcome_tracked": true
  },
  {
    "symbol": "GOOG",
    "timeframe": "historical_1m",
    "timestamp": "2025-10-28",
    "congress_score": 52.94117647058824,
    "insider_score": 50,
    "short_interest_pct": 0,
    "combined_score": 50.73529411764706,
    "price": 0,
    "price_change_24h": 0,
    "rsi": 50,
    "position_pct": 50,
    "ta_score": 50,
    "signal_direction": "WAIT",
    "signal_name": "quiver_only_import",
    "confidence": "LOW",
    "hit_tp1": false,
    "hit_sl": false,
    "candles_to_result": 0,
    "max_favorable_pct": 0,
    "max_adverse_pct": 0,
    "outcome_tracked": false
  },
  {
    "symbol": "GOOG",
    "timeframe": "historical_1w",
    "timestamp": "2025-11-02",
    "congress_score": 46.15384615384615,
    "insider_score": 50,
    "short_interest_pct": 0,
    "combined_score": 49.03846153846154,
    "price": 281.82000732421875,
    "price_change_24h": 4.404851247011611,
    "rsi": 50,
    "position_pct": 99.94089079444599,
    "ta_score": 50,
    "signal_direction": "WAIT",
    "signal_name": "historical_import",
    "confidence": "MEDIUM",
    "hit_tp1": true,
    "hit_sl": false,
    "candles_to_result": 3,
    "max_favorable_pct": 14.289258380205569,
    "max_adverse_pct": -1.717406930701861,
    "outcome_tracked": true
  },
  {
    "symbol": "GOOG",
    "timeframe": "historical_1w",
    "timestamp": "2025-11-09",
    "congress_score": 41.17647058823529,
    "insider_score": 50,
    "short_interest_pct": 0,
    "combined_score": 47.794117647058826,
    "price": 279.70001220703125,
    "price_change_24h": -1.5556747100228527,
    "rsi": 50,
    "position_pct": 95.93543935274404,
    "ta_score": 50,
    "signal_direction": "WAIT",
    "signal_name": "historical_import",
    "confidence": "MEDIUM",
    "hit_tp1": false,
    "hit_sl": false,
    "candles_to_result": 0,
    "max_favorable_pct": 0,
    "max_adverse_pct": 0,
    "outcome_tracked": false
  },
  {
    "symbol": "GOOG",
    "timeframe": "historical_1w",
    "timestamp": "2025-11-16",
    "congress_score": 35.294117647058826,
    "insider_score": 50,
    "short_interest_pct": 0,
    "combined_score": 46.32352941176471,
    "price": 276.9800109863281,
    "price_change_24h": -4.683569814198682,
    "rsi": 50,
    "position_pct": 89.8319231005744,
    "ta_score": 50,
    "signal_direction": "WAIT",
    "signal_name": "historical_import",
    "confidence": "MEDIUM",
    "hit_tp1": false,
    "hit_sl": false,
    "candles_to_result": 0,
    "max_favorable_pct": 0,
    "max_adverse_pct": 0,
    "outcome_tracked": false
  },
  {
    "symbol": "GOOG",
    "timeframe": "historical_1w",
    "timestamp": "2025-11-23",
    "congress_score": 33.33333333333333,
    "insider_score": 50,
    "short_interest_pct": 0,
    "combined_score": 45.83333333333333,
    "price": 299.6499938964844,
    "price_change_24h": 4.919463407811111,
    "rsi": 50,
    "position_pct": 100.0,
    "ta_score": 50,
    "signal_direction": "WAIT",
    "signal_name": "historical_import",
    "confidence": "MEDIUM",
    "hit_tp1": false,
    "hit_sl": false,
    "candles_to_result": 0,
    "max_favorable_pct": 0,
    "max_adverse_pct": 0,
    "outcome_tracked": false
  },
  {
    "symbol": "GOOG",
    "timeframe": "historical_1m",
    "timestamp": "2025-11-28",
    "congress_score": 31.818181818181817,
    "insider_score": 50,
    "short_interest_pct": 0,
    "combined_score": 45.45454545454545,
    "price": 0,
    "price_change_24h": 0,
    "rsi": 50,
    "position_pct": 50,
    "ta_score": 50,
    "signal_direction": "WAIT",
    "signal_name": "quiver_only_import",
    "confidence": "LOW",
    "hit_tp1": false,
    "hit_sl": false,
    "candles_to_result": 0,
    "max_favorable_pct": 0,
    "max_adverse_pct": 0,
    "outcome_tracked": false
  },
  {
    "symbol": "GOOG",
    "timeframe": "historical_1w",
    "timestamp": "2025-11-30",
    "congress_score": 18.181818181818183,
    "insider_score": 50,
    "short_interest_pct": 0,
    "combined_score": 42.04545454545455,
    "price": 320.1199951171875,
    "price_change_24h": 0.5181002575312931,
    "rsi": 50,
    "position_pct": 98.01196245541873,
    "ta_score": 50,
    "signal_direction": "WAIT",
    "signal_name": "historical_import",
    "confidence": "MEDIUM",
    "hit_tp1": false,
    "hit_sl": false,
    "candles_to_result": 0,
    "max_favorable_pct": 0,
    "max_adverse_pct": 0,
    "outcome_tracked": false
  },
  {
    "symbol": "GOOG",
    "timeframe": "historical_1w",
    "timestamp": "2025-12-07",
    "congress_score": 14.285714285714285,
    "insider_score": 50,
    "short_interest_pct": 0,
    "combined_score": 41.07142857142857,
    "price": 322.0899963378906,
    "price_change_24h": 2.2118562226148506,
    "rsi": 50,
    "position_pct": 99.12458025621767,
    "ta_score": 50,
    "signal_direction": "WAIT",
    "signal_name": "historical_import",
    "confidence": "MEDIUM",
    "hit_tp1": false,
    "hit_sl": false,
    "candles_to_result": 0,
    "max_favorable_pct": 0,
    "max_adverse_pct": 0,
    "outcome_tracked": false
  },
  {
    "symbol": "GOOG",
    "timeframe": "historical_1w",
    "timestamp": "2025-12-14",
    "congress_score": 0.0,
    "insider_score": 50,
    "short_interest_pct": 0,
    "combined_score": 37.5,
    "price": 310.5199890136719,
    "price_change_24h": -1.2498085675925752,
    "rsi": 50,
    "position_pct": 92.59006851631857,
    "ta_score": 50,
    "signal_direction": "WAIT",
    "signal_name": "historical_import",
    "confidence": "MEDIUM",
    "hit_tp1": false,
    "hit_sl": false,
    "candles_to_result": 0,
    "max_favorable_pct": 0,
    "max_adverse_pct": 0,
    "outcome_tracked": false
  },
  {
    "symbol": "GOOG",
    "timeframe": "historical_1w",
    "timestamp": "2025-12-21",
    "congress_score": 33.33333333333333,
    "insider_score": 50,
    "short_interest_pct": 0,
    "combined_score": 45.83333333333333,
    "price": 308.6099853515625,
    "price_change_24h": -0.22954285395190394,
    "rsi": 50,
    "position_pct": 91.51133615223627,
    "ta_score": 50,
    "signal_direction": "WAIT",
    "signal_name": "historical_import",
    "confidence": "MEDIUM",
    "hit_tp1": false,
    "hit_sl": false,
    "candles_to_result": 0,
    "max_favorable_pct": 0,
    "max_adverse_pct": 0,
    "outcome_tracked": false
  },
  {
    "symbol": "GOOG",
    "timeframe": "historical_1m",
    "timestamp": "2025-12-28",
    "congress_score": 31.25,
    "insider_score": 50,
    "short_interest_pct": 0,
    "combined_score": 45.3125,
    "price": 0,
    "price_change_24h": 0,
    "rsi": 50,
    "position_pct": 50,
    "ta_score": 50,
    "signal_direction": "WAIT",
    "signal_name": "quiver_only_import",
    "confidence": "LOW",
    "hit_tp1": false,
    "hit_sl": false,
    "candles_to_result": 0,
    "max_favorable_pct": 0,
    "max_adverse_pct": 0,
    "outcome_tracked": false
  },
  {
    "symbol": "GOOG",
    "timeframe": "historical_1w",
    "timestamp": "2025-12-28",
    "congress_score": 100.0,
    "insider_score": 50,
    "short_interest_pct": 0,
    "combined_score": 62.5,
    "price": 314.989990234375,
    "price_change_24h": 1.1756026788186749,
    "rsi": 50,
    "position_pct": 95.11463696606415,
    "ta_score": 50,
    "signal_direction": "WAIT",
    "signal_name": "historical_import",
    "confidence": "MEDIUM",
    "hit_tp1": false,
    "hit_sl": false,
    "candles_to_result": 0,
    "max_favorable_pct": 0,
    "max_adverse_pct": 0,
    "outcome_tracked": false
  }
]