[
  {
    "symbol": "GOOGL",
    "timeframe": "historical_1w",
    "timestamp": "2025-06-29",
    "congress_score": 28.57142857142857,
    "insider_score": 50,
    "short_interest_pct": 0,
    "combined_score": 44.64285714285714,
    "price": 178.52999877929688,
    "price_change_24h": 8.075547031136095,
    "rsi": 50,
    "position_pct": 54.84759643179894,
    "ta_score": 50,
    "signal_direction": "WAIT",
    "signal_name": "historical_import",
    "confidence": "MEDIUM",
    "hit_tp1": false,
    "hit_sl": true,
    "candles_to_result": 3,
    "max_favorable_pct": 15.437180164138178,
    "max_adverse_pct": 0.5601299539783363,
    "outcome_tracked": true
  },
  {
    "symbol": "GOOGL",
    "timeframe": "historical_1w",
    "timestamp": "2025-07-06",
    "congress_score": 42.857142857142854,
    "insider_score": 50,
    "short_interest_pct": 0,
    "combined_score": 48.214285714285715,
    "price": 179.52999877929688,
    "price_change_24h": 1.872554690893707,
    "rsi": 50,
    "position_pct": 56.46886729976119,
    "ta_score": 50,
    "signal_direction": "WAIT",
    "signal_name": "historical_import",
    "confidence": "MEDIUM",
    "hit_tp1": true,
    "hit_sl": false,
    "candles_to_result": 2,
    "max_favorable_pct": 18.59299566076855,
    "max_adverse_pct": 0.3676286228468942,
    "outcome_tracked": true
  },
  {
    "symbol": "GOOGL",
    "timeframe": "historical_1w",
    "timestamp": "2025-07-13",
    "congress_score": 33.33333333333333,
    "insider_score": 50,
    "short_interest_pct": 0,
    "combined_score": 45.83333333333333,
    "price": 180.19000244140625,
    "price_change_24h": 1.923190952199742,
    "rsi": 50,
    "position_pct": 57.53891200988753,
    "ta_score": 50,
    "signal_direction": "WAIT",
    "signal_name": "historical_import",
    "confidence": "MEDIUM",
    "hit_tp1": false,
    "hit_sl": true,
    "candles_to_result": 1,
    "max_favorable_pct": 30.417890457833103,
    "max_adverse_pct": 2.7026999562703895,
    "outcome_tracked": true
  },
  {
    "symbol": "GOOGL",
    "timeframe": "historical_1w",
    "timestamp": "2025-07-20",
    "congress_score": 50.0,
    "insider_score": 50,
    "short_interest_pct": 0,
    "combined_score": 50.0,
    "price": 185.05999755859375,
    "price_change_24h": 1.9277374130116223,
    "rsi": 50,
    "position_pct": 65.43449322050209,
    "ta_score": 50,
    "signal_direction": "WAIT",
    "signal_name": "historical_import",
    "confidence": "MEDIUM",
    "hit_tp1": true,
    "hit_sl": false,
    "candles_to_result": 1,
    "max_favorable_pct": 30.119964459372504,
    "max_adverse_pct": 2.1992907045889822,
    "outcome_tracked": true
  },
  {
    "symbol": "GOOGL",
    "timeframe": "historical_1w",
    "timestamp": "2025-07-27",
    "congress_score": 42.857142857142854,
    "insider_score": 50,
    "short_interest_pct": 0,
    "combined_score": 48.214285714285715,
    "price": 193.17999267578125,
    "price_change_24h": 1.6201927792619177,
    "rsi": 50,
    "position_pct": 78.599204751994,
    "ta_score": 50,
    "signal_direction": "WAIT",
    "signal_name": "historical_import",
    "confidence": "MEDIUM",
    "hit_tp1": false,
    "hit_sl": true,
    "candles_to_result": 1,
    "max_favorable_pct": 31.856305455092336,
    "max_adverse_pct": -2.09648408040161,
    "outcome_tracked": true
  },
  {
    "symbol": "GOOGL",
    "timeframe": "historical_1m",
    "timestamp": "2025-07-28",
    "congress_score": 38.46153846153847,
    "insider_score": 50,
    "short_interest_pct": 0,
    "combined_score": 47.11538461538461,
    "price": 0,
    "price_change_24h": 0,
    "rsi": 50,
    "position_pct": 50,
    "ta_score": 50,
    "signal_direction": "WAIT",
    "signal_name": "quiver_only_import",
    "confidence": "LOW",
    "hit_tp1": false,
    "hit_sl": false,
    "candles_to_result": 0,
    "max_favorable_pct": 0,
    "max_adverse_pct": 0,
    "outcome_tracked": false
  },
  {
    "symbol": "GOOGL",
    "timeframe": "historical_1w",
    "timestamp": "2025-08-03",
    "congress_score": 50.0,
    "insider_score": 50,
    "short_interest_pct": 0,
    "combined_score": 50.0,
    "price": 189.1300048828125,
    "price_change_24h": -1.7914616862807895,
    "rsi": 50,
    "position_pct": 72.03307752765099,
    "ta_score": 50,
    "signal_direction": "WAIT",
    "signal_name": "historical_import",
    "confidence": "MEDIUM",
    "hit_tp1": true,
    "hit_sl": false,
    "candles_to_result": 1,
    "max_favorable_pct": 34.67984700710554,
    "max_adverse_pct": 6.498172140241766,
    "outcome_tracked": true
  },
  {
    "symbol": "GOOGL",
    "timeframe": "historical_1w",
    "timestamp": "2025-08-10",
    "congress_score": 62.5,
    "insider_score": 50,
    "short_interest_pct": 0,
    "combined_score": 53.125,
    "price": 201.4199981689453,
    "price_change_24h": 3.2711264881211997,
    "rsi": 50,
    "position_pct": 91.9584856099099,
    "ta_score": 50,
    "signal_direction": "WAIT",
    "signal_name": "historical_import",
    "confidence": "MEDIUM",
    "hit_tp1": true,
    "hit_sl": false,
    "candles_to_result": 3,
    "max_favorable_pct": 26.46212071109806,
    "max_adverse_pct": 1.2312559577420477,
    "outcome_tracked": true
  },
  {
    "symbol": "GOOGL",
    "timeframe": "historical_1w",
    "timestamp": "2025-08-17",
    "congress_score": 100.0,
    "insider_score": 50,
    "short_interest_pct": 0,
    "combined_score": 62.5,
    "price": 203.89999389648438,
    "price_change_24h": 1.4427830330768034,
    "rsi": 50,
    "position_pct": 95.97923043563985,
    "ta_score": 50,
    "signal_direction": "WAIT",
    "signal_name": "historical_import",
    "confidence": "MEDIUM",
    "hit_tp1": true,
    "hit_sl": false,
    "candles_to_result": 2,
    "max_favorable_pct": 24.92398668242186,
    "max_adverse_pct": 1.0740571392650786,
    "outcome_tracked": true
  },
  {
    "symbol": "GOOGL",
    "timeframe": "historical_1w",
    "timestamp": "2025-08-24",
    "congress_score": 42.857142857142854,
    "insider_score": 50,
    "short_interest_pct": 0,
    "combined_score": 48.214285714285715,
    "price": 206.08999633789062,
    "price_change_24h": 1.2727254731649262,
    "rsi": 50,
    "position_pct": 99.52981759465804,
    "ta_score": 50,
    "signal_direction": "WAIT",
    "signal_name": "historical_import",
    "confidence": "MEDIUM",
    "hit_tp1": true,
    "hit_sl": false,
    "candles_to_result": 1,
    "max_favorable_pct": 23.596489760270643,
    "max_adverse_pct": 3.3092374425768565,
    "outcome_tracked": true
  },
  {
    "symbol": "GOOGL",
    "timeframe": "historical_1m",
    "timestamp": "2025-08-28",
    "congress_score": 46.15384615384615,
    "insider_score": 50,
    "short_interest_pct": 0,
    "combined_score": 49.03846153846154,
    "price": 0,
    "price_change_24h": 0,
    "rsi": 50,
    "position_pct": 50,
    "ta_score": 50,
    "signal_direction": "WAIT",
    "signal_name": "quiver_only_import",
    "confidence": "LOW",
    "hit_tp1": false,
    "hit_sl": false,
    "candles_to_result": 0,
    "max_favorable_pct": 0,
    "max_adverse_pct": 0,
    "outcome_tracked": false
  },
  {
    "symbol": "GOOGL",
    "timeframe": "historical_1w",
    "timestamp": "2025-08-31",
    "congress_score": 33.33333333333333,
    "insider_score": 50,
    "short_interest_pct": 0,
    "combined_score": 45.83333333333333,
    "price": 212.91000366210938,
    "price_change_24h": 2.120004821569365,
    "rsi": 50,
    "position_pct": 100.0,
    "ta_score": 50,
    "signal_direction": "WAIT",
    "signal_name": "historical_import",
    "confidence": "MEDIUM",
    "hit_tp1": false,
    "hit_sl": true,
    "candles_to_result": 1,
    "max_favorable_pct": 22.07975621485143,
    "max_adverse_pct": 10.375274039705388,
    "outcome_tracked": true
  },
  {
    "symbol": "GOOGL",
    "timeframe": "historical_1w",
    "timestamp": "2025-09-07",
    "congress_score": 14.285714285714285,
    "insider_score": 50,
    "short_interest_pct": 0,
    "combined_score": 41.07142857142857,
    "price": 235.0,
    "price_change_24h": 11.189966034304732,
    "rsi": 50,
    "position_pct": 100.0,
    "ta_score": 50,
    "signal_direction": "WAIT",
    "signal_name": "historical_import",
    "confidence": "MEDIUM",
    "hit_tp1": false,
    "hit_sl": true,
    "candles_to_result": 1,
    "max_favorable_pct": 19.655320187832448,
    "max_adverse_pct": 0.6680882230718085,
    "outcome_tracked": true
  },
  {
    "symbol": "GOOGL",
    "timeframe": "historical_1w",
    "timestamp": "2025-09-14",
    "congress_score": 14.285714285714285,
    "insider_score": 50,
    "short_interest_pct": 0,
    "combined_score": 41.07142857142857,
    "price": 240.8000030517578,
    "price_change_24h": 2.888399401618655,
    "rsi": 50,
    "position_pct": 100.0,
    "ta_score": 50,
    "signal_direction": "WAIT",
    "signal_name": "historical_import",
    "confidence": "MEDIUM",
    "hit_tp1": false,
    "hit_sl": true,
    "candles_to_result": 1,
    "max_favorable_pct": 16.773255347910844,
    "max_adverse_pct": -1.756642721731969,
    "outcome_tracked": true
  },
  {
    "symbol": "GOOGL",
    "timeframe": "historical_1w",
    "timestamp": "2025-09-21",
    "congress_score": 50.0,
    "insider_score": 50,
    "short_interest_pct": 0,
    "combined_score": 50.0,
    "price": 254.72000122070312,
    "price_change_24h": 1.2360401426045755,
    "rsi": 50,
    "position_pct": 100.0,
    "ta_score": 50,
    "signal_direction": "WAIT",
    "signal_name": "historical_import",
    "confidence": "MEDIUM",
    "hit_tp1": false,
    "hit_sl": true,
    "candles_to_result": 1,
    "max_favorable_pct": 10.391803193251437,
    "max_adverse_pct": -7.125468675213393,
    "outcome_tracked": true
  },
  {
    "symbol": "GOOGL",
    "timeframe": "historical_1m",
    "timestamp": "2025-09-28",
    "congress_score": 38.46153846153847,
    "insider_score": 50,
    "short_interest_pct": 0,
    "combined_score": 47.11538461538461,
    "price": 0,
    "price_change_24h": 0,
    "rsi": 50,
    "position_pct": 50,
    "ta_score": 50,
    "signal_direction": "WAIT",
    "signal_name": "quiver_only_import",
    "confidence": "LOW",
    "hit_tp1": false,
    "hit_sl": false,
    "candles_to_result": 0,
    "max_favorable_pct": 0,
    "max_adverse_pct": 0,
    "outcome_tracked": false
  },
  {
    "symbol": "GOOGL",
    "timeframe": "historical_1w",
    "timestamp": "2025-09-28",
    "congress_score": 42.857142857142854,
    "insider_score": 50,
    "short_interest_pct": 0,
    "combined_score": 48.214285714285715,
    "price": 246.5399932861328,
    "price_change_24h": -2.3719975932044157,
    "rsi": 50,
    "position_pct": 92.56498126075982,
    "ta_score": 50,
    "signal_direction": "WAIT",
    "signal_name": "historical_import",
    "confidence": "MEDIUM",
    "hit_tp1": false,
    "hit_sl": true,
    "candles_to_result": 2,
    "max_favorable_pct": 21.546204195084,
    "max_adverse_pct": -4.043962940464169,
    "outcome_tracked": true
  },
  {
    "symbol": "GOOGL",
    "timeframe": "historical_1w",
    "timestamp": "2025-10-05",
    "congress_score": 50.0,
    "insider_score": 50,
    "short_interest_pct": 0,
    "combined_score": 50.0,
    "price": 245.35000610351562,
    "price_change_24h": 0.5326789737765787,
    "rsi": 50,
    "position_pct": 91.48337142945113,
    "ta_score": 50,
    "signal_direction": "WAIT",
    "signal_name": "historical_import",
    "confidence": "MEDIUM",
    "hit_tp1": false,
    "hit_sl": true,
    "candles_to_result": 1,
    "max_favorable_pct": 30.499280501625137,
    "max_adverse_pct": -3.57856065248782,
    "outcome_tracked": true
  },
  {
    "symbol": "GOOGL",
    "timeframe": "historical_1w",
    "timestamp": "2025-10-12",
    "congress_score": 42.857142857142854,
    "insider_score": 50,
    "short_interest_pct": 0,
    "combined_score": 48.214285714285715,
    "price": 236.57000732421875,
    "price_change_24h": -5.534475005757919,
    "rsi": 50,
    "position_pct": 83.50300564292243,
    "ta_score": 50,
    "signal_direction": "WAIT",
    "signal_name": "historical_import",
    "confidence": "MEDIUM",
    "hit_tp1": true,
    "hit_sl": false,
    "candles_to_result": 1,
    "max_favorable_pct": 35.803347451975156,
    "max_adverse_pct": 7.0719005831583015,
    "outcome_tracked": true
  },
  {
    "symbol": "GOOGL",
    "timeframe": "historical_1w",
    "timestamp": "2025-10-19",
    "congress_score": 57.14285714285714,
    "insider_score": 50,
    "short_interest_pct": 0,
    "combined_score": 51.785714285714285,
    "price": 253.3000030517578,
    "price_change_24h": 3.747699932015109,
    "rsi": 50,
    "position_pct": 98.7093272915817,
    "ta_score": 50,
    "signal_direction": "WAIT",
    "signal_name": "historical_import",
    "confidence": "MEDIUM",
    "hit_tp1": true,
    "hit_sl": false,
    "candles_to_result": 2,
    "max_favorable_pct": 26.833788054880316,
    "max_adverse_pct": 2.613505841381245,
    "outcome_tracked": true
  },
  {
    "symbol": "GOOGL",
    "timeframe": "historical_1w",
    "timestamp": "2025-10-26",
    "congress_score": 66.66666666666666,
    "insider_score": 50,
    "short_interest_pct": 0,
    "combined_score": 54.166666666666664,
    "price": 259.9200134277344,
    "price_change_24h": 1.3135941512829754,
    "rsi": 50,
    "position_pct": 100.0,
    "ta_score": 50,
    "signal_direction": "WAIT",
    "signal_name": "historical_import",
    "confidence": "MEDIUM",
    "hit_tp1": true,
    "hit_sl": false,
    "candles_to_result": 1,
    "max_favorable_pct": 23.603405823536036,
    "max_adverse_pct": 6.344255687321175,
    "outcome_tracked": true
  },
  {
    "symbol": "GOOGL",
    "timeframe": "historical_1m",
    "timestamp": "2025-10-28",
    "congress_score": 46.666666666666664,
    "insider_score": 50,
    "short_interest_pct": 0,
    "combined_score": 49.166666666666664,
    "price": 0,
    "price_change_24h": 0,
    "rsi": 50,
    "position_pct": 50,
    "ta_score": 50,
    "signal_direction": "WAIT",
    "signal_name": "quiver_only_import",
    "confidence": "LOW",
    "hit_tp1": false,
    "hit_sl": false,
    "candles_to_result": 0,
    "max_favorable_pct": 0,
    "max_adverse_pct": 0,
    "outcome_tracked": false
  },
  {
    "symbol": "GOOGL",
    "timeframe": "historical_1w",
    "timestamp": "2025-11-02",
    "congress_score": 50.0,
    "insider_score": 50,
    "short_interest_pct": 0,
    "combined_score": 50.0,
    "price": 281.19000244140625,
    "price_change_24h": 4.426788693161476,
    "rsi": 50,
    "position_pct": 99.78797447349207,
    "ta_score": 50,
    "signal_direction": "WAIT",
    "signal_name": "historical_import",
    "confidence": "MEDIUM",
    "hit_tp1": true,
    "hit_sl": false,
    "candles_to_result": 3,
    "max_favorable_pct": 14.253702558510204,
    "max_adverse_pct": -1.6999177558928042,
    "outcome_tracked": true
  },
  {
    "symbol": "GOOGL",
    "timeframe": "historical_1w",
    "timestamp": "2025-11-09",
    "congress_score": 46.15384615384615,
    "insider_score": 50,
    "short_interest_pct": 0,
    "combined_score": 49.03846153846154,
    "price": 278.8299865722656,
    "price_change_24h": -1.7235353966580607,
    "rsi": 50,
    "position_pct": 95.77292874063949,
    "ta_score": 50,
    "signal_direction": "WAIT",
    "signal_name": "historical_import",
    "confidence": "MEDIUM",
    "hit_tp1": false,
    "hit_sl": false,
    "candles_to_result": 0,
    "max_favorable_pct": 0,
    "max_adverse_pct": 0,
    "outcome_tracked": false
  },
  {
    "symbol": "GOOGL",
    "timeframe": "historical_1w",
    "timestamp": "2025-11-16",
    "congress_score": 45.45454545454545,
    "insider_score": 50,
    "short_interest_pct": 0,
    "combined_score": 48.86363636363636,
    "price": 276.4100036621094,
    "price_change_24h": -4.719063134566527,
    "rsi": 50,
    "position_pct": 89.83698667590596,
    "ta_score": 50,
    "signal_direction": "WAIT",
    "signal_name": "historical_import",
    "confidence": "MEDIUM",
    "hit_tp1": false,
    "hit_sl": false,
    "candles_to_result": 0,
    "max_favorable_pct": 0,
    "max_adverse_pct": 0,
    "outcome_tracked": false
  },
  {
    "symbol": "GOOGL",
    "timeframe": "historical_1w",
    "timestamp": "2025-11-23",
    "congress_score": 33.33333333333333,
    "insider_score": 50,
    "short_interest_pct": 0,
    "combined_score": 45.83333333333333,
    "price": 299.6600036621094,
    "price_change_24h": 5.1364869878425425,
    "rsi": 50,
    "position_pct": 100.0,
    "ta_score": 50,
    "signal_direction": "WAIT",
    "signal_name": "historical_import",
    "confidence": "MEDIUM",
    "hit_tp1": false,
    "hit_sl": false,
    "candles_to_result": 0,
    "max_favorable_pct": 0,
    "max_adverse_pct": 0,
    "outcome_tracked": false
  },
  {
    "symbol": "GOOGL",
    "timeframe": "historical_1m",
    "timestamp": "2025-11-28",
    "congress_score": 41.17647058823529,
    "insider_score": 50,
    "short_interest_pct": 0,
    "combined_score": 47.794117647058826,
    "price": 0,
    "price_change_24h": 0,
    "rsi": 50,
    "position_pct": 50,
    "ta_score": 50,
    "signal_direction": "WAIT",
    "signal_name": "quiver_only_import",
    "confidence": "LOW",
    "hit_tp1": false,
    "hit_sl": false,
    "candles_to_result": 0,
    "max_favorable_pct": 0,
    "max_adverse_pct": 0,
    "outcome_tracked": false
  },
  {
    "symbol": "GOOGL",
    "timeframe": "historical_1w",
    "timestamp": "2025-11-30",
    "congress_score": 28.57142857142857,
    "insider_score": 50,
    "short_interest_pct": 0,
    "combined_score": 44.64285714285714,
    "price": 320.17999267578125,
    "price_change_24h": 0.502230576606759,
    "rsi": 50,
    "position_pct": 98.17611633353694,
    "ta_score": 50,
    "signal_direction": "WAIT",
    "signal_name": "historical_import",
    "confidence": "MEDIUM",
    "hit_tp1": false,
    "hit_sl": false,
    "candles_to_result": 0,
    "max_favorable_pct": 0,
    "max_adverse_pct": 0,
    "outcome_tracked": false
  },
  {
    "symbol": "GOOGL",
    "timeframe": "historical_1w",
    "timestamp": "2025-12-07",
    "congress_score": 50.0,
    "insider_score": 50,
    "short_interest_pct": 0,
    "combined_score": 50.0,
    "price": 321.2699890136719,
    "price_change_24h": 2.026096118785275,
    "rsi": 50,
    "position_pct": 98.78593859178471,
    "ta_score": 50,
    "signal_direction": "WAIT",
    "signal_name": "historical_import",
    "confidence": "MEDIUM",
    "hit_tp1": false,
    "hit_sl": false,
    "candles_to_result": 0,
    "max_favorable_pct": 0,
    "max_adverse_pct": 0,
    "outcome_tracked": false
  },
  {
    "symbol": "GOOGL",
    "timeframe": "historical_1w",
    "timestamp": "2025-12-14",
    "congress_score": 66.66666666666666,
    "insider_score": 50,
    "short_interest_pct": 0,
    "combined_score": 54.166666666666664,
    "price": 309.2900085449219,
    "price_change_24h": -1.412084871396113,
    "rsi": 50,
    "position_pct": 92.0834768593394,
    "ta_score": 50,
    "signal_direction": "WAIT",
    "signal_name": "historical_import",
    "confidence": "MEDIUM",
    "hit_tp1": false,
    "hit_sl": false,
    "candles_to_result": 0,
    "max_favorable_pct": 0,
    "max_adverse_pct": 0,
    "outcome_tracked": false
  },
  {
    "symbol": "GOOGL",
    "timeframe": "historical_1w",
    "timestamp": "2025-12-21",
    "congress_score": 66.66666666666666,
    "insider_score": 50,
    "short_interest_pct": 0,
    "combined_score": 54.166666666666664,
    "price": 307.1600036621094,
    "price_change_24h": -0.34390940055662744,
    "rsi": 50,
    "position_pct": 90.89179910542214,
    "ta_score": 50,
    "signal_direction": "WAIT",
    "signal_name": "historical_import",
    "confidence": "MEDIUM",
    "hit_tp1": false,
    "hit_sl": false,
    "candles_to_result": 0,
    "max_favorable_pct": 0,
    "max_adverse_pct": 0,
    "outcome_tracked": false
  },
  {
    "symbol": "GOOGL",
    "timeframe": "historical_1m",
    "timestamp": "2025-12-28",
    "congress_score": 53.84615384615385,
    "insider_score": 50,
    "short_interest_pct": 0,
    "combined_score": 50.96153846153846,
    "price": 0,
    "price_change_24h": 0,
    "rsi": 50,
    "position_pct": 50,
    "ta_score": 50,
    "signal_direction": "WAIT",
    "signal_name": "quiver_only_import",
    "confidence": "LOW",
    "hit_tp1": false,
    "hit_sl": false,
    "candles_to_result": 0,
    "max_favorable_pct": 0,
    "max_adverse_pct": 0,
    "outcome_tracked": false
  },
  {
    "symbol": "GOOGL",
    "timeframe": "historical_1w",
    "timestamp": "2025-12-28",
    "congress_score": 100.0,
    "insider_score": 50,
    "short_interest_pct": 0,
    "combined_score": 62.5,
    "price": 313.56878662109375,
    "price_change_24h": 1.223057607568848,
    "rsi": 50,
    "position_pct": 94.47733270843499,
    "ta_score": 50,
    "signal_direction": "WAIT",
    "signal_name": "historical_import",
    "confidence": "MEDIUM",
    "hit_tp1": false,
    "hit_sl": false,
    "candles_to_result": 0,
    "max_favorable_pct": 0,
    "max_adverse_pct": 0,
    "outcome_tracked": false
  }
]