[
  {
    "symbol": "HD",
    "timeframe": "historical_1w",
    "timestamp": "2025-06-29",
    "congress_score": 33.33333333333333,
    "insider_score": 50,
    "short_interest_pct": 0,
    "combined_score": 45.83333333333333,
    "price": 368.739990234375,
    "price_change_24h": 3.300089382924399,
    "rsi": 50,
    "position_pct": 37.375876575929965,
    "ta_score": 50,
    "signal_direction": "WAIT",
    "signal_name": "historical_import",
    "confidence": "MEDIUM",
    "hit_tp1": false,
    "hit_sl": true,
    "candles_to_result": 6,
    "max_favorable_pct": 13.616646770734638,
    "max_adverse_pct": -2.532949120043645,
    "outcome_tracked": true
  },
  {
    "symbol": "HD",
    "timeframe": "historical_1w",
    "timestamp": "2025-07-06",
    "congress_score": 28.57142857142857,
    "insider_score": 50,
    "short_interest_pct": 0,
    "combined_score": 44.64285714285714,
    "price": 371.67999267578125,
    "price_change_24h": 1.3746393808587605,
    "rsi": 50,
    "position_pct": 40.65603085601751,
    "ta_score": 50,
    "signal_direction": "WAIT",
    "signal_name": "historical_import",
    "confidence": "MEDIUM",
    "hit_tp1": true,
    "hit_sl": false,
    "candles_to_result": 2,
    "max_favorable_pct": 13.724174228049273,
    "max_adverse_pct": -3.3039170849340804,
    "outcome_tracked": true
  },
  {
    "symbol": "HD",
    "timeframe": "historical_1w",
    "timestamp": "2025-07-13",
    "congress_score": 37.5,
    "insider_score": 50,
    "short_interest_pct": 0,
    "combined_score": 46.875,
    "price": 370.07000732421875,
    "price_change_24h": 0.6609706721138544,
    "rsi": 50,
    "position_pct": 38.85977372798601,
    "ta_score": 50,
    "signal_direction": "WAIT",
    "signal_name": "historical_import",
    "confidence": "MEDIUM",
    "hit_tp1": false,
    "hit_sl": true,
    "candles_to_result": 4,
    "max_favorable_pct": 14.218929952647327,
    "max_adverse_pct": -2.883241877633808,
    "outcome_tracked": true
  },
  {
    "symbol": "HD",
    "timeframe": "historical_1w",
    "timestamp": "2025-07-20",
    "congress_score": 28.57142857142857,
    "insider_score": 50,
    "short_interest_pct": 0,
    "combined_score": 44.64285714285714,
    "price": 359.3999938964844,
    "price_change_24h": -2.8937321009874535,
    "rsi": 50,
    "position_pct": 26.955263132806444,
    "ta_score": 50,
    "signal_direction": "WAIT",
    "signal_name": "historical_import",
    "confidence": "MEDIUM",
    "hit_tp1": false,
    "hit_sl": true,
    "candles_to_result": 1,
    "max_favorable_pct": 17.609908074497877,
    "max_adverse_pct": 3.967726769002733,
    "outcome_tracked": true
  },
  {
    "symbol": "HD",
    "timeframe": "historical_1w",
    "timestamp": "2025-07-27",
    "congress_score": 16.666666666666664,
    "insider_score": 50,
    "short_interest_pct": 0,
    "combined_score": 41.666666666666664,
    "price": 375.3399963378906,
    "price_change_24h": 3.104051073434241,
    "rsi": 50,
    "position_pct": 44.73948891997129,
    "ta_score": 50,
    "signal_direction": "WAIT",
    "signal_name": "historical_import",
    "confidence": "MEDIUM",
    "hit_tp1": false,
    "hit_sl": true,
    "candles_to_result": 2,
    "max_favorable_pct": 12.615230608381511,
    "max_adverse_pct": -0.4475922342869311,
    "outcome_tracked": true
  },
  {
    "symbol": "HD",
    "timeframe": "historical_1w",
    "timestamp": "2025-08-03",
    "congress_score": 20.0,
    "insider_score": 50,
    "short_interest_pct": 0,
    "combined_score": 42.5,
    "price": 373.6600036621094,
    "price_change_24h": -0.9463741537648066,
    "rsi": 50,
    "position_pct": 42.86512477374841,
    "ta_score": 50,
    "signal_direction": "WAIT",
    "signal_name": "historical_import",
    "confidence": "MEDIUM",
    "hit_tp1": false,
    "hit_sl": true,
    "candles_to_result": 1,
    "max_favorable_pct": 13.121553898937863,
    "max_adverse_pct": 0.5593310275135982,
    "outcome_tracked": true
  },
  {
    "symbol": "HD",
    "timeframe": "historical_1w",
    "timestamp": "2025-08-10",
    "congress_score": 0.0,
    "insider_score": 50,
    "short_interest_pct": 0,
    "combined_score": 37.5,
    "price": 387.8500061035156,
    "price_change_24h": 1.846016134680588,
    "rsi": 50,
    "position_pct": 58.696879396499014,
    "ta_score": 50,
    "signal_direction": "WAIT",
    "signal_name": "historical_import",
    "confidence": "MEDIUM",
    "hit_tp1": false,
    "hit_sl": true,
    "candles_to_result": 1,
    "max_favorable_pct": 8.982853110640914,
    "max_adverse_pct": -3.119764319479263,
    "outcome_tracked": true
  },
  {
    "symbol": "HD",
    "timeframe": "historical_1w",
    "timestamp": "2025-08-17",
    "congress_score": 0.0,
    "insider_score": 50,
    "short_interest_pct": 0,
    "combined_score": 37.5,
    "price": 399.3800048828125,
    "price_change_24h": 3.0578293656859197,
    "rsi": 50,
    "position_pct": 71.56087376353254,
    "ta_score": 50,
    "signal_direction": "WAIT",
    "signal_name": "historical_import",
    "confidence": "MEDIUM",
    "hit_tp1": false,
    "hit_sl": true,
    "candles_to_result": 1,
    "max_favorable_pct": 5.836545964646741,
    "max_adverse_pct": -5.9166719900627225,
    "outcome_tracked": true
  },
  {
    "symbol": "HD",
    "timeframe": "historical_1w",
    "timestamp": "2025-08-24",
    "congress_score": 0.0,
    "insider_score": 50,
    "short_interest_pct": 0,
    "combined_score": 37.5,
    "price": 412.7900085449219,
    "price_change_24h": 4.583226698356906,
    "rsi": 50,
    "position_pct": 86.52238545779429,
    "ta_score": 50,
    "signal_direction": "WAIT",
    "signal_name": "historical_import",
    "confidence": "MEDIUM",
    "hit_tp1": false,
    "hit_sl": true,
    "candles_to_result": 3,
    "max_favorable_pct": 2.398312384396535,
    "max_adverse_pct": -8.973087472607999,
    "outcome_tracked": true
  },
  {
    "symbol": "HD",
    "timeframe": "historical_1w",
    "timestamp": "2025-08-31",
    "congress_score": 0.0,
    "insider_score": 50,
    "short_interest_pct": 0,
    "combined_score": 37.5,
    "price": 406.7699890136719,
    "price_change_24h": -0.5209109597961314,
    "rsi": 50,
    "position_pct": 79.80586286123645,
    "ta_score": 50,
    "signal_direction": "WAIT",
    "signal_name": "historical_import",
    "confidence": "MEDIUM",
    "hit_tp1": false,
    "hit_sl": true,
    "candles_to_result": 1,
    "max_favorable_pct": 3.9137630252263493,
    "max_adverse_pct": -8.766626011072516,
    "outcome_tracked": true
  },
  {
    "symbol": "HD",
    "timeframe": "historical_1w",
    "timestamp": "2025-09-07",
    "congress_score": 0.0,
    "insider_score": 50,
    "short_interest_pct": 0,
    "combined_score": 37.5,
    "price": 418.95001220703125,
    "price_change_24h": 3.1109287795988063,
    "rsi": 50,
    "position_pct": 93.39508804233986,
    "ta_score": 50,
    "signal_direction": "WAIT",
    "signal_name": "historical_import",
    "confidence": "MEDIUM",
    "hit_tp1": true,
    "hit_sl": false,
    "candles_to_result": 4,
    "max_favorable_pct": 0.8927056033899385,
    "max_adverse_pct": -13.507584486595938,
    "outcome_tracked": true
  },
  {
    "symbol": "HD",
    "timeframe": "historical_1w",
    "timestamp": "2025-09-14",
    "congress_score": 100.0,
    "insider_score": 50,
    "short_interest_pct": 0,
    "combined_score": 62.5,
    "price": 422.69000244140625,
    "price_change_24h": 0.6548554517341331,
    "rsi": 50,
    "position_pct": 97.56778694965877,
    "ta_score": 50,
    "signal_direction": "WAIT",
    "signal_name": "historical_import",
    "confidence": "MEDIUM",
    "hit_tp1": false,
    "hit_sl": true,
    "candles_to_result": 2,
    "max_favorable_pct": -1.656059987122678,
    "max_adverse_pct": -18.777353298813793,
    "outcome_tracked": true
  },
  {
    "symbol": "HD",
    "timeframe": "historical_1w",
    "timestamp": "2025-09-21",
    "congress_score": 100.0,
    "insider_score": 50,
    "short_interest_pct": 0,
    "combined_score": 62.5,
    "price": 415.69000244140625,
    "price_change_24h": -1.6607104529294991,
    "rsi": 50,
    "position_pct": 89.75790229200176,
    "ta_score": 50,
    "signal_direction": "WAIT",
    "signal_name": "historical_import",
    "confidence": "MEDIUM",
    "hit_tp1": false,
    "hit_sl": true,
    "candles_to_result": 2,
    "max_favorable_pct": -1.3471591981106104,
    "max_adverse_pct": -17.40960684455923,
    "outcome_tracked": true
  },
  {
    "symbol": "HD",
    "timeframe": "historical_1w",
    "timestamp": "2025-09-28",
    "congress_score": 50.0,
    "insider_score": 50,
    "short_interest_pct": 0,
    "combined_score": 50.0,
    "price": 410.0899963378906,
    "price_change_24h": -0.46359312187120755,
    "rsi": 50,
    "position_pct": 83.50998775619715,
    "ta_score": 50,
    "signal_direction": "WAIT",
    "signal_name": "historical_import",
    "confidence": "MEDIUM",
    "hit_tp1": false,
    "hit_sl": true,
    "candles_to_result": 1,
    "max_favorable_pct": -3.665048870617419,
    "max_adverse_pct": -16.281789268192057,
    "outcome_tracked": true
  },
  {
    "symbol": "HD",
    "timeframe": "historical_1w",
    "timestamp": "2025-10-05",
    "congress_score": 50.0,
    "insider_score": 50,
    "short_interest_pct": 0,
    "combined_score": 50.0,
    "price": 395.05999755859375,
    "price_change_24h": -2.8859367223850043,
    "rsi": 50,
    "position_pct": 66.74105106033512,
    "ta_score": 50,
    "signal_direction": "WAIT",
    "signal_name": "historical_import",
    "confidence": "MEDIUM",
    "hit_tp1": false,
    "hit_sl": true,
    "candles_to_result": 1,
    "max_favorable_pct": -0.7998794313870504,
    "max_adverse_pct": -13.09674240725958,
    "outcome_tracked": true
  },
  {
    "symbol": "HD",
    "timeframe": "historical_1w",
    "timestamp": "2025-10-12",
    "congress_score": 50.0,
    "insider_score": 50,
    "short_interest_pct": 0,
    "combined_score": 50.0,
    "price": 375.75,
    "price_change_24h": -3.488040233383095,
    "rsi": 50,
    "position_pct": 45.196929107155746,
    "ta_score": 50,
    "signal_direction": "WAIT",
    "signal_name": "historical_import",
    "confidence": "MEDIUM",
    "hit_tp1": true,
    "hit_sl": false,
    "candles_to_result": 1,
    "max_favorable_pct": 4.29806890125998,
    "max_adverse_pct": -8.630736573727544,
    "outcome_tracked": true
  },
  {
    "symbol": "HD",
    "timeframe": "historical_1w",
    "timestamp": "2025-10-19",
    "congress_score": 50.0,
    "insider_score": 50,
    "short_interest_pct": 0,
    "combined_score": 50.0,
    "price": 391.8999938964844,
    "price_change_24h": 3.3028439097895332,
    "rsi": 50,
    "position_pct": 63.21544190049969,
    "ta_score": 50,
    "signal_direction": "WAIT",
    "signal_name": "historical_import",
    "confidence": "MEDIUM",
    "hit_tp1": false,
    "hit_sl": true,
    "candles_to_result": 2,
    "max_favorable_pct": -1.3319727741771603,
    "max_adverse_pct": -12.39601615944333,
    "outcome_tracked": true
  },
  {
    "symbol": "HD",
    "timeframe": "historical_1w",
    "timestamp": "2025-10-26",
    "congress_score": 66.66666666666666,
    "insider_score": 50,
    "short_interest_pct": 0,
    "combined_score": 54.166666666666664,
    "price": 386.67999267578125,
    "price_change_24h": -0.5682897193064068,
    "rsi": 50,
    "position_pct": 57.39149797956824,
    "ta_score": 50,
    "signal_direction": "WAIT",
    "signal_name": "historical_import",
    "confidence": "MEDIUM",
    "hit_tp1": false,
    "hit_sl": false,
    "candles_to_result": 0,
    "max_favorable_pct": 0,
    "max_adverse_pct": 0,
    "outcome_tracked": false
  },
  {
    "symbol": "HD",
    "timeframe": "historical_1w",
    "timestamp": "2025-11-02",
    "congress_score": 83.33333333333334,
    "insider_score": 50,
    "short_interest_pct": 0,
    "combined_score": 58.333333333333336,
    "price": 379.5899963378906,
    "price_change_24h": -1.4742888981107964,
    "rsi": 50,
    "position_pct": 49.48120460497733,
    "ta_score": 50,
    "signal_direction": "WAIT",
    "signal_name": "historical_import",
    "confidence": "MEDIUM",
    "hit_tp1": false,
    "hit_sl": false,
    "candles_to_result": 0,
    "max_favorable_pct": 0,
    "max_adverse_pct": 0,
    "outcome_tracked": false
  },
  {
    "symbol": "HD",
    "timeframe": "historical_1w",
    "timestamp": "2025-11-09",
    "congress_score": 85.71428571428571,
    "insider_score": 50,
    "short_interest_pct": 0,
    "combined_score": 58.92857142857143,
    "price": 371.1099853515625,
    "price_change_24h": -1.9135775433216917,
    "rsi": 50,
    "position_pct": 40.020074933707775,
    "ta_score": 50,
    "signal_direction": "WAIT",
    "signal_name": "historical_import",
    "confidence": "MEDIUM",
    "hit_tp1": false,
    "hit_sl": false,
    "candles_to_result": 0,
    "max_favorable_pct": 0,
    "max_adverse_pct": 0,
    "outcome_tracked": false
  },
  {
    "symbol": "HD",
    "timeframe": "historical_1w",
    "timestamp": "2025-11-16",
    "congress_score": 77.77777777777779,
    "insider_score": 50,
    "short_interest_pct": 0,
    "combined_score": 56.94444444444444,
    "price": 362.3599853515625,
    "price_change_24h": -2.1785512738656725,
    "rsi": 50,
    "position_pct": 30.257719111636515,
    "ta_score": 50,
    "signal_direction": "WAIT",
    "signal_name": "historical_import",
    "confidence": "MEDIUM",
    "hit_tp1": false,
    "hit_sl": false,
    "candles_to_result": 0,
    "max_favorable_pct": 0,
    "max_adverse_pct": 0,
    "outcome_tracked": false
  },
  {
    "symbol": "HD",
    "timeframe": "historical_1w",
    "timestamp": "2025-11-23",
    "congress_score": 77.77777777777779,
    "insider_score": 50,
    "short_interest_pct": 0,
    "combined_score": 56.94444444444444,
    "price": 343.32000732421875,
    "price_change_24h": -4.108591879236889,
    "rsi": 50,
    "position_pct": 11.828309651329457,
    "ta_score": 50,
    "signal_direction": "WAIT",
    "signal_name": "historical_import",
    "confidence": "MEDIUM",
    "hit_tp1": false,
    "hit_sl": false,
    "candles_to_result": 0,
    "max_favorable_pct": 0,
    "max_adverse_pct": 0,
    "outcome_tracked": false
  },
  {
    "symbol": "HD",
    "timeframe": "historical_1w",
    "timestamp": "2025-11-30",
    "congress_score": 75.0,
    "insider_score": 50,
    "short_interest_pct": 0,
    "combined_score": 56.25,
    "price": 356.9200134277344,
    "price_change_24h": 6.043148038186052,
    "rsi": 50,
    "position_pct": 26.53261015893295,
    "ta_score": 50,
    "signal_direction": "WAIT",
    "signal_name": "historical_import",
    "confidence": "MEDIUM",
    "hit_tp1": false,
    "hit_sl": false,
    "candles_to_result": 0,
    "max_favorable_pct": 0,
    "max_adverse_pct": 0,
    "outcome_tracked": false
  },
  {
    "symbol": "HD",
    "timeframe": "historical_1w",
    "timestamp": "2025-12-07",
    "congress_score": 66.66666666666666,
    "insider_score": 50,
    "short_interest_pct": 0,
    "combined_score": 54.166666666666664,
    "price": 354.6099853515625,
    "price_change_24h": -0.7612015008298325,
    "rsi": 50,
    "position_pct": 24.035012234748798,
    "ta_score": 50,
    "signal_direction": "WAIT",
    "signal_name": "historical_import",
    "confidence": "MEDIUM",
    "hit_tp1": false,
    "hit_sl": false,
    "candles_to_result": 0,
    "max_favorable_pct": 0,
    "max_adverse_pct": 0,
    "outcome_tracked": false
  },
  {
    "symbol": "HD",
    "timeframe": "historical_1w",
    "timestamp": "2025-12-14",
    "congress_score": 100.0,
    "insider_score": 50,
    "short_interest_pct": 0,
    "combined_score": 62.5,
    "price": 359.6499938964844,
    "price_change_24h": 2.783570098721848,
    "rsi": 50,
    "position_pct": 29.484259804296816,
    "ta_score": 50,
    "signal_direction": "WAIT",
    "signal_name": "historical_import",
    "confidence": "MEDIUM",
    "hit_tp1": false,
    "hit_sl": false,
    "candles_to_result": 0,
    "max_favorable_pct": 0,
    "max_adverse_pct": 0,
    "outcome_tracked": false
  },
  {
    "symbol": "HD",
    "timeframe": "historical_1w",
    "timestamp": "2025-12-21",
    "congress_score": 100.0,
    "insider_score": 50,
    "short_interest_pct": 0,
    "combined_score": 62.5,
    "price": 345.0,
    "price_change_24h": -3.358634853179833,
    "rsi": 50,
    "position_pct": 13.644714509329821,
    "ta_score": 50,
    "signal_direction": "WAIT",
    "signal_name": "historical_import",
    "confidence": "MEDIUM",
    "hit_tp1": false,
    "hit_sl": false,
    "candles_to_result": 0,
    "max_favorable_pct": 0,
    "max_adverse_pct": 0,
    "outcome_tracked": false
  },
  {
    "symbol": "HD",
    "timeframe": "historical_1w",
    "timestamp": "2025-12-28",
    "congress_score": 100.0,
    "insider_score": 50,
    "short_interest_pct": 0,
    "combined_score": 62.5,
    "price": 348.7149963378906,
    "price_change_24h": 0.6712034386478561,
    "rsi": 50,
    "position_pct": 17.6613614226624,
    "ta_score": 50,
    "signal_direction": "WAIT",
    "signal_name": "historical_import",
    "confidence": "MEDIUM",
    "hit_tp1": false,
    "hit_sl": false,
    "candles_to_result": 0,
    "max_favorable_pct": 0,
    "max_adverse_pct": 0,
    "outcome_tracked": false
  }
]