[
  {
    "symbol": "HON",
    "timeframe": "historical_1w",
    "timestamp": "2025-06-29",
    "congress_score": 100.0,
    "insider_score": 50,
    "short_interest_pct": 0,
    "combined_score": 62.5,
    "price": 215.6927490234375,
    "price_change_24h": 1.8287793641345382,
    "rsi": 50,
    "position_pct": 93.8571464915373,
    "ta_score": 50,
    "signal_direction": "WAIT",
    "signal_name": "historical_import",
    "confidence": "MEDIUM",
    "hit_tp1": true,
    "hit_sl": false,
    "candles_to_result": 1,
    "max_favorable_pct": 5.0469734656513605,
    "max_adverse_pct": -6.3797252901177455,
    "outcome_tracked": true
  },
  {
    "symbol": "HON",
    "timeframe": "historical_1w",
    "timestamp": "2025-07-06",
    "congress_score": 100.0,
    "insider_score": 50,
    "short_interest_pct": 0,
    "combined_score": 62.5,
    "price": 226.57870483398438,
    "price_change_24h": 3.2291348400177546,
    "rsi": 50,
    "position_pct": 100.0,
    "ta_score": 50,
    "signal_direction": "WAIT",
    "signal_name": "historical_import",
    "confidence": "MEDIUM",
    "hit_tp1": false,
    "hit_sl": true,
    "candles_to_result": 3,
    "max_favorable_pct": -1.6056569768514672,
    "max_adverse_pct": -12.038268814555424,
    "outcome_tracked": true
  },
  {
    "symbol": "HON",
    "timeframe": "historical_1w",
    "timestamp": "2025-07-13",
    "congress_score": 100.0,
    "insider_score": 50,
    "short_interest_pct": 0,
    "combined_score": 62.5,
    "price": 222.36569213867188,
    "price_change_24h": -1.4288695266333225,
    "rsi": 50,
    "position_pct": 92.23147997306802,
    "ta_score": 50,
    "signal_direction": "WAIT",
    "signal_name": "historical_import",
    "confidence": "MEDIUM",
    "hit_tp1": false,
    "hit_sl": true,
    "candles_to_result": 2,
    "max_favorable_pct": 0.2585542344937795,
    "max_adverse_pct": -11.257577219394992,
    "outcome_tracked": true
  },
  {
    "symbol": "HON",
    "timeframe": "historical_1w",
    "timestamp": "2025-07-20",
    "congress_score": 50,
    "insider_score": 50,
    "short_interest_pct": 0,
    "combined_score": 50.0,
    "price": 222.9406280517578,
    "price_change_24h": -0.6384905760975329,
    "rsi": 50,
    "position_pct": 93.29162421616037,
    "ta_score": 50,
    "signal_direction": "WAIT",
    "signal_name": "historical_import",
    "confidence": "MEDIUM",
    "hit_tp1": false,
    "hit_sl": true,
    "candles_to_result": 1,
    "max_favorable_pct": -5.199971773989046,
    "max_adverse_pct": -11.985288526434543,
    "outcome_tracked": true
  },
  {
    "symbol": "HON",
    "timeframe": "historical_1w",
    "timestamp": "2025-07-27",
    "congress_score": 50,
    "insider_score": 50,
    "short_interest_pct": 0,
    "combined_score": 50.0,
    "price": 211.3477783203125,
    "price_change_24h": -4.66797571742729,
    "rsi": 50,
    "position_pct": 71.91516707703329,
    "ta_score": 50,
    "signal_direction": "WAIT",
    "signal_name": "historical_import",
    "confidence": "MEDIUM",
    "hit_tp1": false,
    "hit_sl": true,
    "candles_to_result": 1,
    "max_favorable_pct": -0.6287900097091248,
    "max_adverse_pct": -7.157504991737714,
    "outcome_tracked": true
  },
  {
    "symbol": "HON",
    "timeframe": "historical_1w",
    "timestamp": "2025-08-03",
    "congress_score": 50,
    "insider_score": 50,
    "short_interest_pct": 0,
    "combined_score": 50.0,
    "price": 205.19320678710938,
    "price_change_24h": -3.274396893742213,
    "rsi": 50,
    "position_pct": 60.56653946286288,
    "ta_score": 50,
    "signal_direction": "WAIT",
    "signal_name": "historical_import",
    "confidence": "MEDIUM",
    "hit_tp1": false,
    "hit_sl": true,
    "candles_to_result": 6,
    "max_favorable_pct": 2.3517532051582366,
    "max_adverse_pct": -7.716681606199854,
    "outcome_tracked": true
  },
  {
    "symbol": "HON",
    "timeframe": "historical_1w",
    "timestamp": "2025-08-10",
    "congress_score": 0.0,
    "insider_score": 50,
    "short_interest_pct": 0,
    "combined_score": 37.5,
    "price": 203.8737030029297,
    "price_change_24h": -2.0290753896453,
    "rsi": 50,
    "position_pct": 58.13346073409059,
    "ta_score": 50,
    "signal_direction": "WAIT",
    "signal_name": "historical_import",
    "confidence": "MEDIUM",
    "hit_tp1": false,
    "hit_sl": true,
    "candles_to_result": 2,
    "max_favorable_pct": 3.0141904085953612,
    "max_adverse_pct": -7.119408951395872,
    "outcome_tracked": true
  },
  {
    "symbol": "HON",
    "timeframe": "historical_1w",
    "timestamp": "2025-08-17",
    "congress_score": 0.0,
    "insider_score": 50,
    "short_interest_pct": 0,
    "combined_score": 37.5,
    "price": 204.3072509765625,
    "price_change_24h": 0.14783411613486153,
    "rsi": 50,
    "position_pct": 58.93289485864227,
    "ta_score": 50,
    "signal_direction": "WAIT",
    "signal_name": "historical_import",
    "confidence": "MEDIUM",
    "hit_tp1": false,
    "hit_sl": true,
    "candles_to_result": 1,
    "max_favorable_pct": 2.7955902693756594,
    "max_adverse_pct": -7.316505196617046,
    "outcome_tracked": true
  },
  {
    "symbol": "HON",
    "timeframe": "historical_1w",
    "timestamp": "2025-08-24",
    "congress_score": 0.0,
    "insider_score": 50,
    "short_interest_pct": 0,
    "combined_score": 37.5,
    "price": 210.0188446044922,
    "price_change_24h": 2.9713481921316567,
    "rsi": 50,
    "position_pct": 69.46470017070239,
    "ta_score": 50,
    "signal_direction": "WAIT",
    "signal_name": "historical_import",
    "confidence": "MEDIUM",
    "hit_tp1": true,
    "hit_sl": false,
    "candles_to_result": 2,
    "max_favorable_pct": -1.4944134230421189,
    "max_adverse_pct": -9.837090715169762,
    "outcome_tracked": true
  },
  {
    "symbol": "HON",
    "timeframe": "historical_1w",
    "timestamp": "2025-08-31",
    "congress_score": 0.0,
    "insider_score": 50,
    "short_interest_pct": 0,
    "combined_score": 37.5,
    "price": 206.8802947998047,
    "price_change_24h": -0.5031530080349784,
    "rsi": 50,
    "position_pct": 63.67741948190546,
    "ta_score": 50,
    "signal_direction": "WAIT",
    "signal_name": "historical_import",
    "confidence": "MEDIUM",
    "hit_tp1": true,
    "hit_sl": false,
    "candles_to_result": 2,
    "max_favorable_pct": -1.5307520437772029,
    "max_adverse_pct": -8.46924279326015,
    "outcome_tracked": true
  },
  {
    "symbol": "HON",
    "timeframe": "historical_1w",
    "timestamp": "2025-09-07",
    "congress_score": 0.0,
    "insider_score": 50,
    "short_interest_pct": 0,
    "combined_score": 37.5,
    "price": 201.93214416503906,
    "price_change_24h": -1.5395199731443518,
    "rsi": 50,
    "position_pct": 54.55335314685217,
    "ta_score": 50,
    "signal_direction": "WAIT",
    "signal_name": "historical_import",
    "confidence": "MEDIUM",
    "hit_tp1": true,
    "hit_sl": false,
    "candles_to_result": 5,
    "max_favorable_pct": 0.882141028765304,
    "max_adverse_pct": -6.226370682701336,
    "outcome_tracked": true
  },
  {
    "symbol": "HON",
    "timeframe": "historical_1w",
    "timestamp": "2025-09-14",
    "congress_score": 0.0,
    "insider_score": 50,
    "short_interest_pct": 0,
    "combined_score": 37.5,
    "price": 199.30255126953125,
    "price_change_24h": -1.53201250023653,
    "rsi": 50,
    "position_pct": 49.704555730656566,
    "ta_score": 50,
    "signal_direction": "WAIT",
    "signal_name": "historical_import",
    "confidence": "MEDIUM",
    "hit_tp1": true,
    "hit_sl": false,
    "candles_to_result": 4,
    "max_favorable_pct": 2.2131774838586584,
    "max_adverse_pct": -4.989123754009113,
    "outcome_tracked": true
  },
  {
    "symbol": "HON",
    "timeframe": "historical_1w",
    "timestamp": "2025-09-21",
    "congress_score": 0.0,
    "insider_score": 50,
    "short_interest_pct": 0,
    "combined_score": 37.5,
    "price": 197.33270263671875,
    "price_change_24h": -1.119301048331164,
    "rsi": 50,
    "position_pct": 46.07228361074229,
    "ta_score": 50,
    "signal_direction": "WAIT",
    "signal_name": "historical_import",
    "confidence": "MEDIUM",
    "hit_tp1": true,
    "hit_sl": false,
    "candles_to_result": 3,
    "max_favorable_pct": 3.233507541835248,
    "max_adverse_pct": -4.0406897530821055,
    "outcome_tracked": true
  },
  {
    "symbol": "HON",
    "timeframe": "historical_1w",
    "timestamp": "2025-09-28",
    "congress_score": 0.0,
    "insider_score": 50,
    "short_interest_pct": 0,
    "combined_score": 37.5,
    "price": 196.22055053710938,
    "price_change_24h": -0.3875582882800955,
    "rsi": 50,
    "position_pct": 44.02154783479206,
    "ta_score": 50,
    "signal_direction": "WAIT",
    "signal_name": "historical_import",
    "confidence": "MEDIUM",
    "hit_tp1": true,
    "hit_sl": false,
    "candles_to_result": 2,
    "max_favorable_pct": 3.818621393816716,
    "max_adverse_pct": -3.4968050882187582,
    "outcome_tracked": true
  },
  {
    "symbol": "HON",
    "timeframe": "historical_1w",
    "timestamp": "2025-10-05",
    "congress_score": 0.0,
    "insider_score": 50,
    "short_interest_pct": 0,
    "combined_score": 37.5,
    "price": 197.03109741210938,
    "price_change_24h": -0.10990314181264914,
    "rsi": 50,
    "position_pct": 45.516143290963015,
    "ta_score": 50,
    "signal_direction": "WAIT",
    "signal_name": "historical_import",
    "confidence": "MEDIUM",
    "hit_tp1": true,
    "hit_sl": false,
    "candles_to_result": 1,
    "max_favorable_pct": 3.3915321665687004,
    "max_adverse_pct": -3.8938001011412857,
    "outcome_tracked": true
  },
  {
    "symbol": "HON",
    "timeframe": "historical_1w",
    "timestamp": "2025-10-12",
    "congress_score": 0.0,
    "insider_score": 50,
    "short_interest_pct": 0,
    "combined_score": 37.5,
    "price": 189.35910034179688,
    "price_change_24h": -3.870811218554462,
    "rsi": 50,
    "position_pct": 31.36948217275689,
    "ta_score": 50,
    "signal_direction": "WAIT",
    "signal_name": "historical_import",
    "confidence": "MEDIUM",
    "hit_tp1": false,
    "hit_sl": true,
    "candles_to_result": 2,
    "max_favorable_pct": 7.580501856672102,
    "max_adverse_pct": 0.349021477959664,
    "outcome_tracked": true
  },
  {
    "symbol": "HON",
    "timeframe": "historical_1w",
    "timestamp": "2025-10-19",
    "congress_score": 0.0,
    "insider_score": 50,
    "short_interest_pct": 0,
    "combined_score": 37.5,
    "price": 191.29122924804688,
    "price_change_24h": 0.024638217929186506,
    "rsi": 50,
    "position_pct": 34.9322015824367,
    "ta_score": 50,
    "signal_direction": "WAIT",
    "signal_name": "historical_import",
    "confidence": "MEDIUM",
    "hit_tp1": false,
    "hit_sl": true,
    "candles_to_result": 1,
    "max_favorable_pct": 6.493889583839524,
    "max_adverse_pct": -0.6645495355866751,
    "outcome_tracked": true
  },
  {
    "symbol": "HON",
    "timeframe": "historical_1w",
    "timestamp": "2025-10-26",
    "congress_score": 50,
    "insider_score": 50,
    "short_interest_pct": 0,
    "combined_score": 50.0,
    "price": 203.71347045898438,
    "price_change_24h": 4.9070449048336995,
    "rsi": 50,
    "position_pct": 57.83800239664234,
    "ta_score": 50,
    "signal_direction": "WAIT",
    "signal_name": "historical_import",
    "confidence": "MEDIUM",
    "hit_tp1": false,
    "hit_sl": false,
    "candles_to_result": 0,
    "max_favorable_pct": 0,
    "max_adverse_pct": 0,
    "outcome_tracked": false
  },
  {
    "symbol": "HON",
    "timeframe": "historical_1w",
    "timestamp": "2025-11-02",
    "congress_score": 50,
    "insider_score": 50,
    "short_interest_pct": 0,
    "combined_score": 50.0,
    "price": 201.3300018310547,
    "price_change_24h": -0.6783256395152989,
    "rsi": 50,
    "position_pct": 53.44304204196854,
    "ta_score": 50,
    "signal_direction": "WAIT",
    "signal_name": "historical_import",
    "confidence": "MEDIUM",
    "hit_tp1": false,
    "hit_sl": false,
    "candles_to_result": 0,
    "max_favorable_pct": 0,
    "max_adverse_pct": 0,
    "outcome_tracked": false
  },
  {
    "symbol": "HON",
    "timeframe": "historical_1w",
    "timestamp": "2025-11-09",
    "congress_score": 50,
    "insider_score": 50,
    "short_interest_pct": 0,
    "combined_score": 50.0,
    "price": 194.07000732421875,
    "price_change_24h": -1.87085850650275,
    "rsi": 50,
    "position_pct": 40.05608672029991,
    "ta_score": 50,
    "signal_direction": "WAIT",
    "signal_name": "historical_import",
    "confidence": "MEDIUM",
    "hit_tp1": false,
    "hit_sl": false,
    "candles_to_result": 0,
    "max_favorable_pct": 0,
    "max_adverse_pct": 0,
    "outcome_tracked": false
  },
  {
    "symbol": "HON",
    "timeframe": "historical_1w",
    "timestamp": "2025-11-16",
    "congress_score": 50,
    "insider_score": 50,
    "short_interest_pct": 0,
    "combined_score": 50.0,
    "price": 199.0399932861328,
    "price_change_24h": 1.5147579185851374,
    "rsi": 50,
    "position_pct": 49.22041597135058,
    "ta_score": 50,
    "signal_direction": "WAIT",
    "signal_name": "historical_import",
    "confidence": "MEDIUM",
    "hit_tp1": false,
    "hit_sl": false,
    "candles_to_result": 0,
    "max_favorable_pct": 0,
    "max_adverse_pct": 0,
    "outcome_tracked": false
  },
  {
    "symbol": "HON",
    "timeframe": "historical_1w",
    "timestamp": "2025-11-23",
    "congress_score": 100.0,
    "insider_score": 50,
    "short_interest_pct": 0,
    "combined_score": 62.5,
    "price": 190.02000427246094,
    "price_change_24h": -3.09057400142985,
    "rsi": 50,
    "position_pct": 32.588145820970986,
    "ta_score": 50,
    "signal_direction": "WAIT",
    "signal_name": "historical_import",
    "confidence": "MEDIUM",
    "hit_tp1": false,
    "hit_sl": false,
    "candles_to_result": 0,
    "max_favorable_pct": 0,
    "max_adverse_pct": 0,
    "outcome_tracked": false
  },
  {
    "symbol": "HON",
    "timeframe": "historical_1w",
    "timestamp": "2025-11-30",
    "congress_score": 50.0,
    "insider_score": 50,
    "short_interest_pct": 0,
    "combined_score": 50.0,
    "price": 192.19000244140625,
    "price_change_24h": 1.8710901679081449,
    "rsi": 50,
    "position_pct": 36.58948060275639,
    "ta_score": 50,
    "signal_direction": "WAIT",
    "signal_name": "historical_import",
    "confidence": "MEDIUM",
    "hit_tp1": false,
    "hit_sl": false,
    "candles_to_result": 0,
    "max_favorable_pct": 0,
    "max_adverse_pct": 0,
    "outcome_tracked": false
  },
  {
    "symbol": "HON",
    "timeframe": "historical_1w",
    "timestamp": "2025-12-07",
    "congress_score": 50.0,
    "insider_score": 50,
    "short_interest_pct": 0,
    "combined_score": 50.0,
    "price": 191.3300018310547,
    "price_change_24h": 0.5835351715005417,
    "rsi": 50,
    "position_pct": 35.00369569113645,
    "ta_score": 50,
    "signal_direction": "WAIT",
    "signal_name": "historical_import",
    "confidence": "MEDIUM",
    "hit_tp1": false,
    "hit_sl": false,
    "candles_to_result": 0,
    "max_favorable_pct": 0,
    "max_adverse_pct": 0,
    "outcome_tracked": false
  },
  {
    "symbol": "HON",
    "timeframe": "historical_1w",
    "timestamp": "2025-12-14",
    "congress_score": 50.0,
    "insider_score": 50,
    "short_interest_pct": 0,
    "combined_score": 50.0,
    "price": 193.66000366210938,
    "price_change_24h": 0.8698359920640629,
    "rsi": 50,
    "position_pct": 39.30006676722548,
    "ta_score": 50,
    "signal_direction": "WAIT",
    "signal_name": "historical_import",
    "confidence": "MEDIUM",
    "hit_tp1": false,
    "hit_sl": false,
    "candles_to_result": 0,
    "max_favorable_pct": 0,
    "max_adverse_pct": 0,
    "outcome_tracked": false
  },
  {
    "symbol": "HON",
    "timeframe": "historical_1w",
    "timestamp": "2025-12-21",
    "congress_score": 0.0,
    "insider_score": 50,
    "short_interest_pct": 0,
    "combined_score": 37.5,
    "price": 199.11000061035156,
    "price_change_24h": 0.8407210371061763,
    "rsi": 50,
    "position_pct": 49.34950490118704,
    "ta_score": 50,
    "signal_direction": "WAIT",
    "signal_name": "historical_import",
    "confidence": "MEDIUM",
    "hit_tp1": false,
    "hit_sl": false,
    "candles_to_result": 0,
    "max_favorable_pct": 0,
    "max_adverse_pct": 0,
    "outcome_tracked": false
  },
  {
    "symbol": "HON",
    "timeframe": "historical_1w",
    "timestamp": "2025-12-28",
    "congress_score": 50,
    "insider_score": 50,
    "short_interest_pct": 0,
    "combined_score": 50.0,
    "price": 196.52499389648438,
    "price_change_24h": 0.2883175970912058,
    "rsi": 50,
    "position_pct": 44.582921489564704,
    "ta_score": 50,
    "signal_direction": "WAIT",
    "signal_name": "historical_import",
    "confidence": "MEDIUM",
    "hit_tp1": false,
    "hit_sl": false,
    "candles_to_result": 0,
    "max_favorable_pct": 0,
    "max_adverse_pct": 0,
    "outcome_tracked": false
  }
]