[
  {
    "symbol": "HOOD",
    "timeframe": "historical_1w",
    "timestamp": "2025-06-29",
    "congress_score": 50,
    "insider_score": 50,
    "short_interest_pct": 0,
    "combined_score": 50.0,
    "price": 83.02999877929688,
    "price_change_24h": 8.74918197600223,
    "rsi": 50,
    "position_pct": 97.04071914811405,
    "ta_score": 50,
    "signal_direction": "WAIT",
    "signal_name": "historical_import",
    "confidence": "MEDIUM",
    "hit_tp1": true,
    "hit_sl": false,
    "candles_to_result": 1,
    "max_favorable_pct": 38.05853178213029,
    "max_adverse_pct": 13.693849107242292,
    "outcome_tracked": true
  },
  {
    "symbol": "HOOD",
    "timeframe": "historical_1w",
    "timestamp": "2025-07-06",
    "congress_score": 50,
    "insider_score": 50,
    "short_interest_pct": 0,
    "combined_score": 50.0,
    "price": 94.4000015258789,
    "price_change_24h": 0.8223905746540311,
    "rsi": 50,
    "position_pct": 94.38959169411164,
    "ta_score": 50,
    "signal_direction": "WAIT",
    "signal_name": "historical_import",
    "confidence": "MEDIUM",
    "hit_tp1": true,
    "hit_sl": false,
    "candles_to_result": 1,
    "max_favorable_pct": 21.853810296562802,
    "max_adverse_pct": 4.1737232503450805,
    "outcome_tracked": true
  },
  {
    "symbol": "HOOD",
    "timeframe": "historical_1w",
    "timestamp": "2025-07-13",
    "congress_score": 100.0,
    "insider_score": 50,
    "short_interest_pct": 0,
    "combined_score": 62.5,
    "price": 98.33999633789062,
    "price_change_24h": 5.221482239698338,
    "rsi": 50,
    "position_pct": 99.44211898781708,
    "ta_score": 50,
    "signal_direction": "WAIT",
    "signal_name": "historical_import",
    "confidence": "MEDIUM",
    "hit_tp1": true,
    "hit_sl": false,
    "candles_to_result": 1,
    "max_favorable_pct": 26.886316276197437,
    "max_adverse_pct": 1.586338464593991,
    "outcome_tracked": true
  },
  {
    "symbol": "HOOD",
    "timeframe": "historical_1w",
    "timestamp": "2025-07-20",
    "congress_score": 100.0,
    "insider_score": 50,
    "short_interest_pct": 0,
    "combined_score": 62.5,
    "price": 109.73999786376953,
    "price_change_24h": 9.783912433844806,
    "rsi": 50,
    "position_pct": 100.0,
    "ta_score": 50,
    "signal_direction": "WAIT",
    "signal_name": "historical_import",
    "confidence": "MEDIUM",
    "hit_tp1": false,
    "hit_sl": true,
    "candles_to_result": 1,
    "max_favorable_pct": 13.705122296610481,
    "max_adverse_pct": -8.966645279240781,
    "outcome_tracked": true
  },
  {
    "symbol": "HOOD",
    "timeframe": "historical_1w",
    "timestamp": "2025-07-27",
    "congress_score": 100.0,
    "insider_score": 50,
    "short_interest_pct": 0,
    "combined_score": 62.5,
    "price": 104.8499984741211,
    "price_change_24h": 0.4887887235292759,
    "rsi": 50,
    "position_pct": 93.52917902686805,
    "ta_score": 50,
    "signal_direction": "WAIT",
    "signal_name": "historical_import",
    "confidence": "MEDIUM",
    "hit_tp1": false,
    "hit_sl": true,
    "candles_to_result": 1,
    "max_favorable_pct": 41.79303799001943,
    "max_adverse_pct": -4.721027201029418,
    "outcome_tracked": true
  },
  {
    "symbol": "HOOD",
    "timeframe": "historical_1w",
    "timestamp": "2025-08-03",
    "congress_score": 100.0,
    "insider_score": 50,
    "short_interest_pct": 0,
    "combined_score": 62.5,
    "price": 99.9000015258789,
    "price_change_24h": -6.43438731215286,
    "rsi": 50,
    "position_pct": 86.97896469812403,
    "ta_score": 50,
    "signal_direction": "WAIT",
    "signal_name": "historical_import",
    "confidence": "MEDIUM",
    "hit_tp1": true,
    "hit_sl": false,
    "candles_to_result": 1,
    "max_favorable_pct": 48.81881471286327,
    "max_adverse_pct": 1.3513498033044367,
    "outcome_tracked": true
  },
  {
    "symbol": "HOOD",
    "timeframe": "historical_1w",
    "timestamp": "2025-08-10",
    "congress_score": 100.0,
    "insider_score": 50,
    "short_interest_pct": 0,
    "combined_score": 62.5,
    "price": 114.62999725341797,
    "price_change_24h": 7.765342007666118,
    "rsi": 50,
    "position_pct": 100.0,
    "ta_score": 50,
    "signal_direction": "WAIT",
    "signal_name": "historical_import",
    "confidence": "MEDIUM",
    "hit_tp1": false,
    "hit_sl": true,
    "candles_to_result": 2,
    "max_favorable_pct": 29.69554368938307,
    "max_adverse_pct": -11.672334968165597,
    "outcome_tracked": true
  },
  {
    "symbol": "HOOD",
    "timeframe": "historical_1w",
    "timestamp": "2025-08-17",
    "congress_score": 100.0,
    "insider_score": 50,
    "short_interest_pct": 0,
    "combined_score": 62.5,
    "price": 114.16999816894531,
    "price_change_24h": 0.48406566543568086,
    "rsi": 50,
    "position_pct": 99.42828847911157,
    "ta_score": 50,
    "signal_direction": "WAIT",
    "signal_name": "historical_import",
    "confidence": "MEDIUM",
    "hit_tp1": false,
    "hit_sl": true,
    "candles_to_result": 1,
    "max_favorable_pct": 30.218096306656626,
    "max_adverse_pct": -11.316456491333819,
    "outcome_tracked": true
  },
  {
    "symbol": "HOOD",
    "timeframe": "historical_1w",
    "timestamp": "2025-08-24",
    "congress_score": 50,
    "insider_score": 50,
    "short_interest_pct": 0,
    "combined_score": 50.0,
    "price": 109.31999969482422,
    "price_change_24h": -4.955657376630425,
    "rsi": 50,
    "position_pct": 92.94991087715768,
    "ta_score": 50,
    "signal_direction": "WAIT",
    "signal_name": "historical_import",
    "confidence": "MEDIUM",
    "hit_tp1": false,
    "hit_sl": true,
    "candles_to_result": 1,
    "max_favorable_pct": 35.995242027048896,
    "max_adverse_pct": -7.381997546059539,
    "outcome_tracked": true
  },
  {
    "symbol": "HOOD",
    "timeframe": "historical_1w",
    "timestamp": "2025-08-31",
    "congress_score": 50,
    "insider_score": 50,
    "short_interest_pct": 0,
    "combined_score": 50.0,
    "price": 104.02999877929688,
    "price_change_24h": -3.622386116057267,
    "rsi": 50,
    "position_pct": 86.40692879259946,
    "ta_score": 50,
    "signal_direction": "WAIT",
    "signal_name": "historical_import",
    "confidence": "MEDIUM",
    "hit_tp1": false,
    "hit_sl": true,
    "candles_to_result": 1,
    "max_favorable_pct": 42.910698753687086,
    "max_adverse_pct": -2.672304923500706,
    "outcome_tracked": true
  },
  {
    "symbol": "HOOD",
    "timeframe": "historical_1w",
    "timestamp": "2025-09-07",
    "congress_score": 100.0,
    "insider_score": 50,
    "short_interest_pct": 0,
    "combined_score": 62.5,
    "price": 101.25,
    "price_change_24h": 0.40658833498520874,
    "rsi": 50,
    "position_pct": 82.96846394193318,
    "ta_score": 50,
    "signal_direction": "WAIT",
    "signal_name": "historical_import",
    "confidence": "MEDIUM",
    "hit_tp1": true,
    "hit_sl": false,
    "candles_to_result": 1,
    "max_favorable_pct": 46.834566092785494,
    "max_adverse_pct": 13.60987533757716,
    "outcome_tracked": true
  },
  {
    "symbol": "HOOD",
    "timeframe": "historical_1w",
    "timestamp": "2025-09-14",
    "congress_score": 100.0,
    "insider_score": 50,
    "short_interest_pct": 0,
    "combined_score": 62.5,
    "price": 115.02999877929688,
    "price_change_24h": -1.918485695275422,
    "rsi": 50,
    "position_pct": 95.88521149607601,
    "ta_score": 50,
    "signal_direction": "WAIT",
    "signal_name": "historical_import",
    "confidence": "MEDIUM",
    "hit_tp1": true,
    "hit_sl": false,
    "candles_to_result": 1,
    "max_favorable_pct": 29.244544681072338,
    "max_adverse_pct": -6.719982447683298,
    "outcome_tracked": true
  },
  {
    "symbol": "HOOD",
    "timeframe": "historical_1w",
    "timestamp": "2025-09-21",
    "congress_score": 100.0,
    "insider_score": 50,
    "short_interest_pct": 0,
    "combined_score": 62.5,
    "price": 124.77999877929688,
    "price_change_24h": 8.664980222573945,
    "rsi": 50,
    "position_pct": 100.0,
    "ta_score": 50,
    "signal_direction": "WAIT",
    "signal_name": "historical_import",
    "confidence": "MEDIUM",
    "hit_tp1": false,
    "hit_sl": true,
    "candles_to_result": 1,
    "max_favorable_pct": 19.145696123866443,
    "max_adverse_pct": -14.00865194625991,
    "outcome_tracked": true
  },
  {
    "symbol": "HOOD",
    "timeframe": "historical_1w",
    "timestamp": "2025-09-28",
    "congress_score": 100.0,
    "insider_score": 50,
    "short_interest_pct": 0,
    "combined_score": 62.5,
    "price": 121.77999877929688,
    "price_change_24h": -2.490191869285361,
    "rsi": 50,
    "position_pct": 94.58058511514513,
    "ta_score": 50,
    "signal_direction": "WAIT",
    "signal_name": "historical_import",
    "confidence": "MEDIUM",
    "hit_tp1": true,
    "hit_sl": false,
    "candles_to_result": 1,
    "max_favorable_pct": 22.080801165371543,
    "max_adverse_pct": -11.8902905835804,
    "outcome_tracked": true
  },
  {
    "symbol": "HOOD",
    "timeframe": "historical_1w",
    "timestamp": "2025-10-05",
    "congress_score": 100.0,
    "insider_score": 50,
    "short_interest_pct": 0,
    "combined_score": 62.5,
    "price": 148.6699981689453,
    "price_change_24h": 8.740489205344327,
    "rsi": 50,
    "position_pct": 100.0,
    "ta_score": 50,
    "signal_direction": "WAIT",
    "signal_name": "historical_import",
    "confidence": "MEDIUM",
    "hit_tp1": false,
    "hit_sl": true,
    "candles_to_result": 1,
    "max_favorable_pct": -1.2712715496913396,
    "max_adverse_pct": -27.826727400760138,
    "outcome_tracked": true
  },
  {
    "symbol": "HOOD",
    "timeframe": "historical_1w",
    "timestamp": "2025-10-12",
    "congress_score": 100.0,
    "insider_score": 50,
    "short_interest_pct": 0,
    "combined_score": 62.5,
    "price": 138.9600067138672,
    "price_change_24h": -3.6739137631934424,
    "rsi": 50,
    "position_pct": 88.58737084724004,
    "ta_score": 50,
    "signal_direction": "WAIT",
    "signal_name": "historical_import",
    "confidence": "MEDIUM",
    "hit_tp1": false,
    "hit_sl": true,
    "candles_to_result": 1,
    "max_favorable_pct": 5.6275127285592665,
    "max_adverse_pct": -22.783536364747413,
    "outcome_tracked": true
  },
  {
    "symbol": "HOOD",
    "timeframe": "historical_1w",
    "timestamp": "2025-10-19",
    "congress_score": 100.0,
    "insider_score": 50,
    "short_interest_pct": 0,
    "combined_score": 62.5,
    "price": 129.91000366210938,
    "price_change_24h": -7.655665037240212,
    "rsi": 50,
    "position_pct": 80.93667983530983,
    "ta_score": 50,
    "signal_direction": "WAIT",
    "signal_name": "historical_import",
    "confidence": "MEDIUM",
    "hit_tp1": true,
    "hit_sl": false,
    "candles_to_result": 1,
    "max_favorable_pct": 12.985909199930184,
    "max_adverse_pct": -17.404356841648045,
    "outcome_tracked": true
  },
  {
    "symbol": "HOOD",
    "timeframe": "historical_1w",
    "timestamp": "2025-10-26",
    "congress_score": 100.0,
    "insider_score": 50,
    "short_interest_pct": 0,
    "combined_score": 62.5,
    "price": 139.7899932861328,
    "price_change_24h": 2.938137072687903,
    "rsi": 50,
    "position_pct": 89.28902484361323,
    "ta_score": 50,
    "signal_direction": "WAIT",
    "signal_name": "historical_import",
    "confidence": "MEDIUM",
    "hit_tp1": false,
    "hit_sl": false,
    "candles_to_result": 0,
    "max_favorable_pct": 0,
    "max_adverse_pct": 0,
    "outcome_tracked": false
  },
  {
    "symbol": "HOOD",
    "timeframe": "historical_1w",
    "timestamp": "2025-11-02",
    "congress_score": 100.0,
    "insider_score": 50,
    "short_interest_pct": 0,
    "combined_score": 62.5,
    "price": 146.77999877929688,
    "price_change_24h": 0.6307405492222526,
    "rsi": 50,
    "position_pct": 95.19823524874185,
    "ta_score": 50,
    "signal_direction": "WAIT",
    "signal_name": "historical_import",
    "confidence": "MEDIUM",
    "hit_tp1": false,
    "hit_sl": false,
    "candles_to_result": 0,
    "max_favorable_pct": 0,
    "max_adverse_pct": 0,
    "outcome_tracked": false
  },
  {
    "symbol": "HOOD",
    "timeframe": "historical_1w",
    "timestamp": "2025-11-09",
    "congress_score": 100.0,
    "insider_score": 50,
    "short_interest_pct": 0,
    "combined_score": 62.5,
    "price": 130.36000061035156,
    "price_change_24h": -11.367963701760601,
    "rsi": 50,
    "position_pct": 81.31709822717367,
    "ta_score": 50,
    "signal_direction": "WAIT",
    "signal_name": "historical_import",
    "confidence": "MEDIUM",
    "hit_tp1": false,
    "hit_sl": false,
    "candles_to_result": 0,
    "max_favorable_pct": 0,
    "max_adverse_pct": 0,
    "outcome_tracked": false
  },
  {
    "symbol": "HOOD",
    "timeframe": "historical_1w",
    "timestamp": "2025-11-16",
    "congress_score": 66.66666666666666,
    "insider_score": 50,
    "short_interest_pct": 0,
    "combined_score": 54.166666666666664,
    "price": 122.5,
    "price_change_24h": -9.846926995882779,
    "rsi": 50,
    "position_pct": 74.67241140447668,
    "ta_score": 50,
    "signal_direction": "WAIT",
    "signal_name": "historical_import",
    "confidence": "MEDIUM",
    "hit_tp1": false,
    "hit_sl": false,
    "candles_to_result": 0,
    "max_favorable_pct": 0,
    "max_adverse_pct": 0,
    "outcome_tracked": false
  },
  {
    "symbol": "HOOD",
    "timeframe": "historical_1w",
    "timestamp": "2025-11-23",
    "congress_score": 66.66666666666666,
    "insider_score": 50,
    "short_interest_pct": 0,
    "combined_score": 54.166666666666664,
    "price": 107.30000305175781,
    "price_change_24h": -7.4760697401782314,
    "rsi": 50,
    "position_pct": 61.82263893830105,
    "ta_score": 50,
    "signal_direction": "WAIT",
    "signal_name": "historical_import",
    "confidence": "MEDIUM",
    "hit_tp1": false,
    "hit_sl": false,
    "candles_to_result": 0,
    "max_favorable_pct": 0,
    "max_adverse_pct": 0,
    "outcome_tracked": false
  },
  {
    "symbol": "HOOD",
    "timeframe": "historical_1w",
    "timestamp": "2025-11-30",
    "congress_score": 66.66666666666666,
    "insider_score": 50,
    "short_interest_pct": 0,
    "combined_score": 54.166666666666664,
    "price": 128.49000549316406,
    "price_change_24h": 11.75959304941395,
    "rsi": 50,
    "position_pct": 79.73624187236383,
    "ta_score": 50,
    "signal_direction": "WAIT",
    "signal_name": "historical_import",
    "confidence": "MEDIUM",
    "hit_tp1": false,
    "hit_sl": false,
    "candles_to_result": 0,
    "max_favorable_pct": 0,
    "max_adverse_pct": 0,
    "outcome_tracked": false
  },
  {
    "symbol": "HOOD",
    "timeframe": "historical_1w",
    "timestamp": "2025-12-07",
    "congress_score": 50.0,
    "insider_score": 50,
    "short_interest_pct": 0,
    "combined_score": 50.0,
    "price": 131.9499969482422,
    "price_change_24h": 7.0675099281491045,
    "rsi": 50,
    "position_pct": 82.66124923151384,
    "ta_score": 50,
    "signal_direction": "WAIT",
    "signal_name": "historical_import",
    "confidence": "MEDIUM",
    "hit_tp1": false,
    "hit_sl": false,
    "candles_to_result": 0,
    "max_favorable_pct": 0,
    "max_adverse_pct": 0,
    "outcome_tracked": false
  },
  {
    "symbol": "HOOD",
    "timeframe": "historical_1w",
    "timestamp": "2025-12-14",
    "congress_score": 100.0,
    "insider_score": 50,
    "short_interest_pct": 0,
    "combined_score": 62.5,
    "price": 119.5,
    "price_change_24h": -12.40928944122609,
    "rsi": 50,
    "position_pct": 72.13627159275225,
    "ta_score": 50,
    "signal_direction": "WAIT",
    "signal_name": "historical_import",
    "confidence": "MEDIUM",
    "hit_tp1": false,
    "hit_sl": false,
    "candles_to_result": 0,
    "max_favorable_pct": 0,
    "max_adverse_pct": 0,
    "outcome_tracked": false
  },
  {
    "symbol": "HOOD",
    "timeframe": "historical_1w",
    "timestamp": "2025-12-21",
    "congress_score": 50,
    "insider_score": 50,
    "short_interest_pct": 0,
    "combined_score": 50.0,
    "price": 121.3499984741211,
    "price_change_24h": 5.283703127727354,
    "rsi": 50,
    "position_pct": 73.70022318670158,
    "ta_score": 50,
    "signal_direction": "WAIT",
    "signal_name": "historical_import",
    "confidence": "MEDIUM",
    "hit_tp1": false,
    "hit_sl": false,
    "candles_to_result": 0,
    "max_favorable_pct": 0,
    "max_adverse_pct": 0,
    "outcome_tracked": false
  },
  {
    "symbol": "HOOD",
    "timeframe": "historical_1w",
    "timestamp": "2025-12-28",
    "congress_score": 50,
    "insider_score": 50,
    "short_interest_pct": 0,
    "combined_score": 50.0,
    "price": 119.56050109863281,
    "price_change_24h": -2.2959071544416485,
    "rsi": 50,
    "position_pct": 72.1874180077175,
    "ta_score": 50,
    "signal_direction": "WAIT",
    "signal_name": "historical_import",
    "confidence": "MEDIUM",
    "hit_tp1": false,
    "hit_sl": false,
    "candles_to_result": 0,
    "max_favorable_pct": 0,
    "max_adverse_pct": 0,
    "outcome_tracked": false
  }
]