[
  {
    "symbol": "HYG",
    "timeframe": "historical_1w",
    "timestamp": "2025-06-29",
    "congress_score": 50,
    "insider_score": 50,
    "short_interest_pct": 0,
    "combined_score": 50.0,
    "price": 80.33999633789062,
    "price_change_24h": 0.4878041332520804,
    "rsi": 50,
    "position_pct": 99.13604882815396,
    "ta_score": 50,
    "signal_direction": "WAIT",
    "signal_name": "historical_import",
    "confidence": "MEDIUM",
    "hit_tp1": false,
    "hit_sl": false,
    "candles_to_result": 0,
    "max_favorable_pct": 0.6597042977974847,
    "max_adverse_pct": -0.4480868774787936,
    "outcome_tracked": true
  },
  {
    "symbol": "HYG",
    "timeframe": "historical_1w",
    "timestamp": "2025-07-06",
    "congress_score": 50,
    "insider_score": 50,
    "short_interest_pct": 0,
    "combined_score": 50.0,
    "price": 80.37000274658203,
    "price_change_24h": -0.34717764910026594,
    "rsi": 50,
    "position_pct": 94.28574097746527,
    "ta_score": 50,
    "signal_direction": "WAIT",
    "signal_name": "historical_import",
    "confidence": "MEDIUM",
    "hit_tp1": false,
    "hit_sl": false,
    "candles_to_result": 0,
    "max_favorable_pct": 0.7341001838098311,
    "max_adverse_pct": -0.4852549164122349,
    "outcome_tracked": true
  },
  {
    "symbol": "HYG",
    "timeframe": "historical_1w",
    "timestamp": "2025-07-13",
    "congress_score": 0.0,
    "insider_score": 50,
    "short_interest_pct": 0,
    "combined_score": 37.5,
    "price": 80.02999877929688,
    "price_change_24h": -0.08739038221933854,
    "rsi": 50,
    "position_pct": 87.346886663044,
    "ta_score": 50,
    "signal_direction": "WAIT",
    "signal_name": "historical_import",
    "confidence": "MEDIUM",
    "hit_tp1": false,
    "hit_sl": false,
    "candles_to_result": 0,
    "max_favorable_pct": 1.5369278716667754,
    "max_adverse_pct": -0.06247085233770448,
    "outcome_tracked": true
  },
  {
    "symbol": "HYG",
    "timeframe": "historical_1w",
    "timestamp": "2025-07-20",
    "congress_score": 0.0,
    "insider_score": 50,
    "short_interest_pct": 0,
    "combined_score": 37.5,
    "price": 80.25,
    "price_change_24h": 0.19977983446813713,
    "rsi": 50,
    "position_pct": 91.83670609557294,
    "ta_score": 50,
    "signal_direction": "WAIT",
    "signal_name": "historical_import",
    "confidence": "MEDIUM",
    "hit_tp1": false,
    "hit_sl": false,
    "candles_to_result": 0,
    "max_favorable_pct": 1.2585696401625779,
    "max_adverse_pct": -0.33644441503602024,
    "outcome_tracked": true
  },
  {
    "symbol": "HYG",
    "timeframe": "historical_1w",
    "timestamp": "2025-07-27",
    "congress_score": 0.0,
    "insider_score": 50,
    "short_interest_pct": 0,
    "combined_score": 37.5,
    "price": 80.48999786376953,
    "price_change_24h": 0.16176860680763008,
    "rsi": 50,
    "position_pct": 96.73462015747688,
    "ta_score": 50,
    "signal_direction": "WAIT",
    "signal_name": "historical_import",
    "confidence": "MEDIUM",
    "hit_tp1": false,
    "hit_sl": false,
    "candles_to_result": 0,
    "max_favorable_pct": 0.9566459099230947,
    "max_adverse_pct": -0.6336122752781165,
    "outcome_tracked": true
  },
  {
    "symbol": "HYG",
    "timeframe": "historical_1w",
    "timestamp": "2025-08-03",
    "congress_score": 0.0,
    "insider_score": 50,
    "short_interest_pct": 0,
    "combined_score": 37.5,
    "price": 79.9800033569336,
    "price_change_24h": -0.5842058534955146,
    "rsi": 50,
    "position_pct": 86.32657223866606,
    "ta_score": 50,
    "signal_direction": "WAIT",
    "signal_name": "historical_import",
    "confidence": "MEDIUM",
    "hit_tp1": false,
    "hit_sl": false,
    "candles_to_result": 0,
    "max_favorable_pct": 1.600398506592348,
    "max_adverse_pct": -0.03751738863712482,
    "outcome_tracked": true
  },
  {
    "symbol": "HYG",
    "timeframe": "historical_1w",
    "timestamp": "2025-08-10",
    "congress_score": 50,
    "insider_score": 50,
    "short_interest_pct": 0,
    "combined_score": 50.0,
    "price": 80.22000122070312,
    "price_change_24h": -0.03738165644470405,
    "rsi": 50,
    "position_pct": 91.22448630057004,
    "ta_score": 50,
    "signal_direction": "WAIT",
    "signal_name": "historical_import",
    "confidence": "MEDIUM",
    "hit_tp1": false,
    "hit_sl": false,
    "candles_to_result": 0,
    "max_favorable_pct": 1.2964359258311018,
    "max_adverse_pct": -0.336579741152204,
    "outcome_tracked": true
  },
  {
    "symbol": "HYG",
    "timeframe": "historical_1w",
    "timestamp": "2025-08-17",
    "congress_score": 50,
    "insider_score": 50,
    "short_interest_pct": 0,
    "combined_score": 50.0,
    "price": 80.45999908447266,
    "price_change_24h": 0.2991745950105929,
    "rsi": 50,
    "position_pct": 96.12240036247398,
    "ta_score": 50,
    "signal_direction": "WAIT",
    "signal_name": "historical_import",
    "confidence": "MEDIUM",
    "hit_tp1": false,
    "hit_sl": false,
    "candles_to_result": 0,
    "max_favorable_pct": 0.9942866776793174,
    "max_adverse_pct": -0.6338579940760776,
    "outcome_tracked": true
  },
  {
    "symbol": "HYG",
    "timeframe": "historical_1w",
    "timestamp": "2025-08-24",
    "congress_score": 50,
    "insider_score": 50,
    "short_interest_pct": 0,
    "combined_score": 50.0,
    "price": 80.8499984741211,
    "price_change_24h": 0.5596976861963664,
    "rsi": 50,
    "position_pct": 100.0,
    "ta_score": 50,
    "signal_direction": "WAIT",
    "signal_name": "historical_import",
    "confidence": "MEDIUM",
    "hit_tp1": false,
    "hit_sl": false,
    "candles_to_result": 0,
    "max_favorable_pct": 0.5071164747648216,
    "max_adverse_pct": -1.1131744500489802,
    "outcome_tracked": true
  },
  {
    "symbol": "HYG",
    "timeframe": "historical_1w",
    "timestamp": "2025-08-31",
    "congress_score": 50,
    "insider_score": 50,
    "short_interest_pct": 0,
    "combined_score": 50.0,
    "price": 80.86000061035156,
    "price_change_24h": 0.21068058470906376,
    "rsi": 50,
    "position_pct": 97.14826112244883,
    "ta_score": 50,
    "signal_direction": "WAIT",
    "signal_name": "historical_import",
    "confidence": "MEDIUM",
    "hit_tp1": false,
    "hit_sl": false,
    "candles_to_result": 0,
    "max_favorable_pct": 0.4946840500365996,
    "max_adverse_pct": -1.1254064497161007,
    "outcome_tracked": true
  },
  {
    "symbol": "HYG",
    "timeframe": "historical_1w",
    "timestamp": "2025-09-07",
    "congress_score": 50,
    "insider_score": 50,
    "short_interest_pct": 0,
    "combined_score": 50.0,
    "price": 80.87000274658203,
    "price_change_24h": 0.5970933705410654,
    "rsi": 50,
    "position_pct": 97.33841572640944,
    "ta_score": 50,
    "signal_direction": "WAIT",
    "signal_name": "historical_import",
    "confidence": "MEDIUM",
    "hit_tp1": false,
    "hit_sl": false,
    "candles_to_result": 0,
    "max_favorable_pct": 0.4822547006342482,
    "max_adverse_pct": -1.1376354236351596,
    "outcome_tracked": true
  },
  {
    "symbol": "HYG",
    "timeframe": "historical_1w",
    "timestamp": "2025-09-14",
    "congress_score": 50,
    "insider_score": 50,
    "short_interest_pct": 0,
    "combined_score": 50.0,
    "price": 80.95999908447266,
    "price_change_24h": 0.11128519207875098,
    "rsi": 50,
    "position_pct": 98.48767831363008,
    "ta_score": 50,
    "signal_direction": "WAIT",
    "signal_name": "historical_import",
    "confidence": "MEDIUM",
    "hit_tp1": false,
    "hit_sl": false,
    "candles_to_result": 0,
    "max_favorable_pct": 0.3705571333379007,
    "max_adverse_pct": -1.2475322970009486,
    "outcome_tracked": true
  },
  {
    "symbol": "HYG",
    "timeframe": "historical_1w",
    "timestamp": "2025-09-21",
    "congress_score": 50,
    "insider_score": 50,
    "short_interest_pct": 0,
    "combined_score": 50.0,
    "price": 81.26000213623047,
    "price_change_24h": 0.08621713600111862,
    "rsi": 50,
    "position_pct": 100.0,
    "ta_score": 50,
    "signal_direction": "WAIT",
    "signal_name": "historical_import",
    "confidence": "MEDIUM",
    "hit_tp1": false,
    "hit_sl": false,
    "candles_to_result": 0,
    "max_favorable_pct": -0.22151156835316715,
    "max_adverse_pct": -1.6121156209079204,
    "outcome_tracked": true
  },
  {
    "symbol": "HYG",
    "timeframe": "historical_1w",
    "timestamp": "2025-09-28",
    "congress_score": 50,
    "insider_score": 50,
    "short_interest_pct": 0,
    "combined_score": 50.0,
    "price": 81.08000183105469,
    "price_change_24h": -0.2951277234016104,
    "rsi": 50,
    "position_pct": 95.69124098889013,
    "ta_score": 50,
    "signal_direction": "WAIT",
    "signal_name": "historical_import",
    "confidence": "MEDIUM",
    "hit_tp1": false,
    "hit_sl": false,
    "candles_to_result": 0,
    "max_favorable_pct": 0.0,
    "max_adverse_pct": -1.3936912398782082,
    "outcome_tracked": true
  },
  {
    "symbol": "HYG",
    "timeframe": "historical_1w",
    "timestamp": "2025-10-05",
    "congress_score": 50,
    "insider_score": 50,
    "short_interest_pct": 0,
    "combined_score": 50.0,
    "price": 80.83999633789062,
    "price_change_24h": -0.4678710626707502,
    "rsi": 50,
    "position_pct": 91.3823450048009,
    "ta_score": 50,
    "signal_direction": "WAIT",
    "signal_name": "historical_import",
    "confidence": "MEDIUM",
    "hit_tp1": false,
    "hit_sl": false,
    "candles_to_result": 0,
    "max_favorable_pct": 0.2968895398768953,
    "max_adverse_pct": -1.100939423510692,
    "outcome_tracked": true
  },
  {
    "symbol": "HYG",
    "timeframe": "historical_1w",
    "timestamp": "2025-10-12",
    "congress_score": 50,
    "insider_score": 50,
    "short_interest_pct": 0,
    "combined_score": 50.0,
    "price": 79.94999694824219,
    "price_change_24h": -1.1254064497161007,
    "rsi": 50,
    "position_pct": 75.4038990728299,
    "ta_score": 50,
    "signal_direction": "WAIT",
    "signal_name": "historical_import",
    "confidence": "MEDIUM",
    "hit_tp1": false,
    "hit_sl": false,
    "candles_to_result": 0,
    "max_favorable_pct": 1.413389525885835,
    "max_adverse_pct": 0.33771642622542203,
    "outcome_tracked": true
  },
  {
    "symbol": "HYG",
    "timeframe": "historical_1w",
    "timestamp": "2025-10-19",
    "congress_score": 50,
    "insider_score": 50,
    "short_interest_pct": 0,
    "combined_score": 50.0,
    "price": 80.72000122070312,
    "price_change_24h": 0.3356175049138234,
    "rsi": 50,
    "position_pct": 89.22803398573564,
    "ta_score": 50,
    "signal_direction": "WAIT",
    "signal_name": "historical_import",
    "confidence": "MEDIUM",
    "hit_tp1": false,
    "hit_sl": false,
    "candles_to_result": 0,
    "max_favorable_pct": 0.44598687426584094,
    "max_adverse_pct": -0.619425164071677,
    "outcome_tracked": true
  },
  {
    "symbol": "HYG",
    "timeframe": "historical_1w",
    "timestamp": "2025-10-26",
    "congress_score": 50,
    "insider_score": 50,
    "short_interest_pct": 0,
    "combined_score": 50.0,
    "price": 81.08000183105469,
    "price_change_24h": 0.24728558905615766,
    "rsi": 50,
    "position_pct": 95.69124098889013,
    "ta_score": 50,
    "signal_direction": "WAIT",
    "signal_name": "historical_import",
    "confidence": "MEDIUM",
    "hit_tp1": false,
    "hit_sl": false,
    "candles_to_result": 0,
    "max_favorable_pct": 0,
    "max_adverse_pct": 0,
    "outcome_tracked": false
  },
  {
    "symbol": "HYG",
    "timeframe": "historical_1w",
    "timestamp": "2025-11-02",
    "congress_score": 50,
    "insider_score": 50,
    "short_interest_pct": 0,
    "combined_score": 50.0,
    "price": 80.80000305175781,
    "price_change_24h": -0.5905459334988622,
    "rsi": 50,
    "position_pct": 90.66433264709872,
    "ta_score": 50,
    "signal_direction": "WAIT",
    "signal_name": "historical_import",
    "confidence": "MEDIUM",
    "hit_tp1": false,
    "hit_sl": false,
    "candles_to_result": 0,
    "max_favorable_pct": 0,
    "max_adverse_pct": 0,
    "outcome_tracked": false
  },
  {
    "symbol": "HYG",
    "timeframe": "historical_1w",
    "timestamp": "2025-11-09",
    "congress_score": 50,
    "insider_score": 50,
    "short_interest_pct": 0,
    "combined_score": 50.0,
    "price": 80.33000183105469,
    "price_change_24h": 0.23708814930536712,
    "rsi": 50,
    "position_pct": 82.22624922781483,
    "ta_score": 50,
    "signal_direction": "WAIT",
    "signal_name": "historical_import",
    "confidence": "MEDIUM",
    "hit_tp1": false,
    "hit_sl": false,
    "candles_to_result": 0,
    "max_favorable_pct": 0,
    "max_adverse_pct": 0,
    "outcome_tracked": false
  },
  {
    "symbol": "HYG",
    "timeframe": "historical_1w",
    "timestamp": "2025-11-16",
    "congress_score": 50,
    "insider_score": 50,
    "short_interest_pct": 0,
    "combined_score": 50.0,
    "price": 80.22000122070312,
    "price_change_24h": -0.47146062110655945,
    "rsi": 50,
    "position_pct": 80.25137281168544,
    "ta_score": 50,
    "signal_direction": "WAIT",
    "signal_name": "historical_import",
    "confidence": "MEDIUM",
    "hit_tp1": false,
    "hit_sl": false,
    "candles_to_result": 0,
    "max_favorable_pct": 0,
    "max_adverse_pct": 0,
    "outcome_tracked": false
  },
  {
    "symbol": "HYG",
    "timeframe": "historical_1w",
    "timestamp": "2025-11-23",
    "congress_score": 50,
    "insider_score": 50,
    "short_interest_pct": 0,
    "combined_score": 50.0,
    "price": 80.37000274658203,
    "price_change_24h": 0.34961471031924,
    "rsi": 50,
    "position_pct": 82.94439855849637,
    "ta_score": 50,
    "signal_direction": "WAIT",
    "signal_name": "historical_import",
    "confidence": "MEDIUM",
    "hit_tp1": false,
    "hit_sl": false,
    "candles_to_result": 0,
    "max_favorable_pct": 0,
    "max_adverse_pct": 0,
    "outcome_tracked": false
  },
  {
    "symbol": "HYG",
    "timeframe": "historical_1w",
    "timestamp": "2025-11-30",
    "congress_score": 50,
    "insider_score": 50,
    "short_interest_pct": 0,
    "combined_score": 50.0,
    "price": 80.98999786376953,
    "price_change_24h": 0.4963414121546986,
    "rsi": 50,
    "position_pct": 94.07537075161183,
    "ta_score": 50,
    "signal_direction": "WAIT",
    "signal_name": "historical_import",
    "confidence": "MEDIUM",
    "hit_tp1": false,
    "hit_sl": false,
    "candles_to_result": 0,
    "max_favorable_pct": 0,
    "max_adverse_pct": 0,
    "outcome_tracked": false
  },
  {
    "symbol": "HYG",
    "timeframe": "historical_1w",
    "timestamp": "2025-12-07",
    "congress_score": 50,
    "insider_score": 50,
    "short_interest_pct": 0,
    "combined_score": 50.0,
    "price": 80.75,
    "price_change_24h": 0.3479542376654489,
    "rsi": 50,
    "position_pct": 89.76661174050196,
    "ta_score": 50,
    "signal_direction": "WAIT",
    "signal_name": "historical_import",
    "confidence": "MEDIUM",
    "hit_tp1": false,
    "hit_sl": false,
    "candles_to_result": 0,
    "max_favorable_pct": 0,
    "max_adverse_pct": 0,
    "outcome_tracked": false
  },
  {
    "symbol": "HYG",
    "timeframe": "historical_1w",
    "timestamp": "2025-12-14",
    "congress_score": 50,
    "insider_score": 50,
    "short_interest_pct": 0,
    "combined_score": 50.0,
    "price": 80.56999969482422,
    "price_change_24h": 0.024825130116453636,
    "rsi": 50,
    "position_pct": 86.5350082389247,
    "ta_score": 50,
    "signal_direction": "WAIT",
    "signal_name": "historical_import",
    "confidence": "MEDIUM",
    "hit_tp1": false,
    "hit_sl": false,
    "candles_to_result": 0,
    "max_favorable_pct": 0,
    "max_adverse_pct": 0,
    "outcome_tracked": false
  },
  {
    "symbol": "HYG",
    "timeframe": "historical_1w",
    "timestamp": "2025-12-21",
    "congress_score": 50,
    "insider_score": 50,
    "short_interest_pct": 0,
    "combined_score": 50.0,
    "price": 80.36000061035156,
    "price_change_24h": -0.310135216607226,
    "rsi": 50,
    "position_pct": 82.76482698258114,
    "ta_score": 50,
    "signal_direction": "WAIT",
    "signal_name": "historical_import",
    "confidence": "MEDIUM",
    "hit_tp1": false,
    "hit_sl": false,
    "candles_to_result": 0,
    "max_favorable_pct": 0,
    "max_adverse_pct": 0,
    "outcome_tracked": false
  },
  {
    "symbol": "HYG",
    "timeframe": "historical_1w",
    "timestamp": "2025-12-28",
    "congress_score": 50,
    "insider_score": 50,
    "short_interest_pct": 0,
    "combined_score": 50.0,
    "price": 80.6050033569336,
    "price_change_24h": 0.217584298264078,
    "rsi": 50,
    "position_pct": 87.1634402681383,
    "ta_score": 50,
    "signal_direction": "WAIT",
    "signal_name": "historical_import",
    "confidence": "MEDIUM",
    "hit_tp1": false,
    "hit_sl": false,
    "candles_to_result": 0,
    "max_favorable_pct": 0,
    "max_adverse_pct": 0,
    "outcome_tracked": false
  }
]