[
  {
    "symbol": "IBM",
    "timeframe": "historical_1w",
    "timestamp": "2025-06-29",
    "congress_score": 60.0,
    "insider_score": 50,
    "short_interest_pct": 0,
    "combined_score": 52.5,
    "price": 289.70001220703125,
    "price_change_24h": 0.1798255565463784,
    "rsi": 50,
    "position_pct": 94.64590188035226,
    "ta_score": 50,
    "signal_direction": "WAIT",
    "signal_name": "historical_import",
    "confidence": "MEDIUM",
    "hit_tp1": false,
    "hit_sl": true,
    "candles_to_result": 2,
    "max_favorable_pct": 0.7835653841980683,
    "max_adverse_pct": -17.252333061902117,
    "outcome_tracked": true
  },
  {
    "symbol": "IBM",
    "timeframe": "historical_1w",
    "timestamp": "2025-07-06",
    "congress_score": 50.0,
    "insider_score": 50,
    "short_interest_pct": 0,
    "combined_score": 50.0,
    "price": 291.9700012207031,
    "price_change_24h": -0.9532524493622812,
    "rsi": 50,
    "position_pct": 96.368574074337,
    "ta_score": 50,
    "signal_direction": "WAIT",
    "signal_name": "historical_import",
    "confidence": "MEDIUM",
    "hit_tp1": false,
    "hit_sl": true,
    "candles_to_result": 1,
    "max_favorable_pct": -2.0892578271781312,
    "max_adverse_pct": -17.89567413828371,
    "outcome_tracked": true
  },
  {
    "symbol": "IBM",
    "timeframe": "historical_1w",
    "timestamp": "2025-07-13",
    "congress_score": 33.33333333333333,
    "insider_score": 50,
    "short_interest_pct": 0,
    "combined_score": 45.83333333333333,
    "price": 283.5899963378906,
    "price_change_24h": -3.036210498768894,
    "rsi": 50,
    "position_pct": 85.53889669772849,
    "ta_score": 50,
    "signal_direction": "WAIT",
    "signal_name": "historical_import",
    "confidence": "MEDIUM",
    "hit_tp1": true,
    "hit_sl": false,
    "candles_to_result": 2,
    "max_favorable_pct": 0.8039771531927775,
    "max_adverse_pct": -15.469514328325412,
    "outcome_tracked": true
  },
  {
    "symbol": "IBM",
    "timeframe": "historical_1w",
    "timestamp": "2025-07-20",
    "congress_score": 0.0,
    "insider_score": 50,
    "short_interest_pct": 0,
    "combined_score": 37.5,
    "price": 285.8699951171875,
    "price_change_24h": 0.7329315725138993,
    "rsi": 50,
    "position_pct": 88.4853927373059,
    "ta_score": 50,
    "signal_direction": "WAIT",
    "signal_name": "historical_import",
    "confidence": "MEDIUM",
    "hit_tp1": true,
    "hit_sl": false,
    "candles_to_result": 1,
    "max_favorable_pct": -9.147512625718077,
    "max_adverse_pct": -16.143699823259166,
    "outcome_tracked": true
  },
  {
    "symbol": "IBM",
    "timeframe": "historical_1w",
    "timestamp": "2025-07-27",
    "congress_score": 0.0,
    "insider_score": 50,
    "short_interest_pct": 0,
    "combined_score": 37.5,
    "price": 259.7200012207031,
    "price_change_24h": -8.777349227070575,
    "rsi": 50,
    "position_pct": 54.69114067427358,
    "ta_score": 50,
    "signal_direction": "WAIT",
    "signal_name": "historical_import",
    "confidence": "MEDIUM",
    "hit_tp1": true,
    "hit_sl": false,
    "candles_to_result": 1,
    "max_favorable_pct": 2.5719977839152905,
    "max_adverse_pct": -7.700600610657064,
    "outcome_tracked": true
  },
  {
    "symbol": "IBM",
    "timeframe": "historical_1m",
    "timestamp": "2025-07-28",
    "congress_score": 27.27272727272727,
    "insider_score": 50,
    "short_interest_pct": 0,
    "combined_score": 44.31818181818181,
    "price": 0,
    "price_change_24h": 0,
    "rsi": 50,
    "position_pct": 50,
    "ta_score": 50,
    "signal_direction": "WAIT",
    "signal_name": "quiver_only_import",
    "confidence": "LOW",
    "hit_tp1": false,
    "hit_sl": false,
    "candles_to_result": 0,
    "max_favorable_pct": 0,
    "max_adverse_pct": 0,
    "outcome_tracked": false
  },
  {
    "symbol": "IBM",
    "timeframe": "historical_1w",
    "timestamp": "2025-08-03",
    "congress_score": 0.0,
    "insider_score": 50,
    "short_interest_pct": 0,
    "combined_score": 37.5,
    "price": 250.0500030517578,
    "price_change_24h": -4.999805794061704,
    "rsi": 50,
    "position_pct": 42.194374638151,
    "ta_score": 50,
    "signal_direction": "WAIT",
    "signal_name": "historical_import",
    "confidence": "MEDIUM",
    "hit_tp1": true,
    "hit_sl": false,
    "candles_to_result": 1,
    "max_favorable_pct": 13.701257384005897,
    "max_adverse_pct": -4.131174447103079,
    "outcome_tracked": true
  },
  {
    "symbol": "IBM",
    "timeframe": "historical_1w",
    "timestamp": "2025-08-10",
    "congress_score": 0.0,
    "insider_score": 50,
    "short_interest_pct": 0,
    "combined_score": 37.5,
    "price": 242.27000427246094,
    "price_change_24h": -3.8534771091818514,
    "rsi": 50,
    "position_pct": 32.140099259027885,
    "ta_score": 50,
    "signal_direction": "WAIT",
    "signal_name": "historical_import",
    "confidence": "MEDIUM",
    "hit_tp1": false,
    "hit_sl": true,
    "candles_to_result": 4,
    "max_favorable_pct": 19.02835267748695,
    "max_adverse_pct": -1.052545922643414,
    "outcome_tracked": true
  },
  {
    "symbol": "IBM",
    "timeframe": "historical_1w",
    "timestamp": "2025-08-17",
    "congress_score": 0.0,
    "insider_score": 50,
    "short_interest_pct": 0,
    "combined_score": 37.5,
    "price": 239.72000122070312,
    "price_change_24h": 1.4473119444675655,
    "rsi": 50,
    "position_pct": 28.844670348652855,
    "ta_score": 50,
    "signal_direction": "WAIT",
    "signal_name": "historical_import",
    "confidence": "MEDIUM",
    "hit_tp1": false,
    "hit_sl": true,
    "candles_to_result": 3,
    "max_favorable_pct": 20.294507612526566,
    "max_adverse_pct": 0.9886513870845159,
    "outcome_tracked": true
  },
  {
    "symbol": "IBM",
    "timeframe": "historical_1w",
    "timestamp": "2025-08-24",
    "congress_score": 0.0,
    "insider_score": 50,
    "short_interest_pct": 0,
    "combined_score": 37.5,
    "price": 242.08999633789062,
    "price_change_24h": 1.1025263826664742,
    "rsi": 50,
    "position_pct": 31.907470772065494,
    "ta_score": 50,
    "signal_direction": "WAIT",
    "signal_name": "historical_import",
    "confidence": "MEDIUM",
    "hit_tp1": false,
    "hit_sl": true,
    "candles_to_result": 2,
    "max_favorable_pct": 19.116857152041426,
    "max_adverse_pct": 0.5783011179526032,
    "outcome_tracked": true
  },
  {
    "symbol": "IBM",
    "timeframe": "historical_1m",
    "timestamp": "2025-08-28",
    "congress_score": 15.384615384615385,
    "insider_score": 50,
    "short_interest_pct": 0,
    "combined_score": 41.34615384615385,
    "price": 0,
    "price_change_24h": 0,
    "rsi": 50,
    "position_pct": 50,
    "ta_score": 50,
    "signal_direction": "WAIT",
    "signal_name": "quiver_only_import",
    "confidence": "LOW",
    "hit_tp1": false,
    "hit_sl": false,
    "candles_to_result": 0,
    "max_favorable_pct": 0,
    "max_adverse_pct": 0,
    "outcome_tracked": false
  },
  {
    "symbol": "IBM",
    "timeframe": "historical_1w",
    "timestamp": "2025-08-31",
    "congress_score": 28.57142857142857,
    "insider_score": 50,
    "short_interest_pct": 0,
    "combined_score": 44.64285714285714,
    "price": 243.49000549316406,
    "price_change_24h": 1.6956993449356983,
    "rsi": 50,
    "position_pct": 33.71673552643411,
    "ta_score": 50,
    "signal_direction": "WAIT",
    "signal_name": "historical_import",
    "confidence": "MEDIUM",
    "hit_tp1": false,
    "hit_sl": true,
    "candles_to_result": 1,
    "max_favorable_pct": 26.27211980727891,
    "max_adverse_pct": 2.069897397194937,
    "outcome_tracked": true
  },
  {
    "symbol": "IBM",
    "timeframe": "historical_1w",
    "timestamp": "2025-09-07",
    "congress_score": 28.57142857142857,
    "insider_score": 50,
    "short_interest_pct": 0,
    "combined_score": 44.64285714285714,
    "price": 248.52999877929688,
    "price_change_24h": 2.910972579418996,
    "rsi": 50,
    "position_pct": 40.23003737200207,
    "ta_score": 50,
    "signal_direction": "WAIT",
    "signal_name": "historical_import",
    "confidence": "MEDIUM",
    "hit_tp1": false,
    "hit_sl": true,
    "candles_to_result": 2,
    "max_favorable_pct": 23.711420337676454,
    "max_adverse_pct": 1.9756181089710727,
    "outcome_tracked": true
  },
  {
    "symbol": "IBM",
    "timeframe": "historical_1w",
    "timestamp": "2025-09-14",
    "congress_score": 50.0,
    "insider_score": 50,
    "short_interest_pct": 0,
    "combined_score": 50.0,
    "price": 253.44000244140625,
    "price_change_24h": -1.034790087226959,
    "rsi": 50,
    "position_pct": 46.575350569572024,
    "ta_score": 50,
    "signal_direction": "WAIT",
    "signal_name": "historical_import",
    "confidence": "MEDIUM",
    "hit_tp1": true,
    "hit_sl": false,
    "candles_to_result": 1,
    "max_favorable_pct": 21.31470505575021,
    "max_adverse_pct": 5.113632942800494,
    "outcome_tracked": true
  },
  {
    "symbol": "IBM",
    "timeframe": "historical_1w",
    "timestamp": "2025-09-21",
    "congress_score": 50.0,
    "insider_score": 50,
    "short_interest_pct": 0,
    "combined_score": 50.0,
    "price": 266.3999938964844,
    "price_change_24h": 3.9650343620511093,
    "rsi": 50,
    "position_pct": 63.32385229777078,
    "ta_score": 50,
    "signal_direction": "WAIT",
    "signal_name": "historical_import",
    "confidence": "MEDIUM",
    "hit_tp1": true,
    "hit_sl": false,
    "candles_to_result": 1,
    "max_favorable_pct": 15.41291234959582,
    "max_adverse_pct": 4.286791925442714,
    "outcome_tracked": true
  },
  {
    "symbol": "IBM",
    "timeframe": "historical_1m",
    "timestamp": "2025-09-28",
    "congress_score": 28.57142857142857,
    "insider_score": 50,
    "short_interest_pct": 0,
    "combined_score": 44.64285714285714,
    "price": 0,
    "price_change_24h": 0,
    "rsi": 50,
    "position_pct": 50,
    "ta_score": 50,
    "signal_direction": "WAIT",
    "signal_name": "quiver_only_import",
    "confidence": "LOW",
    "hit_tp1": false,
    "hit_sl": false,
    "candles_to_result": 0,
    "max_favorable_pct": 0,
    "max_adverse_pct": 0,
    "outcome_tracked": false
  },
  {
    "symbol": "IBM",
    "timeframe": "historical_1w",
    "timestamp": "2025-09-28",
    "congress_score": 50,
    "insider_score": 50,
    "short_interest_pct": 0,
    "combined_score": 50.0,
    "price": 284.30999755859375,
    "price_change_24h": 4.768398376474261,
    "rsi": 50,
    "position_pct": 86.4693712069942,
    "ta_score": 50,
    "signal_direction": "WAIT",
    "signal_name": "historical_import",
    "confidence": "MEDIUM",
    "hit_tp1": false,
    "hit_sl": true,
    "candles_to_result": 2,
    "max_favorable_pct": 8.142518411338443,
    "max_adverse_pct": -2.282716151421116,
    "outcome_tracked": true
  },
  {
    "symbol": "IBM",
    "timeframe": "historical_1w",
    "timestamp": "2025-10-05",
    "congress_score": 100.0,
    "insider_score": 50,
    "short_interest_pct": 0,
    "combined_score": 62.5,
    "price": 288.3699951171875,
    "price_change_24h": 3.062904824198892,
    "rsi": 50,
    "position_pct": 91.71620152800848,
    "ta_score": 50,
    "signal_direction": "WAIT",
    "signal_name": "historical_import",
    "confidence": "MEDIUM",
    "hit_tp1": false,
    "hit_sl": true,
    "candles_to_result": 1,
    "max_favorable_pct": 7.008354474211233,
    "max_adverse_pct": -3.6584901243561965,
    "outcome_tracked": true
  },
  {
    "symbol": "IBM",
    "timeframe": "historical_1w",
    "timestamp": "2025-10-12",
    "congress_score": 100.0,
    "insider_score": 50,
    "short_interest_pct": 0,
    "combined_score": 62.5,
    "price": 277.82000732421875,
    "price_change_24h": -4.008017954989158,
    "rsi": 50,
    "position_pct": 78.0822042066771,
    "ta_score": 50,
    "signal_direction": "WAIT",
    "signal_name": "historical_import",
    "confidence": "MEDIUM",
    "hit_tp1": true,
    "hit_sl": false,
    "candles_to_result": 2,
    "max_favorable_pct": 11.07190930714708,
    "max_adverse_pct": 1.245407589036696,
    "outcome_tracked": true
  },
  {
    "symbol": "IBM",
    "timeframe": "historical_1w",
    "timestamp": "2025-10-19",
    "congress_score": 100.0,
    "insider_score": 50,
    "short_interest_pct": 0,
    "combined_score": 62.5,
    "price": 281.2799987792969,
    "price_change_24h": 1.4645399107986674,
    "rsi": 50,
    "position_pct": 82.55363253020602,
    "ta_score": 50,
    "signal_direction": "WAIT",
    "signal_name": "historical_import",
    "confidence": "MEDIUM",
    "hit_tp1": true,
    "hit_sl": false,
    "candles_to_result": 1,
    "max_favorable_pct": 9.94027004281119,
    "max_adverse_pct": 5.745166287059442,
    "outcome_tracked": true
  },
  {
    "symbol": "IBM",
    "timeframe": "historical_1w",
    "timestamp": "2025-10-26",
    "congress_score": 100.0,
    "insider_score": 50,
    "short_interest_pct": 0,
    "combined_score": 62.5,
    "price": 307.4599914550781,
    "price_change_24h": 8.39414703716969,
    "rsi": 50,
    "position_pct": 100.0,
    "ta_score": 50,
    "signal_direction": "WAIT",
    "signal_name": "historical_import",
    "confidence": "MEDIUM",
    "hit_tp1": false,
    "hit_sl": true,
    "candles_to_result": 4,
    "max_favorable_pct": 0.5789367165701441,
    "max_adverse_pct": -3.2589570325073853,
    "outcome_tracked": true
  },
  {
    "symbol": "IBM",
    "timeframe": "historical_1m",
    "timestamp": "2025-10-28",
    "congress_score": 50.0,
    "insider_score": 50,
    "short_interest_pct": 0,
    "combined_score": 50.0,
    "price": 0,
    "price_change_24h": 0,
    "rsi": 50,
    "position_pct": 50,
    "ta_score": 50,
    "signal_direction": "WAIT",
    "signal_name": "quiver_only_import",
    "confidence": "LOW",
    "hit_tp1": false,
    "hit_sl": false,
    "candles_to_result": 0,
    "max_favorable_pct": 0,
    "max_adverse_pct": 0,
    "outcome_tracked": false
  },
  {
    "symbol": "IBM",
    "timeframe": "historical_1w",
    "timestamp": "2025-11-02",
    "congress_score": 0.0,
    "insider_score": 50,
    "short_interest_pct": 0,
    "combined_score": 37.5,
    "price": 307.4100036621094,
    "price_change_24h": -1.814172519792466,
    "rsi": 50,
    "position_pct": 94.06417334009446,
    "ta_score": 50,
    "signal_direction": "WAIT",
    "signal_name": "historical_import",
    "confidence": "MEDIUM",
    "hit_tp1": false,
    "hit_sl": false,
    "candles_to_result": 0,
    "max_favorable_pct": 0,
    "max_adverse_pct": 0,
    "outcome_tracked": false
  },
  {
    "symbol": "IBM",
    "timeframe": "historical_1w",
    "timestamp": "2025-11-09",
    "congress_score": 0.0,
    "insider_score": 50,
    "short_interest_pct": 0,
    "combined_score": 37.5,
    "price": 306.3800048828125,
    "price_change_24h": 0.5414609119540914,
    "rsi": 50,
    "position_pct": 92.98778212573791,
    "ta_score": 50,
    "signal_direction": "WAIT",
    "signal_name": "historical_import",
    "confidence": "MEDIUM",
    "hit_tp1": false,
    "hit_sl": false,
    "candles_to_result": 0,
    "max_favorable_pct": 0,
    "max_adverse_pct": 0,
    "outcome_tracked": false
  },
  {
    "symbol": "IBM",
    "timeframe": "historical_1w",
    "timestamp": "2025-11-16",
    "congress_score": 25.0,
    "insider_score": 50,
    "short_interest_pct": 0,
    "combined_score": 43.75,
    "price": 305.69000244140625,
    "price_change_24h": -1.1128012121341355,
    "rsi": 50,
    "position_pct": 90.47959938727169,
    "ta_score": 50,
    "signal_direction": "WAIT",
    "signal_name": "historical_import",
    "confidence": "MEDIUM",
    "hit_tp1": false,
    "hit_sl": false,
    "candles_to_result": 0,
    "max_favorable_pct": 0,
    "max_adverse_pct": 0,
    "outcome_tracked": false
  },
  {
    "symbol": "IBM",
    "timeframe": "historical_1w",
    "timestamp": "2025-11-23",
    "congress_score": 25.0,
    "insider_score": 50,
    "short_interest_pct": 0,
    "combined_score": 43.75,
    "price": 297.44000244140625,
    "price_change_24h": 0.09085338408060165,
    "rsi": 50,
    "position_pct": 82.02499951524659,
    "ta_score": 50,
    "signal_direction": "WAIT",
    "signal_name": "historical_import",
    "confidence": "MEDIUM",
    "hit_tp1": false,
    "hit_sl": false,
    "candles_to_result": 0,
    "max_favorable_pct": 0,
    "max_adverse_pct": 0,
    "outcome_tracked": false
  },
  {
    "symbol": "IBM",
    "timeframe": "historical_1m",
    "timestamp": "2025-11-28",
    "congress_score": 40.0,
    "insider_score": 50,
    "short_interest_pct": 0,
    "combined_score": 47.5,
    "price": 0,
    "price_change_24h": 0,
    "rsi": 50,
    "position_pct": 50,
    "ta_score": 50,
    "signal_direction": "WAIT",
    "signal_name": "quiver_only_import",
    "confidence": "LOW",
    "hit_tp1": false,
    "hit_sl": false,
    "candles_to_result": 0,
    "max_favorable_pct": 0,
    "max_adverse_pct": 0,
    "outcome_tracked": false
  },
  {
    "symbol": "IBM",
    "timeframe": "historical_1w",
    "timestamp": "2025-11-30",
    "congress_score": 50.0,
    "insider_score": 50,
    "short_interest_pct": 0,
    "combined_score": 50.0,
    "price": 308.5799865722656,
    "price_change_24h": 1.4665235849946474,
    "rsi": 50,
    "position_pct": 93.44125507974664,
    "ta_score": 50,
    "signal_direction": "WAIT",
    "signal_name": "historical_import",
    "confidence": "MEDIUM",
    "hit_tp1": false,
    "hit_sl": false,
    "candles_to_result": 0,
    "max_favorable_pct": 0,
    "max_adverse_pct": 0,
    "outcome_tracked": false
  },
  {
    "symbol": "IBM",
    "timeframe": "historical_1w",
    "timestamp": "2025-12-07",
    "congress_score": 50.0,
    "insider_score": 50,
    "short_interest_pct": 0,
    "combined_score": 50.0,
    "price": 307.94000244140625,
    "price_change_24h": 0.7426273150632551,
    "rsi": 50,
    "position_pct": 92.78539935236945,
    "ta_score": 50,
    "signal_direction": "WAIT",
    "signal_name": "historical_import",
    "confidence": "MEDIUM",
    "hit_tp1": false,
    "hit_sl": false,
    "candles_to_result": 0,
    "max_favorable_pct": 0,
    "max_adverse_pct": 0,
    "outcome_tracked": false
  },
  {
    "symbol": "IBM",
    "timeframe": "historical_1w",
    "timestamp": "2025-12-14",
    "congress_score": 50,
    "insider_score": 50,
    "short_interest_pct": 0,
    "combined_score": 50.0,
    "price": 309.239990234375,
    "price_change_24h": 0.019405381983001044,
    "rsi": 50,
    "position_pct": 94.11762682243825,
    "ta_score": 50,
    "signal_direction": "WAIT",
    "signal_name": "historical_import",
    "confidence": "MEDIUM",
    "hit_tp1": false,
    "hit_sl": false,
    "candles_to_result": 0,
    "max_favorable_pct": 0,
    "max_adverse_pct": 0,
    "outcome_tracked": false
  },
  {
    "symbol": "IBM",
    "timeframe": "historical_1w",
    "timestamp": "2025-12-21",
    "congress_score": 50,
    "insider_score": 50,
    "short_interest_pct": 0,
    "combined_score": 50.0,
    "price": 300.9800109863281,
    "price_change_24h": -2.4881722881687485,
    "rsi": 50,
    "position_pct": 85.65280021716953,
    "ta_score": 50,
    "signal_direction": "WAIT",
    "signal_name": "historical_import",
    "confidence": "MEDIUM",
    "hit_tp1": false,
    "hit_sl": false,
    "candles_to_result": 0,
    "max_favorable_pct": 0,
    "max_adverse_pct": 0,
    "outcome_tracked": false
  },
  {
    "symbol": "IBM",
    "timeframe": "historical_1w",
    "timestamp": "2025-12-28",
    "congress_score": 50,
    "insider_score": 50,
    "short_interest_pct": 0,
    "combined_score": 50.0,
    "price": 304.1400146484375,
    "price_change_24h": 0.4458555650508984,
    "rsi": 50,
    "position_pct": 88.8911719210809,
    "ta_score": 50,
    "signal_direction": "WAIT",
    "signal_name": "historical_import",
    "confidence": "MEDIUM",
    "hit_tp1": false,
    "hit_sl": false,
    "candles_to_result": 0,
    "max_favorable_pct": 0,
    "max_adverse_pct": 0,
    "outcome_tracked": false
  }
]