[
  {
    "symbol": "INTC",
    "timeframe": "historical_1w",
    "timestamp": "2025-06-29",
    "congress_score": 0.0,
    "insider_score": 50,
    "short_interest_pct": 0,
    "combined_score": 37.5,
    "price": 22.690000534057617,
    "price_change_24h": 7.078810581383071,
    "rsi": 50,
    "position_pct": 49.2440740883399,
    "ta_score": 50,
    "signal_direction": "WAIT",
    "signal_name": "historical_import",
    "confidence": "MEDIUM",
    "hit_tp1": false,
    "hit_sl": true,
    "candles_to_result": 2,
    "max_favorable_pct": 9.299244836225668,
    "max_adverse_pct": -14.896434502246326,
    "outcome_tracked": true
  },
  {
    "symbol": "INTC",
    "timeframe": "historical_1w",
    "timestamp": "2025-07-06",
    "congress_score": 0.0,
    "insider_score": 50,
    "short_interest_pct": 0,
    "combined_score": 37.5,
    "price": 22.489999771118164,
    "price_change_24h": 0.40178640232403623,
    "rsi": 50,
    "position_pct": 47.084238688815255,
    "ta_score": 50,
    "signal_direction": "WAIT",
    "signal_name": "historical_import",
    "confidence": "MEDIUM",
    "hit_tp1": false,
    "hit_sl": true,
    "candles_to_result": 1,
    "max_favorable_pct": 10.271229388400895,
    "max_adverse_pct": -14.139619108665189,
    "outcome_tracked": true
  },
  {
    "symbol": "INTC",
    "timeframe": "historical_1w",
    "timestamp": "2025-07-13",
    "congress_score": 0.0,
    "insider_score": 50,
    "short_interest_pct": 0,
    "combined_score": 37.5,
    "price": 23.43000030517578,
    "price_change_24h": 6.500001387162642,
    "rsi": 50,
    "position_pct": 57.23543211023404,
    "ta_score": 50,
    "signal_direction": "WAIT",
    "signal_name": "historical_import",
    "confidence": "MEDIUM",
    "hit_tp1": true,
    "hit_sl": false,
    "candles_to_result": 2,
    "max_favorable_pct": 5.847199803843482,
    "max_adverse_pct": -17.584296993471543,
    "outcome_tracked": true
  },
  {
    "symbol": "INTC",
    "timeframe": "historical_1w",
    "timestamp": "2025-07-20",
    "congress_score": 0.0,
    "insider_score": 50,
    "short_interest_pct": 0,
    "combined_score": 37.5,
    "price": 23.100000381469727,
    "price_change_24h": -0.8583642151915002,
    "rsi": 50,
    "position_pct": 53.671718119420206,
    "ta_score": 50,
    "signal_direction": "WAIT",
    "signal_name": "historical_import",
    "confidence": "MEDIUM",
    "hit_tp1": true,
    "hit_sl": false,
    "candles_to_result": 1,
    "max_favorable_pct": 7.359302283624719,
    "max_adverse_pct": -16.40693009930681,
    "outcome_tracked": true
  },
  {
    "symbol": "INTC",
    "timeframe": "historical_1w",
    "timestamp": "2025-07-27",
    "congress_score": 0.0,
    "insider_score": 50,
    "short_interest_pct": 0,
    "combined_score": 37.5,
    "price": 20.700000762939453,
    "price_change_24h": -11.006016512259716,
    "rsi": 50,
    "position_pct": 27.753796313708996,
    "ta_score": 50,
    "signal_direction": "WAIT",
    "signal_name": "historical_import",
    "confidence": "MEDIUM",
    "hit_tp1": true,
    "hit_sl": false,
    "candles_to_result": 1,
    "max_favorable_pct": 42.89854508925931,
    "max_adverse_pct": -6.714981863603016,
    "outcome_tracked": true
  },
  {
    "symbol": "INTC",
    "timeframe": "historical_1m",
    "timestamp": "2025-07-28",
    "congress_score": 0.0,
    "insider_score": 50,
    "short_interest_pct": 0,
    "combined_score": 37.5,
    "price": 0,
    "price_change_24h": 0,
    "rsi": 50,
    "position_pct": 50,
    "ta_score": 50,
    "signal_direction": "WAIT",
    "signal_name": "quiver_only_import",
    "confidence": "LOW",
    "hit_tp1": false,
    "hit_sl": false,
    "candles_to_result": 0,
    "max_favorable_pct": 0,
    "max_adverse_pct": 0,
    "outcome_tracked": false
  },
  {
    "symbol": "INTC",
    "timeframe": "historical_1w",
    "timestamp": "2025-08-03",
    "congress_score": 100.0,
    "insider_score": 50,
    "short_interest_pct": 0,
    "combined_score": 62.5,
    "price": 19.309999465942383,
    "price_change_24h": -6.6247621809295385,
    "rsi": 50,
    "position_pct": 12.742983542218214,
    "ta_score": 50,
    "signal_direction": "WAIT",
    "signal_name": "historical_import",
    "confidence": "MEDIUM",
    "hit_tp1": true,
    "hit_sl": false,
    "candles_to_result": 1,
    "max_favorable_pct": 90.73020636801597,
    "max_adverse_pct": 3.314351707393154,
    "outcome_tracked": true
  },
  {
    "symbol": "INTC",
    "timeframe": "historical_1w",
    "timestamp": "2025-08-10",
    "congress_score": 100.0,
    "insider_score": 50,
    "short_interest_pct": 0,
    "combined_score": 62.5,
    "price": 19.950000762939453,
    "price_change_24h": 2.307696220202324,
    "rsi": 50,
    "position_pct": 19.654444462066937,
    "ta_score": 50,
    "signal_direction": "WAIT",
    "signal_name": "historical_import",
    "confidence": "MEDIUM",
    "hit_tp1": true,
    "hit_sl": false,
    "candles_to_result": 1,
    "max_favorable_pct": 84.61153094025305,
    "max_adverse_pct": 20.701749387592923,
    "outcome_tracked": true
  },
  {
    "symbol": "INTC",
    "timeframe": "historical_1w",
    "timestamp": "2025-08-17",
    "congress_score": 80.0,
    "insider_score": 50,
    "short_interest_pct": 0,
    "combined_score": 57.5,
    "price": 24.559999465942383,
    "price_change_24h": 18.934624308193555,
    "rsi": 50,
    "position_pct": 69.43844650371264,
    "ta_score": 50,
    "signal_direction": "WAIT",
    "signal_name": "historical_import",
    "confidence": "MEDIUM",
    "hit_tp1": true,
    "hit_sl": false,
    "candles_to_result": 5,
    "max_favorable_pct": 50.69217885307925,
    "max_adverse_pct": -1.9543955727765738,
    "outcome_tracked": true
  },
  {
    "symbol": "INTC",
    "timeframe": "historical_1w",
    "timestamp": "2025-08-24",
    "congress_score": 57.14285714285714,
    "insider_score": 50,
    "short_interest_pct": 0,
    "combined_score": 51.785714285714285,
    "price": 24.799999237060547,
    "price_change_24h": 4.8182561158094375,
    "rsi": 50,
    "position_pct": 72.03023662451207,
    "ta_score": 50,
    "signal_direction": "WAIT",
    "signal_name": "historical_import",
    "confidence": "MEDIUM",
    "hit_tp1": false,
    "hit_sl": true,
    "candles_to_result": 3,
    "max_favorable_pct": 54.35483853601144,
    "max_adverse_pct": -2.9032231270335758,
    "outcome_tracked": true
  },
  {
    "symbol": "INTC",
    "timeframe": "historical_1m",
    "timestamp": "2025-08-28",
    "congress_score": 50.0,
    "insider_score": 50,
    "short_interest_pct": 0,
    "combined_score": 50.0,
    "price": 0,
    "price_change_24h": 0,
    "rsi": 50,
    "position_pct": 50,
    "ta_score": 50,
    "signal_direction": "WAIT",
    "signal_name": "quiver_only_import",
    "confidence": "LOW",
    "hit_tp1": false,
    "hit_sl": false,
    "candles_to_result": 0,
    "max_favorable_pct": 0,
    "max_adverse_pct": 0,
    "outcome_tracked": false
  },
  {
    "symbol": "INTC",
    "timeframe": "historical_1w",
    "timestamp": "2025-08-31",
    "congress_score": 50.0,
    "insider_score": 50,
    "short_interest_pct": 0,
    "combined_score": 50.0,
    "price": 24.350000381469727,
    "price_change_24h": -0.8146593148927807,
    "rsi": 50,
    "position_pct": 67.17063787215697,
    "ta_score": 50,
    "signal_direction": "WAIT",
    "signal_name": "historical_import",
    "confidence": "MEDIUM",
    "hit_tp1": true,
    "hit_sl": false,
    "candles_to_result": 3,
    "max_favorable_pct": 64.22998378636193,
    "max_adverse_pct": -1.1088314313503722,
    "outcome_tracked": true
  },
  {
    "symbol": "INTC",
    "timeframe": "historical_1w",
    "timestamp": "2025-09-07",
    "congress_score": 40.0,
    "insider_score": 50,
    "short_interest_pct": 0,
    "combined_score": 47.5,
    "price": 24.489999771118164,
    "price_change_24h": 1.1565497613962705,
    "rsi": 50,
    "position_pct": 68.68251029319407,
    "ta_score": 50,
    "signal_direction": "WAIT",
    "signal_name": "historical_import",
    "confidence": "MEDIUM",
    "hit_tp1": false,
    "hit_sl": true,
    "candles_to_result": 2,
    "max_favorable_pct": 63.29114762029634,
    "max_adverse_pct": -1.6741521079785195,
    "outcome_tracked": true
  },
  {
    "symbol": "INTC",
    "timeframe": "historical_1w",
    "timestamp": "2025-09-14",
    "congress_score": 0.0,
    "insider_score": 50,
    "short_interest_pct": 0,
    "combined_score": 37.5,
    "price": 24.079999923706055,
    "price_change_24h": -1.6339854003679126,
    "rsi": 50,
    "position_pct": 64.25486626211378,
    "ta_score": 50,
    "signal_direction": "WAIT",
    "signal_name": "historical_import",
    "confidence": "MEDIUM",
    "hit_tp1": false,
    "hit_sl": true,
    "candles_to_result": 1,
    "max_favorable_pct": 66.07143606797861,
    "max_adverse_pct": 22.840531633828665,
    "outcome_tracked": true
  },
  {
    "symbol": "INTC",
    "timeframe": "historical_1w",
    "timestamp": "2025-09-21",
    "congress_score": 0.0,
    "insider_score": 50,
    "short_interest_pct": 0,
    "combined_score": 37.5,
    "price": 29.579999923706055,
    "price_change_24h": 19.418649079737026,
    "rsi": 50,
    "position_pct": 92.04180282462374,
    "ta_score": 50,
    "signal_direction": "WAIT",
    "signal_name": "historical_import",
    "confidence": "MEDIUM",
    "hit_tp1": false,
    "hit_sl": true,
    "candles_to_result": 1,
    "max_favorable_pct": 35.19270379178717,
    "max_adverse_pct": 16.632860341392192,
    "outcome_tracked": true
  },
  {
    "symbol": "INTC",
    "timeframe": "historical_1w",
    "timestamp": "2025-09-28",
    "congress_score": 50,
    "insider_score": 50,
    "short_interest_pct": 0,
    "combined_score": 50.0,
    "price": 35.5,
    "price_change_24h": 23.43532586049708,
    "rsi": 50,
    "position_pct": 100.0,
    "ta_score": 50,
    "signal_direction": "WAIT",
    "signal_name": "historical_import",
    "confidence": "MEDIUM",
    "hit_tp1": true,
    "hit_sl": false,
    "candles_to_result": 1,
    "max_favorable_pct": 12.647892052019147,
    "max_adverse_pct": -2.8169014084507045,
    "outcome_tracked": true
  },
  {
    "symbol": "INTC",
    "timeframe": "historical_1w",
    "timestamp": "2025-10-05",
    "congress_score": 50,
    "insider_score": 50,
    "short_interest_pct": 0,
    "combined_score": 50.0,
    "price": 36.83000183105469,
    "price_change_24h": 6.815551972208469,
    "rsi": 50,
    "position_pct": 97.54826601911667,
    "ta_score": 50,
    "signal_direction": "WAIT",
    "signal_name": "historical_import",
    "confidence": "MEDIUM",
    "hit_tp1": true,
    "hit_sl": false,
    "candles_to_result": 3,
    "max_favorable_pct": 10.127611612256912,
    "max_adverse_pct": -6.326369033981566,
    "outcome_tracked": true
  },
  {
    "symbol": "INTC",
    "timeframe": "historical_1w",
    "timestamp": "2025-10-12",
    "congress_score": 0.0,
    "insider_score": 50,
    "short_interest_pct": 0,
    "combined_score": 37.5,
    "price": 36.369998931884766,
    "price_change_24h": -0.6012605077498613,
    "rsi": 50,
    "position_pct": 92.73004423167643,
    "ta_score": 50,
    "signal_direction": "WAIT",
    "signal_name": "historical_import",
    "confidence": "MEDIUM",
    "hit_tp1": false,
    "hit_sl": true,
    "candles_to_result": 2,
    "max_favorable_pct": 13.857577848617664,
    "max_adverse_pct": -5.141597434157138,
    "outcome_tracked": true
  },
  {
    "symbol": "INTC",
    "timeframe": "historical_1w",
    "timestamp": "2025-10-19",
    "congress_score": 0.0,
    "insider_score": 50,
    "short_interest_pct": 0,
    "combined_score": 37.5,
    "price": 37.0099983215332,
    "price_change_24h": -0.5642205595982372,
    "rsi": 50,
    "position_pct": 95.98372693206318,
    "ta_score": 50,
    "signal_direction": "WAIT",
    "signal_name": "historical_import",
    "confidence": "MEDIUM",
    "hit_tp1": false,
    "hit_sl": true,
    "candles_to_result": 1,
    "max_favorable_pct": 11.888683397531775,
    "max_adverse_pct": -6.781946596503445,
    "outcome_tracked": true
  },
  {
    "symbol": "INTC",
    "timeframe": "historical_1w",
    "timestamp": "2025-10-26",
    "congress_score": 0.0,
    "insider_score": 50,
    "short_interest_pct": 0,
    "combined_score": 37.5,
    "price": 38.279998779296875,
    "price_change_24h": 0.47244176478916133,
    "rsi": 50,
    "position_pct": 100.0,
    "ta_score": 50,
    "signal_direction": "WAIT",
    "signal_name": "historical_import",
    "confidence": "MEDIUM",
    "hit_tp1": false,
    "hit_sl": true,
    "candles_to_result": 1,
    "max_favorable_pct": 8.176596572432613,
    "max_adverse_pct": -9.87460527647986,
    "outcome_tracked": true
  },
  {
    "symbol": "INTC",
    "timeframe": "historical_1m",
    "timestamp": "2025-10-28",
    "congress_score": 0.0,
    "insider_score": 50,
    "short_interest_pct": 0,
    "combined_score": 37.5,
    "price": 0,
    "price_change_24h": 0,
    "rsi": 50,
    "position_pct": 50,
    "ta_score": 50,
    "signal_direction": "WAIT",
    "signal_name": "quiver_only_import",
    "confidence": "LOW",
    "hit_tp1": false,
    "hit_sl": false,
    "candles_to_result": 0,
    "max_favorable_pct": 0,
    "max_adverse_pct": 0,
    "outcome_tracked": false
  },
  {
    "symbol": "INTC",
    "timeframe": "historical_1w",
    "timestamp": "2025-11-02",
    "congress_score": 0.0,
    "insider_score": 50,
    "short_interest_pct": 0,
    "combined_score": 37.5,
    "price": 39.9900016784668,
    "price_change_24h": 1.1380899153260717,
    "rsi": 50,
    "position_pct": 93.41881570113118,
    "ta_score": 50,
    "signal_direction": "WAIT",
    "signal_name": "historical_import",
    "confidence": "MEDIUM",
    "hit_tp1": false,
    "hit_sl": false,
    "candles_to_result": 0,
    "max_favorable_pct": 0,
    "max_adverse_pct": 0,
    "outcome_tracked": false
  },
  {
    "symbol": "INTC",
    "timeframe": "historical_1w",
    "timestamp": "2025-11-09",
    "congress_score": 0.0,
    "insider_score": 50,
    "short_interest_pct": 0,
    "combined_score": 37.5,
    "price": 38.130001068115234,
    "price_change_24h": -3.4683517262905457,
    "rsi": 50,
    "position_pct": 85.47009501449219,
    "ta_score": 50,
    "signal_direction": "WAIT",
    "signal_name": "historical_import",
    "confidence": "MEDIUM",
    "hit_tp1": false,
    "hit_sl": false,
    "candles_to_result": 0,
    "max_favorable_pct": 0,
    "max_adverse_pct": 0,
    "outcome_tracked": false
  },
  {
    "symbol": "INTC",
    "timeframe": "historical_1w",
    "timestamp": "2025-11-16",
    "congress_score": 0.0,
    "insider_score": 50,
    "short_interest_pct": 0,
    "combined_score": 37.5,
    "price": 35.52000045776367,
    "price_change_24h": -7.620286728316274,
    "rsi": 50,
    "position_pct": 74.31624607047458,
    "ta_score": 50,
    "signal_direction": "WAIT",
    "signal_name": "historical_import",
    "confidence": "MEDIUM",
    "hit_tp1": false,
    "hit_sl": false,
    "candles_to_result": 0,
    "max_favorable_pct": 0,
    "max_adverse_pct": 0,
    "outcome_tracked": false
  },
  {
    "symbol": "INTC",
    "timeframe": "historical_1w",
    "timestamp": "2025-11-23",
    "congress_score": 50.0,
    "insider_score": 50,
    "short_interest_pct": 0,
    "combined_score": 50.0,
    "price": 34.5,
    "price_change_24h": -0.605010342874363,
    "rsi": 50,
    "position_pct": 69.95726968418464,
    "ta_score": 50,
    "signal_direction": "WAIT",
    "signal_name": "historical_import",
    "confidence": "MEDIUM",
    "hit_tp1": false,
    "hit_sl": false,
    "candles_to_result": 0,
    "max_favorable_pct": 0,
    "max_adverse_pct": 0,
    "outcome_tracked": false
  },
  {
    "symbol": "INTC",
    "timeframe": "historical_1m",
    "timestamp": "2025-11-28",
    "congress_score": 25.0,
    "insider_score": 50,
    "short_interest_pct": 0,
    "combined_score": 43.75,
    "price": 0,
    "price_change_24h": 0,
    "rsi": 50,
    "position_pct": 50,
    "ta_score": 50,
    "signal_direction": "WAIT",
    "signal_name": "quiver_only_import",
    "confidence": "LOW",
    "hit_tp1": false,
    "hit_sl": false,
    "candles_to_result": 0,
    "max_favorable_pct": 0,
    "max_adverse_pct": 0,
    "outcome_tracked": false
  },
  {
    "symbol": "INTC",
    "timeframe": "historical_1w",
    "timestamp": "2025-11-30",
    "congress_score": 100.0,
    "insider_score": 50,
    "short_interest_pct": 0,
    "combined_score": 62.5,
    "price": 40.560001373291016,
    "price_change_24h": 13.327746118313808,
    "rsi": 50,
    "position_pct": 95.8547118725689,
    "ta_score": 50,
    "signal_direction": "WAIT",
    "signal_name": "historical_import",
    "confidence": "MEDIUM",
    "hit_tp1": false,
    "hit_sl": false,
    "candles_to_result": 0,
    "max_favorable_pct": 0,
    "max_adverse_pct": 0,
    "outcome_tracked": false
  },
  {
    "symbol": "INTC",
    "timeframe": "historical_1w",
    "timestamp": "2025-12-07",
    "congress_score": 100.0,
    "insider_score": 50,
    "short_interest_pct": 0,
    "combined_score": 62.5,
    "price": 41.40999984741211,
    "price_change_24h": 3.4991291792317614,
    "rsi": 50,
    "position_pct": 90.83106300792089,
    "ta_score": 50,
    "signal_direction": "WAIT",
    "signal_name": "historical_import",
    "confidence": "MEDIUM",
    "hit_tp1": false,
    "hit_sl": false,
    "candles_to_result": 0,
    "max_favorable_pct": 0,
    "max_adverse_pct": 0,
    "outcome_tracked": false
  },
  {
    "symbol": "INTC",
    "timeframe": "historical_1w",
    "timestamp": "2025-12-14",
    "congress_score": 100.0,
    "insider_score": 50,
    "short_interest_pct": 0,
    "combined_score": 62.5,
    "price": 37.810001373291016,
    "price_change_24h": -6.178654865778975,
    "rsi": 50,
    "position_pct": 76.78502870436996,
    "ta_score": 50,
    "signal_direction": "WAIT",
    "signal_name": "historical_import",
    "confidence": "MEDIUM",
    "hit_tp1": false,
    "hit_sl": false,
    "candles_to_result": 0,
    "max_favorable_pct": 0,
    "max_adverse_pct": 0,
    "outcome_tracked": false
  },
  {
    "symbol": "INTC",
    "timeframe": "historical_1w",
    "timestamp": "2025-12-21",
    "congress_score": 50,
    "insider_score": 50,
    "short_interest_pct": 0,
    "combined_score": 50.0,
    "price": 36.81999969482422,
    "price_change_24h": -1.839505885322527,
    "rsi": 50,
    "position_pct": 72.92236108484754,
    "ta_score": 50,
    "signal_direction": "WAIT",
    "signal_name": "historical_import",
    "confidence": "MEDIUM",
    "hit_tp1": false,
    "hit_sl": false,
    "candles_to_result": 0,
    "max_favorable_pct": 0,
    "max_adverse_pct": 0,
    "outcome_tracked": false
  },
  {
    "symbol": "INTC",
    "timeframe": "historical_1w",
    "timestamp": "2025-12-28",
    "congress_score": 50,
    "insider_score": 50,
    "short_interest_pct": 0,
    "combined_score": 50.0,
    "price": 36.27560043334961,
    "price_change_24h": -0.25955045726547765,
    "rsi": 50,
    "position_pct": 70.79829054524349,
    "ta_score": 50,
    "signal_direction": "WAIT",
    "signal_name": "historical_import",
    "confidence": "MEDIUM",
    "hit_tp1": false,
    "hit_sl": false,
    "candles_to_result": 0,
    "max_favorable_pct": 0,
    "max_adverse_pct": 0,
    "outcome_tracked": false
  }
]