[
  {
    "symbol": "ISRG",
    "timeframe": "historical_1w",
    "timestamp": "2025-06-29",
    "congress_score": 0.0,
    "insider_score": 50,
    "short_interest_pct": 0,
    "combined_score": 37.5,
    "price": 533.7100219726562,
    "price_change_24h": 3.614901113667293,
    "rsi": 50,
    "position_pct": 51.69636945184584,
    "ta_score": 50,
    "signal_direction": "WAIT",
    "signal_name": "historical_import",
    "confidence": "MEDIUM",
    "hit_tp1": false,
    "hit_sl": true,
    "candles_to_result": 1,
    "max_favorable_pct": 2.0160664569682782,
    "max_adverse_pct": -12.525535191190151,
    "outcome_tracked": true
  },
  {
    "symbol": "ISRG",
    "timeframe": "historical_1w",
    "timestamp": "2025-07-06",
    "congress_score": 0.0,
    "insider_score": 50,
    "short_interest_pct": 0,
    "combined_score": 37.5,
    "price": 544.469970703125,
    "price_change_24h": 0.1950640604661522,
    "rsi": 50,
    "position_pct": 58.46916922164341,
    "ta_score": 50,
    "signal_direction": "WAIT",
    "signal_name": "historical_import",
    "confidence": "MEDIUM",
    "hit_tp1": true,
    "hit_sl": false,
    "candles_to_result": 1,
    "max_favorable_pct": -4.74773210220483,
    "max_adverse_pct": -17.409587879554238,
    "outcome_tracked": true
  },
  {
    "symbol": "ISRG",
    "timeframe": "historical_1w",
    "timestamp": "2025-07-13",
    "congress_score": 100.0,
    "insider_score": 50,
    "short_interest_pct": 0,
    "combined_score": 62.5,
    "price": 512.0599975585938,
    "price_change_24h": -4.235945369137061,
    "rsi": 50,
    "position_pct": 38.06886210578747,
    "ta_score": 50,
    "signal_direction": "WAIT",
    "signal_name": "historical_import",
    "confidence": "MEDIUM",
    "hit_tp1": false,
    "hit_sl": true,
    "candles_to_result": 2,
    "max_favorable_pct": 1.281099400435611,
    "max_adverse_pct": -14.322539680420654,
    "outcome_tracked": true
  },
  {
    "symbol": "ISRG",
    "timeframe": "historical_1w",
    "timestamp": "2025-07-20",
    "congress_score": 50.0,
    "insider_score": 50,
    "short_interest_pct": 0,
    "combined_score": 50.0,
    "price": 518.6199951171875,
    "price_change_24h": 0.42211925208651624,
    "rsi": 50,
    "position_pct": 42.19802211088173,
    "ta_score": 50,
    "signal_direction": "WAIT",
    "signal_name": "historical_import",
    "confidence": "MEDIUM",
    "hit_tp1": false,
    "hit_sl": true,
    "candles_to_result": 1,
    "max_favorable_pct": -4.388571589971602,
    "max_adverse_pct": -15.406269455235746,
    "outcome_tracked": true
  },
  {
    "symbol": "ISRG",
    "timeframe": "historical_1w",
    "timestamp": "2025-07-27",
    "congress_score": 25.0,
    "insider_score": 50,
    "short_interest_pct": 0,
    "combined_score": 43.75,
    "price": 495.8599853515625,
    "price_change_24h": -3.9254456245247518,
    "rsi": 50,
    "position_pct": 27.87183963896022,
    "ta_score": 50,
    "signal_direction": "WAIT",
    "signal_name": "historical_import",
    "confidence": "MEDIUM",
    "hit_tp1": true,
    "hit_sl": false,
    "candles_to_result": 2,
    "max_favorable_pct": -2.569271691754358,
    "max_adverse_pct": -11.523411006909013,
    "outcome_tracked": true
  },
  {
    "symbol": "ISRG",
    "timeframe": "historical_1w",
    "timestamp": "2025-08-03",
    "congress_score": 25.0,
    "insider_score": 50,
    "short_interest_pct": 0,
    "combined_score": 43.75,
    "price": 483.1199951171875,
    "price_change_24h": -2.1925330139084034,
    "rsi": 50,
    "position_pct": 19.85271193788991,
    "ta_score": 50,
    "signal_direction": "WAIT",
    "signal_name": "historical_import",
    "confidence": "MEDIUM",
    "hit_tp1": true,
    "hit_sl": false,
    "candles_to_result": 5,
    "max_favorable_pct": -0.5919824019845775,
    "max_adverse_pct": -11.080062783638757,
    "outcome_tracked": true
  },
  {
    "symbol": "ISRG",
    "timeframe": "historical_1w",
    "timestamp": "2025-08-10",
    "congress_score": 0.0,
    "insider_score": 50,
    "short_interest_pct": 0,
    "combined_score": 37.5,
    "price": 470.0799865722656,
    "price_change_24h": -2.7474344550134666,
    "rsi": 50,
    "position_pct": 11.644739104235176,
    "ta_score": 50,
    "signal_direction": "WAIT",
    "signal_name": "historical_import",
    "confidence": "MEDIUM",
    "hit_tp1": false,
    "hit_sl": true,
    "candles_to_result": 1,
    "max_favorable_pct": 2.16559383172004,
    "max_adverse_pct": -8.613425670303549,
    "outcome_tracked": true
  },
  {
    "symbol": "ISRG",
    "timeframe": "historical_1w",
    "timestamp": "2025-08-17",
    "congress_score": 0.0,
    "insider_score": 50,
    "short_interest_pct": 0,
    "combined_score": 37.5,
    "price": 480.260009765625,
    "price_change_24h": 1.7823468376228797,
    "rsi": 50,
    "position_pct": 18.05250743730182,
    "ta_score": 50,
    "signal_direction": "WAIT",
    "signal_name": "historical_import",
    "confidence": "MEDIUM",
    "hit_tp1": true,
    "hit_sl": false,
    "candles_to_result": 4,
    "max_favorable_pct": 13.79461097173823,
    "max_adverse_pct": -10.55053770820148,
    "outcome_tracked": true
  },
  {
    "symbol": "ISRG",
    "timeframe": "historical_1w",
    "timestamp": "2025-08-24",
    "congress_score": 0.0,
    "insider_score": 50,
    "short_interest_pct": 0,
    "combined_score": 37.5,
    "price": 476.1600036621094,
    "price_change_24h": -1.0638287753851585,
    "rsi": 50,
    "position_pct": 15.47177763183094,
    "ta_score": 50,
    "signal_direction": "WAIT",
    "signal_name": "historical_import",
    "confidence": "MEDIUM",
    "hit_tp1": true,
    "hit_sl": false,
    "candles_to_result": 3,
    "max_favorable_pct": 14.77444673270733,
    "max_adverse_pct": -9.780327403824863,
    "outcome_tracked": true
  },
  {
    "symbol": "ISRG",
    "timeframe": "historical_1w",
    "timestamp": "2025-08-31",
    "congress_score": 0.0,
    "insider_score": 50,
    "short_interest_pct": 0,
    "combined_score": 37.5,
    "price": 473.29998779296875,
    "price_change_24h": 1.0374829916816082,
    "rsi": 50,
    "position_pct": 13.671553922094995,
    "ta_score": 50,
    "signal_direction": "WAIT",
    "signal_name": "historical_import",
    "confidence": "MEDIUM",
    "hit_tp1": true,
    "hit_sl": false,
    "candles_to_result": 2,
    "max_favorable_pct": 18.31819447351341,
    "max_adverse_pct": -9.235155838245612,
    "outcome_tracked": true
  },
  {
    "symbol": "ISRG",
    "timeframe": "historical_1w",
    "timestamp": "2025-09-07",
    "congress_score": 50.0,
    "insider_score": 50,
    "short_interest_pct": 0,
    "combined_score": 50.0,
    "price": 466.8599853515625,
    "price_change_24h": -0.47114970860387895,
    "rsi": 50,
    "position_pct": 15.171022456838735,
    "ta_score": 50,
    "signal_direction": "WAIT",
    "signal_name": "historical_import",
    "confidence": "MEDIUM",
    "hit_tp1": false,
    "hit_sl": true,
    "candles_to_result": 1,
    "max_favorable_pct": 19.950310065297135,
    "max_adverse_pct": -7.983119175571712,
    "outcome_tracked": true
  },
  {
    "symbol": "ISRG",
    "timeframe": "historical_1w",
    "timestamp": "2025-09-14",
    "congress_score": 50.0,
    "insider_score": 50,
    "short_interest_pct": 0,
    "combined_score": 50.0,
    "price": 449.67999267578125,
    "price_change_24h": -4.323405813663564,
    "rsi": 50,
    "position_pct": 5.021562603666363,
    "ta_score": 50,
    "signal_direction": "WAIT",
    "signal_name": "historical_import",
    "confidence": "MEDIUM",
    "hit_tp1": false,
    "hit_sl": true,
    "candles_to_result": 1,
    "max_favorable_pct": 24.891032400563713,
    "max_adverse_pct": -4.467620678061941,
    "outcome_tracked": true
  },
  {
    "symbol": "ISRG",
    "timeframe": "historical_1w",
    "timestamp": "2025-09-21",
    "congress_score": 50.0,
    "insider_score": 50,
    "short_interest_pct": 0,
    "combined_score": 50.0,
    "price": 438.7200012207031,
    "price_change_24h": 1.0898894197476068,
    "rsi": 50,
    "position_pct": 2.862151317396434,
    "ta_score": 50,
    "signal_direction": "WAIT",
    "signal_name": "historical_import",
    "confidence": "MEDIUM",
    "hit_tp1": true,
    "hit_sl": false,
    "candles_to_result": 2,
    "max_favorable_pct": 30.71662538135669,
    "max_adverse_pct": -2.0810550823780534,
    "outcome_tracked": true
  },
  {
    "symbol": "ISRG",
    "timeframe": "historical_1w",
    "timestamp": "2025-09-28",
    "congress_score": 66.66666666666666,
    "insider_score": 50,
    "short_interest_pct": 0,
    "combined_score": 54.166666666666664,
    "price": 441.1199951171875,
    "price_change_24h": -0.7715651265249007,
    "rsi": 50,
    "position_pct": 4.219690646817612,
    "ta_score": 50,
    "signal_direction": "WAIT",
    "signal_name": "historical_import",
    "confidence": "MEDIUM",
    "hit_tp1": false,
    "hit_sl": true,
    "candles_to_result": 2,
    "max_favorable_pct": 30.427102199850292,
    "max_adverse_pct": -2.61380098542888,
    "outcome_tracked": true
  },
  {
    "symbol": "ISRG",
    "timeframe": "historical_1w",
    "timestamp": "2025-10-05",
    "congress_score": 100.0,
    "insider_score": 50,
    "short_interest_pct": 0,
    "combined_score": 62.5,
    "price": 452.3500061035156,
    "price_change_24h": 2.989391386166592,
    "rsi": 50,
    "position_pct": 10.571865794472865,
    "ta_score": 50,
    "signal_direction": "WAIT",
    "signal_name": "historical_import",
    "confidence": "MEDIUM",
    "hit_tp1": false,
    "hit_sl": true,
    "candles_to_result": 1,
    "max_favorable_pct": 27.189127687069853,
    "max_adverse_pct": -5.0315042463858415,
    "outcome_tracked": true
  },
  {
    "symbol": "ISRG",
    "timeframe": "historical_1w",
    "timestamp": "2025-10-12",
    "congress_score": 50.0,
    "insider_score": 50,
    "short_interest_pct": 0,
    "combined_score": 50.0,
    "price": 429.5899963378906,
    "price_change_24h": -4.469747157906767,
    "rsi": 50,
    "position_pct": 0.0,
    "ta_score": 50,
    "signal_direction": "WAIT",
    "signal_name": "historical_import",
    "confidence": "MEDIUM",
    "hit_tp1": true,
    "hit_sl": false,
    "candles_to_result": 1,
    "max_favorable_pct": 33.92770589633088,
    "max_adverse_pct": 3.850184754281955,
    "outcome_tracked": true
  },
  {
    "symbol": "ISRG",
    "timeframe": "historical_1w",
    "timestamp": "2025-10-19",
    "congress_score": 50.0,
    "insider_score": 50,
    "short_interest_pct": 0,
    "combined_score": 50.0,
    "price": 446.1300048828125,
    "price_change_24h": 2.38679770368415,
    "rsi": 50,
    "position_pct": 9.145199100772624,
    "ta_score": 50,
    "signal_direction": "WAIT",
    "signal_name": "historical_import",
    "confidence": "MEDIUM",
    "hit_tp1": true,
    "hit_sl": false,
    "candles_to_result": 1,
    "max_favorable_pct": 29.28294739618633,
    "max_adverse_pct": 19.758819951421415,
    "outcome_tracked": true
  },
  {
    "symbol": "ISRG",
    "timeframe": "historical_1w",
    "timestamp": "2025-10-26",
    "congress_score": 0.0,
    "insider_score": 50,
    "short_interest_pct": 0,
    "combined_score": 37.5,
    "price": 546.510009765625,
    "price_change_24h": 19.203003099550727,
    "rsi": 50,
    "position_pct": 64.64668979810918,
    "ta_score": 50,
    "signal_direction": "WAIT",
    "signal_name": "historical_import",
    "confidence": "MEDIUM",
    "hit_tp1": false,
    "hit_sl": false,
    "candles_to_result": 0,
    "max_favorable_pct": 0,
    "max_adverse_pct": 0,
    "outcome_tracked": false
  },
  {
    "symbol": "ISRG",
    "timeframe": "historical_1w",
    "timestamp": "2025-11-02",
    "congress_score": 0.0,
    "insider_score": 50,
    "short_interest_pct": 0,
    "combined_score": 37.5,
    "price": 534.280029296875,
    "price_change_24h": -3.078452735260771,
    "rsi": 50,
    "position_pct": 57.884564731395216,
    "ta_score": 50,
    "signal_direction": "WAIT",
    "signal_name": "historical_import",
    "confidence": "MEDIUM",
    "hit_tp1": false,
    "hit_sl": false,
    "candles_to_result": 0,
    "max_favorable_pct": 0,
    "max_adverse_pct": 0,
    "outcome_tracked": false
  },
  {
    "symbol": "ISRG",
    "timeframe": "historical_1w",
    "timestamp": "2025-11-09",
    "congress_score": 100.0,
    "insider_score": 50,
    "short_interest_pct": 0,
    "combined_score": 62.5,
    "price": 560.0,
    "price_change_24h": 2.9014493283508687,
    "rsi": 50,
    "position_pct": 72.10549166183098,
    "ta_score": 50,
    "signal_direction": "WAIT",
    "signal_name": "historical_import",
    "confidence": "MEDIUM",
    "hit_tp1": false,
    "hit_sl": false,
    "candles_to_result": 0,
    "max_favorable_pct": 0,
    "max_adverse_pct": 0,
    "outcome_tracked": false
  },
  {
    "symbol": "ISRG",
    "timeframe": "historical_1w",
    "timestamp": "2025-11-16",
    "congress_score": 100.0,
    "insider_score": 50,
    "short_interest_pct": 0,
    "combined_score": 62.5,
    "price": 549.510009765625,
    "price_change_24h": -4.632072522729557,
    "rsi": 50,
    "position_pct": 66.30543122063047,
    "ta_score": 50,
    "signal_direction": "WAIT",
    "signal_name": "historical_import",
    "confidence": "MEDIUM",
    "hit_tp1": false,
    "hit_sl": false,
    "candles_to_result": 0,
    "max_favorable_pct": 0,
    "max_adverse_pct": 0,
    "outcome_tracked": false
  },
  {
    "symbol": "ISRG",
    "timeframe": "historical_1w",
    "timestamp": "2025-11-23",
    "congress_score": 100.0,
    "insider_score": 50,
    "short_interest_pct": 0,
    "combined_score": 62.5,
    "price": 561.6099853515625,
    "price_change_24h": 2.7253869108057933,
    "rsi": 50,
    "position_pct": 72.99567479259404,
    "ta_score": 50,
    "signal_direction": "WAIT",
    "signal_name": "historical_import",
    "confidence": "MEDIUM",
    "hit_tp1": false,
    "hit_sl": false,
    "candles_to_result": 0,
    "max_favorable_pct": 0,
    "max_adverse_pct": 0,
    "outcome_tracked": false
  },
  {
    "symbol": "ISRG",
    "timeframe": "historical_1w",
    "timestamp": "2025-11-30",
    "congress_score": 100.0,
    "insider_score": 50,
    "short_interest_pct": 0,
    "combined_score": 62.5,
    "price": 573.47998046875,
    "price_change_24h": 0.8795384484563842,
    "rsi": 50,
    "position_pct": 79.5587589879288,
    "ta_score": 50,
    "signal_direction": "WAIT",
    "signal_name": "historical_import",
    "confidence": "MEDIUM",
    "hit_tp1": false,
    "hit_sl": false,
    "candles_to_result": 0,
    "max_favorable_pct": 0,
    "max_adverse_pct": 0,
    "outcome_tracked": false
  },
  {
    "symbol": "ISRG",
    "timeframe": "historical_1w",
    "timestamp": "2025-12-07",
    "congress_score": 100.0,
    "insider_score": 50,
    "short_interest_pct": 0,
    "combined_score": 62.5,
    "price": 575.3400268554688,
    "price_change_24h": 1.4047326800626951,
    "rsi": 50,
    "position_pct": 80.58720431774928,
    "ta_score": 50,
    "signal_direction": "WAIT",
    "signal_name": "historical_import",
    "confidence": "MEDIUM",
    "hit_tp1": false,
    "hit_sl": false,
    "candles_to_result": 0,
    "max_favorable_pct": 0,
    "max_adverse_pct": 0,
    "outcome_tracked": false
  },
  {
    "symbol": "ISRG",
    "timeframe": "historical_1w",
    "timestamp": "2025-12-14",
    "congress_score": 100.0,
    "insider_score": 50,
    "short_interest_pct": 0,
    "combined_score": 62.5,
    "price": 542.3200073242188,
    "price_change_24h": -4.334175358416938,
    "rsi": 50,
    "position_pct": 62.329979594767224,
    "ta_score": 50,
    "signal_direction": "WAIT",
    "signal_name": "historical_import",
    "confidence": "MEDIUM",
    "hit_tp1": false,
    "hit_sl": false,
    "candles_to_result": 0,
    "max_favorable_pct": 0,
    "max_adverse_pct": 0,
    "outcome_tracked": false
  },
  {
    "symbol": "ISRG",
    "timeframe": "historical_1w",
    "timestamp": "2025-12-21",
    "congress_score": 50,
    "insider_score": 50,
    "short_interest_pct": 0,
    "combined_score": 50.0,
    "price": 572.469970703125,
    "price_change_24h": 2.3144750357143793,
    "rsi": 50,
    "position_pct": 79.00031064279773,
    "ta_score": 50,
    "signal_direction": "WAIT",
    "signal_name": "historical_import",
    "confidence": "MEDIUM",
    "hit_tp1": false,
    "hit_sl": false,
    "candles_to_result": 0,
    "max_favorable_pct": 0,
    "max_adverse_pct": 0,
    "outcome_tracked": false
  },
  {
    "symbol": "ISRG",
    "timeframe": "historical_1w",
    "timestamp": "2025-12-28",
    "congress_score": 50,
    "insider_score": 50,
    "short_interest_pct": 0,
    "combined_score": 50.0,
    "price": 576.77001953125,
    "price_change_24h": -0.5277404529609939,
    "rsi": 50,
    "position_pct": 81.37786701282275,
    "ta_score": 50,
    "signal_direction": "WAIT",
    "signal_name": "historical_import",
    "confidence": "MEDIUM",
    "hit_tp1": false,
    "hit_sl": false,
    "candles_to_result": 0,
    "max_favorable_pct": 0,
    "max_adverse_pct": 0,
    "outcome_tracked": false
  }
]