[
  {
    "symbol": "IWM",
    "timeframe": "historical_1w",
    "timestamp": "2025-06-29",
    "congress_score": 50,
    "insider_score": 50,
    "short_interest_pct": 0,
    "combined_score": 50.0,
    "price": 215.47999572753906,
    "price_change_24h": 1.7518965765826264,
    "rsi": 50,
    "position_pct": 73.9676164943749,
    "ta_score": 50,
    "signal_direction": "WAIT",
    "signal_name": "historical_import",
    "confidence": "MEDIUM",
    "hit_tp1": true,
    "hit_sl": false,
    "candles_to_result": 1,
    "max_favorable_pct": 10.344351673881686,
    "max_adverse_pct": -0.25988378025672126,
    "outcome_tracked": true
  },
  {
    "symbol": "IWM",
    "timeframe": "historical_1w",
    "timestamp": "2025-07-06",
    "congress_score": 50,
    "insider_score": 50,
    "short_interest_pct": 0,
    "combined_score": 50.0,
    "price": 223.0800018310547,
    "price_change_24h": 3.3782885081494407,
    "rsi": 50,
    "position_pct": 87.79335425021367,
    "ta_score": 50,
    "signal_direction": "WAIT",
    "signal_name": "historical_import",
    "confidence": "MEDIUM",
    "hit_tp1": false,
    "hit_sl": true,
    "candles_to_result": 4,
    "max_favorable_pct": 6.840592783566857,
    "max_adverse_pct": -3.6578821925459706,
    "outcome_tracked": true
  },
  {
    "symbol": "IWM",
    "timeframe": "historical_1w",
    "timestamp": "2025-07-13",
    "congress_score": 50,
    "insider_score": 50,
    "short_interest_pct": 0,
    "combined_score": 50.0,
    "price": 221.6999969482422,
    "price_change_24h": 0.8965554357657606,
    "rsi": 50,
    "position_pct": 85.28288447536484,
    "ta_score": 50,
    "signal_direction": "WAIT",
    "signal_name": "historical_import",
    "confidence": "MEDIUM",
    "hit_tp1": false,
    "hit_sl": true,
    "candles_to_result": 3,
    "max_favorable_pct": 9.598556189545135,
    "max_adverse_pct": -3.0581862303226486,
    "outcome_tracked": true
  },
  {
    "symbol": "IWM",
    "timeframe": "historical_1w",
    "timestamp": "2025-07-20",
    "congress_score": 50,
    "insider_score": 50,
    "short_interest_pct": 0,
    "combined_score": 50.0,
    "price": 222.3300018310547,
    "price_change_24h": -0.3853221922775583,
    "rsi": 50,
    "position_pct": 86.42897333056119,
    "ta_score": 50,
    "signal_direction": "WAIT",
    "signal_name": "historical_import",
    "confidence": "MEDIUM",
    "hit_tp1": false,
    "hit_sl": true,
    "candles_to_result": 2,
    "max_favorable_pct": 9.287992500524513,
    "max_adverse_pct": -3.3328851711790697,
    "outcome_tracked": true
  },
  {
    "symbol": "IWM",
    "timeframe": "historical_1w",
    "timestamp": "2025-07-27",
    "congress_score": 50,
    "insider_score": 50,
    "short_interest_pct": 0,
    "combined_score": 50.0,
    "price": 224.3800048828125,
    "price_change_24h": 1.3322550262423893,
    "rsi": 50,
    "position_pct": 90.15828672929148,
    "ta_score": 50,
    "signal_direction": "WAIT",
    "signal_name": "historical_import",
    "confidence": "MEDIUM",
    "hit_tp1": false,
    "hit_sl": true,
    "candles_to_result": 1,
    "max_favorable_pct": 9.559673982289523,
    "max_adverse_pct": -4.216064938053588,
    "outcome_tracked": true
  },
  {
    "symbol": "IWM",
    "timeframe": "historical_1w",
    "timestamp": "2025-08-03",
    "congress_score": 100.0,
    "insider_score": 50,
    "short_interest_pct": 0,
    "combined_score": 62.5,
    "price": 214.9199981689453,
    "price_change_24h": -4.1049425078881105,
    "rsi": 50,
    "position_pct": 72.94888318237852,
    "ta_score": 50,
    "signal_direction": "WAIT",
    "signal_name": "historical_import",
    "confidence": "MEDIUM",
    "hit_tp1": true,
    "hit_sl": false,
    "candles_to_result": 2,
    "max_favorable_pct": 14.382097489974615,
    "max_adverse_pct": 2.5125670953284547,
    "outcome_tracked": true
  },
  {
    "symbol": "IWM",
    "timeframe": "historical_1w",
    "timestamp": "2025-08-10",
    "congress_score": 100.0,
    "insider_score": 50,
    "short_interest_pct": 0,
    "combined_score": 62.5,
    "price": 220.32000732421875,
    "price_change_24h": 0.2685166377608683,
    "rsi": 50,
    "position_pct": 82.77244245891687,
    "ta_score": 50,
    "signal_direction": "WAIT",
    "signal_name": "historical_import",
    "confidence": "MEDIUM",
    "hit_tp1": true,
    "hit_sl": false,
    "candles_to_result": 1,
    "max_favorable_pct": 11.578610048471862,
    "max_adverse_pct": 3.0909573947917885,
    "outcome_tracked": true
  },
  {
    "symbol": "IWM",
    "timeframe": "historical_1w",
    "timestamp": "2025-08-17",
    "congress_score": 100.0,
    "insider_score": 50,
    "short_interest_pct": 0,
    "combined_score": 62.5,
    "price": 227.1300048828125,
    "price_change_24h": 3.114359866205908,
    "rsi": 50,
    "position_pct": 92.74823265868196,
    "ta_score": 50,
    "signal_direction": "WAIT",
    "signal_name": "historical_import",
    "confidence": "MEDIUM",
    "hit_tp1": true,
    "hit_sl": false,
    "candles_to_result": 1,
    "max_favorable_pct": 9.818160222588999,
    "max_adverse_pct": 3.3901275845148655,
    "outcome_tracked": true
  },
  {
    "symbol": "IWM",
    "timeframe": "historical_1w",
    "timestamp": "2025-08-24",
    "congress_score": 100.0,
    "insider_score": 50,
    "short_interest_pct": 0,
    "combined_score": 62.5,
    "price": 234.8300018310547,
    "price_change_24h": 3.013684380967158,
    "rsi": 50,
    "position_pct": 100.0,
    "ta_score": 50,
    "signal_direction": "WAIT",
    "signal_name": "historical_import",
    "confidence": "MEDIUM",
    "hit_tp1": true,
    "hit_sl": false,
    "candles_to_result": 4,
    "max_favorable_pct": 6.217259605197436,
    "max_adverse_pct": 0.14478402897395998,
    "outcome_tracked": true
  },
  {
    "symbol": "IWM",
    "timeframe": "historical_1w",
    "timestamp": "2025-08-31",
    "congress_score": 100.0,
    "insider_score": 50,
    "short_interest_pct": 0,
    "combined_score": 62.5,
    "price": 235.1699981689453,
    "price_change_24h": 1.209329295581249,
    "rsi": 50,
    "position_pct": 98.28989713984657,
    "ta_score": 50,
    "signal_direction": "WAIT",
    "signal_name": "historical_import",
    "confidence": "MEDIUM",
    "hit_tp1": true,
    "hit_sl": false,
    "candles_to_result": 3,
    "max_favorable_pct": 6.063696312397641,
    "max_adverse_pct": 1.1055857991068188,
    "outcome_tracked": true
  },
  {
    "symbol": "IWM",
    "timeframe": "historical_1w",
    "timestamp": "2025-09-07",
    "congress_score": 50,
    "insider_score": 50,
    "short_interest_pct": 0,
    "combined_score": 50.0,
    "price": 237.77000427246094,
    "price_change_24h": 1.6545577071238782,
    "rsi": 50,
    "position_pct": 100.0,
    "ta_score": 50,
    "signal_direction": "WAIT",
    "signal_name": "historical_import",
    "confidence": "MEDIUM",
    "hit_tp1": true,
    "hit_sl": false,
    "candles_to_result": 4,
    "max_favorable_pct": 4.903893760273948,
    "max_adverse_pct": -0.12197019796893885,
    "outcome_tracked": true
  },
  {
    "symbol": "IWM",
    "timeframe": "historical_1w",
    "timestamp": "2025-09-14",
    "congress_score": 50,
    "insider_score": 50,
    "short_interest_pct": 0,
    "combined_score": 50.0,
    "price": 238.33999633789062,
    "price_change_24h": 0.03777390887329486,
    "rsi": 50,
    "position_pct": 96.27158703673511,
    "ta_score": 50,
    "signal_direction": "WAIT",
    "signal_name": "historical_import",
    "confidence": "MEDIUM",
    "hit_tp1": true,
    "hit_sl": false,
    "candles_to_result": 3,
    "max_favorable_pct": 4.653015233821067,
    "max_adverse_pct": -1.1496141128115827,
    "outcome_tracked": true
  },
  {
    "symbol": "IWM",
    "timeframe": "historical_1w",
    "timestamp": "2025-09-21",
    "congress_score": 100.0,
    "insider_score": 50,
    "short_interest_pct": 0,
    "combined_score": 62.5,
    "price": 242.97999572753906,
    "price_change_24h": 1.5166031048495217,
    "rsi": 50,
    "position_pct": 97.34361482120715,
    "ta_score": 50,
    "signal_direction": "WAIT",
    "signal_name": "historical_import",
    "confidence": "MEDIUM",
    "hit_tp1": false,
    "hit_sl": true,
    "candles_to_result": 3,
    "max_favorable_pct": 2.6545382589745237,
    "max_adverse_pct": -3.0372828026134493,
    "outcome_tracked": true
  },
  {
    "symbol": "IWM",
    "timeframe": "historical_1w",
    "timestamp": "2025-09-28",
    "congress_score": 100.0,
    "insider_score": 50,
    "short_interest_pct": 0,
    "combined_score": 62.5,
    "price": 241.33999633789062,
    "price_change_24h": -1.2480064893715126,
    "rsi": 50,
    "position_pct": 95.00142737909228,
    "ta_score": 50,
    "signal_direction": "WAIT",
    "signal_name": "historical_import",
    "confidence": "MEDIUM",
    "hit_tp1": true,
    "hit_sl": false,
    "candles_to_result": 4,
    "max_favorable_pct": 3.907353972678333,
    "max_adverse_pct": -2.378383327038203,
    "outcome_tracked": true
  },
  {
    "symbol": "IWM",
    "timeframe": "historical_1w",
    "timestamp": "2025-10-05",
    "congress_score": 100.0,
    "insider_score": 50,
    "short_interest_pct": 0,
    "combined_score": 62.5,
    "price": 245.8300018310547,
    "price_change_24h": 1.7424082439142932,
    "rsi": 50,
    "position_pct": 100.0,
    "ta_score": 50,
    "signal_direction": "WAIT",
    "signal_name": "historical_import",
    "confidence": "MEDIUM",
    "hit_tp1": false,
    "hit_sl": true,
    "candles_to_result": 1,
    "max_favorable_pct": 3.2624188311940223,
    "max_adverse_pct": -4.161410589163796,
    "outcome_tracked": true
  },
  {
    "symbol": "IWM",
    "timeframe": "historical_1w",
    "timestamp": "2025-10-12",
    "congress_score": 100.0,
    "insider_score": 50,
    "short_interest_pct": 0,
    "combined_score": 62.5,
    "price": 237.7899932861328,
    "price_change_24h": -3.654634885817196,
    "rsi": 50,
    "position_pct": 87.47047437693092,
    "ta_score": 50,
    "signal_direction": "WAIT",
    "signal_name": "historical_import",
    "confidence": "MEDIUM",
    "hit_tp1": true,
    "hit_sl": false,
    "candles_to_result": 2,
    "max_favorable_pct": 6.7538640274310415,
    "max_adverse_pct": -0.9209753330460693,
    "outcome_tracked": true
  },
  {
    "symbol": "IWM",
    "timeframe": "historical_1w",
    "timestamp": "2025-10-19",
    "congress_score": 50,
    "insider_score": 50,
    "short_interest_pct": 0,
    "combined_score": 50.0,
    "price": 243.41000366210938,
    "price_change_24h": -0.4091485557123409,
    "rsi": 50,
    "position_pct": 90.83565266539803,
    "ta_score": 50,
    "signal_direction": "WAIT",
    "signal_name": "historical_import",
    "confidence": "MEDIUM",
    "hit_tp1": false,
    "hit_sl": true,
    "candles_to_result": 4,
    "max_favorable_pct": 4.289060549827929,
    "max_adverse_pct": -3.208577067947968,
    "outcome_tracked": true
  },
  {
    "symbol": "IWM",
    "timeframe": "historical_1w",
    "timestamp": "2025-10-26",
    "congress_score": 50,
    "insider_score": 50,
    "short_interest_pct": 0,
    "combined_score": 50.0,
    "price": 249.42999267578125,
    "price_change_24h": 0.5117621675252194,
    "rsi": 50,
    "position_pct": 98.8080926754776,
    "ta_score": 50,
    "signal_direction": "WAIT",
    "signal_name": "historical_import",
    "confidence": "MEDIUM",
    "hit_tp1": false,
    "hit_sl": false,
    "candles_to_result": 0,
    "max_favorable_pct": 0,
    "max_adverse_pct": 0,
    "outcome_tracked": false
  },
  {
    "symbol": "IWM",
    "timeframe": "historical_1w",
    "timestamp": "2025-11-02",
    "congress_score": 50,
    "insider_score": 50,
    "short_interest_pct": 0,
    "combined_score": 50.0,
    "price": 246.22999572753906,
    "price_change_24h": -1.6260516478608038,
    "rsi": 50,
    "position_pct": 94.57024711722836,
    "ta_score": 50,
    "signal_direction": "WAIT",
    "signal_name": "historical_import",
    "confidence": "MEDIUM",
    "hit_tp1": false,
    "hit_sl": false,
    "candles_to_result": 0,
    "max_favorable_pct": 0,
    "max_adverse_pct": 0,
    "outcome_tracked": false
  },
  {
    "symbol": "IWM",
    "timeframe": "historical_1w",
    "timestamp": "2025-11-09",
    "congress_score": 50,
    "insider_score": 50,
    "short_interest_pct": 0,
    "combined_score": 50.0,
    "price": 241.61000061035156,
    "price_change_24h": -1.5604635727499316,
    "rsi": 50,
    "position_pct": 88.45185822399483,
    "ta_score": 50,
    "signal_direction": "WAIT",
    "signal_name": "historical_import",
    "confidence": "MEDIUM",
    "hit_tp1": false,
    "hit_sl": false,
    "candles_to_result": 0,
    "max_favorable_pct": 0,
    "max_adverse_pct": 0,
    "outcome_tracked": false
  },
  {
    "symbol": "IWM",
    "timeframe": "historical_1w",
    "timestamp": "2025-11-16",
    "congress_score": 50,
    "insider_score": 50,
    "short_interest_pct": 0,
    "combined_score": 50.0,
    "price": 237.47999572753906,
    "price_change_24h": -2.6840974816713823,
    "rsi": 50,
    "position_pct": 82.98237711783662,
    "ta_score": 50,
    "signal_direction": "WAIT",
    "signal_name": "historical_import",
    "confidence": "MEDIUM",
    "hit_tp1": false,
    "hit_sl": false,
    "candles_to_result": 0,
    "max_favorable_pct": 0,
    "max_adverse_pct": 0,
    "outcome_tracked": false
  },
  {
    "symbol": "IWM",
    "timeframe": "historical_1w",
    "timestamp": "2025-11-23",
    "congress_score": 0.0,
    "insider_score": 50,
    "short_interest_pct": 0,
    "combined_score": 37.5,
    "price": 235.60000610351562,
    "price_change_24h": 1.2201459287267165,
    "rsi": 50,
    "position_pct": 80.4926542191636,
    "ta_score": 50,
    "signal_direction": "WAIT",
    "signal_name": "historical_import",
    "confidence": "MEDIUM",
    "hit_tp1": false,
    "hit_sl": false,
    "candles_to_result": 0,
    "max_favorable_pct": 0,
    "max_adverse_pct": 0,
    "outcome_tracked": false
  },
  {
    "symbol": "IWM",
    "timeframe": "historical_1w",
    "timestamp": "2025-11-30",
    "congress_score": 0.0,
    "insider_score": 50,
    "short_interest_pct": 0,
    "combined_score": 37.5,
    "price": 248.75,
    "price_change_24h": 3.6890397368389922,
    "rsi": 50,
    "position_pct": 97.90755933519284,
    "ta_score": 50,
    "signal_direction": "WAIT",
    "signal_name": "historical_import",
    "confidence": "MEDIUM",
    "hit_tp1": false,
    "hit_sl": false,
    "candles_to_result": 0,
    "max_favorable_pct": 0,
    "max_adverse_pct": 0,
    "outcome_tracked": false
  },
  {
    "symbol": "IWM",
    "timeframe": "historical_1w",
    "timestamp": "2025-12-07",
    "congress_score": 0.0,
    "insider_score": 50,
    "short_interest_pct": 0,
    "combined_score": 37.5,
    "price": 250.77000427246094,
    "price_change_24h": 2.0967385626794437,
    "rsi": 50,
    "position_pct": 98.63635967304181,
    "ta_score": 50,
    "signal_direction": "WAIT",
    "signal_name": "historical_import",
    "confidence": "MEDIUM",
    "hit_tp1": false,
    "hit_sl": false,
    "candles_to_result": 0,
    "max_favorable_pct": 0,
    "max_adverse_pct": 0,
    "outcome_tracked": false
  },
  {
    "symbol": "IWM",
    "timeframe": "historical_1w",
    "timestamp": "2025-12-14",
    "congress_score": 0.0,
    "insider_score": 50,
    "short_interest_pct": 0,
    "combined_score": 37.5,
    "price": 253.85000610351562,
    "price_change_24h": 1.187870627946594,
    "rsi": 50,
    "position_pct": 95.23983776913437,
    "ta_score": 50,
    "signal_direction": "WAIT",
    "signal_name": "historical_import",
    "confidence": "MEDIUM",
    "hit_tp1": false,
    "hit_sl": false,
    "candles_to_result": 0,
    "max_favorable_pct": 0,
    "max_adverse_pct": 0,
    "outcome_tracked": false
  },
  {
    "symbol": "IWM",
    "timeframe": "historical_1w",
    "timestamp": "2025-12-21",
    "congress_score": 0.0,
    "insider_score": 50,
    "short_interest_pct": 0,
    "combined_score": 37.5,
    "price": 250.7899932861328,
    "price_change_24h": -0.4525064195574157,
    "rsi": 50,
    "position_pct": 91.55218587997152,
    "ta_score": 50,
    "signal_direction": "WAIT",
    "signal_name": "historical_import",
    "confidence": "MEDIUM",
    "hit_tp1": false,
    "hit_sl": false,
    "candles_to_result": 0,
    "max_favorable_pct": 0,
    "max_adverse_pct": 0,
    "outcome_tracked": false
  },
  {
    "symbol": "IWM",
    "timeframe": "historical_1w",
    "timestamp": "2025-12-28",
    "congress_score": 50,
    "insider_score": 50,
    "short_interest_pct": 0,
    "combined_score": 50.0,
    "price": 251.1999969482422,
    "price_change_24h": -0.9385617421038415,
    "rsi": 50,
    "position_pct": 92.04628537215419,
    "ta_score": 50,
    "signal_direction": "WAIT",
    "signal_name": "historical_import",
    "confidence": "MEDIUM",
    "hit_tp1": false,
    "hit_sl": false,
    "candles_to_result": 0,
    "max_favorable_pct": 0,
    "max_adverse_pct": 0,
    "outcome_tracked": false
  }
]