[
  {
    "symbol": "JNJ",
    "timeframe": "historical_1w",
    "timestamp": "2025-06-29",
    "congress_score": 33.33333333333333,
    "insider_score": 50,
    "short_interest_pct": 0,
    "combined_score": 45.83333333333333,
    "price": 152.41000366210938,
    "price_change_24h": 0.7203253272088438,
    "rsi": 50,
    "position_pct": 40.36663943016396,
    "ta_score": 50,
    "signal_direction": "WAIT",
    "signal_name": "historical_import",
    "confidence": "MEDIUM",
    "hit_tp1": false,
    "hit_sl": true,
    "candles_to_result": 1,
    "max_favorable_pct": 17.636630784168183,
    "max_adverse_pct": 2.3620436705110817,
    "outcome_tracked": true
  },
  {
    "symbol": "JNJ",
    "timeframe": "historical_1w",
    "timestamp": "2025-07-06",
    "congress_score": 20.0,
    "insider_score": 50,
    "short_interest_pct": 0,
    "combined_score": 42.5,
    "price": 156.00999450683594,
    "price_change_24h": 2.1342026231331834,
    "rsi": 50,
    "position_pct": 54.407165679864164,
    "ta_score": 50,
    "signal_direction": "WAIT",
    "signal_name": "historical_import",
    "confidence": "MEDIUM",
    "hit_tp1": false,
    "hit_sl": true,
    "candles_to_result": 2,
    "max_favorable_pct": 14.92212011985989,
    "max_adverse_pct": 0.5704758803830611,
    "outcome_tracked": true
  },
  {
    "symbol": "JNJ",
    "timeframe": "historical_1w",
    "timestamp": "2025-07-13",
    "congress_score": 12.5,
    "insider_score": 50,
    "short_interest_pct": 0,
    "combined_score": 40.625,
    "price": 156.89999389648438,
    "price_change_24h": 1.0497775353719987,
    "rsi": 50,
    "position_pct": 57.87830222758091,
    "ta_score": 50,
    "signal_direction": "WAIT",
    "signal_name": "historical_import",
    "confidence": "MEDIUM",
    "hit_tp1": false,
    "hit_sl": true,
    "candles_to_result": 1,
    "max_favorable_pct": 14.270235985108043,
    "max_adverse_pct": 4.333972795591153,
    "outcome_tracked": true
  },
  {
    "symbol": "JNJ",
    "timeframe": "historical_1w",
    "timestamp": "2025-07-20",
    "congress_score": 0.0,
    "insider_score": 50,
    "short_interest_pct": 0,
    "combined_score": 37.5,
    "price": 163.6999969482422,
    "price_change_24h": 4.387188689386648,
    "rsi": 50,
    "position_pct": 84.39937560367139,
    "ta_score": 50,
    "signal_direction": "WAIT",
    "signal_name": "historical_import",
    "confidence": "MEDIUM",
    "hit_tp1": false,
    "hit_sl": true,
    "candles_to_result": 1,
    "max_favorable_pct": 9.523516572098526,
    "max_adverse_pct": 2.2174740076264117,
    "outcome_tracked": true
  },
  {
    "symbol": "JNJ",
    "timeframe": "historical_1w",
    "timestamp": "2025-07-27",
    "congress_score": 50.0,
    "insider_score": 50,
    "short_interest_pct": 0,
    "combined_score": 50.0,
    "price": 168.3000030517578,
    "price_change_24h": 2.39717840519289,
    "rsi": 50,
    "position_pct": 95.41820179332386,
    "ta_score": 50,
    "signal_direction": "WAIT",
    "signal_name": "historical_import",
    "confidence": "MEDIUM",
    "hit_tp1": true,
    "hit_sl": false,
    "candles_to_result": 3,
    "max_favorable_pct": 6.530000020852772,
    "max_adverse_pct": -0.5763524676852309,
    "outcome_tracked": true
  },
  {
    "symbol": "JNJ",
    "timeframe": "historical_1m",
    "timestamp": "2025-07-28",
    "congress_score": 38.46153846153847,
    "insider_score": 50,
    "short_interest_pct": 0,
    "combined_score": 47.11538461538461,
    "price": 0,
    "price_change_24h": 0,
    "rsi": 50,
    "position_pct": 50,
    "ta_score": 50,
    "signal_direction": "WAIT",
    "signal_name": "quiver_only_import",
    "confidence": "LOW",
    "hit_tp1": false,
    "hit_sl": false,
    "candles_to_result": 0,
    "max_favorable_pct": 0,
    "max_adverse_pct": 0,
    "outcome_tracked": false
  },
  {
    "symbol": "JNJ",
    "timeframe": "historical_1w",
    "timestamp": "2025-08-03",
    "congress_score": 66.66666666666666,
    "insider_score": 50,
    "short_interest_pct": 0,
    "combined_score": 54.166666666666664,
    "price": 167.3300018310547,
    "price_change_24h": 0.6677900386234079,
    "rsi": 50,
    "position_pct": 91.89092462713067,
    "ta_score": 50,
    "signal_direction": "WAIT",
    "signal_name": "historical_import",
    "confidence": "MEDIUM",
    "hit_tp1": true,
    "hit_sl": false,
    "candles_to_result": 1,
    "max_favorable_pct": 7.398556593163738,
    "max_adverse_pct": 3.5857287601406473,
    "outcome_tracked": true
  },
  {
    "symbol": "JNJ",
    "timeframe": "historical_1w",
    "timestamp": "2025-08-10",
    "congress_score": 83.33333333333334,
    "insider_score": 50,
    "short_interest_pct": 0,
    "combined_score": 58.333333333333336,
    "price": 173.3300018310547,
    "price_change_24h": 1.3388731494457673,
    "rsi": 50,
    "position_pct": 100.0,
    "ta_score": 50,
    "signal_direction": "WAIT",
    "signal_name": "historical_import",
    "confidence": "MEDIUM",
    "hit_tp1": true,
    "hit_sl": false,
    "candles_to_result": 2,
    "max_favorable_pct": 8.832860668585496,
    "max_adverse_pct": 1.6500320660812169,
    "outcome_tracked": true
  },
  {
    "symbol": "JNJ",
    "timeframe": "historical_1w",
    "timestamp": "2025-08-17",
    "congress_score": 71.42857142857143,
    "insider_score": 50,
    "short_interest_pct": 0,
    "combined_score": 55.35714285714286,
    "price": 176.63999938964844,
    "price_change_24h": 1.622363333680962,
    "rsi": 50,
    "position_pct": 100.0,
    "ta_score": 50,
    "signal_direction": "WAIT",
    "signal_name": "historical_import",
    "confidence": "MEDIUM",
    "hit_tp1": true,
    "hit_sl": false,
    "candles_to_result": 7,
    "max_favorable_pct": 7.971015556898724,
    "max_adverse_pct": -0.25475370799200675,
    "outcome_tracked": true
  },
  {
    "symbol": "JNJ",
    "timeframe": "historical_1w",
    "timestamp": "2025-08-24",
    "congress_score": 62.5,
    "insider_score": 50,
    "short_interest_pct": 0,
    "combined_score": 53.125,
    "price": 179.2899932861328,
    "price_change_24h": 1.7248188857491136,
    "rsi": 50,
    "position_pct": 100.0,
    "ta_score": 50,
    "signal_direction": "WAIT",
    "signal_name": "historical_import",
    "confidence": "MEDIUM",
    "hit_tp1": true,
    "hit_sl": false,
    "candles_to_result": 6,
    "max_favorable_pct": 7.769540106088971,
    "max_adverse_pct": -1.7290372919916503,
    "outcome_tracked": true
  },
  {
    "symbol": "JNJ",
    "timeframe": "historical_1m",
    "timestamp": "2025-08-28",
    "congress_score": 50.0,
    "insider_score": 50,
    "short_interest_pct": 0,
    "combined_score": 50.0,
    "price": 0,
    "price_change_24h": 0,
    "rsi": 50,
    "position_pct": 50,
    "ta_score": 50,
    "signal_direction": "WAIT",
    "signal_name": "quiver_only_import",
    "confidence": "LOW",
    "hit_tp1": false,
    "hit_sl": false,
    "candles_to_result": 0,
    "max_favorable_pct": 0,
    "max_adverse_pct": 0,
    "outcome_tracked": false
  },
  {
    "symbol": "JNJ",
    "timeframe": "historical_1w",
    "timestamp": "2025-08-31",
    "congress_score": 60.0,
    "insider_score": 50,
    "short_interest_pct": 0,
    "combined_score": 52.5,
    "price": 177.1699981689453,
    "price_change_24h": -0.6950313702770324,
    "rsi": 50,
    "position_pct": 94.30567993425973,
    "ta_score": 50,
    "signal_direction": "WAIT",
    "signal_name": "historical_import",
    "confidence": "MEDIUM",
    "hit_tp1": true,
    "hit_sl": false,
    "candles_to_result": 5,
    "max_favorable_pct": 9.059097599839049,
    "max_adverse_pct": -0.553138645181088,
    "outcome_tracked": true
  },
  {
    "symbol": "JNJ",
    "timeframe": "historical_1w",
    "timestamp": "2025-09-07",
    "congress_score": 0.0,
    "insider_score": 50,
    "short_interest_pct": 0,
    "combined_score": 37.5,
    "price": 178.42999267578125,
    "price_change_24h": 0.20779238585901172,
    "rsi": 50,
    "position_pct": 97.69003301358045,
    "ta_score": 50,
    "signal_direction": "WAIT",
    "signal_name": "historical_import",
    "confidence": "MEDIUM",
    "hit_tp1": false,
    "hit_sl": true,
    "candles_to_result": 4,
    "max_favorable_pct": 8.288969989365112,
    "max_adverse_pct": -1.255388850710321,
    "outcome_tracked": true
  },
  {
    "symbol": "JNJ",
    "timeframe": "historical_1w",
    "timestamp": "2025-09-14",
    "congress_score": 0.0,
    "insider_score": 50,
    "short_interest_pct": 0,
    "combined_score": 37.5,
    "price": 178.05999755859375,
    "price_change_24h": -0.03930125318573149,
    "rsi": 50,
    "position_pct": 96.69622382838676,
    "ta_score": 50,
    "signal_direction": "WAIT",
    "signal_name": "historical_import",
    "confidence": "MEDIUM",
    "hit_tp1": false,
    "hit_sl": true,
    "candles_to_result": 3,
    "max_favorable_pct": 8.513986223728164,
    "max_adverse_pct": -1.0502050672960082,
    "outcome_tracked": true
  },
  {
    "symbol": "JNJ",
    "timeframe": "historical_1w",
    "timestamp": "2025-09-21",
    "congress_score": 50,
    "insider_score": 50,
    "short_interest_pct": 0,
    "combined_score": 50.0,
    "price": 176.19000244140625,
    "price_change_24h": -0.6820696148299608,
    "rsi": 50,
    "position_pct": 91.67340531701029,
    "ta_score": 50,
    "signal_direction": "WAIT",
    "signal_name": "historical_import",
    "confidence": "MEDIUM",
    "hit_tp1": true,
    "hit_sl": false,
    "candles_to_result": 2,
    "max_favorable_pct": 11.203808366447882,
    "max_adverse_pct": 1.9978456346474882,
    "outcome_tracked": true
  },
  {
    "symbol": "JNJ",
    "timeframe": "historical_1m",
    "timestamp": "2025-09-28",
    "congress_score": 42.857142857142854,
    "insider_score": 50,
    "short_interest_pct": 0,
    "combined_score": 48.214285714285715,
    "price": 0,
    "price_change_24h": 0,
    "rsi": 50,
    "position_pct": 50,
    "ta_score": 50,
    "signal_direction": "WAIT",
    "signal_name": "quiver_only_import",
    "confidence": "LOW",
    "hit_tp1": false,
    "hit_sl": false,
    "candles_to_result": 0,
    "max_favorable_pct": 0,
    "max_adverse_pct": 0,
    "outcome_tracked": false
  },
  {
    "symbol": "JNJ",
    "timeframe": "historical_1w",
    "timestamp": "2025-09-28",
    "congress_score": 0.0,
    "insider_score": 50,
    "short_interest_pct": 0,
    "combined_score": 37.5,
    "price": 179.7100067138672,
    "price_change_24h": 3.1571091143079544,
    "rsi": 50,
    "position_pct": 100.0,
    "ta_score": 50,
    "signal_direction": "WAIT",
    "signal_name": "historical_import",
    "confidence": "MEDIUM",
    "hit_tp1": false,
    "hit_sl": true,
    "candles_to_result": 1,
    "max_favorable_pct": 13.460567736293221,
    "max_adverse_pct": 3.817261339973127,
    "outcome_tracked": true
  },
  {
    "symbol": "JNJ",
    "timeframe": "historical_1w",
    "timestamp": "2025-10-05",
    "congress_score": 50.0,
    "insider_score": 50,
    "short_interest_pct": 0,
    "combined_score": 50.0,
    "price": 188.63999938964844,
    "price_change_24h": 3.8652155385927567,
    "rsi": 50,
    "position_pct": 100.0,
    "ta_score": 50,
    "signal_direction": "WAIT",
    "signal_name": "historical_import",
    "confidence": "MEDIUM",
    "hit_tp1": true,
    "hit_sl": false,
    "candles_to_result": 6,
    "max_favorable_pct": 9.690414990692576,
    "max_adverse_pct": -1.0973240416280863,
    "outcome_tracked": true
  },
  {
    "symbol": "JNJ",
    "timeframe": "historical_1w",
    "timestamp": "2025-10-12",
    "congress_score": 25.0,
    "insider_score": 50,
    "short_interest_pct": 0,
    "combined_score": 43.75,
    "price": 190.72000122070312,
    "price_change_24h": 1.360542893691104,
    "rsi": 50,
    "position_pct": 99.26560469405383,
    "ta_score": 50,
    "signal_direction": "WAIT",
    "signal_name": "historical_import",
    "confidence": "MEDIUM",
    "hit_tp1": false,
    "hit_sl": true,
    "candles_to_result": 5,
    "max_favorable_pct": 8.49412586228719,
    "max_adverse_pct": -2.1759615509240477,
    "outcome_tracked": true
  },
  {
    "symbol": "JNJ",
    "timeframe": "historical_1w",
    "timestamp": "2025-10-19",
    "congress_score": 25.0,
    "insider_score": 50,
    "short_interest_pct": 0,
    "combined_score": 43.75,
    "price": 193.22000122070312,
    "price_change_24h": 1.2152998420087826,
    "rsi": 50,
    "position_pct": 100.0,
    "ta_score": 50,
    "signal_direction": "WAIT",
    "signal_name": "historical_import",
    "confidence": "MEDIUM",
    "hit_tp1": true,
    "hit_sl": false,
    "candles_to_result": 3,
    "max_favorable_pct": 9.502122189400094,
    "max_adverse_pct": -3.441669524102995,
    "outcome_tracked": true
  },
  {
    "symbol": "JNJ",
    "timeframe": "historical_1w",
    "timestamp": "2025-10-26",
    "congress_score": 33.33333333333333,
    "insider_score": 50,
    "short_interest_pct": 0,
    "combined_score": 45.83333333333333,
    "price": 190.39999389648438,
    "price_change_24h": -1.7138175218346718,
    "rsi": 50,
    "position_pct": 93.5733505829117,
    "ta_score": 50,
    "signal_direction": "WAIT",
    "signal_name": "historical_import",
    "confidence": "MEDIUM",
    "hit_tp1": false,
    "hit_sl": true,
    "candles_to_result": 3,
    "max_favorable_pct": 11.123954103740855,
    "max_adverse_pct": -2.0115476339499736,
    "outcome_tracked": true
  },
  {
    "symbol": "JNJ",
    "timeframe": "historical_1m",
    "timestamp": "2025-10-28",
    "congress_score": 25.0,
    "insider_score": 50,
    "short_interest_pct": 0,
    "combined_score": 43.75,
    "price": 0,
    "price_change_24h": 0,
    "rsi": 50,
    "position_pct": 50,
    "ta_score": 50,
    "signal_direction": "WAIT",
    "signal_name": "quiver_only_import",
    "confidence": "LOW",
    "hit_tp1": false,
    "hit_sl": false,
    "candles_to_result": 0,
    "max_favorable_pct": 0,
    "max_adverse_pct": 0,
    "outcome_tracked": false
  },
  {
    "symbol": "JNJ",
    "timeframe": "historical_1w",
    "timestamp": "2025-11-02",
    "congress_score": 50.0,
    "insider_score": 50,
    "short_interest_pct": 0,
    "combined_score": 50.0,
    "price": 188.8699951171875,
    "price_change_24h": -0.751449244160747,
    "rsi": 50,
    "position_pct": 90.61168068194908,
    "ta_score": 50,
    "signal_direction": "WAIT",
    "signal_name": "historical_import",
    "confidence": "MEDIUM",
    "hit_tp1": false,
    "hit_sl": false,
    "candles_to_result": 0,
    "max_favorable_pct": 0,
    "max_adverse_pct": 0,
    "outcome_tracked": false
  },
  {
    "symbol": "JNJ",
    "timeframe": "historical_1w",
    "timestamp": "2025-11-09",
    "congress_score": 60.0,
    "insider_score": 50,
    "short_interest_pct": 0,
    "combined_score": 52.5,
    "price": 186.57000732421875,
    "price_change_24h": 0.1664409033209945,
    "rsi": 50,
    "position_pct": 86.15951724810151,
    "ta_score": 50,
    "signal_direction": "WAIT",
    "signal_name": "historical_import",
    "confidence": "MEDIUM",
    "hit_tp1": false,
    "hit_sl": false,
    "candles_to_result": 0,
    "max_favorable_pct": 0,
    "max_adverse_pct": 0,
    "outcome_tracked": false
  },
  {
    "symbol": "JNJ",
    "timeframe": "historical_1w",
    "timestamp": "2025-11-16",
    "congress_score": 66.66666666666666,
    "insider_score": 50,
    "short_interest_pct": 0,
    "combined_score": 54.166666666666664,
    "price": 195.92999267578125,
    "price_change_24h": 3.991289670137722,
    "rsi": 50,
    "position_pct": 100.0,
    "ta_score": 50,
    "signal_direction": "WAIT",
    "signal_name": "historical_import",
    "confidence": "MEDIUM",
    "hit_tp1": false,
    "hit_sl": false,
    "candles_to_result": 0,
    "max_favorable_pct": 0,
    "max_adverse_pct": 0,
    "outcome_tracked": false
  },
  {
    "symbol": "JNJ",
    "timeframe": "historical_1w",
    "timestamp": "2025-11-23",
    "congress_score": 60.0,
    "insider_score": 50,
    "short_interest_pct": 0,
    "combined_score": 52.5,
    "price": 203.89999389648438,
    "price_change_24h": 2.1645415501531957,
    "rsi": 50,
    "position_pct": 100.0,
    "ta_score": 50,
    "signal_direction": "WAIT",
    "signal_name": "historical_import",
    "confidence": "MEDIUM",
    "hit_tp1": false,
    "hit_sl": false,
    "candles_to_result": 0,
    "max_favorable_pct": 0,
    "max_adverse_pct": 0,
    "outcome_tracked": false
  },
  {
    "symbol": "JNJ",
    "timeframe": "historical_1m",
    "timestamp": "2025-11-28",
    "congress_score": 53.84615384615385,
    "insider_score": 50,
    "short_interest_pct": 0,
    "combined_score": 50.96153846153846,
    "price": 0,
    "price_change_24h": 0,
    "rsi": 50,
    "position_pct": 50,
    "ta_score": 50,
    "signal_direction": "WAIT",
    "signal_name": "quiver_only_import",
    "confidence": "LOW",
    "hit_tp1": false,
    "hit_sl": false,
    "candles_to_result": 0,
    "max_favorable_pct": 0,
    "max_adverse_pct": 0,
    "outcome_tracked": false
  },
  {
    "symbol": "JNJ",
    "timeframe": "historical_1w",
    "timestamp": "2025-11-30",
    "congress_score": 40.0,
    "insider_score": 50,
    "short_interest_pct": 0,
    "combined_score": 47.5,
    "price": 206.9199981689453,
    "price_change_24h": 0.4222252386810038,
    "rsi": 50,
    "position_pct": 99.02290169519323,
    "ta_score": 50,
    "signal_direction": "WAIT",
    "signal_name": "historical_import",
    "confidence": "MEDIUM",
    "hit_tp1": false,
    "hit_sl": false,
    "candles_to_result": 0,
    "max_favorable_pct": 0,
    "max_adverse_pct": 0,
    "outcome_tracked": false
  },
  {
    "symbol": "JNJ",
    "timeframe": "historical_1w",
    "timestamp": "2025-12-07",
    "congress_score": 33.33333333333333,
    "insider_score": 50,
    "short_interest_pct": 0,
    "combined_score": 45.83333333333333,
    "price": 201.92999267578125,
    "price_change_24h": -1.6606621812236488,
    "rsi": 50,
    "position_pct": 91.40457269799617,
    "ta_score": 50,
    "signal_direction": "WAIT",
    "signal_name": "historical_import",
    "confidence": "MEDIUM",
    "hit_tp1": false,
    "hit_sl": false,
    "candles_to_result": 0,
    "max_favorable_pct": 0,
    "max_adverse_pct": 0,
    "outcome_tracked": false
  },
  {
    "symbol": "JNJ",
    "timeframe": "historical_1w",
    "timestamp": "2025-12-14",
    "congress_score": 0.0,
    "insider_score": 50,
    "short_interest_pct": 0,
    "combined_score": 37.5,
    "price": 211.5800018310547,
    "price_change_24h": 4.939989562085912,
    "rsi": 50,
    "position_pct": 100.0,
    "ta_score": 50,
    "signal_direction": "WAIT",
    "signal_name": "historical_import",
    "confidence": "MEDIUM",
    "hit_tp1": false,
    "hit_sl": false,
    "candles_to_result": 0,
    "max_favorable_pct": 0,
    "max_adverse_pct": 0,
    "outcome_tracked": false
  },
  {
    "symbol": "JNJ",
    "timeframe": "historical_1w",
    "timestamp": "2025-12-21",
    "congress_score": 50,
    "insider_score": 50,
    "short_interest_pct": 0,
    "combined_score": 50.0,
    "price": 206.3699951171875,
    "price_change_24h": -3.6419681180577297,
    "rsi": 50,
    "position_pct": 89.18318820449697,
    "ta_score": 50,
    "signal_direction": "WAIT",
    "signal_name": "historical_import",
    "confidence": "MEDIUM",
    "hit_tp1": false,
    "hit_sl": false,
    "candles_to_result": 0,
    "max_favorable_pct": 0,
    "max_adverse_pct": 0,
    "outcome_tracked": false
  },
  {
    "symbol": "JNJ",
    "timeframe": "historical_1w",
    "timestamp": "2025-12-28",
    "congress_score": 50,
    "insider_score": 50,
    "short_interest_pct": 0,
    "combined_score": 50.0,
    "price": 207.0800018310547,
    "price_change_24h": -0.11576571709682046,
    "rsi": 50,
    "position_pct": 90.16780435739888,
    "ta_score": 50,
    "signal_direction": "WAIT",
    "signal_name": "historical_import",
    "confidence": "MEDIUM",
    "hit_tp1": false,
    "hit_sl": false,
    "candles_to_result": 0,
    "max_favorable_pct": 0,
    "max_adverse_pct": 0,
    "outcome_tracked": false
  }
]