[
  {
    "symbol": "JPM",
    "timeframe": "historical_1w",
    "timestamp": "2025-06-29",
    "congress_score": 62.5,
    "insider_score": 50,
    "short_interest_pct": 0,
    "combined_score": 53.125,
    "price": 287.1099853515625,
    "price_change_24h": 3.176769571603462,
    "rsi": 50,
    "position_pct": 97.91001067551302,
    "ta_score": 50,
    "signal_direction": "WAIT",
    "signal_name": "historical_import",
    "confidence": "MEDIUM",
    "hit_tp1": true,
    "hit_sl": false,
    "candles_to_result": 1,
    "max_favorable_pct": 4.008920049064522,
    "max_adverse_pct": -0.08707464482430947,
    "outcome_tracked": true
  },
  {
    "symbol": "JPM",
    "timeframe": "historical_1w",
    "timestamp": "2025-07-06",
    "congress_score": 63.63636363636363,
    "insider_score": 50,
    "short_interest_pct": 0,
    "combined_score": 53.40909090909091,
    "price": 296.0,
    "price_change_24h": 2.1006506367364013,
    "rsi": 50,
    "position_pct": 100.0,
    "ta_score": 50,
    "signal_direction": "WAIT",
    "signal_name": "historical_import",
    "confidence": "MEDIUM",
    "hit_tp1": false,
    "hit_sl": true,
    "candles_to_result": 1,
    "max_favorable_pct": 1.8310856174778294,
    "max_adverse_pct": -3.087842786634291,
    "outcome_tracked": true
  },
  {
    "symbol": "JPM",
    "timeframe": "historical_1w",
    "timestamp": "2025-07-13",
    "congress_score": 70.0,
    "insider_score": 50,
    "short_interest_pct": 0,
    "combined_score": 55.0,
    "price": 286.8599853515625,
    "price_change_24h": -1.7501852408727128,
    "rsi": 50,
    "position_pct": 89.33736057130388,
    "ta_score": 50,
    "signal_direction": "WAIT",
    "signal_name": "historical_import",
    "confidence": "MEDIUM",
    "hit_tp1": true,
    "hit_sl": false,
    "candles_to_result": 2,
    "max_favorable_pct": 5.075656703505638,
    "max_adverse_pct": 0.6623525451742308,
    "outcome_tracked": true
  },
  {
    "symbol": "JPM",
    "timeframe": "historical_1w",
    "timestamp": "2025-07-20",
    "congress_score": 82.35294117647058,
    "insider_score": 50,
    "short_interest_pct": 0,
    "combined_score": 58.088235294117645,
    "price": 291.2699890136719,
    "price_change_24h": 0.89018936542256,
    "rsi": 50,
    "position_pct": 94.48202179308214,
    "ta_score": 50,
    "signal_direction": "WAIT",
    "signal_name": "historical_import",
    "confidence": "MEDIUM",
    "hit_tp1": true,
    "hit_sl": false,
    "candles_to_result": 6,
    "max_favorable_pct": 5.369593586142985,
    "max_adverse_pct": -0.8617363074535836,
    "outcome_tracked": true
  },
  {
    "symbol": "JPM",
    "timeframe": "historical_1w",
    "timestamp": "2025-07-27",
    "congress_score": 81.81818181818183,
    "insider_score": 50,
    "short_interest_pct": 0,
    "combined_score": 57.95454545454545,
    "price": 298.6199951171875,
    "price_change_24h": 2.6291349157612274,
    "rsi": 50,
    "position_pct": 100.0,
    "ta_score": 50,
    "signal_direction": "WAIT",
    "signal_name": "historical_import",
    "confidence": "MEDIUM",
    "hit_tp1": false,
    "hit_sl": true,
    "candles_to_result": 1,
    "max_favorable_pct": 5.411561156769727,
    "max_adverse_pct": -3.3018503492015476,
    "outcome_tracked": true
  },
  {
    "symbol": "JPM",
    "timeframe": "historical_1m",
    "timestamp": "2025-07-28",
    "congress_score": 76.66666666666667,
    "insider_score": 50,
    "short_interest_pct": 0,
    "combined_score": 56.66666666666667,
    "price": 0,
    "price_change_24h": 0,
    "rsi": 50,
    "position_pct": 50,
    "ta_score": 50,
    "signal_direction": "WAIT",
    "signal_name": "quiver_only_import",
    "confidence": "LOW",
    "hit_tp1": false,
    "hit_sl": false,
    "candles_to_result": 0,
    "max_favorable_pct": 0,
    "max_adverse_pct": 0,
    "outcome_tracked": false
  },
  {
    "symbol": "JPM",
    "timeframe": "historical_1w",
    "timestamp": "2025-08-03",
    "congress_score": 84.21052631578947,
    "insider_score": 50,
    "short_interest_pct": 0,
    "combined_score": 58.55263157894737,
    "price": 289.3699951171875,
    "price_change_24h": -2.9871274301238206,
    "rsi": 50,
    "position_pct": 88.51705756601923,
    "ta_score": 50,
    "signal_direction": "WAIT",
    "signal_name": "historical_import",
    "confidence": "MEDIUM",
    "hit_tp1": true,
    "hit_sl": false,
    "candles_to_result": 4,
    "max_favorable_pct": 9.223486502322908,
    "max_adverse_pct": -0.21079771982422416,
    "outcome_tracked": true
  },
  {
    "symbol": "JPM",
    "timeframe": "historical_1w",
    "timestamp": "2025-08-10",
    "congress_score": 82.35294117647058,
    "insider_score": 50,
    "short_interest_pct": 0,
    "combined_score": 58.088235294117645,
    "price": 288.760009765625,
    "price_change_24h": -1.86909529581702,
    "rsi": 50,
    "position_pct": 87.83436555718399,
    "ta_score": 50,
    "signal_direction": "WAIT",
    "signal_name": "historical_import",
    "confidence": "MEDIUM",
    "hit_tp1": true,
    "hit_sl": false,
    "candles_to_result": 3,
    "max_favorable_pct": 9.454213488608435,
    "max_adverse_pct": 0.5991066665201169,
    "outcome_tracked": true
  },
  {
    "symbol": "JPM",
    "timeframe": "historical_1w",
    "timestamp": "2025-08-17",
    "congress_score": 75.0,
    "insider_score": 50,
    "short_interest_pct": 0,
    "combined_score": 56.25,
    "price": 290.489990234375,
    "price_change_24h": 0.32117443142092233,
    "rsi": 50,
    "position_pct": 89.77054949739072,
    "ta_score": 50,
    "signal_direction": "WAIT",
    "signal_name": "historical_import",
    "confidence": "MEDIUM",
    "hit_tp1": true,
    "hit_sl": false,
    "candles_to_result": 2,
    "max_favorable_pct": 8.802371229242079,
    "max_adverse_pct": 1.3391217526286994,
    "outcome_tracked": true
  },
  {
    "symbol": "JPM",
    "timeframe": "historical_1w",
    "timestamp": "2025-08-24",
    "congress_score": 100.0,
    "insider_score": 50,
    "short_interest_pct": 0,
    "combined_score": 62.5,
    "price": 296.239990234375,
    "price_change_24h": 1.6156112492024637,
    "rsi": 50,
    "position_pct": 96.20591559388365,
    "ta_score": 50,
    "signal_direction": "WAIT",
    "signal_name": "historical_import",
    "confidence": "MEDIUM",
    "hit_tp1": true,
    "hit_sl": false,
    "candles_to_result": 3,
    "max_favorable_pct": 6.690523891976176,
    "max_adverse_pct": -0.6278643710766203,
    "outcome_tracked": true
  },
  {
    "symbol": "JPM",
    "timeframe": "historical_1m",
    "timestamp": "2025-08-28",
    "congress_score": 83.33333333333334,
    "insider_score": 50,
    "short_interest_pct": 0,
    "combined_score": 58.333333333333336,
    "price": 0,
    "price_change_24h": 0,
    "rsi": 50,
    "position_pct": 50,
    "ta_score": 50,
    "signal_direction": "WAIT",
    "signal_name": "quiver_only_import",
    "confidence": "LOW",
    "hit_tp1": false,
    "hit_sl": false,
    "candles_to_result": 0,
    "max_favorable_pct": 0,
    "max_adverse_pct": 0,
    "outcome_tracked": false
  },
  {
    "symbol": "JPM",
    "timeframe": "historical_1w",
    "timestamp": "2025-08-31",
    "congress_score": 100.0,
    "insider_score": 50,
    "short_interest_pct": 0,
    "combined_score": 62.5,
    "price": 301.4200134277344,
    "price_change_24h": 2.2109256243452666,
    "rsi": 50,
    "position_pct": 100.0,
    "ta_score": 50,
    "signal_direction": "WAIT",
    "signal_name": "historical_import",
    "confidence": "MEDIUM",
    "hit_tp1": false,
    "hit_sl": true,
    "candles_to_result": 1,
    "max_favorable_pct": 4.857004670782858,
    "max_adverse_pct": -2.3356141700291313,
    "outcome_tracked": true
  },
  {
    "symbol": "JPM",
    "timeframe": "historical_1w",
    "timestamp": "2025-09-07",
    "congress_score": 100.0,
    "insider_score": 50,
    "short_interest_pct": 0,
    "combined_score": 62.5,
    "price": 294.3800048828125,
    "price_change_24h": -1.775110813323463,
    "rsi": 50,
    "position_pct": 89.90805903457581,
    "ta_score": 50,
    "signal_direction": "WAIT",
    "signal_name": "historical_import",
    "confidence": "MEDIUM",
    "hit_tp1": true,
    "hit_sl": false,
    "candles_to_result": 1,
    "max_favorable_pct": 7.364628139201123,
    "max_adverse_pct": 1.0802339231725842,
    "outcome_tracked": true
  },
  {
    "symbol": "JPM",
    "timeframe": "historical_1w",
    "timestamp": "2025-09-14",
    "congress_score": 100.0,
    "insider_score": 50,
    "short_interest_pct": 0,
    "combined_score": 62.5,
    "price": 306.9100036621094,
    "price_change_24h": 4.779625081070944,
    "rsi": 50,
    "position_pct": 100.0,
    "ta_score": 50,
    "signal_direction": "WAIT",
    "signal_name": "historical_import",
    "confidence": "MEDIUM",
    "hit_tp1": false,
    "hit_sl": true,
    "candles_to_result": 5,
    "max_favorable_pct": 2.9813280073327304,
    "max_adverse_pct": -3.04649766770374,
    "outcome_tracked": true
  },
  {
    "symbol": "JPM",
    "timeframe": "historical_1w",
    "timestamp": "2025-09-21",
    "congress_score": 50,
    "insider_score": 50,
    "short_interest_pct": 0,
    "combined_score": 50.0,
    "price": 314.7799987792969,
    "price_change_24h": 1.9035302683699473,
    "rsi": 50,
    "position_pct": 100.0,
    "ta_score": 50,
    "signal_direction": "WAIT",
    "signal_name": "historical_import",
    "confidence": "MEDIUM",
    "hit_tp1": false,
    "hit_sl": true,
    "candles_to_result": 3,
    "max_favorable_pct": 0.40663281792383715,
    "max_adverse_pct": -5.470487733490546,
    "outcome_tracked": true
  },
  {
    "symbol": "JPM",
    "timeframe": "historical_1m",
    "timestamp": "2025-09-28",
    "congress_score": 66.66666666666666,
    "insider_score": 50,
    "short_interest_pct": 0,
    "combined_score": 54.166666666666664,
    "price": 0,
    "price_change_24h": 0,
    "rsi": 50,
    "position_pct": 50,
    "ta_score": 50,
    "signal_direction": "WAIT",
    "signal_name": "quiver_only_import",
    "confidence": "LOW",
    "hit_tp1": false,
    "hit_sl": false,
    "candles_to_result": 0,
    "max_favorable_pct": 0,
    "max_adverse_pct": 0,
    "outcome_tracked": false
  },
  {
    "symbol": "JPM",
    "timeframe": "historical_1w",
    "timestamp": "2025-09-28",
    "congress_score": 0.0,
    "insider_score": 50,
    "short_interest_pct": 0,
    "combined_score": 37.5,
    "price": 316.05999755859375,
    "price_change_24h": 1.1586208836579368,
    "rsi": 50,
    "position_pct": 100.0,
    "ta_score": 50,
    "signal_direction": "WAIT",
    "signal_name": "historical_import",
    "confidence": "MEDIUM",
    "hit_tp1": true,
    "hit_sl": false,
    "candles_to_result": 2,
    "max_favorable_pct": -0.5853338346535474,
    "max_adverse_pct": -5.8533190352791555,
    "outcome_tracked": true
  },
  {
    "symbol": "JPM",
    "timeframe": "historical_1w",
    "timestamp": "2025-10-05",
    "congress_score": 0.0,
    "insider_score": 50,
    "short_interest_pct": 0,
    "combined_score": 37.5,
    "price": 310.0299987792969,
    "price_change_24h": -1.7928992424015397,
    "rsi": 50,
    "position_pct": 94.2994905947408,
    "ta_score": 50,
    "signal_direction": "WAIT",
    "signal_name": "historical_import",
    "confidence": "MEDIUM",
    "hit_tp1": true,
    "hit_sl": false,
    "candles_to_result": 2,
    "max_favorable_pct": 1.3482542632130543,
    "max_adverse_pct": -4.022191810406136,
    "outcome_tracked": true
  },
  {
    "symbol": "JPM",
    "timeframe": "historical_1w",
    "timestamp": "2025-10-12",
    "congress_score": 0.0,
    "insider_score": 50,
    "short_interest_pct": 0,
    "combined_score": 37.5,
    "price": 300.8900146484375,
    "price_change_24h": -2.6812789390408454,
    "rsi": 50,
    "position_pct": 85.65893071921144,
    "ta_score": 50,
    "signal_direction": "WAIT",
    "signal_name": "historical_import",
    "confidence": "MEDIUM",
    "hit_tp1": false,
    "hit_sl": true,
    "candles_to_result": 3,
    "max_favorable_pct": 4.702713020575758,
    "max_adverse_pct": -1.1067223662222792,
    "outcome_tracked": true
  },
  {
    "symbol": "JPM",
    "timeframe": "historical_1w",
    "timestamp": "2025-10-19",
    "congress_score": 33.33333333333333,
    "insider_score": 50,
    "short_interest_pct": 0,
    "combined_score": 45.83333333333333,
    "price": 297.55999755859375,
    "price_change_24h": -3.3802005457827584,
    "rsi": 50,
    "position_pct": 82.51087141851924,
    "ta_score": 50,
    "signal_direction": "WAIT",
    "signal_name": "historical_import",
    "confidence": "MEDIUM",
    "hit_tp1": false,
    "hit_sl": true,
    "candles_to_result": 2,
    "max_favorable_pct": 7.04395470730262,
    "max_adverse_pct": 0.1545878003939512,
    "outcome_tracked": true
  },
  {
    "symbol": "JPM",
    "timeframe": "historical_1w",
    "timestamp": "2025-10-26",
    "congress_score": 50.0,
    "insider_score": 50,
    "short_interest_pct": 0,
    "combined_score": 50.0,
    "price": 300.44000244140625,
    "price_change_24h": -0.6349990088549023,
    "rsi": 50,
    "position_pct": 85.23350794342737,
    "ta_score": 50,
    "signal_direction": "WAIT",
    "signal_name": "historical_import",
    "confidence": "MEDIUM",
    "hit_tp1": true,
    "hit_sl": false,
    "candles_to_result": 1,
    "max_favorable_pct": 6.0178359823411665,
    "max_adverse_pct": -0.8054897510548189,
    "outcome_tracked": true
  },
  {
    "symbol": "JPM",
    "timeframe": "historical_1m",
    "timestamp": "2025-10-28",
    "congress_score": 33.33333333333333,
    "insider_score": 50,
    "short_interest_pct": 0,
    "combined_score": 45.83333333333333,
    "price": 0,
    "price_change_24h": 0,
    "rsi": 50,
    "position_pct": 50,
    "ta_score": 50,
    "signal_direction": "WAIT",
    "signal_name": "quiver_only_import",
    "confidence": "LOW",
    "hit_tp1": false,
    "hit_sl": false,
    "candles_to_result": 0,
    "max_favorable_pct": 0,
    "max_adverse_pct": 0,
    "outcome_tracked": false
  },
  {
    "symbol": "JPM",
    "timeframe": "historical_1w",
    "timestamp": "2025-11-02",
    "congress_score": 40.0,
    "insider_score": 50,
    "short_interest_pct": 0,
    "combined_score": 47.5,
    "price": 311.1199951171875,
    "price_change_24h": 2.2916328655509766,
    "rsi": 50,
    "position_pct": 95.32992768159012,
    "ta_score": 50,
    "signal_direction": "WAIT",
    "signal_name": "historical_import",
    "confidence": "MEDIUM",
    "hit_tp1": false,
    "hit_sl": false,
    "candles_to_result": 0,
    "max_favorable_pct": 0,
    "max_adverse_pct": 0,
    "outcome_tracked": false
  },
  {
    "symbol": "JPM",
    "timeframe": "historical_1w",
    "timestamp": "2025-11-09",
    "congress_score": 50.0,
    "insider_score": 50,
    "short_interest_pct": 0,
    "combined_score": 50.0,
    "price": 314.2099914550781,
    "price_change_24h": 1.571031277088851,
    "rsi": 50,
    "position_pct": 98.25108137184276,
    "ta_score": 50,
    "signal_direction": "WAIT",
    "signal_name": "historical_import",
    "confidence": "MEDIUM",
    "hit_tp1": false,
    "hit_sl": false,
    "candles_to_result": 0,
    "max_favorable_pct": 0,
    "max_adverse_pct": 0,
    "outcome_tracked": false
  },
  {
    "symbol": "JPM",
    "timeframe": "historical_1w",
    "timestamp": "2025-11-16",
    "congress_score": 50.0,
    "insider_score": 50,
    "short_interest_pct": 0,
    "combined_score": 50.0,
    "price": 303.6099853515625,
    "price_change_24h": -4.190737695413995,
    "rsi": 50,
    "position_pct": 84.74528505794267,
    "ta_score": 50,
    "signal_direction": "WAIT",
    "signal_name": "historical_import",
    "confidence": "MEDIUM",
    "hit_tp1": false,
    "hit_sl": false,
    "candles_to_result": 0,
    "max_favorable_pct": 0,
    "max_adverse_pct": 0,
    "outcome_tracked": false
  },
  {
    "symbol": "JPM",
    "timeframe": "historical_1w",
    "timestamp": "2025-11-23",
    "congress_score": 50.0,
    "insider_score": 50,
    "short_interest_pct": 0,
    "combined_score": 50.0,
    "price": 298.0199890136719,
    "price_change_24h": -0.7823704570087917,
    "rsi": 50,
    "position_pct": 79.66946912218668,
    "ta_score": 50,
    "signal_direction": "WAIT",
    "signal_name": "historical_import",
    "confidence": "MEDIUM",
    "hit_tp1": false,
    "hit_sl": false,
    "candles_to_result": 0,
    "max_favorable_pct": 0,
    "max_adverse_pct": 0,
    "outcome_tracked": false
  },
  {
    "symbol": "JPM",
    "timeframe": "historical_1m",
    "timestamp": "2025-11-28",
    "congress_score": 50.0,
    "insider_score": 50,
    "short_interest_pct": 0,
    "combined_score": 50.0,
    "price": 0,
    "price_change_24h": 0,
    "rsi": 50,
    "position_pct": 50,
    "ta_score": 50,
    "signal_direction": "WAIT",
    "signal_name": "quiver_only_import",
    "confidence": "LOW",
    "hit_tp1": false,
    "hit_sl": false,
    "candles_to_result": 0,
    "max_favorable_pct": 0,
    "max_adverse_pct": 0,
    "outcome_tracked": false
  },
  {
    "symbol": "JPM",
    "timeframe": "historical_1w",
    "timestamp": "2025-11-30",
    "congress_score": 50.0,
    "insider_score": 50,
    "short_interest_pct": 0,
    "combined_score": 50.0,
    "price": 313.0799865722656,
    "price_change_24h": 5.060398178612626,
    "rsi": 50,
    "position_pct": 93.34421432411312,
    "ta_score": 50,
    "signal_direction": "WAIT",
    "signal_name": "historical_import",
    "confidence": "MEDIUM",
    "hit_tp1": false,
    "hit_sl": false,
    "candles_to_result": 0,
    "max_favorable_pct": 0,
    "max_adverse_pct": 0,
    "outcome_tracked": false
  },
  {
    "symbol": "JPM",
    "timeframe": "historical_1w",
    "timestamp": "2025-12-07",
    "congress_score": 100.0,
    "insider_score": 50,
    "short_interest_pct": 0,
    "combined_score": 62.5,
    "price": 315.0400085449219,
    "price_change_24h": 1.9810937625182867,
    "rsi": 50,
    "position_pct": 95.12394907918,
    "ta_score": 50,
    "signal_direction": "WAIT",
    "signal_name": "historical_import",
    "confidence": "MEDIUM",
    "hit_tp1": false,
    "hit_sl": false,
    "candles_to_result": 0,
    "max_favorable_pct": 0,
    "max_adverse_pct": 0,
    "outcome_tracked": false
  },
  {
    "symbol": "JPM",
    "timeframe": "historical_1w",
    "timestamp": "2025-12-14",
    "congress_score": 100.0,
    "insider_score": 50,
    "short_interest_pct": 0,
    "combined_score": 62.5,
    "price": 318.5199890136719,
    "price_change_24h": 1.0500928423347493,
    "rsi": 50,
    "position_pct": 98.28383313843612,
    "ta_score": 50,
    "signal_direction": "WAIT",
    "signal_name": "historical_import",
    "confidence": "MEDIUM",
    "hit_tp1": false,
    "hit_sl": false,
    "candles_to_result": 0,
    "max_favorable_pct": 0,
    "max_adverse_pct": 0,
    "outcome_tracked": false
  },
  {
    "symbol": "JPM",
    "timeframe": "historical_1w",
    "timestamp": "2025-12-21",
    "congress_score": 50,
    "insider_score": 50,
    "short_interest_pct": 0,
    "combined_score": 50.0,
    "price": 317.2099914550781,
    "price_change_24h": -0.8780693878699249,
    "rsi": 50,
    "position_pct": 97.09433209375017,
    "ta_score": 50,
    "signal_direction": "WAIT",
    "signal_name": "historical_import",
    "confidence": "MEDIUM",
    "hit_tp1": false,
    "hit_sl": false,
    "candles_to_result": 0,
    "max_favorable_pct": 0,
    "max_adverse_pct": 0,
    "outcome_tracked": false
  },
  {
    "symbol": "JPM",
    "timeframe": "historical_1w",
    "timestamp": "2025-12-28",
    "congress_score": 50,
    "insider_score": 50,
    "short_interest_pct": 0,
    "combined_score": 50.0,
    "price": 327.0325012207031,
    "price_change_24h": 1.220249753164561,
    "rsi": 50,
    "position_pct": 98.2021095603765,
    "ta_score": 50,
    "signal_direction": "WAIT",
    "signal_name": "historical_import",
    "confidence": "MEDIUM",
    "hit_tp1": false,
    "hit_sl": false,
    "candles_to_result": 0,
    "max_favorable_pct": 0,
    "max_adverse_pct": 0,
    "outcome_tracked": false
  }
]