[
  {
    "symbol": "KO",
    "timeframe": "historical_1w",
    "timestamp": "2025-06-29",
    "congress_score": 100.0,
    "insider_score": 50,
    "short_interest_pct": 0,
    "combined_score": 62.5,
    "price": 70.33000183105469,
    "price_change_24h": 0.8460051410349525,
    "rsi": 50,
    "position_pct": 72.72727537655199,
    "ta_score": 50,
    "signal_direction": "WAIT",
    "signal_name": "historical_import",
    "confidence": "MEDIUM",
    "hit_tp1": false,
    "hit_sl": true,
    "candles_to_result": 5,
    "max_favorable_pct": 1.450300890815589,
    "max_adverse_pct": -3.369831771475286,
    "outcome_tracked": true
  },
  {
    "symbol": "KO",
    "timeframe": "historical_1w",
    "timestamp": "2025-07-06",
    "congress_score": 100.0,
    "insider_score": 50,
    "short_interest_pct": 0,
    "combined_score": 62.5,
    "price": 71.3499984741211,
    "price_change_24h": 0.8480543803831713,
    "rsi": 50,
    "position_pct": 80.51945743290402,
    "ta_score": 50,
    "signal_direction": "WAIT",
    "signal_name": "historical_import",
    "confidence": "MEDIUM",
    "hit_tp1": false,
    "hit_sl": true,
    "candles_to_result": 1,
    "max_favorable_pct": -1.4155601371131077,
    "max_adverse_pct": -6.0826859575403605,
    "outcome_tracked": true
  },
  {
    "symbol": "KO",
    "timeframe": "historical_1w",
    "timestamp": "2025-07-13",
    "congress_score": 50.0,
    "insider_score": 50,
    "short_interest_pct": 0,
    "combined_score": 50.0,
    "price": 69.87000274658203,
    "price_change_24h": -1.6054067812325712,
    "rsi": 50,
    "position_pct": 69.21314948571529,
    "ta_score": 50,
    "signal_direction": "WAIT",
    "signal_name": "historical_import",
    "confidence": "MEDIUM",
    "hit_tp1": false,
    "hit_sl": true,
    "candles_to_result": 8,
    "max_favorable_pct": 0.6726686315059367,
    "max_adverse_pct": -4.923432526377755,
    "outcome_tracked": true
  },
  {
    "symbol": "KO",
    "timeframe": "historical_1w",
    "timestamp": "2025-07-20",
    "congress_score": 50.0,
    "insider_score": 50,
    "short_interest_pct": 0,
    "combined_score": 50.0,
    "price": 69.8499984741211,
    "price_change_24h": 0.546994741241956,
    "rsi": 50,
    "position_pct": 69.06032846029319,
    "ta_score": 50,
    "signal_direction": "WAIT",
    "signal_name": "historical_import",
    "confidence": "MEDIUM",
    "hit_tp1": false,
    "hit_sl": true,
    "candles_to_result": 7,
    "max_favorable_pct": 0.701500178201252,
    "max_adverse_pct": -5.984252536132038,
    "outcome_tracked": true
  },
  {
    "symbol": "KO",
    "timeframe": "historical_1w",
    "timestamp": "2025-07-27",
    "congress_score": 33.33333333333333,
    "insider_score": 50,
    "short_interest_pct": 0,
    "combined_score": 45.83333333333333,
    "price": 69.16999816894531,
    "price_change_24h": -1.284432039101872,
    "rsi": 50,
    "position_pct": 63.865520994677205,
    "ta_score": 50,
    "signal_direction": "WAIT",
    "signal_name": "historical_import",
    "confidence": "MEDIUM",
    "hit_tp1": true,
    "hit_sl": false,
    "candles_to_result": 7,
    "max_favorable_pct": 1.6914821453191782,
    "max_adverse_pct": -5.059997242520336,
    "outcome_tracked": true
  },
  {
    "symbol": "KO",
    "timeframe": "historical_1w",
    "timestamp": "2025-08-03",
    "congress_score": 0.0,
    "insider_score": 50,
    "short_interest_pct": 0,
    "combined_score": 37.5,
    "price": 68.86000061035156,
    "price_change_24h": 1.130862555256809,
    "rsi": 50,
    "position_pct": 61.49731965793036,
    "ta_score": 50,
    "signal_direction": "WAIT",
    "signal_name": "historical_import",
    "confidence": "MEDIUM",
    "hit_tp1": false,
    "hit_sl": true,
    "candles_to_result": 1,
    "max_favorable_pct": 2.1492821876573993,
    "max_adverse_pct": -4.6325913638268315,
    "outcome_tracked": true
  },
  {
    "symbol": "KO",
    "timeframe": "historical_1w",
    "timestamp": "2025-08-10",
    "congress_score": 66.66666666666666,
    "insider_score": 50,
    "short_interest_pct": 0,
    "combined_score": 54.166666666666664,
    "price": 70.33999633789062,
    "price_change_24h": 2.0011561365126167,
    "rsi": 50,
    "position_pct": 72.80362760511909,
    "ta_score": 50,
    "signal_direction": "WAIT",
    "signal_name": "historical_import",
    "confidence": "MEDIUM",
    "hit_tp1": false,
    "hit_sl": true,
    "candles_to_result": 4,
    "max_favorable_pct": -0.29854861445242115,
    "max_adverse_pct": -6.639178862779789,
    "outcome_tracked": true
  },
  {
    "symbol": "KO",
    "timeframe": "historical_1w",
    "timestamp": "2025-08-17",
    "congress_score": 100.0,
    "insider_score": 50,
    "short_interest_pct": 0,
    "combined_score": 62.5,
    "price": 69.91999816894531,
    "price_change_24h": -1.173147464388251,
    "rsi": 50,
    "position_pct": 69.5950854809826,
    "ta_score": 50,
    "signal_direction": "WAIT",
    "signal_name": "historical_import",
    "confidence": "MEDIUM",
    "hit_tp1": false,
    "hit_sl": true,
    "candles_to_result": 3,
    "max_favorable_pct": 0.30034194790057434,
    "max_adverse_pct": -6.078375445220793,
    "outcome_tracked": true
  },
  {
    "symbol": "KO",
    "timeframe": "historical_1w",
    "timestamp": "2025-08-24",
    "congress_score": 100.0,
    "insider_score": 50,
    "short_interest_pct": 0,
    "combined_score": 62.5,
    "price": 70.12999725341797,
    "price_change_24h": 1.4465500357741694,
    "rsi": 50,
    "position_pct": 71.19935654305085,
    "ta_score": 50,
    "signal_direction": "WAIT",
    "signal_name": "historical_import",
    "confidence": "MEDIUM",
    "hit_tp1": false,
    "hit_sl": true,
    "candles_to_result": 2,
    "max_favorable_pct": -0.5988851923487604,
    "max_adverse_pct": -6.359616796156778,
    "outcome_tracked": true
  },
  {
    "symbol": "KO",
    "timeframe": "historical_1w",
    "timestamp": "2025-08-31",
    "congress_score": 100.0,
    "insider_score": 50,
    "short_interest_pct": 0,
    "combined_score": 62.5,
    "price": 68.98999786376953,
    "price_change_24h": 0.08704128583798212,
    "rsi": 50,
    "position_pct": 62.49042318659814,
    "ta_score": 50,
    "signal_direction": "WAIT",
    "signal_name": "historical_import",
    "confidence": "MEDIUM",
    "hit_tp1": false,
    "hit_sl": true,
    "candles_to_result": 2,
    "max_favorable_pct": 2.2612048648975627,
    "max_adverse_pct": -4.812291343130675,
    "outcome_tracked": true
  },
  {
    "symbol": "KO",
    "timeframe": "historical_1w",
    "timestamp": "2025-09-07",
    "congress_score": 0.0,
    "insider_score": 50,
    "short_interest_pct": 0,
    "combined_score": 37.5,
    "price": 67.95999908447266,
    "price_change_24h": -1.5928156863715541,
    "rsi": 50,
    "position_pct": 54.621830617535075,
    "ta_score": 50,
    "signal_direction": "WAIT",
    "signal_name": "historical_import",
    "confidence": "MEDIUM",
    "hit_tp1": true,
    "hit_sl": false,
    "candles_to_result": 3,
    "max_favorable_pct": 4.7086589475364615,
    "max_adverse_pct": -3.369630586193692,
    "outcome_tracked": true
  },
  {
    "symbol": "KO",
    "timeframe": "historical_1w",
    "timestamp": "2025-09-14",
    "congress_score": 0.0,
    "insider_score": 50,
    "short_interest_pct": 0,
    "combined_score": 37.5,
    "price": 67.01000213623047,
    "price_change_24h": -0.6228654412642415,
    "rsi": 50,
    "position_pct": 47.36440558187247,
    "ta_score": 50,
    "signal_direction": "WAIT",
    "signal_name": "historical_import",
    "confidence": "MEDIUM",
    "hit_tp1": false,
    "hit_sl": true,
    "candles_to_result": 5,
    "max_favorable_pct": 8.86434057998653,
    "max_adverse_pct": -1.9997073937722691,
    "outcome_tracked": true
  },
  {
    "symbol": "KO",
    "timeframe": "historical_1w",
    "timestamp": "2025-09-21",
    "congress_score": 0.0,
    "insider_score": 50,
    "short_interest_pct": 0,
    "combined_score": 37.5,
    "price": 66.43000030517578,
    "price_change_24h": 0.3322779395034291,
    "rsi": 50,
    "position_pct": 42.93352839093507,
    "ta_score": 50,
    "signal_direction": "WAIT",
    "signal_name": "historical_import",
    "confidence": "MEDIUM",
    "hit_tp1": false,
    "hit_sl": true,
    "candles_to_result": 4,
    "max_favorable_pct": 10.070754795533261,
    "max_adverse_pct": -1.1440646285399074,
    "outcome_tracked": true
  },
  {
    "symbol": "KO",
    "timeframe": "historical_1w",
    "timestamp": "2025-09-28",
    "congress_score": 33.33333333333333,
    "insider_score": 50,
    "short_interest_pct": 0,
    "combined_score": 45.83333333333333,
    "price": 65.66999816894531,
    "price_change_24h": -0.8155881634107784,
    "rsi": 50,
    "position_pct": 37.12755339191861,
    "ta_score": 50,
    "signal_direction": "WAIT",
    "signal_name": "historical_import",
    "confidence": "MEDIUM",
    "hit_tp1": false,
    "hit_sl": true,
    "candles_to_result": 2,
    "max_favorable_pct": 11.344609083847594,
    "max_adverse_pct": 1.4923151884554606,
    "outcome_tracked": true
  },
  {
    "symbol": "KO",
    "timeframe": "historical_1w",
    "timestamp": "2025-10-05",
    "congress_score": 33.33333333333333,
    "insider_score": 50,
    "short_interest_pct": 0,
    "combined_score": 45.83333333333333,
    "price": 66.6500015258789,
    "price_change_24h": 0.9236835280057347,
    "rsi": 50,
    "position_pct": 44.61420996571435,
    "ta_score": 50,
    "signal_direction": "WAIT",
    "signal_name": "historical_import",
    "confidence": "MEDIUM",
    "hit_tp1": false,
    "hit_sl": true,
    "candles_to_result": 2,
    "max_favorable_pct": 9.707428465985778,
    "max_adverse_pct": 0.5851453574190967,
    "outcome_tracked": true
  },
  {
    "symbol": "KO",
    "timeframe": "historical_1w",
    "timestamp": "2025-10-12",
    "congress_score": 50.0,
    "insider_score": 50,
    "short_interest_pct": 0,
    "combined_score": 50.0,
    "price": 67.04000091552734,
    "price_change_24h": 1.422091472171927,
    "rsi": 50,
    "position_pct": 47.59357883586165,
    "ta_score": 50,
    "signal_direction": "WAIT",
    "signal_name": "historical_import",
    "confidence": "MEDIUM",
    "hit_tp1": true,
    "hit_sl": false,
    "candles_to_result": 2,
    "max_favorable_pct": 9.069215017934882,
    "max_adverse_pct": 2.08830773681366,
    "outcome_tracked": true
  },
  {
    "symbol": "KO",
    "timeframe": "historical_1w",
    "timestamp": "2025-10-19",
    "congress_score": 50.0,
    "insider_score": 50,
    "short_interest_pct": 0,
    "combined_score": 50.0,
    "price": 68.44000244140625,
    "price_change_24h": 2.4550887944986126,
    "rsi": 50,
    "position_pct": 58.288777533793876,
    "ta_score": 50,
    "signal_direction": "WAIT",
    "signal_name": "historical_import",
    "confidence": "MEDIUM",
    "hit_tp1": true,
    "hit_sl": false,
    "candles_to_result": 3,
    "max_favorable_pct": 6.838106572515809,
    "max_adverse_pct": 0.672120204651478,
    "outcome_tracked": true
  },
  {
    "symbol": "KO",
    "timeframe": "historical_1w",
    "timestamp": "2025-10-26",
    "congress_score": 50,
    "insider_score": 50,
    "short_interest_pct": 0,
    "combined_score": 50.0,
    "price": 69.70999908447266,
    "price_change_24h": 1.8556350054979798,
    "rsi": 50,
    "position_pct": 67.99081441891437,
    "ta_score": 50,
    "signal_direction": "WAIT",
    "signal_name": "historical_import",
    "confidence": "MEDIUM",
    "hit_tp1": false,
    "hit_sl": false,
    "candles_to_result": 0,
    "max_favorable_pct": 0,
    "max_adverse_pct": 0,
    "outcome_tracked": false
  },
  {
    "symbol": "KO",
    "timeframe": "historical_1w",
    "timestamp": "2025-11-02",
    "congress_score": 33.33333333333333,
    "insider_score": 50,
    "short_interest_pct": 0,
    "combined_score": 45.83333333333333,
    "price": 68.9000015258789,
    "price_change_24h": -1.6557180604305566,
    "rsi": 50,
    "position_pct": 61.802903424630586,
    "ta_score": 50,
    "signal_direction": "WAIT",
    "signal_name": "historical_import",
    "confidence": "MEDIUM",
    "hit_tp1": false,
    "hit_sl": false,
    "candles_to_result": 0,
    "max_favorable_pct": 0,
    "max_adverse_pct": 0,
    "outcome_tracked": false
  },
  {
    "symbol": "KO",
    "timeframe": "historical_1w",
    "timestamp": "2025-11-09",
    "congress_score": 33.33333333333333,
    "insider_score": 50,
    "short_interest_pct": 0,
    "combined_score": 45.83333333333333,
    "price": 70.55000305175781,
    "price_change_24h": 3.79579488703737,
    "rsi": 50,
    "position_pct": 74.40795695133127,
    "ta_score": 50,
    "signal_direction": "WAIT",
    "signal_name": "historical_import",
    "confidence": "MEDIUM",
    "hit_tp1": false,
    "hit_sl": false,
    "candles_to_result": 0,
    "max_favorable_pct": 0,
    "max_adverse_pct": 0,
    "outcome_tracked": false
  },
  {
    "symbol": "KO",
    "timeframe": "historical_1w",
    "timestamp": "2025-11-16",
    "congress_score": 33.33333333333333,
    "insider_score": 50,
    "short_interest_pct": 0,
    "combined_score": 45.83333333333333,
    "price": 71.16000366210938,
    "price_change_24h": 0.907553955628123,
    "rsi": 50,
    "position_pct": 79.06800739625787,
    "ta_score": 50,
    "signal_direction": "WAIT",
    "signal_name": "historical_import",
    "confidence": "MEDIUM",
    "hit_tp1": false,
    "hit_sl": false,
    "candles_to_result": 0,
    "max_favorable_pct": 0,
    "max_adverse_pct": 0,
    "outcome_tracked": false
  },
  {
    "symbol": "KO",
    "timeframe": "historical_1w",
    "timestamp": "2025-11-23",
    "congress_score": 50.0,
    "insider_score": 50,
    "short_interest_pct": 0,
    "combined_score": 50.0,
    "price": 72.94999694824219,
    "price_change_24h": 3.2116534143537323,
    "rsi": 50,
    "position_pct": 92.74251668019345,
    "ta_score": 50,
    "signal_direction": "WAIT",
    "signal_name": "historical_import",
    "confidence": "MEDIUM",
    "hit_tp1": false,
    "hit_sl": false,
    "candles_to_result": 0,
    "max_favorable_pct": 0,
    "max_adverse_pct": 0,
    "outcome_tracked": false
  },
  {
    "symbol": "KO",
    "timeframe": "historical_1w",
    "timestamp": "2025-11-30",
    "congress_score": 50.0,
    "insider_score": 50,
    "short_interest_pct": 0,
    "combined_score": 50.0,
    "price": 73.12000274658203,
    "price_change_24h": 0.7301369822700388,
    "rsi": 50,
    "position_pct": 94.0412622597054,
    "ta_score": 50,
    "signal_direction": "WAIT",
    "signal_name": "historical_import",
    "confidence": "MEDIUM",
    "hit_tp1": false,
    "hit_sl": false,
    "candles_to_result": 0,
    "max_favorable_pct": 0,
    "max_adverse_pct": 0,
    "outcome_tracked": false
  },
  {
    "symbol": "KO",
    "timeframe": "historical_1w",
    "timestamp": "2025-12-07",
    "congress_score": 100.0,
    "insider_score": 50,
    "short_interest_pct": 0,
    "combined_score": 62.5,
    "price": 70.0,
    "price_change_24h": -2.7102113008356814,
    "rsi": 50,
    "position_pct": 70.20625301438307,
    "ta_score": 50,
    "signal_direction": "WAIT",
    "signal_name": "historical_import",
    "confidence": "MEDIUM",
    "hit_tp1": false,
    "hit_sl": false,
    "candles_to_result": 0,
    "max_favorable_pct": 0,
    "max_adverse_pct": 0,
    "outcome_tracked": false
  },
  {
    "symbol": "KO",
    "timeframe": "historical_1w",
    "timestamp": "2025-12-14",
    "congress_score": 100.0,
    "insider_score": 50,
    "short_interest_pct": 0,
    "combined_score": 62.5,
    "price": 70.5199966430664,
    "price_change_24h": 0.3843368584575178,
    "rsi": 50,
    "position_pct": 74.17872541319815,
    "ta_score": 50,
    "signal_direction": "WAIT",
    "signal_name": "historical_import",
    "confidence": "MEDIUM",
    "hit_tp1": false,
    "hit_sl": false,
    "candles_to_result": 0,
    "max_favorable_pct": 0,
    "max_adverse_pct": 0,
    "outcome_tracked": false
  },
  {
    "symbol": "KO",
    "timeframe": "historical_1w",
    "timestamp": "2025-12-21",
    "congress_score": 100.0,
    "insider_score": 50,
    "short_interest_pct": 0,
    "combined_score": 62.5,
    "price": 70.05999755859375,
    "price_change_24h": -1.2822370670100987,
    "rsi": 50,
    "position_pct": 70.66459952236144,
    "ta_score": 50,
    "signal_direction": "WAIT",
    "signal_name": "historical_import",
    "confidence": "MEDIUM",
    "hit_tp1": false,
    "hit_sl": false,
    "candles_to_result": 0,
    "max_favorable_pct": 0,
    "max_adverse_pct": 0,
    "outcome_tracked": false
  },
  {
    "symbol": "KO",
    "timeframe": "historical_1w",
    "timestamp": "2025-12-28",
    "congress_score": 50,
    "insider_score": 50,
    "short_interest_pct": 0,
    "combined_score": 50.0,
    "price": 69.7300033569336,
    "price_change_24h": -0.6836572194817423,
    "rsi": 50,
    "position_pct": 68.14363544433645,
    "ta_score": 50,
    "signal_direction": "WAIT",
    "signal_name": "historical_import",
    "confidence": "MEDIUM",
    "hit_tp1": false,
    "hit_sl": false,
    "candles_to_result": 0,
    "max_favorable_pct": 0,
    "max_adverse_pct": 0,
    "outcome_tracked": false
  }
]