[
  {
    "symbol": "LLY",
    "timeframe": "historical_1w",
    "timestamp": "2025-06-29",
    "congress_score": 25.0,
    "insider_score": 50,
    "short_interest_pct": 0,
    "combined_score": 43.75,
    "price": 775.4500122070312,
    "price_change_24h": 0.6241562165426939,
    "rsi": 50,
    "position_pct": 28.582012355094093,
    "ta_score": 50,
    "signal_direction": "WAIT",
    "signal_name": "historical_import",
    "confidence": "MEDIUM",
    "hit_tp1": false,
    "hit_sl": true,
    "candles_to_result": 2,
    "max_favorable_pct": 4.802371480836677,
    "max_adverse_pct": -19.317813583704584,
    "outcome_tracked": true
  },
  {
    "symbol": "LLY",
    "timeframe": "historical_1w",
    "timestamp": "2025-07-06",
    "congress_score": 66.66666666666666,
    "insider_score": 50,
    "short_interest_pct": 0,
    "combined_score": 54.166666666666664,
    "price": 780.6699829101562,
    "price_change_24h": 0.1462360102162417,
    "rsi": 50,
    "position_pct": 30.998554155045326,
    "ta_score": 50,
    "signal_direction": "WAIT",
    "signal_name": "historical_import",
    "confidence": "MEDIUM",
    "hit_tp1": true,
    "hit_sl": false,
    "candles_to_result": 3,
    "max_favorable_pct": 4.101607623222147,
    "max_adverse_pct": -19.857297179304293,
    "outcome_tracked": true
  },
  {
    "symbol": "LLY",
    "timeframe": "historical_1w",
    "timestamp": "2025-07-13",
    "congress_score": 100.0,
    "insider_score": 50,
    "short_interest_pct": 0,
    "combined_score": 62.5,
    "price": 793.010009765625,
    "price_change_24h": 2.605873533152719,
    "rsi": 50,
    "position_pct": 36.71126642963889,
    "ta_score": 50,
    "signal_direction": "WAIT",
    "signal_name": "historical_import",
    "confidence": "MEDIUM",
    "hit_tp1": false,
    "hit_sl": true,
    "candles_to_result": 1,
    "max_favorable_pct": 2.4816827572703266,
    "max_adverse_pct": -21.10439758522417,
    "outcome_tracked": true
  },
  {
    "symbol": "LLY",
    "timeframe": "historical_1w",
    "timestamp": "2025-07-20",
    "congress_score": 66.66666666666666,
    "insider_score": 50,
    "short_interest_pct": 0,
    "combined_score": 54.166666666666664,
    "price": 771.7100219726562,
    "price_change_24h": -3.4566021911233995,
    "rsi": 50,
    "position_pct": 26.850615141051122,
    "ta_score": 50,
    "signal_direction": "WAIT",
    "signal_name": "historical_import",
    "confidence": "MEDIUM",
    "hit_tp1": true,
    "hit_sl": false,
    "candles_to_result": 1,
    "max_favorable_pct": 5.3102822694976,
    "max_adverse_pct": -18.926798071798146,
    "outcome_tracked": true
  },
  {
    "symbol": "LLY",
    "timeframe": "historical_1w",
    "timestamp": "2025-07-27",
    "congress_score": 66.66666666666666,
    "insider_score": 50,
    "short_interest_pct": 0,
    "combined_score": 54.166666666666664,
    "price": 812.6900024414062,
    "price_change_24h": 6.6270448255010965,
    "rsi": 50,
    "position_pct": 45.82195452129591,
    "ta_score": 50,
    "signal_direction": "WAIT",
    "signal_name": "historical_import",
    "confidence": "MEDIUM",
    "hit_tp1": false,
    "hit_sl": true,
    "candles_to_result": 1,
    "max_favorable_pct": -6.1967029494980626,
    "max_adverse_pct": -23.01492296760831,
    "outcome_tracked": true
  },
  {
    "symbol": "LLY",
    "timeframe": "historical_1m",
    "timestamp": "2025-07-28",
    "congress_score": 42.857142857142854,
    "insider_score": 50,
    "short_interest_pct": 0,
    "combined_score": 48.214285714285715,
    "price": 0,
    "price_change_24h": 0,
    "rsi": 50,
    "position_pct": 50,
    "ta_score": 50,
    "signal_direction": "WAIT",
    "signal_name": "quiver_only_import",
    "confidence": "LOW",
    "hit_tp1": false,
    "hit_sl": false,
    "candles_to_result": 0,
    "max_favorable_pct": 0,
    "max_adverse_pct": 0,
    "outcome_tracked": false
  },
  {
    "symbol": "LLY",
    "timeframe": "historical_1w",
    "timestamp": "2025-08-03",
    "congress_score": 50.0,
    "insider_score": 50,
    "short_interest_pct": 0,
    "combined_score": 50.0,
    "price": 762.3300170898438,
    "price_change_24h": -5.665066524552658,
    "rsi": 50,
    "position_pct": 22.508220293989417,
    "ta_score": 50,
    "signal_direction": "WAIT",
    "signal_name": "historical_import",
    "confidence": "MEDIUM",
    "hit_tp1": false,
    "hit_sl": true,
    "candles_to_result": 1,
    "max_favorable_pct": -0.9103672013204148,
    "max_adverse_pct": -17.929241878412476,
    "outcome_tracked": true
  },
  {
    "symbol": "LLY",
    "timeframe": "historical_1w",
    "timestamp": "2025-08-10",
    "congress_score": 0.0,
    "insider_score": 50,
    "short_interest_pct": 0,
    "combined_score": 37.5,
    "price": 625.6500244140625,
    "price_change_24h": -18.64108915291775,
    "rsi": 50,
    "position_pct": 0.0,
    "ta_score": 50,
    "signal_direction": "WAIT",
    "signal_name": "historical_import",
    "confidence": "MEDIUM",
    "hit_tp1": false,
    "hit_sl": true,
    "candles_to_result": 1,
    "max_favorable_pct": 34.23958480681713,
    "max_adverse_pct": 12.080229058645061,
    "outcome_tracked": true
  },
  {
    "symbol": "LLY",
    "timeframe": "historical_1w",
    "timestamp": "2025-08-17",
    "congress_score": 75.0,
    "insider_score": 50,
    "short_interest_pct": 0,
    "combined_score": 56.25,
    "price": 701.22998046875,
    "price_change_24h": 10.391677341718102,
    "rsi": 50,
    "position_pct": 24.856108595105223,
    "ta_score": 50,
    "signal_direction": "WAIT",
    "signal_name": "historical_import",
    "confidence": "MEDIUM",
    "hit_tp1": true,
    "hit_sl": false,
    "candles_to_result": 2,
    "max_favorable_pct": 19.770976499858296,
    "max_adverse_pct": 1.4902403630896883,
    "outcome_tracked": true
  },
  {
    "symbol": "LLY",
    "timeframe": "historical_1w",
    "timestamp": "2025-08-24",
    "congress_score": 80.0,
    "insider_score": 50,
    "short_interest_pct": 0,
    "combined_score": 57.5,
    "price": 711.6799926757812,
    "price_change_24h": 1.952582926891327,
    "rsi": 50,
    "position_pct": 28.292821869325692,
    "ta_score": 50,
    "signal_direction": "WAIT",
    "signal_name": "historical_import",
    "confidence": "MEDIUM",
    "hit_tp1": true,
    "hit_sl": false,
    "candles_to_result": 3,
    "max_favorable_pct": 18.012309431298785,
    "max_adverse_pct": 1.8069898667814734,
    "outcome_tracked": true
  },
  {
    "symbol": "LLY",
    "timeframe": "historical_1m",
    "timestamp": "2025-08-28",
    "congress_score": 66.66666666666666,
    "insider_score": 50,
    "short_interest_pct": 0,
    "combined_score": 54.166666666666664,
    "price": 0,
    "price_change_24h": 0,
    "rsi": 50,
    "position_pct": 50,
    "ta_score": 50,
    "signal_direction": "WAIT",
    "signal_name": "quiver_only_import",
    "confidence": "LOW",
    "hit_tp1": false,
    "hit_sl": false,
    "candles_to_result": 0,
    "max_favorable_pct": 0,
    "max_adverse_pct": 0,
    "outcome_tracked": false
  },
  {
    "symbol": "LLY",
    "timeframe": "historical_1w",
    "timestamp": "2025-08-31",
    "congress_score": 66.66666666666666,
    "insider_score": 50,
    "short_interest_pct": 0,
    "combined_score": 54.166666666666664,
    "price": 732.5800170898438,
    "price_change_24h": 5.357168407010813,
    "rsi": 50,
    "position_pct": 35.166248417766624,
    "ta_score": 50,
    "signal_direction": "WAIT",
    "signal_name": "historical_import",
    "confidence": "MEDIUM",
    "hit_tp1": true,
    "hit_sl": false,
    "candles_to_result": 2,
    "max_favorable_pct": 14.645496126627991,
    "max_adverse_pct": -1.0974963655763992,
    "outcome_tracked": true
  },
  {
    "symbol": "LLY",
    "timeframe": "historical_1w",
    "timestamp": "2025-09-07",
    "congress_score": 66.66666666666666,
    "insider_score": 50,
    "short_interest_pct": 0,
    "combined_score": 54.166666666666664,
    "price": 727.2100219726562,
    "price_change_24h": -1.0854310371808946,
    "rsi": 50,
    "position_pct": 33.4002089973227,
    "ta_score": 50,
    "signal_direction": "WAIT",
    "signal_name": "historical_import",
    "confidence": "MEDIUM",
    "hit_tp1": true,
    "hit_sl": false,
    "candles_to_result": 1,
    "max_favorable_pct": 18.653478263533447,
    "max_adverse_pct": -0.367162699170405,
    "outcome_tracked": true
  },
  {
    "symbol": "LLY",
    "timeframe": "historical_1w",
    "timestamp": "2025-09-14",
    "congress_score": 50.0,
    "insider_score": 50,
    "short_interest_pct": 0,
    "combined_score": 50.0,
    "price": 755.3900146484375,
    "price_change_24h": 2.2676810987517806,
    "rsi": 50,
    "position_pct": 42.66781108023032,
    "ta_score": 50,
    "signal_direction": "WAIT",
    "signal_name": "historical_import",
    "confidence": "MEDIUM",
    "hit_tp1": false,
    "hit_sl": true,
    "candles_to_result": 2,
    "max_favorable_pct": 22.369898620832863,
    "max_adverse_pct": -4.083987876838896,
    "outcome_tracked": true
  },
  {
    "symbol": "LLY",
    "timeframe": "historical_1w",
    "timestamp": "2025-09-21",
    "congress_score": 50.0,
    "insider_score": 50,
    "short_interest_pct": 0,
    "combined_score": 50.0,
    "price": 751.989990234375,
    "price_change_24h": 0.5078907470788268,
    "rsi": 50,
    "position_pct": 41.54963927286917,
    "ta_score": 50,
    "signal_direction": "WAIT",
    "signal_name": "historical_import",
    "confidence": "MEDIUM",
    "hit_tp1": false,
    "hit_sl": true,
    "candles_to_result": 1,
    "max_favorable_pct": 36.34224426010284,
    "max_adverse_pct": -3.6503161695644137,
    "outcome_tracked": true
  },
  {
    "symbol": "LLY",
    "timeframe": "historical_1m",
    "timestamp": "2025-09-28",
    "congress_score": 57.14285714285714,
    "insider_score": 50,
    "short_interest_pct": 0,
    "combined_score": 51.785714285714285,
    "price": 0,
    "price_change_24h": 0,
    "rsi": 50,
    "position_pct": 50,
    "ta_score": 50,
    "signal_direction": "WAIT",
    "signal_name": "quiver_only_import",
    "confidence": "LOW",
    "hit_tp1": false,
    "hit_sl": false,
    "candles_to_result": 0,
    "max_favorable_pct": 0,
    "max_adverse_pct": 0,
    "outcome_tracked": false
  },
  {
    "symbol": "LLY",
    "timeframe": "historical_1w",
    "timestamp": "2025-09-28",
    "congress_score": 0.0,
    "insider_score": 50,
    "short_interest_pct": 0,
    "combined_score": 37.5,
    "price": 724.5399780273438,
    "price_change_24h": -4.028085792168728,
    "rsi": 50,
    "position_pct": 32.52210710731406,
    "ta_score": 50,
    "signal_direction": "WAIT",
    "signal_name": "historical_import",
    "confidence": "MEDIUM",
    "hit_tp1": false,
    "hit_sl": true,
    "candles_to_result": 1,
    "max_favorable_pct": 46.25831331723734,
    "max_adverse_pct": 10.805482297285378,
    "outcome_tracked": true
  },
  {
    "symbol": "LLY",
    "timeframe": "historical_1w",
    "timestamp": "2025-10-05",
    "congress_score": 0.0,
    "insider_score": 50,
    "short_interest_pct": 0,
    "combined_score": 37.5,
    "price": 839.8699951171875,
    "price_change_24h": 15.603361802011905,
    "rsi": 50,
    "position_pct": 70.45088582989321,
    "ta_score": 50,
    "signal_direction": "WAIT",
    "signal_name": "historical_import",
    "confidence": "MEDIUM",
    "hit_tp1": true,
    "hit_sl": false,
    "candles_to_result": 2,
    "max_favorable_pct": 28.051957678648126,
    "max_adverse_pct": -4.410203750900226,
    "outcome_tracked": true
  },
  {
    "symbol": "LLY",
    "timeframe": "historical_1w",
    "timestamp": "2025-10-12",
    "congress_score": 0.0,
    "insider_score": 50,
    "short_interest_pct": 0,
    "combined_score": 37.5,
    "price": 833.489990234375,
    "price_change_24h": -1.3679661233751614,
    "rsi": 50,
    "position_pct": 68.35268278132641,
    "ta_score": 50,
    "signal_direction": "WAIT",
    "signal_name": "historical_import",
    "confidence": "MEDIUM",
    "hit_tp1": true,
    "hit_sl": false,
    "candles_to_result": 1,
    "max_favorable_pct": 29.032139954159007,
    "max_adverse_pct": -3.678505261462078,
    "outcome_tracked": true
  },
  {
    "symbol": "LLY",
    "timeframe": "historical_1w",
    "timestamp": "2025-10-19",
    "congress_score": 0.0,
    "insider_score": 50,
    "short_interest_pct": 0,
    "combined_score": 37.5,
    "price": 802.8300170898438,
    "price_change_24h": -2.0222122077757625,
    "rsi": 50,
    "position_pct": 58.26948530695829,
    "ta_score": 50,
    "signal_direction": "WAIT",
    "signal_name": "historical_import",
    "confidence": "MEDIUM",
    "hit_tp1": false,
    "hit_sl": true,
    "candles_to_result": 1,
    "max_favorable_pct": 33.959860469787394,
    "max_adverse_pct": 2.817532308916661,
    "outcome_tracked": true
  },
  {
    "symbol": "LLY",
    "timeframe": "historical_1w",
    "timestamp": "2025-10-26",
    "congress_score": 100.0,
    "insider_score": 50,
    "short_interest_pct": 0,
    "combined_score": 62.5,
    "price": 825.4500122070312,
    "price_change_24h": 2.0384184368176825,
    "rsi": 50,
    "position_pct": 65.70856154360942,
    "ta_score": 50,
    "signal_direction": "WAIT",
    "signal_name": "historical_import",
    "confidence": "MEDIUM",
    "hit_tp1": true,
    "hit_sl": false,
    "candles_to_result": 1,
    "max_favorable_pct": 30.288927833147355,
    "max_adverse_pct": 4.532070094045677,
    "outcome_tracked": true
  },
  {
    "symbol": "LLY",
    "timeframe": "historical_1m",
    "timestamp": "2025-10-28",
    "congress_score": 50.0,
    "insider_score": 50,
    "short_interest_pct": 0,
    "combined_score": 50.0,
    "price": 0,
    "price_change_24h": 0,
    "rsi": 50,
    "position_pct": 50,
    "ta_score": 50,
    "signal_direction": "WAIT",
    "signal_name": "quiver_only_import",
    "confidence": "LOW",
    "hit_tp1": false,
    "hit_sl": false,
    "candles_to_result": 0,
    "max_favorable_pct": 0,
    "max_adverse_pct": 0,
    "outcome_tracked": false
  },
  {
    "symbol": "LLY",
    "timeframe": "historical_1w",
    "timestamp": "2025-11-02",
    "congress_score": 100.0,
    "insider_score": 50,
    "short_interest_pct": 0,
    "combined_score": 62.5,
    "price": 862.8599853515625,
    "price_change_24h": 4.41064524770159,
    "rsi": 50,
    "position_pct": 78.0116429895369,
    "ta_score": 50,
    "signal_direction": "WAIT",
    "signal_name": "historical_import",
    "confidence": "MEDIUM",
    "hit_tp1": true,
    "hit_sl": false,
    "candles_to_result": 1,
    "max_favorable_pct": 24.640148918823368,
    "max_adverse_pct": 7.1286200322018,
    "outcome_tracked": true
  },
  {
    "symbol": "LLY",
    "timeframe": "historical_1w",
    "timestamp": "2025-11-09",
    "congress_score": 50.0,
    "insider_score": 50,
    "short_interest_pct": 0,
    "combined_score": 50.0,
    "price": 924.3699951171875,
    "price_change_24h": 3.1053020992667313,
    "rsi": 50,
    "position_pct": 95.80807330405196,
    "ta_score": 50,
    "signal_direction": "WAIT",
    "signal_name": "historical_import",
    "confidence": "MEDIUM",
    "hit_tp1": false,
    "hit_sl": false,
    "candles_to_result": 0,
    "max_favorable_pct": 0,
    "max_adverse_pct": 0,
    "outcome_tracked": false
  },
  {
    "symbol": "LLY",
    "timeframe": "historical_1w",
    "timestamp": "2025-11-16",
    "congress_score": 33.33333333333333,
    "insider_score": 50,
    "short_interest_pct": 0,
    "combined_score": 45.83333333333333,
    "price": 1025.280029296875,
    "price_change_24h": 6.066375668274461,
    "rsi": 50,
    "position_pct": 100.0,
    "ta_score": 50,
    "signal_direction": "WAIT",
    "signal_name": "historical_import",
    "confidence": "MEDIUM",
    "hit_tp1": false,
    "hit_sl": false,
    "candles_to_result": 0,
    "max_favorable_pct": 0,
    "max_adverse_pct": 0,
    "outcome_tracked": false
  },
  {
    "symbol": "LLY",
    "timeframe": "historical_1w",
    "timestamp": "2025-11-23",
    "congress_score": 40.0,
    "insider_score": 50,
    "short_interest_pct": 0,
    "combined_score": 47.5,
    "price": 1059.699951171875,
    "price_change_24h": 3.719285358797046,
    "rsi": 50,
    "position_pct": 100.0,
    "ta_score": 50,
    "signal_direction": "WAIT",
    "signal_name": "historical_import",
    "confidence": "MEDIUM",
    "hit_tp1": false,
    "hit_sl": false,
    "candles_to_result": 0,
    "max_favorable_pct": 0,
    "max_adverse_pct": 0,
    "outcome_tracked": false
  },
  {
    "symbol": "LLY",
    "timeframe": "historical_1m",
    "timestamp": "2025-11-28",
    "congress_score": 40.0,
    "insider_score": 50,
    "short_interest_pct": 0,
    "combined_score": 47.5,
    "price": 0,
    "price_change_24h": 0,
    "rsi": 50,
    "position_pct": 50,
    "ta_score": 50,
    "signal_direction": "WAIT",
    "signal_name": "quiver_only_import",
    "confidence": "LOW",
    "hit_tp1": false,
    "hit_sl": false,
    "candles_to_result": 0,
    "max_favorable_pct": 0,
    "max_adverse_pct": 0,
    "outcome_tracked": false
  },
  {
    "symbol": "LLY",
    "timeframe": "historical_1w",
    "timestamp": "2025-11-30",
    "congress_score": 25.0,
    "insider_score": 50,
    "short_interest_pct": 0,
    "combined_score": 43.75,
    "price": 1075.469970703125,
    "price_change_24h": 0.4961815386338679,
    "rsi": 50,
    "position_pct": 92.88236870236531,
    "ta_score": 50,
    "signal_direction": "WAIT",
    "signal_name": "historical_import",
    "confidence": "MEDIUM",
    "hit_tp1": false,
    "hit_sl": false,
    "candles_to_result": 0,
    "max_favorable_pct": 0,
    "max_adverse_pct": 0,
    "outcome_tracked": false
  },
  {
    "symbol": "LLY",
    "timeframe": "historical_1w",
    "timestamp": "2025-12-07",
    "congress_score": 25.0,
    "insider_score": 50,
    "short_interest_pct": 0,
    "combined_score": 43.75,
    "price": 1010.3099975585938,
    "price_change_24h": -4.497633632136678,
    "rsi": 50,
    "position_pct": 79.42762375346678,
    "ta_score": 50,
    "signal_direction": "WAIT",
    "signal_name": "historical_import",
    "confidence": "MEDIUM",
    "hit_tp1": false,
    "hit_sl": false,
    "candles_to_result": 0,
    "max_favorable_pct": 0,
    "max_adverse_pct": 0,
    "outcome_tracked": false
  },
  {
    "symbol": "LLY",
    "timeframe": "historical_1w",
    "timestamp": "2025-12-14",
    "congress_score": 33.33333333333333,
    "insider_score": 50,
    "short_interest_pct": 0,
    "combined_score": 45.83333333333333,
    "price": 1027.510009765625,
    "price_change_24h": 2.9992263459637685,
    "rsi": 50,
    "position_pct": 82.97921787168764,
    "ta_score": 50,
    "signal_direction": "WAIT",
    "signal_name": "historical_import",
    "confidence": "MEDIUM",
    "hit_tp1": false,
    "hit_sl": false,
    "candles_to_result": 0,
    "max_favorable_pct": 0,
    "max_adverse_pct": 0,
    "outcome_tracked": false
  },
  {
    "symbol": "LLY",
    "timeframe": "historical_1w",
    "timestamp": "2025-12-21",
    "congress_score": 0.0,
    "insider_score": 50,
    "short_interest_pct": 0,
    "combined_score": 37.5,
    "price": 1071.43994140625,
    "price_change_24h": 0.8708423643848273,
    "rsi": 50,
    "position_pct": 92.05021648207862,
    "ta_score": 50,
    "signal_direction": "WAIT",
    "signal_name": "historical_import",
    "confidence": "MEDIUM",
    "hit_tp1": false,
    "hit_sl": false,
    "candles_to_result": 0,
    "max_favorable_pct": 0,
    "max_adverse_pct": 0,
    "outcome_tracked": false
  },
  {
    "symbol": "LLY",
    "timeframe": "historical_1m",
    "timestamp": "2025-12-28",
    "congress_score": 20.0,
    "insider_score": 50,
    "short_interest_pct": 0,
    "combined_score": 42.5,
    "price": 0,
    "price_change_24h": 0,
    "rsi": 50,
    "position_pct": 50,
    "ta_score": 50,
    "signal_direction": "WAIT",
    "signal_name": "quiver_only_import",
    "confidence": "LOW",
    "hit_tp1": false,
    "hit_sl": false,
    "candles_to_result": 0,
    "max_favorable_pct": 0,
    "max_adverse_pct": 0,
    "outcome_tracked": false
  },
  {
    "symbol": "LLY",
    "timeframe": "historical_1w",
    "timestamp": "2025-12-28",
    "congress_score": 0.0,
    "insider_score": 50,
    "short_interest_pct": 0,
    "combined_score": 37.5,
    "price": 1074.135009765625,
    "price_change_24h": -0.217836907854421,
    "rsi": 50,
    "position_pct": 92.60671544371579,
    "ta_score": 50,
    "signal_direction": "WAIT",
    "signal_name": "historical_import",
    "confidence": "MEDIUM",
    "hit_tp1": false,
    "hit_sl": false,
    "candles_to_result": 0,
    "max_favorable_pct": 0,
    "max_adverse_pct": 0,
    "outcome_tracked": false
  }
]