[
  {
    "symbol": "LMT",
    "timeframe": "historical_1w",
    "timestamp": "2025-06-29",
    "congress_score": 0.0,
    "insider_score": 50,
    "short_interest_pct": 0,
    "combined_score": 37.5,
    "price": 458.5899963378906,
    "price_change_24h": -2.9356972797782963,
    "rsi": 50,
    "position_pct": 42.59926750473096,
    "ta_score": 50,
    "signal_direction": "WAIT",
    "signal_name": "historical_import",
    "confidence": "MEDIUM",
    "hit_tp1": true,
    "hit_sl": false,
    "candles_to_result": 4,
    "max_favorable_pct": 1.9450955099251839,
    "max_adverse_pct": -8.19468084178979,
    "outcome_tracked": true
  },
  {
    "symbol": "LMT",
    "timeframe": "historical_1w",
    "timestamp": "2025-07-06",
    "congress_score": 50,
    "insider_score": 50,
    "short_interest_pct": 0,
    "combined_score": 50.0,
    "price": 462.5199890136719,
    "price_change_24h": -0.13387433932614892,
    "rsi": 50,
    "position_pct": 47.32850022089436,
    "ta_score": 50,
    "signal_direction": "WAIT",
    "signal_name": "historical_import",
    "confidence": "MEDIUM",
    "hit_tp1": false,
    "hit_sl": true,
    "candles_to_result": 3,
    "max_favorable_pct": 1.900460251170257,
    "max_adverse_pct": -8.974742764429983,
    "outcome_tracked": true
  },
  {
    "symbol": "LMT",
    "timeframe": "historical_1w",
    "timestamp": "2025-07-13",
    "congress_score": 50,
    "insider_score": 50,
    "short_interest_pct": 0,
    "combined_score": 50.0,
    "price": 467.510009765625,
    "price_change_24h": -0.3304455295775099,
    "rsi": 50,
    "position_pct": 53.33333822985574,
    "ta_score": 50,
    "signal_direction": "WAIT",
    "signal_name": "historical_import",
    "confidence": "MEDIUM",
    "hit_tp1": false,
    "hit_sl": true,
    "candles_to_result": 2,
    "max_favorable_pct": 1.1614708909662592,
    "max_adverse_pct": -9.946311101084587,
    "outcome_tracked": true
  },
  {
    "symbol": "LMT",
    "timeframe": "historical_1w",
    "timestamp": "2025-07-20",
    "congress_score": 50,
    "insider_score": 50,
    "short_interest_pct": 0,
    "combined_score": 50.0,
    "price": 463.9599914550781,
    "price_change_24h": -2.02927037618777,
    "rsi": 50,
    "position_pct": 49.06135501709315,
    "ta_score": 50,
    "signal_direction": "WAIT",
    "signal_name": "historical_import",
    "confidence": "MEDIUM",
    "hit_tp1": false,
    "hit_sl": true,
    "candles_to_result": 1,
    "max_favorable_pct": 5.060783562972698,
    "max_adverse_pct": -9.25725978111879,
    "outcome_tracked": true
  },
  {
    "symbol": "LMT",
    "timeframe": "historical_1w",
    "timestamp": "2025-07-27",
    "congress_score": 50,
    "insider_score": 50,
    "short_interest_pct": 0,
    "combined_score": 50.0,
    "price": 421.1700134277344,
    "price_change_24h": -8.546671325623082,
    "rsi": 50,
    "position_pct": 10.91577309745853,
    "ta_score": 50,
    "signal_direction": "WAIT",
    "signal_name": "historical_import",
    "confidence": "MEDIUM",
    "hit_tp1": true,
    "hit_sl": false,
    "candles_to_result": 3,
    "max_favorable_pct": 19.782979355185486,
    "max_adverse_pct": -0.037990278749232206,
    "outcome_tracked": true
  },
  {
    "symbol": "LMT",
    "timeframe": "historical_1w",
    "timestamp": "2025-08-03",
    "congress_score": 50,
    "insider_score": 50,
    "short_interest_pct": 0,
    "combined_score": 50.0,
    "price": 421.010009765625,
    "price_change_24h": -0.07831835931402881,
    "rsi": 50,
    "position_pct": 10.748317700862636,
    "ta_score": 50,
    "signal_direction": "WAIT",
    "signal_name": "historical_import",
    "confidence": "MEDIUM",
    "hit_tp1": true,
    "hit_sl": false,
    "candles_to_result": 2,
    "max_favorable_pct": 19.961515421956015,
    "max_adverse_pct": 1.0973599225727286,
    "outcome_tracked": true
  },
  {
    "symbol": "LMT",
    "timeframe": "historical_1w",
    "timestamp": "2025-08-10",
    "congress_score": 100.0,
    "insider_score": 50,
    "short_interest_pct": 0,
    "combined_score": 62.5,
    "price": 425.6300048828125,
    "price_change_24h": 0.45550923298963786,
    "rsi": 50,
    "position_pct": 15.583476499233628,
    "ta_score": 50,
    "signal_direction": "WAIT",
    "signal_name": "historical_import",
    "confidence": "MEDIUM",
    "hit_tp1": true,
    "hit_sl": false,
    "candles_to_result": 2,
    "max_favorable_pct": 18.659394779280827,
    "max_adverse_pct": 2.8029021776944276,
    "outcome_tracked": true
  },
  {
    "symbol": "LMT",
    "timeframe": "historical_1w",
    "timestamp": "2025-08-17",
    "congress_score": 100.0,
    "insider_score": 50,
    "short_interest_pct": 0,
    "combined_score": 62.5,
    "price": 437.55999755859375,
    "price_change_24h": 2.650961275767328,
    "rsi": 50,
    "position_pct": 28.069076069719955,
    "ta_score": 50,
    "signal_direction": "WAIT",
    "signal_name": "historical_import",
    "confidence": "MEDIUM",
    "hit_tp1": true,
    "hit_sl": false,
    "candles_to_result": 2,
    "max_favorable_pct": 15.424168253711859,
    "max_adverse_pct": 1.9745897012170346,
    "outcome_tracked": true
  },
  {
    "symbol": "LMT",
    "timeframe": "historical_1w",
    "timestamp": "2025-08-24",
    "congress_score": 100.0,
    "insider_score": 50,
    "short_interest_pct": 0,
    "combined_score": 62.5,
    "price": 446.20001220703125,
    "price_change_24h": 1.2618004206971005,
    "rsi": 50,
    "position_pct": 37.11147585279128,
    "ta_score": 50,
    "signal_direction": "WAIT",
    "signal_name": "historical_import",
    "confidence": "MEDIUM",
    "hit_tp1": true,
    "hit_sl": false,
    "candles_to_result": 2,
    "max_favorable_pct": 13.189147013880367,
    "max_adverse_pct": 2.113400362572346,
    "outcome_tracked": true
  },
  {
    "symbol": "LMT",
    "timeframe": "historical_1w",
    "timestamp": "2025-08-31",
    "congress_score": 100.0,
    "insider_score": 50,
    "short_interest_pct": 0,
    "combined_score": 62.5,
    "price": 455.6300048828125,
    "price_change_24h": 1.766730018882973,
    "rsi": 50,
    "position_pct": 46.980644736812685,
    "ta_score": 50,
    "signal_direction": "WAIT",
    "signal_name": "historical_import",
    "confidence": "MEDIUM",
    "hit_tp1": true,
    "hit_sl": false,
    "candles_to_result": 2,
    "max_favorable_pct": 10.846516335741981,
    "max_adverse_pct": 0.596975877697674,
    "outcome_tracked": true
  },
  {
    "symbol": "LMT",
    "timeframe": "historical_1w",
    "timestamp": "2025-09-07",
    "congress_score": 50,
    "insider_score": 50,
    "short_interest_pct": 0,
    "combined_score": 50.0,
    "price": 463.8999938964844,
    "price_change_24h": 2.5193356677313536,
    "rsi": 50,
    "position_pct": 55.63578594965224,
    "ta_score": 50,
    "signal_direction": "WAIT",
    "signal_name": "historical_import",
    "confidence": "MEDIUM",
    "hit_tp1": true,
    "hit_sl": false,
    "candles_to_result": 3,
    "max_favorable_pct": 8.870445017868803,
    "max_adverse_pct": -1.1963759142034363,
    "outcome_tracked": true
  },
  {
    "symbol": "LMT",
    "timeframe": "historical_1w",
    "timestamp": "2025-09-14",
    "congress_score": 50,
    "insider_score": 50,
    "short_interest_pct": 0,
    "combined_score": 50.0,
    "price": 471.30999755859375,
    "price_change_24h": 2.6573179839878924,
    "rsi": 50,
    "position_pct": 63.3908903369964,
    "ta_score": 50,
    "signal_direction": "WAIT",
    "signal_name": "historical_import",
    "confidence": "MEDIUM",
    "hit_tp1": true,
    "hit_sl": false,
    "candles_to_result": 2,
    "max_favorable_pct": 7.158768201215679,
    "max_adverse_pct": -2.749780722287124,
    "outcome_tracked": true
  },
  {
    "symbol": "LMT",
    "timeframe": "historical_1w",
    "timestamp": "2025-09-21",
    "congress_score": 50,
    "insider_score": 50,
    "short_interest_pct": 0,
    "combined_score": 50.0,
    "price": 472.94000244140625,
    "price_change_24h": -0.06550397434627575,
    "rsi": 50,
    "position_pct": 65.09680825478772,
    "ta_score": 50,
    "signal_direction": "WAIT",
    "signal_name": "historical_import",
    "confidence": "MEDIUM",
    "hit_tp1": true,
    "hit_sl": false,
    "candles_to_result": 1,
    "max_favorable_pct": 6.789441617500032,
    "max_adverse_pct": -3.1885687427576084,
    "outcome_tracked": true
  },
  {
    "symbol": "LMT",
    "timeframe": "historical_1w",
    "timestamp": "2025-09-28",
    "congress_score": 0.0,
    "insider_score": 50,
    "short_interest_pct": 0,
    "combined_score": 37.5,
    "price": 487.44000244140625,
    "price_change_24h": 1.4675550236255688,
    "rsi": 50,
    "position_pct": 80.27210623628426,
    "ta_score": 50,
    "signal_direction": "WAIT",
    "signal_name": "historical_import",
    "confidence": "MEDIUM",
    "hit_tp1": false,
    "hit_sl": true,
    "candles_to_result": 1,
    "max_favorable_pct": 3.612749315476902,
    "max_adverse_pct": -7.229605706932331,
    "outcome_tracked": true
  },
  {
    "symbol": "LMT",
    "timeframe": "historical_1w",
    "timestamp": "2025-10-05",
    "congress_score": 0.0,
    "insider_score": 50,
    "short_interest_pct": 0,
    "combined_score": 37.5,
    "price": 504.489990234375,
    "price_change_24h": 2.542782017295113,
    "rsi": 50,
    "position_pct": 98.11615074243456,
    "ta_score": 50,
    "signal_direction": "WAIT",
    "signal_name": "historical_import",
    "confidence": "MEDIUM",
    "hit_tp1": true,
    "hit_sl": false,
    "candles_to_result": 3,
    "max_favorable_pct": 0.11100270955496805,
    "max_adverse_pct": -10.364918836754516,
    "outcome_tracked": true
  },
  {
    "symbol": "LMT",
    "timeframe": "historical_1w",
    "timestamp": "2025-10-12",
    "congress_score": 0.0,
    "insider_score": 50,
    "short_interest_pct": 0,
    "combined_score": 37.5,
    "price": 505.04998779296875,
    "price_change_24h": -1.7871038067688443,
    "rsi": 50,
    "position_pct": 91.12077058801329,
    "ta_score": 50,
    "signal_direction": "WAIT",
    "signal_name": "historical_import",
    "confidence": "MEDIUM",
    "hit_tp1": true,
    "hit_sl": false,
    "candles_to_result": 2,
    "max_favorable_pct": -1.9602007990826054,
    "max_adverse_pct": -10.464305883242965,
    "outcome_tracked": true
  },
  {
    "symbol": "LMT",
    "timeframe": "historical_1w",
    "timestamp": "2025-10-19",
    "congress_score": 0.0,
    "insider_score": 50,
    "short_interest_pct": 0,
    "combined_score": 37.5,
    "price": 495.1499938964844,
    "price_change_24h": -1.722801918725466,
    "rsi": 50,
    "position_pct": 81.55555909382548,
    "ta_score": 50,
    "signal_direction": "WAIT",
    "signal_name": "historical_import",
    "confidence": "MEDIUM",
    "hit_tp1": true,
    "hit_sl": false,
    "candles_to_result": 3,
    "max_favorable_pct": -0.6604037269473331,
    "max_adverse_pct": -8.674135558695415,
    "outcome_tracked": true
  },
  {
    "symbol": "LMT",
    "timeframe": "historical_1w",
    "timestamp": "2025-10-26",
    "congress_score": 50,
    "insider_score": 50,
    "short_interest_pct": 0,
    "combined_score": 50.0,
    "price": 485.4100036621094,
    "price_change_24h": -4.050205669416869,
    "rsi": 50,
    "position_pct": 72.14494050988829,
    "ta_score": 50,
    "signal_direction": "WAIT",
    "signal_name": "historical_import",
    "confidence": "MEDIUM",
    "hit_tp1": false,
    "hit_sl": false,
    "candles_to_result": 0,
    "max_favorable_pct": 0,
    "max_adverse_pct": 0,
    "outcome_tracked": false
  },
  {
    "symbol": "LMT",
    "timeframe": "historical_1w",
    "timestamp": "2025-11-02",
    "congress_score": 50,
    "insider_score": 50,
    "short_interest_pct": 0,
    "combined_score": 50.0,
    "price": 491.8800048828125,
    "price_change_24h": 1.0207227584816787,
    "rsi": 50,
    "position_pct": 78.3961494187802,
    "ta_score": 50,
    "signal_direction": "WAIT",
    "signal_name": "historical_import",
    "confidence": "MEDIUM",
    "hit_tp1": false,
    "hit_sl": false,
    "candles_to_result": 0,
    "max_favorable_pct": 0,
    "max_adverse_pct": 0,
    "outcome_tracked": false
  },
  {
    "symbol": "LMT",
    "timeframe": "historical_1w",
    "timestamp": "2025-11-09",
    "congress_score": 50,
    "insider_score": 50,
    "short_interest_pct": 0,
    "combined_score": 50.0,
    "price": 458.3500061035156,
    "price_change_24h": -6.064269416288308,
    "rsi": 50,
    "position_pct": 46.00001533250302,
    "ta_score": 50,
    "signal_direction": "WAIT",
    "signal_name": "historical_import",
    "confidence": "MEDIUM",
    "hit_tp1": false,
    "hit_sl": false,
    "candles_to_result": 0,
    "max_favorable_pct": 0,
    "max_adverse_pct": 0,
    "outcome_tracked": false
  },
  {
    "symbol": "LMT",
    "timeframe": "historical_1w",
    "timestamp": "2025-11-16",
    "congress_score": 50,
    "insider_score": 50,
    "short_interest_pct": 0,
    "combined_score": 50.0,
    "price": 465.7699890136719,
    "price_change_24h": 3.0236635093135313,
    "rsi": 50,
    "position_pct": 53.16908094618056,
    "ta_score": 50,
    "signal_direction": "WAIT",
    "signal_name": "historical_import",
    "confidence": "MEDIUM",
    "hit_tp1": false,
    "hit_sl": false,
    "candles_to_result": 0,
    "max_favorable_pct": 0,
    "max_adverse_pct": 0,
    "outcome_tracked": false
  },
  {
    "symbol": "LMT",
    "timeframe": "historical_1w",
    "timestamp": "2025-11-23",
    "congress_score": 100.0,
    "insider_score": 50,
    "short_interest_pct": 0,
    "combined_score": 62.5,
    "price": 460.7799987792969,
    "price_change_24h": -2.1241344207335433,
    "rsi": 50,
    "position_pct": 48.34783434291969,
    "ta_score": 50,
    "signal_direction": "WAIT",
    "signal_name": "historical_import",
    "confidence": "MEDIUM",
    "hit_tp1": false,
    "hit_sl": false,
    "candles_to_result": 0,
    "max_favorable_pct": 0,
    "max_adverse_pct": 0,
    "outcome_tracked": false
  },
  {
    "symbol": "LMT",
    "timeframe": "historical_1w",
    "timestamp": "2025-11-30",
    "congress_score": 100.0,
    "insider_score": 50,
    "short_interest_pct": 0,
    "combined_score": 62.5,
    "price": 457.8599853515625,
    "price_change_24h": 1.5075572717098273,
    "rsi": 50,
    "position_pct": 45.526565330615945,
    "ta_score": 50,
    "signal_direction": "WAIT",
    "signal_name": "historical_import",
    "confidence": "MEDIUM",
    "hit_tp1": false,
    "hit_sl": false,
    "candles_to_result": 0,
    "max_favorable_pct": 0,
    "max_adverse_pct": 0,
    "outcome_tracked": false
  },
  {
    "symbol": "LMT",
    "timeframe": "historical_1w",
    "timestamp": "2025-12-07",
    "congress_score": 100.0,
    "insider_score": 50,
    "short_interest_pct": 0,
    "combined_score": 62.5,
    "price": 452.20001220703125,
    "price_change_24h": 2.962273661354736,
    "rsi": 50,
    "position_pct": 40.05799224411232,
    "ta_score": 50,
    "signal_direction": "WAIT",
    "signal_name": "historical_import",
    "confidence": "MEDIUM",
    "hit_tp1": false,
    "hit_sl": false,
    "candles_to_result": 0,
    "max_favorable_pct": 0,
    "max_adverse_pct": 0,
    "outcome_tracked": false
  },
  {
    "symbol": "LMT",
    "timeframe": "historical_1w",
    "timestamp": "2025-12-14",
    "congress_score": 100.0,
    "insider_score": 50,
    "short_interest_pct": 0,
    "combined_score": 62.5,
    "price": 480.25,
    "price_change_24h": 3.195237217149439,
    "rsi": 50,
    "position_pct": 67.15942972524155,
    "ta_score": 50,
    "signal_direction": "WAIT",
    "signal_name": "historical_import",
    "confidence": "MEDIUM",
    "hit_tp1": false,
    "hit_sl": false,
    "candles_to_result": 0,
    "max_favorable_pct": 0,
    "max_adverse_pct": 0,
    "outcome_tracked": false
  },
  {
    "symbol": "LMT",
    "timeframe": "historical_1w",
    "timestamp": "2025-12-21",
    "congress_score": 50,
    "insider_score": 50,
    "short_interest_pct": 0,
    "combined_score": 50.0,
    "price": 474.1300048828125,
    "price_change_24h": -2.124191457762084,
    "rsi": 50,
    "position_pct": 61.246390964673914,
    "ta_score": 50,
    "signal_direction": "WAIT",
    "signal_name": "historical_import",
    "confidence": "MEDIUM",
    "hit_tp1": false,
    "hit_sl": false,
    "candles_to_result": 0,
    "max_favorable_pct": 0,
    "max_adverse_pct": 0,
    "outcome_tracked": false
  },
  {
    "symbol": "LMT",
    "timeframe": "historical_1w",
    "timestamp": "2025-12-28",
    "congress_score": 50,
    "insider_score": 50,
    "short_interest_pct": 0,
    "combined_score": 50.0,
    "price": 481.5299987792969,
    "price_change_24h": -0.4218641590718244,
    "rsi": 50,
    "position_pct": 68.39614352166365,
    "ta_score": 50,
    "signal_direction": "WAIT",
    "signal_name": "historical_import",
    "confidence": "MEDIUM",
    "hit_tp1": false,
    "hit_sl": false,
    "candles_to_result": 0,
    "max_favorable_pct": 0,
    "max_adverse_pct": 0,
    "outcome_tracked": false
  }
]