[
  {
    "symbol": "LOW",
    "timeframe": "historical_1w",
    "timestamp": "2025-06-29",
    "congress_score": 66.66666666666666,
    "insider_score": 50,
    "short_interest_pct": 0,
    "combined_score": 54.166666666666664,
    "price": 223.6300048828125,
    "price_change_24h": 2.315046616202897,
    "rsi": 50,
    "position_pct": 22.226081740354758,
    "ta_score": 50,
    "signal_direction": "WAIT",
    "signal_name": "historical_import",
    "confidence": "MEDIUM",
    "hit_tp1": true,
    "hit_sl": false,
    "candles_to_result": 6,
    "max_favorable_pct": 20.721725764024328,
    "max_adverse_pct": -1.9988378675059784,
    "outcome_tracked": true
  },
  {
    "symbol": "LOW",
    "timeframe": "historical_1w",
    "timestamp": "2025-07-06",
    "congress_score": 40.0,
    "insider_score": 50,
    "short_interest_pct": 0,
    "combined_score": 47.5,
    "price": 228.30999755859375,
    "price_change_24h": 2.902601786241877,
    "rsi": 50,
    "position_pct": 30.352478221322084,
    "ta_score": 50,
    "signal_direction": "WAIT",
    "signal_name": "historical_import",
    "confidence": "MEDIUM",
    "hit_tp1": true,
    "hit_sl": false,
    "candles_to_result": 2,
    "max_favorable_pct": 19.061797327777054,
    "max_adverse_pct": -4.007706186469609,
    "outcome_tracked": true
  },
  {
    "symbol": "LOW",
    "timeframe": "historical_1w",
    "timestamp": "2025-07-13",
    "congress_score": 40.0,
    "insider_score": 50,
    "short_interest_pct": 0,
    "combined_score": 47.5,
    "price": 224.1300048828125,
    "price_change_24h": -0.38223947257856844,
    "rsi": 50,
    "position_pct": 23.0942878513409,
    "ta_score": 50,
    "signal_direction": "WAIT",
    "signal_name": "historical_import",
    "confidence": "MEDIUM",
    "hit_tp1": false,
    "hit_sl": true,
    "candles_to_result": 4,
    "max_favorable_pct": 21.282282893980796,
    "max_adverse_pct": -2.2174635757946444,
    "outcome_tracked": true
  },
  {
    "symbol": "LOW",
    "timeframe": "historical_1w",
    "timestamp": "2025-07-20",
    "congress_score": 40.0,
    "insider_score": 50,
    "short_interest_pct": 0,
    "combined_score": 47.5,
    "price": 219.16000366210938,
    "price_change_24h": -1.4568301813367166,
    "rsi": 50,
    "position_pct": 14.464316988494838,
    "ta_score": 50,
    "signal_direction": "WAIT",
    "signal_name": "historical_import",
    "confidence": "MEDIUM",
    "hit_tp1": false,
    "hit_sl": true,
    "candles_to_result": 1,
    "max_favorable_pct": 24.03266199582674,
    "max_adverse_pct": 3.3035180294746107,
    "outcome_tracked": true
  },
  {
    "symbol": "LOW",
    "timeframe": "historical_1w",
    "timestamp": "2025-07-27",
    "congress_score": 60.0,
    "insider_score": 50,
    "short_interest_pct": 0,
    "combined_score": 52.5,
    "price": 226.8000030517578,
    "price_change_24h": 2.6662438513456483,
    "rsi": 50,
    "position_pct": 27.730505304541154,
    "ta_score": 50,
    "signal_direction": "WAIT",
    "signal_name": "historical_import",
    "confidence": "MEDIUM",
    "hit_tp1": true,
    "hit_sl": false,
    "candles_to_result": 2,
    "max_favorable_pct": 19.854489821250823,
    "max_adverse_pct": -0.17637087737699536,
    "outcome_tracked": true
  },
  {
    "symbol": "LOW",
    "timeframe": "historical_1w",
    "timestamp": "2025-08-03",
    "congress_score": 100.0,
    "insider_score": 50,
    "short_interest_pct": 0,
    "combined_score": 62.5,
    "price": 226.39999389648438,
    "price_change_24h": -1.560942437034027,
    "rsi": 50,
    "position_pct": 27.03592451842355,
    "ta_score": 50,
    "signal_direction": "WAIT",
    "signal_name": "historical_import",
    "confidence": "MEDIUM",
    "hit_tp1": true,
    "hit_sl": false,
    "candles_to_result": 1,
    "max_favorable_pct": 20.066251722848083,
    "max_adverse_pct": 2.5706746824736224,
    "outcome_tracked": true
  },
  {
    "symbol": "LOW",
    "timeframe": "historical_1w",
    "timestamp": "2025-08-10",
    "congress_score": 100.0,
    "insider_score": 50,
    "short_interest_pct": 0,
    "combined_score": 62.5,
    "price": 241.14999389648438,
    "price_change_24h": 3.1392996084571587,
    "rsi": 50,
    "position_pct": 52.64800479251469,
    "ta_score": 50,
    "signal_direction": "WAIT",
    "signal_name": "historical_import",
    "confidence": "MEDIUM",
    "hit_tp1": true,
    "hit_sl": false,
    "candles_to_result": 1,
    "max_favorable_pct": 12.722369252454094,
    "max_adverse_pct": -3.7030864199874385,
    "outcome_tracked": true
  },
  {
    "symbol": "LOW",
    "timeframe": "historical_1w",
    "timestamp": "2025-08-17",
    "congress_score": 100.0,
    "insider_score": 50,
    "short_interest_pct": 0,
    "combined_score": 62.5,
    "price": 252.05999755859375,
    "price_change_24h": 5.090677983893182,
    "rsi": 50,
    "position_pct": 71.59226849316374,
    "ta_score": 50,
    "signal_direction": "WAIT",
    "signal_name": "historical_import",
    "confidence": "MEDIUM",
    "hit_tp1": true,
    "hit_sl": false,
    "candles_to_result": 1,
    "max_favorable_pct": 7.843366343394553,
    "max_adverse_pct": -7.871140415003229,
    "outcome_tracked": true
  },
  {
    "symbol": "LOW",
    "timeframe": "historical_1w",
    "timestamp": "2025-08-24",
    "congress_score": 100.0,
    "insider_score": 50,
    "short_interest_pct": 0,
    "combined_score": 62.5,
    "price": 263.7300109863281,
    "price_change_24h": 5.117785335372542,
    "rsi": 50,
    "position_pct": 91.85622243966235,
    "ta_score": 50,
    "signal_direction": "WAIT",
    "signal_name": "historical_import",
    "confidence": "MEDIUM",
    "hit_tp1": false,
    "hit_sl": true,
    "candles_to_result": 1,
    "max_favorable_pct": 3.0713135587581673,
    "max_adverse_pct": -11.94782863269152,
    "outcome_tracked": true
  },
  {
    "symbol": "LOW",
    "timeframe": "historical_1w",
    "timestamp": "2025-08-31",
    "congress_score": 100.0,
    "insider_score": 50,
    "short_interest_pct": 0,
    "combined_score": 62.5,
    "price": 258.05999755859375,
    "price_change_24h": -0.31289742877581206,
    "rsi": 50,
    "position_pct": 82.01074182499744,
    "ta_score": 50,
    "signal_direction": "WAIT",
    "signal_name": "historical_import",
    "confidence": "MEDIUM",
    "hit_tp1": true,
    "hit_sl": false,
    "candles_to_result": 1,
    "max_favorable_pct": 5.335964172651491,
    "max_adverse_pct": -10.013173906205099,
    "outcome_tracked": true
  },
  {
    "symbol": "LOW",
    "timeframe": "historical_1w",
    "timestamp": "2025-09-07",
    "congress_score": 100.0,
    "insider_score": 50,
    "short_interest_pct": 0,
    "combined_score": 62.5,
    "price": 269.9700012207031,
    "price_change_24h": 4.34026876794562,
    "rsi": 50,
    "position_pct": 100.0,
    "ta_score": 50,
    "signal_direction": "WAIT",
    "signal_name": "historical_import",
    "confidence": "MEDIUM",
    "hit_tp1": false,
    "hit_sl": true,
    "candles_to_result": 3,
    "max_favorable_pct": 0.6889600115391872,
    "max_adverse_pct": -15.601731646752112,
    "outcome_tracked": true
  },
  {
    "symbol": "LOW",
    "timeframe": "historical_1w",
    "timestamp": "2025-09-14",
    "congress_score": 100.0,
    "insider_score": 50,
    "short_interest_pct": 0,
    "combined_score": 62.5,
    "price": 271.8299865722656,
    "price_change_24h": -0.43586641612041777,
    "rsi": 50,
    "position_pct": 98.08650476496823,
    "ta_score": 50,
    "signal_direction": "WAIT",
    "signal_name": "historical_import",
    "confidence": "MEDIUM",
    "hit_tp1": false,
    "hit_sl": true,
    "candles_to_result": 1,
    "max_favorable_pct": -2.439015080285046,
    "max_adverse_pct": -16.17922327971641,
    "outcome_tracked": true
  },
  {
    "symbol": "LOW",
    "timeframe": "historical_1w",
    "timestamp": "2025-09-21",
    "congress_score": 100.0,
    "insider_score": 50,
    "short_interest_pct": 0,
    "combined_score": 62.5,
    "price": 265.20001220703125,
    "price_change_24h": -2.532244560106193,
    "rsi": 50,
    "position_pct": 87.42566583318673,
    "ta_score": 50,
    "signal_direction": "WAIT",
    "signal_name": "historical_import",
    "confidence": "MEDIUM",
    "hit_tp1": false,
    "hit_sl": true,
    "candles_to_result": 1,
    "max_favorable_pct": -3.0467634682972777,
    "max_adverse_pct": -14.083712060449658,
    "outcome_tracked": true
  },
  {
    "symbol": "LOW",
    "timeframe": "historical_1w",
    "timestamp": "2025-09-28",
    "congress_score": 0.0,
    "insider_score": 50,
    "short_interest_pct": 0,
    "combined_score": 37.5,
    "price": 257.1199951171875,
    "price_change_24h": -1.2558160249213004,
    "rsi": 50,
    "position_pct": 74.43319316050831,
    "ta_score": 50,
    "signal_direction": "WAIT",
    "signal_name": "historical_import",
    "confidence": "MEDIUM",
    "hit_tp1": true,
    "hit_sl": false,
    "candles_to_result": 1,
    "max_favorable_pct": -3.3641856179026335,
    "max_adverse_pct": -11.38378561353484,
    "outcome_tracked": true
  },
  {
    "symbol": "LOW",
    "timeframe": "historical_1w",
    "timestamp": "2025-10-05",
    "congress_score": 0.0,
    "insider_score": 50,
    "short_interest_pct": 0,
    "combined_score": 37.5,
    "price": 246.35000610351562,
    "price_change_24h": -2.751461005518752,
    "rsi": 50,
    "position_pct": 57.11531048906404,
    "ta_score": 50,
    "signal_direction": "WAIT",
    "signal_name": "historical_import",
    "confidence": "MEDIUM",
    "hit_tp1": true,
    "hit_sl": false,
    "candles_to_result": 1,
    "max_favorable_pct": 0.860562234488715,
    "max_adverse_pct": -7.509640568966071,
    "outcome_tracked": true
  },
  {
    "symbol": "LOW",
    "timeframe": "historical_1w",
    "timestamp": "2025-10-12",
    "congress_score": 50.0,
    "insider_score": 50,
    "short_interest_pct": 0,
    "combined_score": 50.0,
    "price": 232.22000122070312,
    "price_change_24h": -3.910289659387483,
    "rsi": 50,
    "position_pct": 34.394603309433045,
    "ta_score": 50,
    "signal_direction": "WAIT",
    "signal_name": "historical_import",
    "confidence": "MEDIUM",
    "hit_tp1": true,
    "hit_sl": false,
    "candles_to_result": 1,
    "max_favorable_pct": 6.997674582111432,
    "max_adverse_pct": -1.8818340772611717,
    "outcome_tracked": true
  },
  {
    "symbol": "LOW",
    "timeframe": "historical_1w",
    "timestamp": "2025-10-19",
    "congress_score": 50.0,
    "insider_score": 50,
    "short_interest_pct": 0,
    "combined_score": 50.0,
    "price": 244.6999969482422,
    "price_change_24h": 4.358581289202409,
    "rsi": 50,
    "position_pct": 54.46213554881476,
    "ta_score": 50,
    "signal_direction": "WAIT",
    "signal_name": "historical_import",
    "confidence": "MEDIUM",
    "hit_tp1": false,
    "hit_sl": true,
    "candles_to_result": 2,
    "max_favorable_pct": 1.5406638003589153,
    "max_adverse_pct": -6.885979180576203,
    "outcome_tracked": true
  },
  {
    "symbol": "LOW",
    "timeframe": "historical_1w",
    "timestamp": "2025-10-26",
    "congress_score": 33.33333333333333,
    "insider_score": 50,
    "short_interest_pct": 0,
    "combined_score": 45.83333333333333,
    "price": 242.7100067138672,
    "price_change_24h": 0.18161655741394045,
    "rsi": 50,
    "position_pct": 51.26227923025417,
    "ta_score": 50,
    "signal_direction": "WAIT",
    "signal_name": "historical_import",
    "confidence": "MEDIUM",
    "hit_tp1": false,
    "hit_sl": false,
    "candles_to_result": 0,
    "max_favorable_pct": 0,
    "max_adverse_pct": 0,
    "outcome_tracked": false
  },
  {
    "symbol": "LOW",
    "timeframe": "historical_1w",
    "timestamp": "2025-11-02",
    "congress_score": 33.33333333333333,
    "insider_score": 50,
    "short_interest_pct": 0,
    "combined_score": 45.83333333333333,
    "price": 238.1300048828125,
    "price_change_24h": -2.2655403865994197,
    "rsi": 50,
    "position_pct": 43.89774670895651,
    "ta_score": 50,
    "signal_direction": "WAIT",
    "signal_name": "historical_import",
    "confidence": "MEDIUM",
    "hit_tp1": false,
    "hit_sl": false,
    "candles_to_result": 0,
    "max_favorable_pct": 0,
    "max_adverse_pct": 0,
    "outcome_tracked": false
  },
  {
    "symbol": "LOW",
    "timeframe": "historical_1w",
    "timestamp": "2025-11-09",
    "congress_score": 0.0,
    "insider_score": 50,
    "short_interest_pct": 0,
    "combined_score": 37.5,
    "price": 233.16000366210938,
    "price_change_24h": -1.0524510838409074,
    "rsi": 50,
    "position_pct": 35.90610457192083,
    "ta_score": 50,
    "signal_direction": "WAIT",
    "signal_name": "historical_import",
    "confidence": "MEDIUM",
    "hit_tp1": false,
    "hit_sl": false,
    "candles_to_result": 0,
    "max_favorable_pct": 0,
    "max_adverse_pct": 0,
    "outcome_tracked": false
  },
  {
    "symbol": "LOW",
    "timeframe": "historical_1w",
    "timestamp": "2025-11-16",
    "congress_score": 0.0,
    "insider_score": 50,
    "short_interest_pct": 0,
    "combined_score": 37.5,
    "price": 227.85000610351562,
    "price_change_24h": -2.2228866252912054,
    "rsi": 50,
    "position_pct": 27.367756520808907,
    "ta_score": 50,
    "signal_direction": "WAIT",
    "signal_name": "historical_import",
    "confidence": "MEDIUM",
    "hit_tp1": false,
    "hit_sl": false,
    "candles_to_result": 0,
    "max_favorable_pct": 0,
    "max_adverse_pct": 0,
    "outcome_tracked": false
  },
  {
    "symbol": "LOW",
    "timeframe": "historical_1w",
    "timestamp": "2025-11-23",
    "congress_score": 0.0,
    "insider_score": 50,
    "short_interest_pct": 0,
    "combined_score": 37.5,
    "price": 234.2899932861328,
    "price_change_24h": 4.128885904947917,
    "rsi": 50,
    "position_pct": 37.72310064349951,
    "ta_score": 50,
    "signal_direction": "WAIT",
    "signal_name": "historical_import",
    "confidence": "MEDIUM",
    "hit_tp1": false,
    "hit_sl": false,
    "candles_to_result": 0,
    "max_favorable_pct": 0,
    "max_adverse_pct": 0,
    "outcome_tracked": false
  },
  {
    "symbol": "LOW",
    "timeframe": "historical_1w",
    "timestamp": "2025-11-30",
    "congress_score": 0.0,
    "insider_score": 50,
    "short_interest_pct": 0,
    "combined_score": 37.5,
    "price": 242.47999572753906,
    "price_change_24h": 5.997552697219153,
    "rsi": 50,
    "position_pct": 50.89242710976295,
    "ta_score": 50,
    "signal_direction": "WAIT",
    "signal_name": "historical_import",
    "confidence": "MEDIUM",
    "hit_tp1": false,
    "hit_sl": false,
    "candles_to_result": 0,
    "max_favorable_pct": 0,
    "max_adverse_pct": 0,
    "outcome_tracked": false
  },
  {
    "symbol": "LOW",
    "timeframe": "historical_1w",
    "timestamp": "2025-12-07",
    "congress_score": 0.0,
    "insider_score": 50,
    "short_interest_pct": 0,
    "combined_score": 37.5,
    "price": 248.47000122070312,
    "price_change_24h": 0.8441908503621167,
    "rsi": 50,
    "position_pct": 60.52421152479228,
    "ta_score": 50,
    "signal_direction": "WAIT",
    "signal_name": "historical_import",
    "confidence": "MEDIUM",
    "hit_tp1": false,
    "hit_sl": false,
    "candles_to_result": 0,
    "max_favorable_pct": 0,
    "max_adverse_pct": 0,
    "outcome_tracked": false
  },
  {
    "symbol": "LOW",
    "timeframe": "historical_1w",
    "timestamp": "2025-12-14",
    "congress_score": 50,
    "insider_score": 50,
    "short_interest_pct": 0,
    "combined_score": 50.0,
    "price": 247.2899932861328,
    "price_change_24h": 1.0088987370395033,
    "rsi": 50,
    "position_pct": 58.626787215786905,
    "ta_score": 50,
    "signal_direction": "WAIT",
    "signal_name": "historical_import",
    "confidence": "MEDIUM",
    "hit_tp1": false,
    "hit_sl": false,
    "candles_to_result": 0,
    "max_favorable_pct": 0,
    "max_adverse_pct": 0,
    "outcome_tracked": false
  },
  {
    "symbol": "LOW",
    "timeframe": "historical_1w",
    "timestamp": "2025-12-21",
    "congress_score": 50,
    "insider_score": 50,
    "short_interest_pct": 0,
    "combined_score": 50.0,
    "price": 240.44000244140625,
    "price_change_24h": -3.3523580588523854,
    "rsi": 50,
    "position_pct": 47.61216708954058,
    "ta_score": 50,
    "signal_direction": "WAIT",
    "signal_name": "historical_import",
    "confidence": "MEDIUM",
    "hit_tp1": false,
    "hit_sl": false,
    "candles_to_result": 0,
    "max_favorable_pct": 0,
    "max_adverse_pct": 0,
    "outcome_tracked": false
  },
  {
    "symbol": "LOW",
    "timeframe": "historical_1w",
    "timestamp": "2025-12-28",
    "congress_score": 50,
    "insider_score": 50,
    "short_interest_pct": 0,
    "combined_score": 50.0,
    "price": 243.82000732421875,
    "price_change_24h": 0.7229313616106604,
    "rsi": 50,
    "position_pct": 53.04713344978007,
    "ta_score": 50,
    "signal_direction": "WAIT",
    "signal_name": "historical_import",
    "confidence": "MEDIUM",
    "hit_tp1": false,
    "hit_sl": false,
    "candles_to_result": 0,
    "max_favorable_pct": 0,
    "max_adverse_pct": 0,
    "outcome_tracked": false
  }
]