[
  {
    "symbol": "LRCX",
    "timeframe": "historical_1w",
    "timestamp": "2025-06-29",
    "congress_score": 50,
    "insider_score": 50,
    "short_interest_pct": 0,
    "combined_score": 50.0,
    "price": 97.19999694824219,
    "price_change_24h": 6.101949897006089,
    "rsi": 50,
    "position_pct": 100.0,
    "ta_score": 50,
    "signal_direction": "WAIT",
    "signal_name": "historical_import",
    "confidence": "MEDIUM",
    "hit_tp1": true,
    "hit_sl": false,
    "candles_to_result": 2,
    "max_favorable_pct": 5.915638045813731,
    "max_adverse_pct": -0.8539035264601069,
    "outcome_tracked": true
  },
  {
    "symbol": "LRCX",
    "timeframe": "historical_1w",
    "timestamp": "2025-07-06",
    "congress_score": 50,
    "insider_score": 50,
    "short_interest_pct": 0,
    "combined_score": 50.0,
    "price": 98.80999755859375,
    "price_change_24h": 1.5101718471412264,
    "rsi": 50,
    "position_pct": 99.94966212477094,
    "ta_score": 50,
    "signal_direction": "WAIT",
    "signal_name": "historical_import",
    "confidence": "MEDIUM",
    "hit_tp1": false,
    "hit_sl": true,
    "candles_to_result": 4,
    "max_favorable_pct": 18.368588173596564,
    "max_adverse_pct": -2.4693805002523312,
    "outcome_tracked": true
  },
  {
    "symbol": "LRCX",
    "timeframe": "historical_1w",
    "timestamp": "2025-07-13",
    "congress_score": 50,
    "insider_score": 50,
    "short_interest_pct": 0,
    "combined_score": 50.0,
    "price": 101.7300033569336,
    "price_change_24h": 3.658043600582925,
    "rsi": 50,
    "position_pct": 100.0,
    "ta_score": 50,
    "signal_direction": "WAIT",
    "signal_name": "historical_import",
    "confidence": "MEDIUM",
    "hit_tp1": false,
    "hit_sl": true,
    "candles_to_result": 2,
    "max_favorable_pct": 24.761617989561234,
    "max_adverse_pct": -5.268849339899527,
    "outcome_tracked": true
  },
  {
    "symbol": "LRCX",
    "timeframe": "historical_1w",
    "timestamp": "2025-07-20",
    "congress_score": 0.0,
    "insider_score": 50,
    "short_interest_pct": 0,
    "combined_score": 37.5,
    "price": 100.66000366210938,
    "price_change_24h": 1.0439679651213685,
    "rsi": 50,
    "position_pct": 97.49062004124059,
    "ta_score": 50,
    "signal_direction": "WAIT",
    "signal_name": "historical_import",
    "confidence": "MEDIUM",
    "hit_tp1": true,
    "hit_sl": false,
    "candles_to_result": 1,
    "max_favorable_pct": 27.488572583234372,
    "max_adverse_pct": -4.261872401602339,
    "outcome_tracked": true
  },
  {
    "symbol": "LRCX",
    "timeframe": "historical_1w",
    "timestamp": "2025-07-27",
    "congress_score": 0.0,
    "insider_score": 50,
    "short_interest_pct": 0,
    "combined_score": 37.5,
    "price": 96.95999908447266,
    "price_change_24h": -4.698249341126704,
    "rsi": 50,
    "position_pct": 88.79249932985648,
    "ta_score": 50,
    "signal_direction": "WAIT",
    "signal_name": "historical_import",
    "confidence": "MEDIUM",
    "hit_tp1": false,
    "hit_sl": true,
    "candles_to_result": 2,
    "max_favorable_pct": 50.38159956206519,
    "max_adverse_pct": -0.6084945786525983,
    "outcome_tracked": true
  },
  {
    "symbol": "LRCX",
    "timeframe": "historical_1w",
    "timestamp": "2025-08-03",
    "congress_score": 0.0,
    "insider_score": 50,
    "short_interest_pct": 0,
    "combined_score": 37.5,
    "price": 96.37000274658203,
    "price_change_24h": -2.281484422365807,
    "rsi": 50,
    "position_pct": 87.40915496982632,
    "ta_score": 50,
    "signal_direction": "WAIT",
    "signal_name": "historical_import",
    "confidence": "MEDIUM",
    "hit_tp1": false,
    "hit_sl": true,
    "candles_to_result": 1,
    "max_favorable_pct": 51.30226564589905,
    "max_adverse_pct": 3.258274670703799,
    "outcome_tracked": true
  },
  {
    "symbol": "LRCX",
    "timeframe": "historical_1w",
    "timestamp": "2025-08-10",
    "congress_score": 50.0,
    "insider_score": 50,
    "short_interest_pct": 0,
    "combined_score": 50.0,
    "price": 101.75,
    "price_change_24h": 3.3939601804695565,
    "rsi": 50,
    "position_pct": 100.0,
    "ta_score": 50,
    "signal_direction": "WAIT",
    "signal_name": "historical_import",
    "confidence": "MEDIUM",
    "hit_tp1": false,
    "hit_sl": true,
    "candles_to_result": 1,
    "max_favorable_pct": 43.302208902794845,
    "max_adverse_pct": -2.2014721019847974,
    "outcome_tracked": true
  },
  {
    "symbol": "LRCX",
    "timeframe": "historical_1w",
    "timestamp": "2025-08-17",
    "congress_score": 60.0,
    "insider_score": 50,
    "short_interest_pct": 0,
    "combined_score": 52.5,
    "price": 99.51000213623047,
    "price_change_24h": -2.4411743762446383,
    "rsi": 50,
    "position_pct": 83.70263907708492,
    "ta_score": 50,
    "signal_direction": "WAIT",
    "signal_name": "historical_import",
    "confidence": "MEDIUM",
    "hit_tp1": true,
    "hit_sl": false,
    "candles_to_result": 3,
    "max_favorable_pct": 52.426881137163875,
    "max_adverse_pct": 0.5728064341149163,
    "outcome_tracked": true
  },
  {
    "symbol": "LRCX",
    "timeframe": "historical_1w",
    "timestamp": "2025-08-24",
    "congress_score": 100.0,
    "insider_score": 50,
    "short_interest_pct": 0,
    "combined_score": 62.5,
    "price": 100.08000183105469,
    "price_change_24h": 1.2135968962066677,
    "rsi": 50,
    "position_pct": 84.88300712232224,
    "ta_score": 50,
    "signal_direction": "WAIT",
    "signal_name": "historical_import",
    "confidence": "MEDIUM",
    "hit_tp1": true,
    "hit_sl": false,
    "candles_to_result": 3,
    "max_favorable_pct": 57.334136523774085,
    "max_adverse_pct": 0.06994373855266851,
    "outcome_tracked": true
  },
  {
    "symbol": "LRCX",
    "timeframe": "historical_1w",
    "timestamp": "2025-08-31",
    "congress_score": 75.0,
    "insider_score": 50,
    "short_interest_pct": 0,
    "combined_score": 56.25,
    "price": 100.1500015258789,
    "price_change_24h": -1.1157161009454484,
    "rsi": 50,
    "position_pct": 85.02796404720682,
    "ta_score": 50,
    "signal_direction": "WAIT",
    "signal_name": "historical_import",
    "confidence": "MEDIUM",
    "hit_tp1": true,
    "hit_sl": false,
    "candles_to_result": 2,
    "max_favorable_pct": 59.111336670663306,
    "max_adverse_pct": 2.7958016771869527,
    "outcome_tracked": true
  },
  {
    "symbol": "LRCX",
    "timeframe": "historical_1w",
    "timestamp": "2025-09-07",
    "congress_score": 33.33333333333333,
    "insider_score": 50,
    "short_interest_pct": 0,
    "combined_score": 45.83333333333333,
    "price": 102.94999694824219,
    "price_change_24h": 6.101204002290942,
    "rsi": 50,
    "position_pct": 90.82625684171012,
    "ta_score": 50,
    "signal_direction": "WAIT",
    "signal_name": "historical_import",
    "confidence": "MEDIUM",
    "hit_tp1": false,
    "hit_sl": true,
    "candles_to_result": 1,
    "max_favorable_pct": 54.78388618469642,
    "max_adverse_pct": 13.608550317173837,
    "outcome_tracked": true
  },
  {
    "symbol": "LRCX",
    "timeframe": "historical_1w",
    "timestamp": "2025-09-14",
    "congress_score": 0.0,
    "insider_score": 50,
    "short_interest_pct": 0,
    "combined_score": 37.5,
    "price": 116.95999908447266,
    "price_change_24h": 11.316264798879734,
    "rsi": 50,
    "position_pct": 100.0,
    "ta_score": 50,
    "signal_direction": "WAIT",
    "signal_name": "historical_import",
    "confidence": "MEDIUM",
    "hit_tp1": false,
    "hit_sl": true,
    "candles_to_result": 1,
    "max_favorable_pct": 36.24316633965379,
    "max_adverse_pct": 8.515731158033946,
    "outcome_tracked": true
  },
  {
    "symbol": "LRCX",
    "timeframe": "historical_1w",
    "timestamp": "2025-09-21",
    "congress_score": 0.0,
    "insider_score": 50,
    "short_interest_pct": 0,
    "combined_score": 37.5,
    "price": 126.91999816894531,
    "price_change_24h": 6.46757750497869,
    "rsi": 50,
    "position_pct": 100.0,
    "ta_score": 50,
    "signal_direction": "WAIT",
    "signal_name": "historical_import",
    "confidence": "MEDIUM",
    "hit_tp1": false,
    "hit_sl": true,
    "candles_to_result": 2,
    "max_favorable_pct": 25.551535142162695,
    "max_adverse_pct": 1.1109389240870424,
    "outcome_tracked": true
  },
  {
    "symbol": "LRCX",
    "timeframe": "historical_1w",
    "timestamp": "2025-09-28",
    "congress_score": 0.0,
    "insider_score": 50,
    "short_interest_pct": 0,
    "combined_score": 37.5,
    "price": 128.3300018310547,
    "price_change_24h": -2.927379127476567,
    "rsi": 50,
    "position_pct": 94.70661293009722,
    "ta_score": 50,
    "signal_direction": "WAIT",
    "signal_name": "historical_import",
    "confidence": "MEDIUM",
    "hit_tp1": false,
    "hit_sl": true,
    "candles_to_result": 1,
    "max_favorable_pct": 24.17205940143171,
    "max_adverse_pct": 2.368887432990874,
    "outcome_tracked": true
  },
  {
    "symbol": "LRCX",
    "timeframe": "historical_1w",
    "timestamp": "2025-10-05",
    "congress_score": 0.0,
    "insider_score": 50,
    "short_interest_pct": 0,
    "combined_score": 37.5,
    "price": 145.80999755859375,
    "price_change_24h": 11.228927936470171,
    "rsi": 50,
    "position_pct": 98.65755646999307,
    "ta_score": 50,
    "signal_direction": "WAIT",
    "signal_name": "historical_import",
    "confidence": "MEDIUM",
    "hit_tp1": true,
    "hit_sl": false,
    "candles_to_result": 1,
    "max_favorable_pct": 10.08847607171516,
    "max_adverse_pct": -9.903300653717887,
    "outcome_tracked": true
  },
  {
    "symbol": "LRCX",
    "timeframe": "historical_1w",
    "timestamp": "2025-10-12",
    "congress_score": 0.0,
    "insider_score": 50,
    "short_interest_pct": 0,
    "combined_score": 37.5,
    "price": 131.3699951171875,
    "price_change_24h": -11.920884684471963,
    "rsi": 50,
    "position_pct": 80.25760602442652,
    "ta_score": 50,
    "signal_direction": "WAIT",
    "signal_name": "historical_import",
    "confidence": "MEDIUM",
    "hit_tp1": false,
    "hit_sl": true,
    "candles_to_result": 1,
    "max_favorable_pct": 31.133448028820375,
    "max_adverse_pct": 7.718657049962692,
    "outcome_tracked": true
  },
  {
    "symbol": "LRCX",
    "timeframe": "historical_1w",
    "timestamp": "2025-10-19",
    "congress_score": 0.0,
    "insider_score": 50,
    "short_interest_pct": 0,
    "combined_score": 37.5,
    "price": 141.50999450683594,
    "price_change_24h": 2.684853794202435,
    "rsi": 50,
    "position_pct": 91.51676668846514,
    "ta_score": 50,
    "signal_direction": "WAIT",
    "signal_name": "historical_import",
    "confidence": "MEDIUM",
    "hit_tp1": false,
    "hit_sl": true,
    "candles_to_result": 1,
    "max_favorable_pct": 26.0829659351915,
    "max_adverse_pct": 0.8055963775713153,
    "outcome_tracked": true
  },
  {
    "symbol": "LRCX",
    "timeframe": "historical_1w",
    "timestamp": "2025-10-26",
    "congress_score": 50,
    "insider_score": 50,
    "short_interest_pct": 0,
    "combined_score": 50.0,
    "price": 151.67999267578125,
    "price_change_24h": 5.296764638930239,
    "rsi": 50,
    "position_pct": 100.0,
    "ta_score": 50,
    "signal_direction": "WAIT",
    "signal_name": "historical_import",
    "confidence": "MEDIUM",
    "hit_tp1": false,
    "hit_sl": false,
    "candles_to_result": 0,
    "max_favorable_pct": 0,
    "max_adverse_pct": 0,
    "outcome_tracked": false
  },
  {
    "symbol": "LRCX",
    "timeframe": "historical_1w",
    "timestamp": "2025-11-02",
    "congress_score": 50,
    "insider_score": 50,
    "short_interest_pct": 0,
    "combined_score": 50.0,
    "price": 157.4600067138672,
    "price_change_24h": 0.35692341565818286,
    "rsi": 50,
    "position_pct": 96.51688776528981,
    "ta_score": 50,
    "signal_direction": "WAIT",
    "signal_name": "historical_import",
    "confidence": "MEDIUM",
    "hit_tp1": false,
    "hit_sl": false,
    "candles_to_result": 0,
    "max_favorable_pct": 0,
    "max_adverse_pct": 0,
    "outcome_tracked": false
  },
  {
    "symbol": "LRCX",
    "timeframe": "historical_1w",
    "timestamp": "2025-11-09",
    "congress_score": 50,
    "insider_score": 50,
    "short_interest_pct": 0,
    "combined_score": 50.0,
    "price": 159.35000610351562,
    "price_change_24h": -1.1721652972336112,
    "rsi": 50,
    "position_pct": 94.6206145788178,
    "ta_score": 50,
    "signal_direction": "WAIT",
    "signal_name": "historical_import",
    "confidence": "MEDIUM",
    "hit_tp1": false,
    "hit_sl": false,
    "candles_to_result": 0,
    "max_favorable_pct": 0,
    "max_adverse_pct": 0,
    "outcome_tracked": false
  },
  {
    "symbol": "LRCX",
    "timeframe": "historical_1w",
    "timestamp": "2025-11-16",
    "congress_score": 50,
    "insider_score": 50,
    "short_interest_pct": 0,
    "combined_score": 50.0,
    "price": 148.25999450683594,
    "price_change_24h": -10.885376655565363,
    "rsi": 50,
    "position_pct": 83.11893972746034,
    "ta_score": 50,
    "signal_direction": "WAIT",
    "signal_name": "historical_import",
    "confidence": "MEDIUM",
    "hit_tp1": false,
    "hit_sl": false,
    "candles_to_result": 0,
    "max_favorable_pct": 0,
    "max_adverse_pct": 0,
    "outcome_tracked": false
  },
  {
    "symbol": "LRCX",
    "timeframe": "historical_1w",
    "timestamp": "2025-11-23",
    "congress_score": 50,
    "insider_score": 50,
    "short_interest_pct": 0,
    "combined_score": 50.0,
    "price": 142.64999389648438,
    "price_change_24h": -3.2619100762121946,
    "rsi": 50,
    "position_pct": 77.88963242538343,
    "ta_score": 50,
    "signal_direction": "WAIT",
    "signal_name": "historical_import",
    "confidence": "MEDIUM",
    "hit_tp1": false,
    "hit_sl": false,
    "candles_to_result": 0,
    "max_favorable_pct": 0,
    "max_adverse_pct": 0,
    "outcome_tracked": false
  },
  {
    "symbol": "LRCX",
    "timeframe": "historical_1w",
    "timestamp": "2025-11-30",
    "congress_score": 50,
    "insider_score": 50,
    "short_interest_pct": 0,
    "combined_score": 50.0,
    "price": 156.0,
    "price_change_24h": 3.7371957272956773,
    "rsi": 50,
    "position_pct": 90.33371028717012,
    "ta_score": 50,
    "signal_direction": "WAIT",
    "signal_name": "historical_import",
    "confidence": "MEDIUM",
    "hit_tp1": false,
    "hit_sl": false,
    "candles_to_result": 0,
    "max_favorable_pct": 0,
    "max_adverse_pct": 0,
    "outcome_tracked": false
  },
  {
    "symbol": "LRCX",
    "timeframe": "historical_1w",
    "timestamp": "2025-12-07",
    "congress_score": 50,
    "insider_score": 50,
    "short_interest_pct": 0,
    "combined_score": 50.0,
    "price": 158.6999969482422,
    "price_change_24h": 2.5260054471878197,
    "rsi": 50,
    "position_pct": 92.85048608412382,
    "ta_score": 50,
    "signal_direction": "WAIT",
    "signal_name": "historical_import",
    "confidence": "MEDIUM",
    "hit_tp1": false,
    "hit_sl": false,
    "candles_to_result": 0,
    "max_favorable_pct": 0,
    "max_adverse_pct": 0,
    "outcome_tracked": false
  },
  {
    "symbol": "LRCX",
    "timeframe": "historical_1w",
    "timestamp": "2025-12-14",
    "congress_score": 50,
    "insider_score": 50,
    "short_interest_pct": 0,
    "combined_score": 50.0,
    "price": 160.52000427246094,
    "price_change_24h": -1.36413982165951,
    "rsi": 50,
    "position_pct": 92.52873385222075,
    "ta_score": 50,
    "signal_direction": "WAIT",
    "signal_name": "historical_import",
    "confidence": "MEDIUM",
    "hit_tp1": false,
    "hit_sl": false,
    "candles_to_result": 0,
    "max_favorable_pct": 0,
    "max_adverse_pct": 0,
    "outcome_tracked": false
  },
  {
    "symbol": "LRCX",
    "timeframe": "historical_1w",
    "timestamp": "2025-12-21",
    "congress_score": 50,
    "insider_score": 50,
    "short_interest_pct": 0,
    "combined_score": 50.0,
    "price": 172.27000427246094,
    "price_change_24h": 4.850883184824053,
    "rsi": 50,
    "position_pct": 100.0,
    "ta_score": 50,
    "signal_direction": "WAIT",
    "signal_name": "historical_import",
    "confidence": "MEDIUM",
    "hit_tp1": false,
    "hit_sl": false,
    "candles_to_result": 0,
    "max_favorable_pct": 0,
    "max_adverse_pct": 0,
    "outcome_tracked": false
  },
  {
    "symbol": "LRCX",
    "timeframe": "historical_1w",
    "timestamp": "2025-12-28",
    "congress_score": 50,
    "insider_score": 50,
    "short_interest_pct": 0,
    "combined_score": 50.0,
    "price": 178.4199981689453,
    "price_change_24h": 1.8030376361709406,
    "rsi": 50,
    "position_pct": 100.0,
    "ta_score": 50,
    "signal_direction": "WAIT",
    "signal_name": "historical_import",
    "confidence": "MEDIUM",
    "hit_tp1": false,
    "hit_sl": false,
    "candles_to_result": 0,
    "max_favorable_pct": 0,
    "max_adverse_pct": 0,
    "outcome_tracked": false
  }
]