[
  {
    "symbol": "MCD",
    "timeframe": "historical_1w",
    "timestamp": "2025-06-29",
    "congress_score": 40.0,
    "insider_score": 50,
    "short_interest_pct": 0,
    "combined_score": 47.5,
    "price": 291.54998779296875,
    "price_change_24h": 0.7011601465628037,
    "rsi": 50,
    "position_pct": 28.423567639189105,
    "ta_score": 50,
    "signal_direction": "WAIT",
    "signal_name": "historical_import",
    "confidence": "MEDIUM",
    "hit_tp1": false,
    "hit_sl": true,
    "candles_to_result": 2,
    "max_favorable_pct": 7.830566985327906,
    "max_adverse_pct": 0.8677752993402424,
    "outcome_tracked": true
  },
  {
    "symbol": "MCD",
    "timeframe": "historical_1w",
    "timestamp": "2025-07-06",
    "congress_score": 33.33333333333333,
    "insider_score": 50,
    "short_interest_pct": 0,
    "combined_score": 45.83333333333333,
    "price": 294.0799865722656,
    "price_change_24h": 0.6537197716231973,
    "rsi": 50,
    "position_pct": 34.51261135605955,
    "ta_score": 50,
    "signal_direction": "WAIT",
    "signal_name": "historical_import",
    "confidence": "MEDIUM",
    "hit_tp1": false,
    "hit_sl": true,
    "candles_to_result": 4,
    "max_favorable_pct": 6.902890110666697,
    "max_adverse_pct": 1.016737244449776,
    "outcome_tracked": true
  },
  {
    "symbol": "MCD",
    "timeframe": "historical_1w",
    "timestamp": "2025-07-13",
    "congress_score": 33.33333333333333,
    "insider_score": 50,
    "short_interest_pct": 0,
    "combined_score": 45.83333333333333,
    "price": 299.9100036621094,
    "price_change_24h": 2.173544410910307,
    "rsi": 50,
    "position_pct": 48.54393390872347,
    "ta_score": 50,
    "signal_direction": "WAIT",
    "signal_name": "historical_import",
    "confidence": "MEDIUM",
    "hit_tp1": false,
    "hit_sl": true,
    "candles_to_result": 5,
    "max_favorable_pct": 4.824781115672823,
    "max_adverse_pct": -0.9469495192598774,
    "outcome_tracked": true
  },
  {
    "symbol": "MCD",
    "timeframe": "historical_1w",
    "timestamp": "2025-07-20",
    "congress_score": 40.0,
    "insider_score": 50,
    "short_interest_pct": 0,
    "combined_score": 47.5,
    "price": 297.07000732421875,
    "price_change_24h": -1.593347515831979,
    "rsi": 50,
    "position_pct": 41.70880734713124,
    "ta_score": 50,
    "signal_direction": "WAIT",
    "signal_name": "historical_import",
    "confidence": "MEDIUM",
    "hit_tp1": false,
    "hit_sl": true,
    "candles_to_result": 3,
    "max_favorable_pct": 5.826908517123313,
    "max_adverse_pct": 0.471267331594481,
    "outcome_tracked": true
  },
  {
    "symbol": "MCD",
    "timeframe": "historical_1w",
    "timestamp": "2025-07-27",
    "congress_score": 0.0,
    "insider_score": 50,
    "short_interest_pct": 0,
    "combined_score": 37.5,
    "price": 298.4700012207031,
    "price_change_24h": 0.9231118808668998,
    "rsi": 50,
    "position_pct": 45.078225589069795,
    "ta_score": 50,
    "signal_direction": "WAIT",
    "signal_name": "historical_import",
    "confidence": "MEDIUM",
    "hit_tp1": false,
    "hit_sl": true,
    "candles_to_result": 2,
    "max_favorable_pct": 5.330520185291503,
    "max_adverse_pct": 0.8409588083758466,
    "outcome_tracked": true
  },
  {
    "symbol": "MCD",
    "timeframe": "historical_1w",
    "timestamp": "2025-08-03",
    "congress_score": 100.0,
    "insider_score": 50,
    "short_interest_pct": 0,
    "combined_score": 62.5,
    "price": 302.8900146484375,
    "price_change_24h": 1.2265267738660932,
    "rsi": 50,
    "position_pct": 55.7160390184141,
    "ta_score": 50,
    "signal_direction": "WAIT",
    "signal_name": "historical_import",
    "confidence": "MEDIUM",
    "hit_tp1": true,
    "hit_sl": false,
    "candles_to_result": 3,
    "max_favorable_pct": 3.7934529626905524,
    "max_adverse_pct": -1.9413003395431783,
    "outcome_tracked": true
  },
  {
    "symbol": "MCD",
    "timeframe": "historical_1w",
    "timestamp": "2025-08-10",
    "congress_score": 100.0,
    "insider_score": 50,
    "short_interest_pct": 0,
    "combined_score": 62.5,
    "price": 305.45001220703125,
    "price_change_24h": 0.40101277870247687,
    "rsi": 50,
    "position_pct": 61.87728193161862,
    "ta_score": 50,
    "signal_direction": "WAIT",
    "signal_name": "historical_import",
    "confidence": "MEDIUM",
    "hit_tp1": false,
    "hit_sl": true,
    "candles_to_result": 9,
    "max_favorable_pct": 2.923552895368222,
    "max_adverse_pct": -2.763137045051317,
    "outcome_tracked": true
  },
  {
    "symbol": "MCD",
    "timeframe": "historical_1w",
    "timestamp": "2025-08-17",
    "congress_score": 50.0,
    "insider_score": 50,
    "short_interest_pct": 0,
    "combined_score": 50.0,
    "price": 308.92999267578125,
    "price_change_24h": 1.5015138468153066,
    "rsi": 50,
    "position_pct": 70.25268249760744,
    "ta_score": 50,
    "signal_direction": "WAIT",
    "signal_name": "historical_import",
    "confidence": "MEDIUM",
    "hit_tp1": false,
    "hit_sl": true,
    "candles_to_result": 5,
    "max_favorable_pct": 1.7641576849907803,
    "max_adverse_pct": -3.8584738266789604,
    "outcome_tracked": true
  },
  {
    "symbol": "MCD",
    "timeframe": "historical_1w",
    "timestamp": "2025-08-24",
    "congress_score": 50.0,
    "insider_score": 50,
    "short_interest_pct": 0,
    "combined_score": 50.0,
    "price": 314.07000732421875,
    "price_change_24h": 1.7395513135211946,
    "rsi": 50,
    "position_pct": 82.62335008677859,
    "ta_score": 50,
    "signal_direction": "WAIT",
    "signal_name": "historical_import",
    "confidence": "MEDIUM",
    "hit_tp1": false,
    "hit_sl": true,
    "candles_to_result": 3,
    "max_favorable_pct": 0.09870333090218808,
    "max_adverse_pct": -5.431909179720712,
    "outcome_tracked": true
  },
  {
    "symbol": "MCD",
    "timeframe": "historical_1w",
    "timestamp": "2025-08-31",
    "congress_score": 0.0,
    "insider_score": 50,
    "short_interest_pct": 0,
    "combined_score": 37.5,
    "price": 313.5400085449219,
    "price_change_24h": 0.03190597968883053,
    "rsi": 50,
    "position_pct": 81.34778198633724,
    "ta_score": 50,
    "signal_direction": "WAIT",
    "signal_name": "historical_import",
    "confidence": "MEDIUM",
    "hit_tp1": true,
    "hit_sl": false,
    "candles_to_result": 3,
    "max_favorable_pct": 0.26790722555277213,
    "max_adverse_pct": -5.272054069274725,
    "outcome_tracked": true
  },
  {
    "symbol": "MCD",
    "timeframe": "historical_1w",
    "timestamp": "2025-09-07",
    "congress_score": 0.0,
    "insider_score": 50,
    "short_interest_pct": 0,
    "combined_score": 37.5,
    "price": 314.3800048828125,
    "price_change_24h": -0.4370423233254958,
    "rsi": 50,
    "position_pct": 83.36943293150037,
    "ta_score": 50,
    "signal_direction": "WAIT",
    "signal_name": "historical_import",
    "confidence": "MEDIUM",
    "hit_tp1": true,
    "hit_sl": false,
    "candles_to_result": 2,
    "max_favorable_pct": -2.0007660942897827,
    "max_adverse_pct": -5.525158994657531,
    "outcome_tracked": true
  },
  {
    "symbol": "MCD",
    "timeframe": "historical_1w",
    "timestamp": "2025-09-14",
    "congress_score": 50.0,
    "insider_score": 50,
    "short_interest_pct": 0,
    "combined_score": 50.0,
    "price": 305.3999938964844,
    "price_change_24h": -2.365727041326539,
    "rsi": 50,
    "position_pct": 61.756900972522445,
    "ta_score": 50,
    "signal_direction": "WAIT",
    "signal_name": "historical_import",
    "confidence": "MEDIUM",
    "hit_tp1": false,
    "hit_sl": true,
    "candles_to_result": 4,
    "max_favorable_pct": 1.2933897465532074,
    "max_adverse_pct": -2.7472116236201263,
    "outcome_tracked": true
  },
  {
    "symbol": "MCD",
    "timeframe": "historical_1w",
    "timestamp": "2025-09-21",
    "congress_score": 50.0,
    "insider_score": 50,
    "short_interest_pct": 0,
    "combined_score": 50.0,
    "price": 302.3800048828125,
    "price_change_24h": 0.10262440860638722,
    "rsi": 50,
    "position_pct": 54.48857923292577,
    "ta_score": 50,
    "signal_direction": "WAIT",
    "signal_name": "historical_import",
    "confidence": "MEDIUM",
    "hit_tp1": true,
    "hit_sl": false,
    "candles_to_result": 10,
    "max_favorable_pct": 3.121900353518655,
    "max_adverse_pct": -1.7759094617610858,
    "outcome_tracked": true
  },
  {
    "symbol": "MCD",
    "timeframe": "historical_1w",
    "timestamp": "2025-09-28",
    "congress_score": 50.0,
    "insider_score": 50,
    "short_interest_pct": 0,
    "combined_score": 50.0,
    "price": 305.239990234375,
    "price_change_24h": 0.7425987895704191,
    "rsi": 50,
    "position_pct": 61.371814109471025,
    "ta_score": 50,
    "signal_direction": "WAIT",
    "signal_name": "historical_import",
    "confidence": "MEDIUM",
    "hit_tp1": false,
    "hit_sl": true,
    "candles_to_result": 2,
    "max_favorable_pct": 2.1556864435722725,
    "max_adverse_pct": -2.696232712637261,
    "outcome_tracked": true
  },
  {
    "symbol": "MCD",
    "timeframe": "historical_1w",
    "timestamp": "2025-10-05",
    "congress_score": 50.0,
    "insider_score": 50,
    "short_interest_pct": 0,
    "combined_score": 50.0,
    "price": 300.9800109863281,
    "price_change_24h": -0.6633814029605648,
    "rsi": 50,
    "position_pct": 51.119160990987226,
    "ta_score": 50,
    "signal_direction": "WAIT",
    "signal_name": "historical_import",
    "confidence": "MEDIUM",
    "hit_tp1": true,
    "hit_sl": false,
    "candles_to_result": 8,
    "max_favorable_pct": 5.2295799255220246,
    "max_adverse_pct": -1.3190248773309603,
    "outcome_tracked": true
  },
  {
    "symbol": "MCD",
    "timeframe": "historical_1w",
    "timestamp": "2025-10-12",
    "congress_score": 100.0,
    "insider_score": 50,
    "short_interest_pct": 0,
    "combined_score": 62.5,
    "price": 297.010009765625,
    "price_change_24h": 0.3276588274236367,
    "rsi": 50,
    "position_pct": 41.5644089544631,
    "ta_score": 50,
    "signal_direction": "WAIT",
    "signal_name": "historical_import",
    "confidence": "MEDIUM",
    "hit_tp1": true,
    "hit_sl": false,
    "candles_to_result": 1,
    "max_favorable_pct": 6.636137102123787,
    "max_adverse_pct": 0.4780926108439172,
    "outcome_tracked": true
  },
  {
    "symbol": "MCD",
    "timeframe": "historical_1w",
    "timestamp": "2025-10-19",
    "congress_score": 100.0,
    "insider_score": 50,
    "short_interest_pct": 0,
    "combined_score": 62.5,
    "price": 308.0899963378906,
    "price_change_24h": 2.659028814712705,
    "rsi": 50,
    "position_pct": 68.2310315524443,
    "ta_score": 50,
    "signal_direction": "WAIT",
    "signal_name": "historical_import",
    "confidence": "MEDIUM",
    "hit_tp1": false,
    "hit_sl": true,
    "candles_to_result": 2,
    "max_favorable_pct": 2.8011311582307075,
    "max_adverse_pct": -3.1354486601100113,
    "outcome_tracked": true
  },
  {
    "symbol": "MCD",
    "timeframe": "historical_1w",
    "timestamp": "2025-10-26",
    "congress_score": 33.33333333333333,
    "insider_score": 50,
    "short_interest_pct": 0,
    "combined_score": 45.83333333333333,
    "price": 305.7900085449219,
    "price_change_24h": -0.6433312341776263,
    "rsi": 50,
    "position_pct": 62.69556397267447,
    "ta_score": 50,
    "signal_direction": "WAIT",
    "signal_name": "historical_import",
    "confidence": "MEDIUM",
    "hit_tp1": false,
    "hit_sl": false,
    "candles_to_result": 0,
    "max_favorable_pct": 0,
    "max_adverse_pct": 0,
    "outcome_tracked": false
  },
  {
    "symbol": "MCD",
    "timeframe": "historical_1w",
    "timestamp": "2025-11-02",
    "congress_score": 33.33333333333333,
    "insider_score": 50,
    "short_interest_pct": 0,
    "combined_score": 45.83333333333333,
    "price": 298.42999267578125,
    "price_change_24h": -3.732260427167339,
    "rsi": 50,
    "position_pct": 44.98193551135466,
    "ta_score": 50,
    "signal_direction": "WAIT",
    "signal_name": "historical_import",
    "confidence": "MEDIUM",
    "hit_tp1": false,
    "hit_sl": false,
    "candles_to_result": 0,
    "max_favorable_pct": 0,
    "max_adverse_pct": 0,
    "outcome_tracked": false
  },
  {
    "symbol": "MCD",
    "timeframe": "historical_1w",
    "timestamp": "2025-11-09",
    "congress_score": 33.33333333333333,
    "insider_score": 50,
    "short_interest_pct": 0,
    "combined_score": 45.83333333333333,
    "price": 299.6600036621094,
    "price_change_24h": 1.1101017643911537,
    "rsi": 50,
    "position_pct": 47.942249456669835,
    "ta_score": 50,
    "signal_direction": "WAIT",
    "signal_name": "historical_import",
    "confidence": "MEDIUM",
    "hit_tp1": false,
    "hit_sl": false,
    "candles_to_result": 0,
    "max_favorable_pct": 0,
    "max_adverse_pct": 0,
    "outcome_tracked": false
  },
  {
    "symbol": "MCD",
    "timeframe": "historical_1w",
    "timestamp": "2025-11-16",
    "congress_score": 28.57142857142857,
    "insider_score": 50,
    "short_interest_pct": 0,
    "combined_score": 44.64285714285714,
    "price": 307.0299987792969,
    "price_change_24h": 2.651284692062746,
    "rsi": 50,
    "position_pct": 65.67989535156161,
    "ta_score": 50,
    "signal_direction": "WAIT",
    "signal_name": "historical_import",
    "confidence": "MEDIUM",
    "hit_tp1": false,
    "hit_sl": false,
    "candles_to_result": 0,
    "max_favorable_pct": 0,
    "max_adverse_pct": 0,
    "outcome_tracked": false
  },
  {
    "symbol": "MCD",
    "timeframe": "historical_1w",
    "timestamp": "2025-11-23",
    "congress_score": 40.0,
    "insider_score": 50,
    "short_interest_pct": 0,
    "combined_score": 47.5,
    "price": 309.3500061035156,
    "price_change_24h": 1.4594989492003925,
    "rsi": 50,
    "position_pct": 71.26354469409355,
    "ta_score": 50,
    "signal_direction": "WAIT",
    "signal_name": "historical_import",
    "confidence": "MEDIUM",
    "hit_tp1": false,
    "hit_sl": false,
    "candles_to_result": 0,
    "max_favorable_pct": 0,
    "max_adverse_pct": 0,
    "outcome_tracked": false
  },
  {
    "symbol": "MCD",
    "timeframe": "historical_1w",
    "timestamp": "2025-11-30",
    "congress_score": 33.33333333333333,
    "insider_score": 50,
    "short_interest_pct": 0,
    "combined_score": 45.83333333333333,
    "price": 311.82000732421875,
    "price_change_24h": 2.269601038458455,
    "rsi": 50,
    "position_pct": 77.20819001829585,
    "ta_score": 50,
    "signal_direction": "WAIT",
    "signal_name": "historical_import",
    "confidence": "MEDIUM",
    "hit_tp1": false,
    "hit_sl": false,
    "candles_to_result": 0,
    "max_favorable_pct": 0,
    "max_adverse_pct": 0,
    "outcome_tracked": false
  },
  {
    "symbol": "MCD",
    "timeframe": "historical_1w",
    "timestamp": "2025-12-07",
    "congress_score": 0.0,
    "insider_score": 50,
    "short_interest_pct": 0,
    "combined_score": 37.5,
    "price": 311.2300109863281,
    "price_change_24h": 2.523307137496077,
    "rsi": 50,
    "position_pct": 75.78822352518635,
    "ta_score": 50,
    "signal_direction": "WAIT",
    "signal_name": "historical_import",
    "confidence": "MEDIUM",
    "hit_tp1": false,
    "hit_sl": false,
    "candles_to_result": 0,
    "max_favorable_pct": 0,
    "max_adverse_pct": 0,
    "outcome_tracked": false
  },
  {
    "symbol": "MCD",
    "timeframe": "historical_1w",
    "timestamp": "2025-12-14",
    "congress_score": 50,
    "insider_score": 50,
    "short_interest_pct": 0,
    "combined_score": 50.0,
    "price": 316.7200012207031,
    "price_change_24h": 2.2369968316058033,
    "rsi": 50,
    "position_pct": 89.00119058898532,
    "ta_score": 50,
    "signal_direction": "WAIT",
    "signal_name": "historical_import",
    "confidence": "MEDIUM",
    "hit_tp1": false,
    "hit_sl": false,
    "candles_to_result": 0,
    "max_favorable_pct": 0,
    "max_adverse_pct": 0,
    "outcome_tracked": false
  },
  {
    "symbol": "MCD",
    "timeframe": "historical_1w",
    "timestamp": "2025-12-21",
    "congress_score": 50,
    "insider_score": 50,
    "short_interest_pct": 0,
    "combined_score": 50.0,
    "price": 315.8399963378906,
    "price_change_24h": -0.9067281237478032,
    "rsi": 50,
    "position_pct": 86.88324956610707,
    "ta_score": 50,
    "signal_direction": "WAIT",
    "signal_name": "historical_import",
    "confidence": "MEDIUM",
    "hit_tp1": false,
    "hit_sl": false,
    "candles_to_result": 0,
    "max_favorable_pct": 0,
    "max_adverse_pct": 0,
    "outcome_tracked": false
  },
  {
    "symbol": "MCD",
    "timeframe": "historical_1w",
    "timestamp": "2025-12-28",
    "congress_score": 50,
    "insider_score": 50,
    "short_interest_pct": 0,
    "combined_score": 50.0,
    "price": 310.4849853515625,
    "price_change_24h": -1.813615788691974,
    "rsi": 50,
    "position_pct": 73.99514216190688,
    "ta_score": 50,
    "signal_direction": "WAIT",
    "signal_name": "historical_import",
    "confidence": "MEDIUM",
    "hit_tp1": false,
    "hit_sl": false,
    "candles_to_result": 0,
    "max_favorable_pct": 0,
    "max_adverse_pct": 0,
    "outcome_tracked": false
  }
]