[
  {
    "symbol": "META",
    "timeframe": "historical_1w",
    "timestamp": "2025-06-29",
    "congress_score": 50.0,
    "insider_score": 50,
    "short_interest_pct": 0,
    "combined_score": 50.0,
    "price": 733.6300048828125,
    "price_change_24h": 5.024834168012557,
    "rsi": 50,
    "position_pct": 98.79370728238044,
    "ta_score": 50,
    "signal_direction": "WAIT",
    "signal_name": "historical_import",
    "confidence": "MEDIUM",
    "hit_tp1": false,
    "hit_sl": true,
    "candles_to_result": 2,
    "max_favorable_pct": 7.033514883865729,
    "max_adverse_pct": -4.000650926297073,
    "outcome_tracked": true
  },
  {
    "symbol": "META",
    "timeframe": "historical_1w",
    "timestamp": "2025-07-06",
    "congress_score": 60.0,
    "insider_score": 50,
    "short_interest_pct": 0,
    "combined_score": 52.5,
    "price": 719.010009765625,
    "price_change_24h": -2.5850528249421743,
    "rsi": 50,
    "position_pct": 92.47128779399341,
    "ta_score": 50,
    "signal_direction": "WAIT",
    "signal_name": "historical_import",
    "confidence": "MEDIUM",
    "hit_tp1": false,
    "hit_sl": true,
    "candles_to_result": 2,
    "max_favorable_pct": 9.209881615516126,
    "max_adverse_pct": -2.048647483162511,
    "outcome_tracked": true
  },
  {
    "symbol": "META",
    "timeframe": "historical_1w",
    "timestamp": "2025-07-13",
    "congress_score": 50.0,
    "insider_score": 50,
    "short_interest_pct": 0,
    "combined_score": 50.0,
    "price": 717.510009765625,
    "price_change_24h": -0.116929887778915,
    "rsi": 50,
    "position_pct": 91.87940843372697,
    "ta_score": 50,
    "signal_direction": "WAIT",
    "signal_name": "historical_import",
    "confidence": "MEDIUM",
    "hit_tp1": true,
    "hit_sl": false,
    "candles_to_result": 3,
    "max_favorable_pct": 9.438191771742078,
    "max_adverse_pct": -1.8438739932104333,
    "outcome_tracked": true
  },
  {
    "symbol": "META",
    "timeframe": "historical_1w",
    "timestamp": "2025-07-20",
    "congress_score": 83.33333333333334,
    "insider_score": 50,
    "short_interest_pct": 0,
    "combined_score": 58.333333333333336,
    "price": 704.280029296875,
    "price_change_24h": -2.3081554136022584,
    "rsi": 50,
    "position_pct": 86.65904018293928,
    "ta_score": 50,
    "signal_direction": "WAIT",
    "signal_name": "historical_import",
    "confidence": "MEDIUM",
    "hit_tp1": true,
    "hit_sl": false,
    "candles_to_result": 2,
    "max_favorable_pct": 11.49400065378713,
    "max_adverse_pct": 1.1927021964959645,
    "outcome_tracked": true
  },
  {
    "symbol": "META",
    "timeframe": "historical_1w",
    "timestamp": "2025-07-27",
    "congress_score": 87.5,
    "insider_score": 50,
    "short_interest_pct": 0,
    "combined_score": 59.375,
    "price": 712.6799926757812,
    "price_change_24h": -0.040671843031169476,
    "rsi": 50,
    "position_pct": 89.97355015025177,
    "ta_score": 50,
    "signal_direction": "WAIT",
    "signal_name": "historical_import",
    "confidence": "MEDIUM",
    "hit_tp1": true,
    "hit_sl": false,
    "candles_to_result": 1,
    "max_favorable_pct": 10.179882771870354,
    "max_adverse_pct": 3.6510102428380167,
    "outcome_tracked": true
  },
  {
    "symbol": "META",
    "timeframe": "historical_1m",
    "timestamp": "2025-07-28",
    "congress_score": 75.0,
    "insider_score": 50,
    "short_interest_pct": 0,
    "combined_score": 56.25,
    "price": 0,
    "price_change_24h": 0,
    "rsi": 50,
    "position_pct": 50,
    "ta_score": 50,
    "signal_direction": "WAIT",
    "signal_name": "quiver_only_import",
    "confidence": "LOW",
    "hit_tp1": false,
    "hit_sl": false,
    "candles_to_result": 0,
    "max_favorable_pct": 0,
    "max_adverse_pct": 0,
    "outcome_tracked": false
  },
  {
    "symbol": "META",
    "timeframe": "historical_1w",
    "timestamp": "2025-08-03",
    "congress_score": 91.66666666666666,
    "insider_score": 50,
    "short_interest_pct": 0,
    "combined_score": 60.416666666666664,
    "price": 750.010009765625,
    "price_change_24h": 4.5120751170514515,
    "rsi": 50,
    "position_pct": 91.88655974277225,
    "ta_score": 50,
    "signal_direction": "WAIT",
    "signal_name": "historical_import",
    "confidence": "MEDIUM",
    "hit_tp1": true,
    "hit_sl": false,
    "candles_to_result": 2,
    "max_favorable_pct": 4.695933420159432,
    "max_adverse_pct": -1.5079795484500371,
    "outcome_tracked": true
  },
  {
    "symbol": "META",
    "timeframe": "historical_1w",
    "timestamp": "2025-08-10",
    "congress_score": 91.66666666666666,
    "insider_score": 50,
    "short_interest_pct": 0,
    "combined_score": 60.416666666666664,
    "price": 769.2999877929688,
    "price_change_24h": -0.9106492224949501,
    "rsi": 50,
    "position_pct": 97.57635750186243,
    "ta_score": 50,
    "signal_direction": "WAIT",
    "signal_name": "historical_import",
    "confidence": "MEDIUM",
    "hit_tp1": false,
    "hit_sl": true,
    "candles_to_result": 3,
    "max_favorable_pct": 2.070712716567503,
    "max_adverse_pct": -7.635511655588756,
    "outcome_tracked": true
  },
  {
    "symbol": "META",
    "timeframe": "historical_1w",
    "timestamp": "2025-08-17",
    "congress_score": 81.81818181818183,
    "insider_score": 50,
    "short_interest_pct": 0,
    "combined_score": 57.95454545454545,
    "price": 785.22998046875,
    "price_change_24h": 2.5278422545591677,
    "rsi": 50,
    "position_pct": 98.43780061948667,
    "ta_score": 50,
    "signal_direction": "WAIT",
    "signal_name": "historical_import",
    "confidence": "MEDIUM",
    "hit_tp1": false,
    "hit_sl": true,
    "candles_to_result": 1,
    "max_favorable_pct": -0.8723527827921632,
    "max_adverse_pct": -10.179182489704013,
    "outcome_tracked": true
  },
  {
    "symbol": "META",
    "timeframe": "historical_1w",
    "timestamp": "2025-08-24",
    "congress_score": 53.84615384615385,
    "insider_score": 50,
    "short_interest_pct": 0,
    "combined_score": 50.96153846153846,
    "price": 754.7899780273438,
    "price_change_24h": -1.6393678629462984,
    "rsi": 50,
    "position_pct": 88.46858505438223,
    "ta_score": 50,
    "signal_direction": "WAIT",
    "signal_name": "historical_import",
    "confidence": "MEDIUM",
    "hit_tp1": false,
    "hit_sl": true,
    "candles_to_result": 1,
    "max_favorable_pct": 3.1253762691870497,
    "max_adverse_pct": -6.556789527560755,
    "outcome_tracked": true
  },
  {
    "symbol": "META",
    "timeframe": "historical_1m",
    "timestamp": "2025-08-28",
    "congress_score": 66.66666666666666,
    "insider_score": 50,
    "short_interest_pct": 0,
    "combined_score": 54.166666666666664,
    "price": 0,
    "price_change_24h": 0,
    "rsi": 50,
    "position_pct": 50,
    "ta_score": 50,
    "signal_direction": "WAIT",
    "signal_name": "quiver_only_import",
    "confidence": "LOW",
    "hit_tp1": false,
    "hit_sl": false,
    "candles_to_result": 0,
    "max_favorable_pct": 0,
    "max_adverse_pct": 0,
    "outcome_tracked": false
  },
  {
    "symbol": "META",
    "timeframe": "historical_1w",
    "timestamp": "2025-08-31",
    "congress_score": 33.33333333333333,
    "insider_score": 50,
    "short_interest_pct": 0,
    "combined_score": 45.83333333333333,
    "price": 738.7000122070312,
    "price_change_24h": -1.9381356461604042,
    "rsi": 50,
    "position_pct": 83.19906058549894,
    "ta_score": 50,
    "signal_direction": "WAIT",
    "signal_name": "historical_import",
    "confidence": "MEDIUM",
    "hit_tp1": false,
    "hit_sl": true,
    "candles_to_result": 2,
    "max_favorable_pct": 5.371597674301968,
    "max_adverse_pct": -4.5214598432552435,
    "outcome_tracked": true
  },
  {
    "symbol": "META",
    "timeframe": "historical_1w",
    "timestamp": "2025-09-07",
    "congress_score": 12.5,
    "insider_score": 50,
    "short_interest_pct": 0,
    "combined_score": 40.625,
    "price": 752.4500122070312,
    "price_change_24h": 2.358834351457758,
    "rsi": 50,
    "position_pct": 87.70223742604105,
    "ta_score": 50,
    "signal_direction": "WAIT",
    "signal_name": "historical_import",
    "confidence": "MEDIUM",
    "hit_tp1": false,
    "hit_sl": true,
    "candles_to_result": 2,
    "max_favorable_pct": 3.4460751219506656,
    "max_adverse_pct": -13.834810941893021,
    "outcome_tracked": true
  },
  {
    "symbol": "META",
    "timeframe": "historical_1w",
    "timestamp": "2025-09-14",
    "congress_score": 12.5,
    "insider_score": 50,
    "short_interest_pct": 0,
    "combined_score": 40.625,
    "price": 755.5900268554688,
    "price_change_24h": 0.43733073453211474,
    "rsi": 50,
    "position_pct": 88.73060406195427,
    "ta_score": 50,
    "signal_direction": "WAIT",
    "signal_name": "historical_import",
    "confidence": "MEDIUM",
    "hit_tp1": false,
    "hit_sl": true,
    "candles_to_result": 1,
    "max_favorable_pct": 3.0161830115980446,
    "max_adverse_pct": -17.718604021281163,
    "outcome_tracked": true
  },
  {
    "symbol": "META",
    "timeframe": "historical_1w",
    "timestamp": "2025-09-21",
    "congress_score": 66.66666666666666,
    "insider_score": 50,
    "short_interest_pct": 0,
    "combined_score": 54.166666666666664,
    "price": 778.3800048828125,
    "price_change_24h": 1.7889358516287817,
    "rsi": 50,
    "position_pct": 96.19440778916865,
    "ta_score": 50,
    "signal_direction": "WAIT",
    "signal_name": "historical_import",
    "confidence": "MEDIUM",
    "hit_tp1": false,
    "hit_sl": true,
    "candles_to_result": 1,
    "max_favorable_pct": -4.4489843862351215,
    "max_adverse_pct": -21.70148023465578,
    "outcome_tracked": true
  },
  {
    "symbol": "META",
    "timeframe": "historical_1m",
    "timestamp": "2025-09-28",
    "congress_score": 38.46153846153847,
    "insider_score": 50,
    "short_interest_pct": 0,
    "combined_score": 47.11538461538461,
    "price": 0,
    "price_change_24h": 0,
    "rsi": 50,
    "position_pct": 50,
    "ta_score": 50,
    "signal_direction": "WAIT",
    "signal_name": "quiver_only_import",
    "confidence": "LOW",
    "hit_tp1": false,
    "hit_sl": false,
    "candles_to_result": 0,
    "max_favorable_pct": 0,
    "max_adverse_pct": 0,
    "outcome_tracked": false
  },
  {
    "symbol": "META",
    "timeframe": "historical_1w",
    "timestamp": "2025-09-28",
    "congress_score": 50.0,
    "insider_score": 50,
    "short_interest_pct": 0,
    "combined_score": 50.0,
    "price": 743.75,
    "price_change_24h": -2.7981041737643424,
    "rsi": 50,
    "position_pct": 84.85295062726746,
    "ta_score": 50,
    "signal_direction": "WAIT",
    "signal_name": "historical_import",
    "confidence": "MEDIUM",
    "hit_tp1": false,
    "hit_sl": true,
    "candles_to_result": 1,
    "max_favorable_pct": -0.7247078518907564,
    "max_adverse_pct": -20.100840336134453,
    "outcome_tracked": true
  },
  {
    "symbol": "META",
    "timeframe": "historical_1w",
    "timestamp": "2025-10-05",
    "congress_score": 50.0,
    "insider_score": 50,
    "short_interest_pct": 0,
    "combined_score": 50.0,
    "price": 710.5599975585938,
    "price_change_24h": -4.417544495152902,
    "rsi": 50,
    "position_pct": 73.98309969405463,
    "ta_score": 50,
    "signal_direction": "WAIT",
    "signal_name": "historical_import",
    "confidence": "MEDIUM",
    "hit_tp1": true,
    "hit_sl": false,
    "candles_to_result": 3,
    "max_favorable_pct": 3.9124054110119424,
    "max_adverse_pct": -16.368779266806765,
    "outcome_tracked": true
  },
  {
    "symbol": "META",
    "timeframe": "historical_1w",
    "timestamp": "2025-10-12",
    "congress_score": 25.0,
    "insider_score": 50,
    "short_interest_pct": 0,
    "combined_score": 43.75,
    "price": 705.2999877929688,
    "price_change_24h": -1.447612796624892,
    "rsi": 50,
    "position_pct": 72.26042666441188,
    "ta_score": 50,
    "signal_direction": "WAIT",
    "signal_name": "historical_import",
    "confidence": "MEDIUM",
    "hit_tp1": false,
    "hit_sl": true,
    "candles_to_result": 2,
    "max_favorable_pct": 4.6873668128147,
    "max_adverse_pct": -15.74507156032533,
    "outcome_tracked": true
  },
  {
    "symbol": "META",
    "timeframe": "historical_1w",
    "timestamp": "2025-10-19",
    "congress_score": 20.0,
    "insider_score": 50,
    "short_interest_pct": 0,
    "combined_score": 42.5,
    "price": 716.9199829101562,
    "price_change_24h": 0.17045838791631848,
    "rsi": 50,
    "position_pct": 76.06601887524323,
    "ta_score": 50,
    "signal_direction": "WAIT",
    "signal_name": "historical_import",
    "confidence": "MEDIUM",
    "hit_tp1": false,
    "hit_sl": true,
    "candles_to_result": 1,
    "max_favorable_pct": 2.990571186811666,
    "max_adverse_pct": -17.110693778154758,
    "outcome_tracked": true
  },
  {
    "symbol": "META",
    "timeframe": "historical_1w",
    "timestamp": "2025-10-26",
    "congress_score": 25.0,
    "insider_score": 50,
    "short_interest_pct": 0,
    "combined_score": 43.75,
    "price": 738.3599853515625,
    "price_change_24h": 0.8454324249681536,
    "rsi": 50,
    "position_pct": 83.08770050835645,
    "ta_score": 50,
    "signal_direction": "WAIT",
    "signal_name": "historical_import",
    "confidence": "MEDIUM",
    "hit_tp1": true,
    "hit_sl": false,
    "candles_to_result": 1,
    "max_favorable_pct": -8.79516817402906,
    "max_adverse_pct": -19.517577903811514,
    "outcome_tracked": true
  },
  {
    "symbol": "META",
    "timeframe": "historical_1m",
    "timestamp": "2025-10-28",
    "congress_score": 33.33333333333333,
    "insider_score": 50,
    "short_interest_pct": 0,
    "combined_score": 45.83333333333333,
    "price": 0,
    "price_change_24h": 0,
    "rsi": 50,
    "position_pct": 50,
    "ta_score": 50,
    "signal_direction": "WAIT",
    "signal_name": "quiver_only_import",
    "confidence": "LOW",
    "hit_tp1": false,
    "hit_sl": false,
    "candles_to_result": 0,
    "max_favorable_pct": 0,
    "max_adverse_pct": 0,
    "outcome_tracked": false
  },
  {
    "symbol": "META",
    "timeframe": "historical_1w",
    "timestamp": "2025-11-02",
    "congress_score": 37.5,
    "insider_score": 50,
    "short_interest_pct": 0,
    "combined_score": 46.875,
    "price": 648.3499755859375,
    "price_change_24h": -13.647749226004935,
    "rsi": 50,
    "position_pct": 53.60908295246328,
    "ta_score": 50,
    "signal_direction": "WAIT",
    "signal_name": "historical_import",
    "confidence": "MEDIUM",
    "hit_tp1": false,
    "hit_sl": false,
    "candles_to_result": 0,
    "max_favorable_pct": 0,
    "max_adverse_pct": 0,
    "outcome_tracked": false
  },
  {
    "symbol": "META",
    "timeframe": "historical_1w",
    "timestamp": "2025-11-09",
    "congress_score": 42.857142857142854,
    "insider_score": 50,
    "short_interest_pct": 0,
    "combined_score": 48.214285714285715,
    "price": 621.7100219726562,
    "price_change_24h": -2.508977348435971,
    "rsi": 50,
    "position_pct": 44.88439770559462,
    "ta_score": 50,
    "signal_direction": "WAIT",
    "signal_name": "historical_import",
    "confidence": "MEDIUM",
    "hit_tp1": false,
    "hit_sl": false,
    "candles_to_result": 0,
    "max_favorable_pct": 0,
    "max_adverse_pct": 0,
    "outcome_tracked": false
  },
  {
    "symbol": "META",
    "timeframe": "historical_1w",
    "timestamp": "2025-11-16",
    "congress_score": 50.0,
    "insider_score": 50,
    "short_interest_pct": 0,
    "combined_score": 50.0,
    "price": 609.4600219726562,
    "price_change_24h": -3.529819464394678,
    "rsi": 50,
    "position_pct": 40.87247652038438,
    "ta_score": 50,
    "signal_direction": "WAIT",
    "signal_name": "historical_import",
    "confidence": "MEDIUM",
    "hit_tp1": false,
    "hit_sl": false,
    "candles_to_result": 0,
    "max_favorable_pct": 0,
    "max_adverse_pct": 0,
    "outcome_tracked": false
  },
  {
    "symbol": "META",
    "timeframe": "historical_1w",
    "timestamp": "2025-11-23",
    "congress_score": 42.857142857142854,
    "insider_score": 50,
    "short_interest_pct": 0,
    "combined_score": 48.214285714285715,
    "price": 594.25,
    "price_change_24h": -1.2890167338988487,
    "rsi": 50,
    "position_pct": 35.891136979191494,
    "ta_score": 50,
    "signal_direction": "WAIT",
    "signal_name": "historical_import",
    "confidence": "MEDIUM",
    "hit_tp1": false,
    "hit_sl": false,
    "candles_to_result": 0,
    "max_favorable_pct": 0,
    "max_adverse_pct": 0,
    "outcome_tracked": false
  },
  {
    "symbol": "META",
    "timeframe": "historical_1m",
    "timestamp": "2025-11-28",
    "congress_score": 36.36363636363637,
    "insider_score": 50,
    "short_interest_pct": 0,
    "combined_score": 46.59090909090909,
    "price": 0,
    "price_change_24h": 0,
    "rsi": 50,
    "position_pct": 50,
    "ta_score": 50,
    "signal_direction": "WAIT",
    "signal_name": "quiver_only_import",
    "confidence": "LOW",
    "hit_tp1": false,
    "hit_sl": false,
    "candles_to_result": 0,
    "max_favorable_pct": 0,
    "max_adverse_pct": 0,
    "outcome_tracked": false
  },
  {
    "symbol": "META",
    "timeframe": "historical_1w",
    "timestamp": "2025-11-30",
    "congress_score": 50.0,
    "insider_score": 50,
    "short_interest_pct": 0,
    "combined_score": 50.0,
    "price": 647.9500122070312,
    "price_change_24h": 5.692851334962995,
    "rsi": 50,
    "position_pct": 53.47809343792106,
    "ta_score": 50,
    "signal_direction": "WAIT",
    "signal_name": "historical_import",
    "confidence": "MEDIUM",
    "hit_tp1": false,
    "hit_sl": false,
    "candles_to_result": 0,
    "max_favorable_pct": 0,
    "max_adverse_pct": 0,
    "outcome_tracked": false
  },
  {
    "symbol": "META",
    "timeframe": "historical_1w",
    "timestamp": "2025-12-07",
    "congress_score": 50.0,
    "insider_score": 50,
    "short_interest_pct": 0,
    "combined_score": 50.0,
    "price": 673.4199829101562,
    "price_change_24h": 5.079031323196331,
    "rsi": 50,
    "position_pct": 61.819604870619116,
    "ta_score": 50,
    "signal_direction": "WAIT",
    "signal_name": "historical_import",
    "confidence": "MEDIUM",
    "hit_tp1": false,
    "hit_sl": false,
    "candles_to_result": 0,
    "max_favorable_pct": 0,
    "max_adverse_pct": 0,
    "outcome_tracked": false
  },
  {
    "symbol": "META",
    "timeframe": "historical_1w",
    "timestamp": "2025-12-14",
    "congress_score": 50,
    "insider_score": 50,
    "short_interest_pct": 0,
    "combined_score": 50.0,
    "price": 644.22998046875,
    "price_change_24h": -3.38482419577164,
    "rsi": 50,
    "position_pct": 52.25976901829126,
    "ta_score": 50,
    "signal_direction": "WAIT",
    "signal_name": "historical_import",
    "confidence": "MEDIUM",
    "hit_tp1": false,
    "hit_sl": false,
    "candles_to_result": 0,
    "max_favorable_pct": 0,
    "max_adverse_pct": 0,
    "outcome_tracked": false
  },
  {
    "symbol": "META",
    "timeframe": "historical_1w",
    "timestamp": "2025-12-21",
    "congress_score": 50,
    "insider_score": 50,
    "short_interest_pct": 0,
    "combined_score": 50.0,
    "price": 658.77001953125,
    "price_change_24h": 1.7389707642821943,
    "rsi": 50,
    "position_pct": 57.02168663042417,
    "ta_score": 50,
    "signal_direction": "WAIT",
    "signal_name": "historical_import",
    "confidence": "MEDIUM",
    "hit_tp1": false,
    "hit_sl": false,
    "candles_to_result": 0,
    "max_favorable_pct": 0,
    "max_adverse_pct": 0,
    "outcome_tracked": false
  },
  {
    "symbol": "META",
    "timeframe": "historical_1w",
    "timestamp": "2025-12-28",
    "congress_score": 50,
    "insider_score": 50,
    "short_interest_pct": 0,
    "combined_score": 50.0,
    "price": 662.9500122070312,
    "price_change_24h": 0.21920063598356007,
    "rsi": 50,
    "position_pct": 58.39064999123972,
    "ta_score": 50,
    "signal_direction": "WAIT",
    "signal_name": "historical_import",
    "confidence": "MEDIUM",
    "hit_tp1": false,
    "hit_sl": false,
    "candles_to_result": 0,
    "max_favorable_pct": 0,
    "max_adverse_pct": 0,
    "outcome_tracked": false
  }
]