[
  {
    "symbol": "MO",
    "timeframe": "historical_1w",
    "timestamp": "2025-06-29",
    "congress_score": 50,
    "insider_score": 50,
    "short_interest_pct": 0,
    "combined_score": 50.0,
    "price": 58.75,
    "price_change_24h": -2.8765112087708897,
    "rsi": 50,
    "position_pct": 78.61385966595333,
    "ta_score": 50,
    "signal_direction": "WAIT",
    "signal_name": "historical_import",
    "confidence": "MEDIUM",
    "hit_tp1": true,
    "hit_sl": false,
    "candles_to_result": 5,
    "max_favorable_pct": 15.182975606715427,
    "max_adverse_pct": -1.6170225752160903,
    "outcome_tracked": true
  },
  {
    "symbol": "MO",
    "timeframe": "historical_1w",
    "timestamp": "2025-07-06",
    "congress_score": 100.0,
    "insider_score": 50,
    "short_interest_pct": 0,
    "combined_score": 62.5,
    "price": 59.650001525878906,
    "price_change_24h": 1.73972444001605,
    "rsi": 50,
    "position_pct": 87.52476720900843,
    "ta_score": 50,
    "signal_direction": "WAIT",
    "signal_name": "historical_import",
    "confidence": "MEDIUM",
    "hit_tp1": false,
    "hit_sl": true,
    "candles_to_result": 1,
    "max_favorable_pct": 13.44509042399096,
    "max_adverse_pct": -3.101428736788453,
    "outcome_tracked": true
  },
  {
    "symbol": "MO",
    "timeframe": "historical_1w",
    "timestamp": "2025-07-13",
    "congress_score": 100.0,
    "insider_score": 50,
    "short_interest_pct": 0,
    "combined_score": 62.5,
    "price": 57.79999923706055,
    "price_change_24h": -4.066391307783325,
    "rsi": 50,
    "position_pct": 69.20791009701419,
    "ta_score": 50,
    "signal_direction": "WAIT",
    "signal_name": "historical_import",
    "confidence": "MEDIUM",
    "hit_tp1": true,
    "hit_sl": false,
    "candles_to_result": 2,
    "max_favorable_pct": 17.07612294492257,
    "max_adverse_pct": 0.38062495433747917,
    "outcome_tracked": true
  },
  {
    "symbol": "MO",
    "timeframe": "historical_1w",
    "timestamp": "2025-07-20",
    "congress_score": 100.0,
    "insider_score": 50,
    "short_interest_pct": 0,
    "combined_score": 62.5,
    "price": 58.02000045776367,
    "price_change_24h": -0.18923208038937867,
    "rsi": 50,
    "position_pct": 71.38614033404667,
    "ta_score": 50,
    "signal_direction": "WAIT",
    "signal_name": "historical_import",
    "confidence": "MEDIUM",
    "hit_tp1": true,
    "hit_sl": false,
    "candles_to_result": 1,
    "max_favorable_pct": 16.632191718451413,
    "max_adverse_pct": 3.1368488115561264,
    "outcome_tracked": true
  },
  {
    "symbol": "MO",
    "timeframe": "historical_1w",
    "timestamp": "2025-07-27",
    "congress_score": 100.0,
    "insider_score": 50,
    "short_interest_pct": 0,
    "combined_score": 62.5,
    "price": 59.84000015258789,
    "price_change_24h": 1.5614426548429177,
    "rsi": 50,
    "position_pct": 89.40594201508203,
    "ta_score": 50,
    "signal_direction": "WAIT",
    "signal_name": "historical_import",
    "confidence": "MEDIUM",
    "hit_tp1": true,
    "hit_sl": false,
    "candles_to_result": 1,
    "max_favorable_pct": 13.084889699852045,
    "max_adverse_pct": 3.2419763064206566,
    "outcome_tracked": true
  },
  {
    "symbol": "MO",
    "timeframe": "historical_1w",
    "timestamp": "2025-08-03",
    "congress_score": 50,
    "insider_score": 50,
    "short_interest_pct": 0,
    "combined_score": 50.0,
    "price": 61.779998779296875,
    "price_change_24h": 5.211167396084583,
    "rsi": 50,
    "position_pct": 98.5624448616735,
    "ta_score": 50,
    "signal_direction": "WAIT",
    "signal_name": "historical_import",
    "confidence": "MEDIUM",
    "hit_tp1": true,
    "hit_sl": false,
    "candles_to_result": 1,
    "max_favorable_pct": 9.53382891878955,
    "max_adverse_pct": 3.9009448198904666,
    "outcome_tracked": true
  },
  {
    "symbol": "MO",
    "timeframe": "historical_1w",
    "timestamp": "2025-08-10",
    "congress_score": 100.0,
    "insider_score": 50,
    "short_interest_pct": 0,
    "combined_score": 62.5,
    "price": 64.19000244140625,
    "price_change_24h": 3.6325538659715875,
    "rsi": 50,
    "position_pct": 100.0,
    "ta_score": 50,
    "signal_direction": "WAIT",
    "signal_name": "historical_import",
    "confidence": "MEDIUM",
    "hit_tp1": true,
    "hit_sl": false,
    "candles_to_result": 2,
    "max_favorable_pct": 5.421398341144578,
    "max_adverse_pct": 1.0905077451604037,
    "outcome_tracked": true
  },
  {
    "symbol": "MO",
    "timeframe": "historical_1w",
    "timestamp": "2025-08-17",
    "congress_score": 100.0,
    "insider_score": 50,
    "short_interest_pct": 0,
    "combined_score": 62.5,
    "price": 65.81999969482422,
    "price_change_24h": 0.22841713120351584,
    "rsi": 50,
    "position_pct": 98.74998400085931,
    "ta_score": 50,
    "signal_direction": "WAIT",
    "signal_name": "historical_import",
    "confidence": "MEDIUM",
    "hit_tp1": false,
    "hit_sl": false,
    "candles_to_result": 0,
    "max_favorable_pct": 2.8106935319031443,
    "max_adverse_pct": -1.747191630524023,
    "outcome_tracked": true
  },
  {
    "symbol": "MO",
    "timeframe": "historical_1w",
    "timestamp": "2025-08-24",
    "congress_score": 100.0,
    "insider_score": 50,
    "short_interest_pct": 0,
    "combined_score": 62.5,
    "price": 67.66999816894531,
    "price_change_24h": 2.545840823701786,
    "rsi": 50,
    "position_pct": 99.94071051058833,
    "ta_score": 50,
    "signal_direction": "WAIT",
    "signal_name": "historical_import",
    "confidence": "MEDIUM",
    "hit_tp1": false,
    "hit_sl": true,
    "candles_to_result": 4,
    "max_favorable_pct": -0.6797681349484004,
    "max_adverse_pct": -16.683903363856174,
    "outcome_tracked": true
  },
  {
    "symbol": "MO",
    "timeframe": "historical_1w",
    "timestamp": "2025-08-31",
    "congress_score": 100.0,
    "insider_score": 50,
    "short_interest_pct": 0,
    "combined_score": 62.5,
    "price": 67.20999908447266,
    "price_change_24h": 0.2386219618682765,
    "rsi": 50,
    "position_pct": 97.21398191783635,
    "ta_score": 50,
    "signal_direction": "WAIT",
    "signal_name": "historical_import",
    "confidence": "MEDIUM",
    "hit_tp1": false,
    "hit_sl": true,
    "candles_to_result": 3,
    "max_favorable_pct": -0.8332057226930163,
    "max_adverse_pct": -16.113670828570875,
    "outcome_tracked": true
  },
  {
    "symbol": "MO",
    "timeframe": "historical_1w",
    "timestamp": "2025-09-07",
    "congress_score": 50,
    "insider_score": 50,
    "short_interest_pct": 0,
    "combined_score": 50.0,
    "price": 66.55000305175781,
    "price_change_24h": -0.8639866309999371,
    "rsi": 50,
    "position_pct": 93.30173488462857,
    "ta_score": 50,
    "signal_direction": "WAIT",
    "signal_name": "historical_import",
    "confidence": "MEDIUM",
    "hit_tp1": false,
    "hit_sl": true,
    "candles_to_result": 2,
    "max_favorable_pct": 0.1502606604590568,
    "max_adverse_pct": -15.281745330249016,
    "outcome_tracked": true
  },
  {
    "symbol": "MO",
    "timeframe": "historical_1w",
    "timestamp": "2025-09-14",
    "congress_score": 50,
    "insider_score": 50,
    "short_interest_pct": 0,
    "combined_score": 50.0,
    "price": 66.6500015258789,
    "price_change_24h": 1.338003539194755,
    "rsi": 50,
    "position_pct": 93.89449410485648,
    "ta_score": 50,
    "signal_direction": "WAIT",
    "signal_name": "historical_import",
    "confidence": "MEDIUM",
    "hit_tp1": false,
    "hit_sl": true,
    "candles_to_result": 1,
    "max_favorable_pct": -0.16504217229290144,
    "max_adverse_pct": -15.408852547101636,
    "outcome_tracked": true
  },
  {
    "symbol": "MO",
    "timeframe": "historical_1w",
    "timestamp": "2025-09-21",
    "congress_score": 50,
    "insider_score": 50,
    "short_interest_pct": 0,
    "combined_score": 50.0,
    "price": 64.88999938964844,
    "price_change_24h": 0.0,
    "rsi": 50,
    "position_pct": 83.46175997525307,
    "ta_score": 50,
    "signal_direction": "WAIT",
    "signal_name": "historical_import",
    "confidence": "MEDIUM",
    "hit_tp1": false,
    "hit_sl": true,
    "candles_to_result": 6,
    "max_favorable_pct": 2.542767054089574,
    "max_adverse_pct": -13.114499000736249,
    "outcome_tracked": true
  },
  {
    "symbol": "MO",
    "timeframe": "historical_1w",
    "timestamp": "2025-09-28",
    "congress_score": 50,
    "insider_score": 50,
    "short_interest_pct": 0,
    "combined_score": 50.0,
    "price": 65.70999908447266,
    "price_change_24h": 3.009873242497413,
    "rsi": 50,
    "position_pct": 88.32245794052916,
    "ta_score": 50,
    "signal_direction": "WAIT",
    "signal_name": "historical_import",
    "confidence": "MEDIUM",
    "hit_tp1": false,
    "hit_sl": true,
    "candles_to_result": 5,
    "max_favorable_pct": 1.2631286602023677,
    "max_adverse_pct": -14.198749271573357,
    "outcome_tracked": true
  },
  {
    "symbol": "MO",
    "timeframe": "historical_1w",
    "timestamp": "2025-10-05",
    "congress_score": 50,
    "insider_score": 50,
    "short_interest_pct": 0,
    "combined_score": 50.0,
    "price": 65.7300033569336,
    "price_change_24h": 0.09137382314814363,
    "rsi": 50,
    "position_pct": 88.4410369193525,
    "ta_score": 50,
    "signal_direction": "WAIT",
    "signal_name": "historical_import",
    "confidence": "MEDIUM",
    "hit_tp1": false,
    "hit_sl": true,
    "candles_to_result": 4,
    "max_favorable_pct": 1.2323102346354995,
    "max_adverse_pct": -14.22486202844848,
    "outcome_tracked": true
  },
  {
    "symbol": "MO",
    "timeframe": "historical_1w",
    "timestamp": "2025-10-12",
    "congress_score": 50,
    "insider_score": 50,
    "short_interest_pct": 0,
    "combined_score": 50.0,
    "price": 66.54000091552734,
    "price_change_24h": 1.789808964030505,
    "rsi": 50,
    "position_pct": 93.2424453952169,
    "ta_score": 50,
    "signal_direction": "WAIT",
    "signal_name": "historical_import",
    "confidence": "MEDIUM",
    "hit_tp1": false,
    "hit_sl": true,
    "candles_to_result": 1,
    "max_favorable_pct": -2.239251342453521,
    "max_adverse_pct": -15.26901068172549,
    "outcome_tracked": true
  },
  {
    "symbol": "MO",
    "timeframe": "historical_1w",
    "timestamp": "2025-10-19",
    "congress_score": 50,
    "insider_score": 50,
    "short_interest_pct": 0,
    "combined_score": 50.0,
    "price": 65.05000305175781,
    "price_change_24h": 0.15397399263208367,
    "rsi": 50,
    "position_pct": 84.41021090732139,
    "ta_score": 50,
    "signal_direction": "WAIT",
    "signal_name": "historical_import",
    "confidence": "MEDIUM",
    "hit_tp1": false,
    "hit_sl": true,
    "candles_to_result": 2,
    "max_favorable_pct": -0.5841735049730045,
    "max_adverse_pct": -13.32821149407816,
    "outcome_tracked": true
  },
  {
    "symbol": "MO",
    "timeframe": "historical_1w",
    "timestamp": "2025-10-26",
    "congress_score": 50,
    "insider_score": 50,
    "short_interest_pct": 0,
    "combined_score": 50.0,
    "price": 64.66999816894531,
    "price_change_24h": 0.4192494358216887,
    "rsi": 50,
    "position_pct": 82.15766255597396,
    "ta_score": 50,
    "signal_direction": "WAIT",
    "signal_name": "historical_import",
    "confidence": "MEDIUM",
    "hit_tp1": false,
    "hit_sl": false,
    "candles_to_result": 0,
    "max_favorable_pct": 0,
    "max_adverse_pct": 0,
    "outcome_tracked": false
  },
  {
    "symbol": "MO",
    "timeframe": "historical_1w",
    "timestamp": "2025-11-02",
    "congress_score": 50,
    "insider_score": 50,
    "short_interest_pct": 0,
    "combined_score": 50.0,
    "price": 56.380001068115234,
    "price_change_24h": -11.54690997260827,
    "rsi": 50,
    "position_pct": 33.01719056008216,
    "ta_score": 50,
    "signal_direction": "WAIT",
    "signal_name": "historical_import",
    "confidence": "MEDIUM",
    "hit_tp1": false,
    "hit_sl": false,
    "candles_to_result": 0,
    "max_favorable_pct": 0,
    "max_adverse_pct": 0,
    "outcome_tracked": false
  },
  {
    "symbol": "MO",
    "timeframe": "historical_1w",
    "timestamp": "2025-11-09",
    "congress_score": 0.0,
    "insider_score": 50,
    "short_interest_pct": 0,
    "combined_score": 37.5,
    "price": 58.029998779296875,
    "price_change_24h": 2.3998599864025256,
    "rsi": 50,
    "position_pct": 42.797853367731186,
    "ta_score": 50,
    "signal_direction": "WAIT",
    "signal_name": "historical_import",
    "confidence": "MEDIUM",
    "hit_tp1": false,
    "hit_sl": false,
    "candles_to_result": 0,
    "max_favorable_pct": 0,
    "max_adverse_pct": 0,
    "outcome_tracked": false
  },
  {
    "symbol": "MO",
    "timeframe": "historical_1w",
    "timestamp": "2025-11-16",
    "congress_score": 0.0,
    "insider_score": 50,
    "short_interest_pct": 0,
    "combined_score": 37.5,
    "price": 58.189998626708984,
    "price_change_24h": 1.1120754094403118,
    "rsi": 50,
    "position_pct": 43.7462816874847,
    "ta_score": 50,
    "signal_direction": "WAIT",
    "signal_name": "historical_import",
    "confidence": "MEDIUM",
    "hit_tp1": false,
    "hit_sl": false,
    "candles_to_result": 0,
    "max_favorable_pct": 0,
    "max_adverse_pct": 0,
    "outcome_tracked": false
  },
  {
    "symbol": "MO",
    "timeframe": "historical_1w",
    "timestamp": "2025-11-23",
    "congress_score": 0.0,
    "insider_score": 50,
    "short_interest_pct": 0,
    "combined_score": 37.5,
    "price": 58.189998626708984,
    "price_change_24h": 0.10321272577209556,
    "rsi": 50,
    "position_pct": 43.7462816874847,
    "ta_score": 50,
    "signal_direction": "WAIT",
    "signal_name": "historical_import",
    "confidence": "MEDIUM",
    "hit_tp1": false,
    "hit_sl": false,
    "candles_to_result": 0,
    "max_favorable_pct": 0,
    "max_adverse_pct": 0,
    "outcome_tracked": false
  },
  {
    "symbol": "MO",
    "timeframe": "historical_1w",
    "timestamp": "2025-11-30",
    "congress_score": 0.0,
    "insider_score": 50,
    "short_interest_pct": 0,
    "combined_score": 37.5,
    "price": 59.0099983215332,
    "price_change_24h": 2.9303967151950974,
    "rsi": 50,
    "position_pct": 48.60697965276077,
    "ta_score": 50,
    "signal_direction": "WAIT",
    "signal_name": "historical_import",
    "confidence": "MEDIUM",
    "hit_tp1": false,
    "hit_sl": false,
    "candles_to_result": 0,
    "max_favorable_pct": 0,
    "max_adverse_pct": 0,
    "outcome_tracked": false
  },
  {
    "symbol": "MO",
    "timeframe": "historical_1w",
    "timestamp": "2025-12-07",
    "congress_score": 0.0,
    "insider_score": 50,
    "short_interest_pct": 0,
    "combined_score": 37.5,
    "price": 57.9900016784668,
    "price_change_24h": -1.9445345333955657,
    "rsi": 50,
    "position_pct": 42.56076324702891,
    "ta_score": 50,
    "signal_direction": "WAIT",
    "signal_name": "historical_import",
    "confidence": "MEDIUM",
    "hit_tp1": false,
    "hit_sl": false,
    "candles_to_result": 0,
    "max_favorable_pct": 0,
    "max_adverse_pct": 0,
    "outcome_tracked": false
  },
  {
    "symbol": "MO",
    "timeframe": "historical_1w",
    "timestamp": "2025-12-14",
    "congress_score": 50,
    "insider_score": 50,
    "short_interest_pct": 0,
    "combined_score": 50.0,
    "price": 58.75,
    "price_change_24h": 1.1013584287149873,
    "rsi": 50,
    "position_pct": 47.06579211277937,
    "ta_score": 50,
    "signal_direction": "WAIT",
    "signal_name": "historical_import",
    "confidence": "MEDIUM",
    "hit_tp1": false,
    "hit_sl": false,
    "candles_to_result": 0,
    "max_favorable_pct": 0,
    "max_adverse_pct": 0,
    "outcome_tracked": false
  },
  {
    "symbol": "MO",
    "timeframe": "historical_1w",
    "timestamp": "2025-12-21",
    "congress_score": 50,
    "insider_score": 50,
    "short_interest_pct": 0,
    "combined_score": 50.0,
    "price": 58.06999969482422,
    "price_change_24h": -1.7261811730068175,
    "rsi": 50,
    "position_pct": 43.034966100748264,
    "ta_score": 50,
    "signal_direction": "WAIT",
    "signal_name": "historical_import",
    "confidence": "MEDIUM",
    "hit_tp1": false,
    "hit_sl": false,
    "candles_to_result": 0,
    "max_favorable_pct": 0,
    "max_adverse_pct": 0,
    "outcome_tracked": false
  },
  {
    "symbol": "MO",
    "timeframe": "historical_1w",
    "timestamp": "2025-12-28",
    "congress_score": 50,
    "insider_score": 50,
    "short_interest_pct": 0,
    "combined_score": 50.0,
    "price": 57.54499816894531,
    "price_change_24h": -1.817100205281608,
    "rsi": 50,
    "position_pct": 39.922923663764834,
    "ta_score": 50,
    "signal_direction": "WAIT",
    "signal_name": "historical_import",
    "confidence": "MEDIUM",
    "hit_tp1": false,
    "hit_sl": false,
    "candles_to_result": 0,
    "max_favorable_pct": 0,
    "max_adverse_pct": 0,
    "outcome_tracked": false
  }
]