[
  {
    "symbol": "MRK",
    "timeframe": "historical_1w",
    "timestamp": "2025-06-29",
    "congress_score": 62.5,
    "insider_score": 50,
    "short_interest_pct": 0,
    "combined_score": 53.125,
    "price": 79.0999984741211,
    "price_change_24h": -1.3223617010503361,
    "rsi": 50,
    "position_pct": 20.43556511391616,
    "ta_score": 50,
    "signal_direction": "WAIT",
    "signal_name": "historical_import",
    "confidence": "MEDIUM",
    "hit_tp1": true,
    "hit_sl": false,
    "candles_to_result": 2,
    "max_favorable_pct": 10.455125704163711,
    "max_adverse_pct": 0.24020536671490902,
    "outcome_tracked": true
  },
  {
    "symbol": "MRK",
    "timeframe": "historical_1w",
    "timestamp": "2025-07-06",
    "congress_score": 77.77777777777779,
    "insider_score": 50,
    "short_interest_pct": 0,
    "combined_score": 56.94444444444444,
    "price": 80.93000030517578,
    "price_change_24h": 2.2359734224136103,
    "rsi": 50,
    "position_pct": 27.078041103473716,
    "ta_score": 50,
    "signal_direction": "WAIT",
    "signal_name": "historical_import",
    "confidence": "MEDIUM",
    "hit_tp1": true,
    "hit_sl": false,
    "candles_to_result": 1,
    "max_favorable_pct": 7.9574971174124505,
    "max_adverse_pct": -2.0264418429064968,
    "outcome_tracked": true
  },
  {
    "symbol": "MRK",
    "timeframe": "historical_1w",
    "timestamp": "2025-07-13",
    "congress_score": 70.0,
    "insider_score": 50,
    "short_interest_pct": 0,
    "combined_score": 55.0,
    "price": 83.36000061035156,
    "price_change_24h": 3.0407899110925642,
    "rsi": 50,
    "position_pct": 35.898370355518765,
    "ta_score": 50,
    "signal_direction": "WAIT",
    "signal_name": "historical_import",
    "confidence": "MEDIUM",
    "hit_tp1": false,
    "hit_sl": true,
    "candles_to_result": 1,
    "max_favorable_pct": 4.810463180026069,
    "max_adverse_pct": -4.882437218119226,
    "outcome_tracked": true
  },
  {
    "symbol": "MRK",
    "timeframe": "historical_1w",
    "timestamp": "2025-07-20",
    "congress_score": 75.0,
    "insider_score": 50,
    "short_interest_pct": 0,
    "combined_score": 56.25,
    "price": 79.95999908447266,
    "price_change_24h": -4.434085294207223,
    "rsi": 50,
    "position_pct": 23.557164944214023,
    "ta_score": 50,
    "signal_direction": "WAIT",
    "signal_name": "historical_import",
    "confidence": "MEDIUM",
    "hit_tp1": true,
    "hit_sl": false,
    "candles_to_result": 1,
    "max_favorable_pct": 9.267138252817109,
    "max_adverse_pct": -0.8379166791103911,
    "outcome_tracked": true
  },
  {
    "symbol": "MRK",
    "timeframe": "historical_1w",
    "timestamp": "2025-07-27",
    "congress_score": 50.0,
    "insider_score": 50,
    "short_interest_pct": 0,
    "combined_score": 50.0,
    "price": 84.70999908447266,
    "price_change_24h": 6.80872738886345,
    "rsi": 50,
    "position_pct": 40.7985471193423,
    "ta_score": 50,
    "signal_direction": "WAIT",
    "signal_name": "historical_import",
    "confidence": "MEDIUM",
    "hit_tp1": false,
    "hit_sl": true,
    "candles_to_result": 1,
    "max_favorable_pct": 3.1401294898573004,
    "max_adverse_pct": -6.398297990229583,
    "outcome_tracked": true
  },
  {
    "symbol": "MRK",
    "timeframe": "historical_1m",
    "timestamp": "2025-07-28",
    "congress_score": 63.63636363636363,
    "insider_score": 50,
    "short_interest_pct": 0,
    "combined_score": 53.40909090909091,
    "price": 0,
    "price_change_24h": 0,
    "rsi": 50,
    "position_pct": 50,
    "ta_score": 50,
    "signal_direction": "WAIT",
    "signal_name": "quiver_only_import",
    "confidence": "LOW",
    "hit_tp1": false,
    "hit_sl": false,
    "candles_to_result": 0,
    "max_favorable_pct": 0,
    "max_adverse_pct": 0,
    "outcome_tracked": false
  },
  {
    "symbol": "MRK",
    "timeframe": "historical_1w",
    "timestamp": "2025-08-03",
    "congress_score": 0.0,
    "insider_score": 50,
    "short_interest_pct": 0,
    "combined_score": 37.5,
    "price": 79.29000091552734,
    "price_change_24h": -5.674514372596187,
    "rsi": 50,
    "position_pct": 21.125229262651434,
    "ta_score": 50,
    "signal_direction": "WAIT",
    "signal_name": "historical_import",
    "confidence": "MEDIUM",
    "hit_tp1": false,
    "hit_sl": true,
    "candles_to_result": 2,
    "max_favorable_pct": 10.190442348036829,
    "max_adverse_pct": -0.9206751778339776,
    "outcome_tracked": true
  },
  {
    "symbol": "MRK",
    "timeframe": "historical_1w",
    "timestamp": "2025-08-10",
    "congress_score": 60.0,
    "insider_score": 50,
    "short_interest_pct": 0,
    "combined_score": 52.5,
    "price": 80.69000244140625,
    "price_change_24h": 1.0393210928013712,
    "rsi": 50,
    "position_pct": 26.20690533706006,
    "ta_score": 50,
    "signal_direction": "WAIT",
    "signal_name": "historical_import",
    "confidence": "MEDIUM",
    "hit_tp1": true,
    "hit_sl": false,
    "candles_to_result": 1,
    "max_favorable_pct": 10.534142697755337,
    "max_adverse_pct": -2.6397382802897074,
    "outcome_tracked": true
  },
  {
    "symbol": "MRK",
    "timeframe": "historical_1w",
    "timestamp": "2025-08-17",
    "congress_score": 60.0,
    "insider_score": 50,
    "short_interest_pct": 0,
    "combined_score": 52.5,
    "price": 84.20999908447266,
    "price_change_24h": 5.2230418204843385,
    "rsi": 50,
    "position_pct": 38.98366478511828,
    "ta_score": 50,
    "signal_direction": "WAIT",
    "signal_name": "historical_import",
    "confidence": "MEDIUM",
    "hit_tp1": true,
    "hit_sl": false,
    "candles_to_result": 1,
    "max_favorable_pct": 5.913791011846536,
    "max_adverse_pct": -6.709418818792863,
    "outcome_tracked": true
  },
  {
    "symbol": "MRK",
    "timeframe": "historical_1w",
    "timestamp": "2025-08-24",
    "congress_score": 42.857142857142854,
    "insider_score": 50,
    "short_interest_pct": 0,
    "combined_score": 48.214285714285715,
    "price": 87.37000274658203,
    "price_change_24h": 3.7402059845904714,
    "rsi": 50,
    "position_pct": 50.45373443000937,
    "ta_score": 50,
    "signal_direction": "WAIT",
    "signal_name": "historical_import",
    "confidence": "MEDIUM",
    "hit_tp1": false,
    "hit_sl": true,
    "candles_to_result": 1,
    "max_favorable_pct": 2.0830944690515283,
    "max_adverse_pct": -10.083558327841455,
    "outcome_tracked": true
  },
  {
    "symbol": "MRK",
    "timeframe": "historical_1m",
    "timestamp": "2025-08-28",
    "congress_score": 54.54545454545454,
    "insider_score": 50,
    "short_interest_pct": 0,
    "combined_score": 51.13636363636363,
    "price": 0,
    "price_change_24h": 0,
    "rsi": 50,
    "position_pct": 50,
    "ta_score": 50,
    "signal_direction": "WAIT",
    "signal_name": "quiver_only_import",
    "confidence": "LOW",
    "hit_tp1": false,
    "hit_sl": false,
    "candles_to_result": 0,
    "max_favorable_pct": 0,
    "max_adverse_pct": 0,
    "outcome_tracked": false
  },
  {
    "symbol": "MRK",
    "timeframe": "historical_1w",
    "timestamp": "2025-08-31",
    "congress_score": 50.0,
    "insider_score": 50,
    "short_interest_pct": 0,
    "combined_score": 50.0,
    "price": 84.12000274658203,
    "price_change_24h": -1.3949066300164767,
    "rsi": 50,
    "position_pct": 38.65699925755317,
    "ta_score": 50,
    "signal_direction": "WAIT",
    "signal_name": "historical_import",
    "confidence": "MEDIUM",
    "hit_tp1": false,
    "hit_sl": true,
    "candles_to_result": 3,
    "max_favorable_pct": 6.027103577371464,
    "max_adverse_pct": -6.609611277282318,
    "outcome_tracked": true
  },
  {
    "symbol": "MRK",
    "timeframe": "historical_1w",
    "timestamp": "2025-09-07",
    "congress_score": 25.0,
    "insider_score": 50,
    "short_interest_pct": 0,
    "combined_score": 43.75,
    "price": 84.70999908447266,
    "price_change_24h": -0.9008004705447636,
    "rsi": 50,
    "position_pct": 40.7985471193423,
    "ta_score": 50,
    "signal_direction": "WAIT",
    "signal_name": "historical_import",
    "confidence": "MEDIUM",
    "hit_tp1": true,
    "hit_sl": false,
    "candles_to_result": 2,
    "max_favorable_pct": 5.288635822633102,
    "max_adverse_pct": -7.260065626663667,
    "outcome_tracked": true
  },
  {
    "symbol": "MRK",
    "timeframe": "historical_1w",
    "timestamp": "2025-09-14",
    "congress_score": 33.33333333333333,
    "insider_score": 50,
    "short_interest_pct": 0,
    "combined_score": 45.83333333333333,
    "price": 82.80999755859375,
    "price_change_24h": -1.5221772327752052,
    "rsi": 50,
    "position_pct": 33.90198871070965,
    "ta_score": 50,
    "signal_direction": "WAIT",
    "signal_name": "historical_import",
    "confidence": "MEDIUM",
    "hit_tp1": true,
    "hit_sl": false,
    "candles_to_result": 2,
    "max_favorable_pct": 7.704389652104758,
    "max_adverse_pct": -5.132230558264216,
    "outcome_tracked": true
  },
  {
    "symbol": "MRK",
    "timeframe": "historical_1w",
    "timestamp": "2025-09-21",
    "congress_score": 33.33333333333333,
    "insider_score": 50,
    "short_interest_pct": 0,
    "combined_score": 45.83333333333333,
    "price": 81.51000213623047,
    "price_change_24h": 0.6047957460709135,
    "rsi": 50,
    "position_pct": 29.1833112574712,
    "ta_score": 50,
    "signal_direction": "WAIT",
    "signal_name": "historical_import",
    "confidence": "MEDIUM",
    "hit_tp1": true,
    "hit_sl": false,
    "candles_to_result": 1,
    "max_favorable_pct": 13.998277185228048,
    "max_adverse_pct": -3.6191933509046836,
    "outcome_tracked": true
  },
  {
    "symbol": "MRK",
    "timeframe": "historical_1m",
    "timestamp": "2025-09-28",
    "congress_score": 44.44444444444444,
    "insider_score": 50,
    "short_interest_pct": 0,
    "combined_score": 48.611111111111114,
    "price": 0,
    "price_change_24h": 0,
    "rsi": 50,
    "position_pct": 50,
    "ta_score": 50,
    "signal_direction": "WAIT",
    "signal_name": "quiver_only_import",
    "confidence": "LOW",
    "hit_tp1": false,
    "hit_sl": false,
    "candles_to_result": 0,
    "max_favorable_pct": 0,
    "max_adverse_pct": 0,
    "outcome_tracked": false
  },
  {
    "symbol": "MRK",
    "timeframe": "historical_1w",
    "timestamp": "2025-09-28",
    "congress_score": 0.0,
    "insider_score": 50,
    "short_interest_pct": 0,
    "combined_score": 37.5,
    "price": 78.55999755859375,
    "price_change_24h": -2.2885621049309326,
    "rsi": 50,
    "position_pct": 18.4754888698054,
    "ta_score": 50,
    "signal_direction": "WAIT",
    "signal_name": "historical_import",
    "confidence": "MEDIUM",
    "hit_tp1": false,
    "hit_sl": true,
    "candles_to_result": 1,
    "max_favorable_pct": 24.4399251200542,
    "max_adverse_pct": 7.9302489187158685,
    "outcome_tracked": true
  },
  {
    "symbol": "MRK",
    "timeframe": "historical_1w",
    "timestamp": "2025-10-05",
    "congress_score": 0.0,
    "insider_score": 50,
    "short_interest_pct": 0,
    "combined_score": 37.5,
    "price": 89.19000244140625,
    "price_change_24h": 13.502163862458078,
    "rsi": 50,
    "position_pct": 57.05990501886856,
    "ta_score": 50,
    "signal_direction": "WAIT",
    "signal_name": "historical_import",
    "confidence": "MEDIUM",
    "hit_tp1": true,
    "hit_sl": false,
    "candles_to_result": 1,
    "max_favorable_pct": 17.535596996897944,
    "max_adverse_pct": -4.933290061035154,
    "outcome_tracked": true
  },
  {
    "symbol": "MRK",
    "timeframe": "historical_1w",
    "timestamp": "2025-10-12",
    "congress_score": 0.0,
    "insider_score": 50,
    "short_interest_pct": 0,
    "combined_score": 37.5,
    "price": 85.98999786376953,
    "price_change_24h": -3.1644201479930656,
    "rsi": 50,
    "position_pct": 45.44464146409074,
    "ta_score": 50,
    "signal_direction": "WAIT",
    "signal_name": "historical_import",
    "confidence": "MEDIUM",
    "hit_tp1": false,
    "hit_sl": true,
    "candles_to_result": 5,
    "max_favorable_pct": 21.909529521250377,
    "max_adverse_pct": -1.3955075916425699,
    "outcome_tracked": true
  },
  {
    "symbol": "MRK",
    "timeframe": "historical_1w",
    "timestamp": "2025-10-19",
    "congress_score": 0.0,
    "insider_score": 50,
    "short_interest_pct": 0,
    "combined_score": 37.5,
    "price": 84.79000091552734,
    "price_change_24h": -1.0618390491477245,
    "rsi": 50,
    "position_pct": 41.08893493911576,
    "ta_score": 50,
    "signal_direction": "WAIT",
    "signal_name": "historical_import",
    "confidence": "MEDIUM",
    "hit_tp1": false,
    "hit_sl": true,
    "candles_to_result": 1,
    "max_favorable_pct": 23.634863426281054,
    "max_adverse_pct": 1.4034702542246682,
    "outcome_tracked": true
  },
  {
    "symbol": "MRK",
    "timeframe": "historical_1w",
    "timestamp": "2025-10-26",
    "congress_score": 0.0,
    "insider_score": 50,
    "short_interest_pct": 0,
    "combined_score": 37.5,
    "price": 87.48999786376953,
    "price_change_24h": 1.355419570298569,
    "rsi": 50,
    "position_pct": 50.889288466762835,
    "ta_score": 50,
    "signal_direction": "WAIT",
    "signal_name": "historical_import",
    "confidence": "MEDIUM",
    "hit_tp1": false,
    "hit_sl": true,
    "candles_to_result": 3,
    "max_favorable_pct": 19.81941295082123,
    "max_adverse_pct": -1.7259052962684331,
    "outcome_tracked": true
  },
  {
    "symbol": "MRK",
    "timeframe": "historical_1m",
    "timestamp": "2025-10-28",
    "congress_score": 0.0,
    "insider_score": 50,
    "short_interest_pct": 0,
    "combined_score": 37.5,
    "price": 0,
    "price_change_24h": 0,
    "rsi": 50,
    "position_pct": 50,
    "ta_score": 50,
    "signal_direction": "WAIT",
    "signal_name": "quiver_only_import",
    "confidence": "LOW",
    "hit_tp1": false,
    "hit_sl": false,
    "candles_to_result": 0,
    "max_favorable_pct": 0,
    "max_adverse_pct": 0,
    "outcome_tracked": false
  },
  {
    "symbol": "MRK",
    "timeframe": "historical_1w",
    "timestamp": "2025-11-02",
    "congress_score": 0.0,
    "insider_score": 50,
    "short_interest_pct": 0,
    "combined_score": 37.5,
    "price": 85.9800033569336,
    "price_change_24h": -2.29545073075728,
    "rsi": 50,
    "position_pct": 45.408363756299096,
    "ta_score": 50,
    "signal_direction": "WAIT",
    "signal_name": "historical_import",
    "confidence": "MEDIUM",
    "hit_tp1": false,
    "hit_sl": false,
    "candles_to_result": 0,
    "max_favorable_pct": 0,
    "max_adverse_pct": 0,
    "outcome_tracked": false
  },
  {
    "symbol": "MRK",
    "timeframe": "historical_1w",
    "timestamp": "2025-11-09",
    "congress_score": 0.0,
    "insider_score": 50,
    "short_interest_pct": 0,
    "combined_score": 37.5,
    "price": 86.27999877929688,
    "price_change_24h": 4.594497531429749,
    "rsi": 50,
    "position_pct": 46.49727654108949,
    "ta_score": 50,
    "signal_direction": "WAIT",
    "signal_name": "historical_import",
    "confidence": "MEDIUM",
    "hit_tp1": false,
    "hit_sl": false,
    "candles_to_result": 0,
    "max_favorable_pct": 0,
    "max_adverse_pct": 0,
    "outcome_tracked": false
  },
  {
    "symbol": "MRK",
    "timeframe": "historical_1w",
    "timestamp": "2025-11-16",
    "congress_score": 0.0,
    "insider_score": 50,
    "short_interest_pct": 0,
    "combined_score": 37.5,
    "price": 92.91999816894531,
    "price_change_24h": 7.11238982010987,
    "rsi": 50,
    "position_pct": 70.59891172415207,
    "ta_score": 50,
    "signal_direction": "WAIT",
    "signal_name": "historical_import",
    "confidence": "MEDIUM",
    "hit_tp1": false,
    "hit_sl": false,
    "candles_to_result": 0,
    "max_favorable_pct": 0,
    "max_adverse_pct": 0,
    "outcome_tracked": false
  },
  {
    "symbol": "MRK",
    "timeframe": "historical_1w",
    "timestamp": "2025-11-23",
    "congress_score": 33.33333333333333,
    "insider_score": 50,
    "short_interest_pct": 0,
    "combined_score": 45.83333333333333,
    "price": 97.76000213623047,
    "price_change_24h": 5.2767623235753875,
    "rsi": 50,
    "position_pct": 88.16698711975216,
    "ta_score": 50,
    "signal_direction": "WAIT",
    "signal_name": "historical_import",
    "confidence": "MEDIUM",
    "hit_tp1": false,
    "hit_sl": false,
    "candles_to_result": 0,
    "max_favorable_pct": 0,
    "max_adverse_pct": 0,
    "outcome_tracked": false
  },
  {
    "symbol": "MRK",
    "timeframe": "historical_1m",
    "timestamp": "2025-11-28",
    "congress_score": 25.0,
    "insider_score": 50,
    "short_interest_pct": 0,
    "combined_score": 43.75,
    "price": 0,
    "price_change_24h": 0,
    "rsi": 50,
    "position_pct": 50,
    "ta_score": 50,
    "signal_direction": "WAIT",
    "signal_name": "quiver_only_import",
    "confidence": "LOW",
    "hit_tp1": false,
    "hit_sl": false,
    "candles_to_result": 0,
    "max_favorable_pct": 0,
    "max_adverse_pct": 0,
    "outcome_tracked": false
  },
  {
    "symbol": "MRK",
    "timeframe": "historical_1w",
    "timestamp": "2025-11-30",
    "congress_score": 50.0,
    "insider_score": 50,
    "short_interest_pct": 0,
    "combined_score": 50.0,
    "price": 104.83000183105469,
    "price_change_24h": 4.412350834510608,
    "rsi": 50,
    "position_pct": 97.42155399781191,
    "ta_score": 50,
    "signal_direction": "WAIT",
    "signal_name": "historical_import",
    "confidence": "MEDIUM",
    "hit_tp1": false,
    "hit_sl": false,
    "candles_to_result": 0,
    "max_favorable_pct": 0,
    "max_adverse_pct": 0,
    "outcome_tracked": false
  },
  {
    "symbol": "MRK",
    "timeframe": "historical_1w",
    "timestamp": "2025-12-07",
    "congress_score": 50.0,
    "insider_score": 50,
    "short_interest_pct": 0,
    "combined_score": 50.0,
    "price": 99.72000122070312,
    "price_change_24h": -2.0720814813027766,
    "rsi": 50,
    "position_pct": 81.5470581208606,
    "ta_score": 50,
    "signal_direction": "WAIT",
    "signal_name": "historical_import",
    "confidence": "MEDIUM",
    "hit_tp1": false,
    "hit_sl": false,
    "candles_to_result": 0,
    "max_favorable_pct": 0,
    "max_adverse_pct": 0,
    "outcome_tracked": false
  },
  {
    "symbol": "MRK",
    "timeframe": "historical_1w",
    "timestamp": "2025-12-14",
    "congress_score": 100.0,
    "insider_score": 50,
    "short_interest_pct": 0,
    "combined_score": 62.5,
    "price": 100.30000305175781,
    "price_change_24h": 1.3848203197775144,
    "rsi": 50,
    "position_pct": 83.34886547427858,
    "ta_score": 50,
    "signal_direction": "WAIT",
    "signal_name": "historical_import",
    "confidence": "MEDIUM",
    "hit_tp1": false,
    "hit_sl": false,
    "candles_to_result": 0,
    "max_favorable_pct": 0,
    "max_adverse_pct": 0,
    "outcome_tracked": false
  },
  {
    "symbol": "MRK",
    "timeframe": "historical_1w",
    "timestamp": "2025-12-21",
    "congress_score": 50,
    "insider_score": 50,
    "short_interest_pct": 0,
    "combined_score": 50.0,
    "price": 101.08999633789062,
    "price_change_24h": 0.8278417953077475,
    "rsi": 50,
    "position_pct": 85.80302274739714,
    "ta_score": 50,
    "signal_direction": "WAIT",
    "signal_name": "historical_import",
    "confidence": "MEDIUM",
    "hit_tp1": false,
    "hit_sl": false,
    "candles_to_result": 0,
    "max_favorable_pct": 0,
    "max_adverse_pct": 0,
    "outcome_tracked": false
  },
  {
    "symbol": "MRK",
    "timeframe": "historical_1w",
    "timestamp": "2025-12-28",
    "congress_score": 50,
    "insider_score": 50,
    "short_interest_pct": 0,
    "combined_score": 50.0,
    "price": 106.37999725341797,
    "price_change_24h": 1.5851757194084741,
    "rsi": 50,
    "position_pct": 99.78775104944671,
    "ta_score": 50,
    "signal_direction": "WAIT",
    "signal_name": "historical_import",
    "confidence": "MEDIUM",
    "hit_tp1": false,
    "hit_sl": false,
    "candles_to_result": 0,
    "max_favorable_pct": 0,
    "max_adverse_pct": 0,
    "outcome_tracked": false
  }
]