[
  {
    "symbol": "MSFT",
    "timeframe": "historical_1w",
    "timestamp": "2025-06-29",
    "congress_score": 50.0,
    "insider_score": 50,
    "short_interest_pct": 0,
    "combined_score": 50.0,
    "price": 495.94000244140625,
    "price_change_24h": 2.045267992058899,
    "rsi": 50,
    "position_pct": 98.9432363280666,
    "ta_score": 50,
    "signal_direction": "WAIT",
    "signal_name": "historical_import",
    "confidence": "MEDIUM",
    "hit_tp1": true,
    "hit_sl": false,
    "candles_to_result": 4,
    "max_favorable_pct": 5.680119121563388,
    "max_adverse_pct": 0.584746921443789,
    "outcome_tracked": true
  },
  {
    "symbol": "MSFT",
    "timeframe": "historical_1w",
    "timestamp": "2025-07-06",
    "congress_score": 50.0,
    "insider_score": 50,
    "short_interest_pct": 0,
    "combined_score": 50.0,
    "price": 498.8399963378906,
    "price_change_24h": 0.28748771943731233,
    "rsi": 50,
    "position_pct": 100.0,
    "ta_score": 50,
    "signal_direction": "WAIT",
    "signal_name": "historical_import",
    "confidence": "MEDIUM",
    "hit_tp1": true,
    "hit_sl": false,
    "candles_to_result": 4,
    "max_favorable_pct": 5.06575038072031,
    "max_adverse_pct": 0.898085762813128,
    "outcome_tracked": true
  },
  {
    "symbol": "MSFT",
    "timeframe": "historical_1w",
    "timestamp": "2025-07-13",
    "congress_score": 46.15384615384615,
    "insider_score": 50,
    "short_interest_pct": 0,
    "combined_score": 49.03846153846154,
    "price": 503.32000732421875,
    "price_change_24h": 1.1251318190510942,
    "rsi": 50,
    "position_pct": 99.87243878762348,
    "ta_score": 50,
    "signal_direction": "WAIT",
    "signal_name": "historical_import",
    "confidence": "MEDIUM",
    "hit_tp1": true,
    "hit_sl": false,
    "candles_to_result": 3,
    "max_favorable_pct": 4.130568569659833,
    "max_adverse_pct": -1.6530253522903038,
    "outcome_tracked": true
  },
  {
    "symbol": "MSFT",
    "timeframe": "historical_1w",
    "timestamp": "2025-07-20",
    "congress_score": 71.42857142857143,
    "insider_score": 50,
    "short_interest_pct": 0,
    "combined_score": 55.35714285714286,
    "price": 510.04998779296875,
    "price_change_24h": 1.3975585330279594,
    "rsi": 50,
    "position_pct": 98.94996547012292,
    "ta_score": 50,
    "signal_direction": "WAIT",
    "signal_name": "historical_import",
    "confidence": "MEDIUM",
    "hit_tp1": false,
    "hit_sl": true,
    "candles_to_result": 7,
    "max_favorable_pct": 2.756592078245624,
    "max_adverse_pct": -2.9506887860327913,
    "outcome_tracked": true
  },
  {
    "symbol": "MSFT",
    "timeframe": "historical_1w",
    "timestamp": "2025-07-27",
    "congress_score": 69.23076923076923,
    "insider_score": 50,
    "short_interest_pct": 0,
    "combined_score": 54.80769230769231,
    "price": 513.7100219726562,
    "price_change_24h": 0.7156068759623124,
    "rsi": 50,
    "position_pct": 100.0,
    "ta_score": 50,
    "signal_direction": "WAIT",
    "signal_name": "historical_import",
    "confidence": "MEDIUM",
    "hit_tp1": false,
    "hit_sl": true,
    "candles_to_result": 6,
    "max_favorable_pct": 2.0244813093134124,
    "max_adverse_pct": -3.6421368422615954,
    "outcome_tracked": true
  },
  {
    "symbol": "MSFT",
    "timeframe": "historical_1m",
    "timestamp": "2025-07-28",
    "congress_score": 62.96296296296296,
    "insider_score": 50,
    "short_interest_pct": 0,
    "combined_score": 53.24074074074074,
    "price": 0,
    "price_change_24h": 0,
    "rsi": 50,
    "position_pct": 50,
    "ta_score": 50,
    "signal_direction": "WAIT",
    "signal_name": "quiver_only_import",
    "confidence": "LOW",
    "hit_tp1": false,
    "hit_sl": false,
    "candles_to_result": 0,
    "max_favorable_pct": 0,
    "max_adverse_pct": 0,
    "outcome_tracked": false
  },
  {
    "symbol": "MSFT",
    "timeframe": "historical_1w",
    "timestamp": "2025-08-03",
    "congress_score": 81.25,
    "insider_score": 50,
    "short_interest_pct": 0,
    "combined_score": 57.8125,
    "price": 524.1099853515625,
    "price_change_24h": 2.2653629954268295,
    "rsi": 50,
    "position_pct": 94.75242286782004,
    "ta_score": 50,
    "signal_direction": "WAIT",
    "signal_name": "historical_import",
    "confidence": "MEDIUM",
    "hit_tp1": false,
    "hit_sl": true,
    "candles_to_result": 3,
    "max_favorable_pct": -0.3949566659811357,
    "max_adverse_pct": -5.5541749184641285,
    "outcome_tracked": true
  },
  {
    "symbol": "MSFT",
    "timeframe": "historical_1w",
    "timestamp": "2025-08-10",
    "congress_score": 84.21052631578947,
    "insider_score": 50,
    "short_interest_pct": 0,
    "combined_score": 58.55263157894737,
    "price": 522.0399780273438,
    "price_change_24h": -2.539025511381933,
    "rsi": 50,
    "position_pct": 92.48948788515631,
    "ta_score": 50,
    "signal_direction": "WAIT",
    "signal_name": "historical_import",
    "confidence": "MEDIUM",
    "hit_tp1": false,
    "hit_sl": true,
    "candles_to_result": 2,
    "max_favorable_pct": -0.35820917858699935,
    "max_adverse_pct": -5.179675727043157,
    "outcome_tracked": true
  },
  {
    "symbol": "MSFT",
    "timeframe": "historical_1w",
    "timestamp": "2025-08-17",
    "congress_score": 76.92307692307693,
    "insider_score": 50,
    "short_interest_pct": 0,
    "combined_score": 56.73076923076923,
    "price": 520.1699829101562,
    "price_change_24h": -0.3066555304444663,
    "rsi": 50,
    "position_pct": 91.45679794661953,
    "ta_score": 50,
    "signal_direction": "WAIT",
    "signal_name": "historical_import",
    "confidence": "MEDIUM",
    "hit_tp1": false,
    "hit_sl": true,
    "candles_to_result": 1,
    "max_favorable_pct": -0.4306265851487803,
    "max_adverse_pct": -4.838799572658849,
    "outcome_tracked": true
  },
  {
    "symbol": "MSFT",
    "timeframe": "historical_1w",
    "timestamp": "2025-08-24",
    "congress_score": 64.28571428571429,
    "insider_score": 50,
    "short_interest_pct": 0,
    "combined_score": 53.57142857142857,
    "price": 507.2300109863281,
    "price_change_24h": -1.9087149614396128,
    "rsi": 50,
    "position_pct": 84.31080131386689,
    "ta_score": 50,
    "signal_direction": "WAIT",
    "signal_name": "historical_import",
    "confidence": "MEDIUM",
    "hit_tp1": false,
    "hit_sl": true,
    "candles_to_result": 2,
    "max_favorable_pct": 2.109493022435049,
    "max_adverse_pct": -2.4111371017945884,
    "outcome_tracked": true
  },
  {
    "symbol": "MSFT",
    "timeframe": "historical_1m",
    "timestamp": "2025-08-28",
    "congress_score": 66.66666666666666,
    "insider_score": 50,
    "short_interest_pct": 0,
    "combined_score": 54.166666666666664,
    "price": 0,
    "price_change_24h": 0,
    "rsi": 50,
    "position_pct": 50,
    "ta_score": 50,
    "signal_direction": "WAIT",
    "signal_name": "quiver_only_import",
    "confidence": "LOW",
    "hit_tp1": false,
    "hit_sl": false,
    "candles_to_result": 0,
    "max_favorable_pct": 0,
    "max_adverse_pct": 0,
    "outcome_tracked": false
  },
  {
    "symbol": "MSFT",
    "timeframe": "historical_1w",
    "timestamp": "2025-08-31",
    "congress_score": 54.54545454545454,
    "insider_score": 50,
    "short_interest_pct": 0,
    "combined_score": 51.13636363636363,
    "price": 506.69000244140625,
    "price_change_24h": 0.4818927990959835,
    "rsi": 50,
    "position_pct": 84.01258588755955,
    "ta_score": 50,
    "signal_direction": "WAIT",
    "signal_name": "historical_import",
    "confidence": "MEDIUM",
    "hit_tp1": false,
    "hit_sl": true,
    "candles_to_result": 1,
    "max_favorable_pct": 3.3393165108113383,
    "max_adverse_pct": -2.3071310633878324,
    "outcome_tracked": true
  },
  {
    "symbol": "MSFT",
    "timeframe": "historical_1w",
    "timestamp": "2025-09-07",
    "congress_score": 0.0,
    "insider_score": 50,
    "short_interest_pct": 0,
    "combined_score": 37.5,
    "price": 495.0,
    "price_change_24h": -2.003483373260579,
    "rsi": 50,
    "position_pct": 77.5568749652405,
    "ta_score": 50,
    "signal_direction": "WAIT",
    "signal_name": "historical_import",
    "confidence": "MEDIUM",
    "hit_tp1": false,
    "hit_sl": true,
    "candles_to_result": 1,
    "max_favorable_pct": 5.7797950205176765,
    "max_adverse_pct": 3.01009977706755,
    "outcome_tracked": true
  },
  {
    "symbol": "MSFT",
    "timeframe": "historical_1w",
    "timestamp": "2025-09-14",
    "congress_score": 0.0,
    "insider_score": 50,
    "short_interest_pct": 0,
    "combined_score": 37.5,
    "price": 509.8999938964844,
    "price_change_24h": 2.348450703086514,
    "rsi": 50,
    "position_pct": 85.78527815182274,
    "ta_score": 50,
    "signal_direction": "WAIT",
    "signal_name": "historical_import",
    "confidence": "MEDIUM",
    "hit_tp1": false,
    "hit_sl": true,
    "candles_to_result": 6,
    "max_favorable_pct": 2.688760858832529,
    "max_adverse_pct": -2.5652062617833673,
    "outcome_tracked": true
  },
  {
    "symbol": "MSFT",
    "timeframe": "historical_1w",
    "timestamp": "2025-09-21",
    "congress_score": 0.0,
    "insider_score": 50,
    "short_interest_pct": 0,
    "combined_score": 37.5,
    "price": 517.9299926757812,
    "price_change_24h": 0.4986819693549881,
    "rsi": 50,
    "position_pct": 90.21978114577416,
    "ta_score": 50,
    "signal_direction": "WAIT",
    "signal_name": "historical_import",
    "confidence": "MEDIUM",
    "hit_tp1": true,
    "hit_sl": false,
    "candles_to_result": 7,
    "max_favorable_pct": 1.096671896994555,
    "max_adverse_pct": -4.075837593899902,
    "outcome_tracked": true
  },
  {
    "symbol": "MSFT",
    "timeframe": "historical_1m",
    "timestamp": "2025-09-28",
    "congress_score": 35.294117647058826,
    "insider_score": 50,
    "short_interest_pct": 0,
    "combined_score": 46.32352941176471,
    "price": 0,
    "price_change_24h": 0,
    "rsi": 50,
    "position_pct": 50,
    "ta_score": 50,
    "signal_direction": "WAIT",
    "signal_name": "quiver_only_import",
    "confidence": "LOW",
    "hit_tp1": false,
    "hit_sl": false,
    "candles_to_result": 0,
    "max_favorable_pct": 0,
    "max_adverse_pct": 0,
    "outcome_tracked": false
  },
  {
    "symbol": "MSFT",
    "timeframe": "historical_1w",
    "timestamp": "2025-09-28",
    "congress_score": 0.0,
    "insider_score": 50,
    "short_interest_pct": 0,
    "combined_score": 37.5,
    "price": 511.4599914550781,
    "price_change_24h": -0.5812072467693604,
    "rsi": 50,
    "position_pct": 86.64677440285288,
    "ta_score": 50,
    "signal_direction": "WAIT",
    "signal_name": "historical_import",
    "confidence": "MEDIUM",
    "hit_tp1": false,
    "hit_sl": true,
    "candles_to_result": 4,
    "max_favorable_pct": 2.3755511866956103,
    "max_adverse_pct": -7.6917055087672255,
    "outcome_tracked": true
  },
  {
    "symbol": "MSFT",
    "timeframe": "historical_1w",
    "timestamp": "2025-10-05",
    "congress_score": 0.0,
    "insider_score": 50,
    "short_interest_pct": 0,
    "combined_score": 37.5,
    "price": 517.3499755859375,
    "price_change_24h": 0.5343956724577718,
    "rsi": 50,
    "position_pct": 89.8994713185689,
    "ta_score": 50,
    "signal_direction": "WAIT",
    "signal_name": "historical_import",
    "confidence": "MEDIUM",
    "hit_tp1": true,
    "hit_sl": false,
    "candles_to_result": 5,
    "max_favorable_pct": 1.2100145087539766,
    "max_adverse_pct": -8.742627351537742,
    "outcome_tracked": true
  },
  {
    "symbol": "MSFT",
    "timeframe": "historical_1w",
    "timestamp": "2025-10-12",
    "congress_score": 14.285714285714285,
    "insider_score": 50,
    "short_interest_pct": 0,
    "combined_score": 41.07142857142857,
    "price": 510.9599914550781,
    "price_change_24h": -3.3316335821413428,
    "rsi": 50,
    "position_pct": 86.37065337744349,
    "ta_score": 50,
    "signal_direction": "WAIT",
    "signal_name": "historical_import",
    "confidence": "MEDIUM",
    "hit_tp1": false,
    "hit_sl": true,
    "candles_to_result": 2,
    "max_favorable_pct": 2.475730802417731,
    "max_adverse_pct": -7.601377209061838,
    "outcome_tracked": true
  },
  {
    "symbol": "MSFT",
    "timeframe": "historical_1w",
    "timestamp": "2025-10-19",
    "congress_score": 20.0,
    "insider_score": 50,
    "short_interest_pct": 0,
    "combined_score": 42.5,
    "price": 513.5800170898438,
    "price_change_24h": -0.09142509761410178,
    "rsi": 50,
    "position_pct": 87.8175417071843,
    "ta_score": 50,
    "signal_direction": "WAIT",
    "signal_name": "historical_import",
    "confidence": "MEDIUM",
    "hit_tp1": true,
    "hit_sl": false,
    "candles_to_result": 3,
    "max_favorable_pct": 1.952951424892403,
    "max_adverse_pct": -8.07274827544612,
    "outcome_tracked": true
  },
  {
    "symbol": "MSFT",
    "timeframe": "historical_1w",
    "timestamp": "2025-10-26",
    "congress_score": 33.33333333333333,
    "insider_score": 50,
    "short_interest_pct": 0,
    "combined_score": 45.83333333333333,
    "price": 523.6099853515625,
    "price_change_24h": 1.3196864517867832,
    "rsi": 50,
    "position_pct": 93.35651194968342,
    "ta_score": 50,
    "signal_direction": "WAIT",
    "signal_name": "historical_import",
    "confidence": "MEDIUM",
    "hit_tp1": true,
    "hit_sl": false,
    "candles_to_result": 2,
    "max_favorable_pct": -1.1076923579053826,
    "max_adverse_pct": -9.833653229474521,
    "outcome_tracked": true
  },
  {
    "symbol": "MSFT",
    "timeframe": "historical_1m",
    "timestamp": "2025-10-28",
    "congress_score": 14.285714285714285,
    "insider_score": 50,
    "short_interest_pct": 0,
    "combined_score": 41.07142857142857,
    "price": 0,
    "price_change_24h": 0,
    "rsi": 50,
    "position_pct": 50,
    "ta_score": 50,
    "signal_direction": "WAIT",
    "signal_name": "quiver_only_import",
    "confidence": "LOW",
    "hit_tp1": false,
    "hit_sl": false,
    "candles_to_result": 0,
    "max_favorable_pct": 0,
    "max_adverse_pct": 0,
    "outcome_tracked": false
  },
  {
    "symbol": "MSFT",
    "timeframe": "historical_1w",
    "timestamp": "2025-11-02",
    "congress_score": 25.0,
    "insider_score": 50,
    "short_interest_pct": 0,
    "combined_score": 43.75,
    "price": 517.8099975585938,
    "price_change_24h": -2.5793989819512695,
    "rsi": 50,
    "position_pct": 87.06201882451587,
    "ta_score": 50,
    "signal_direction": "WAIT",
    "signal_name": "historical_import",
    "confidence": "MEDIUM",
    "hit_tp1": true,
    "hit_sl": false,
    "candles_to_result": 1,
    "max_favorable_pct": -1.4735144008008676,
    "max_adverse_pct": -8.82370032576208,
    "outcome_tracked": true
  },
  {
    "symbol": "MSFT",
    "timeframe": "historical_1w",
    "timestamp": "2025-11-09",
    "congress_score": 36.36363636363637,
    "insider_score": 50,
    "short_interest_pct": 0,
    "combined_score": 46.59090909090909,
    "price": 496.82000732421875,
    "price_change_24h": -3.908868117416793,
    "rsi": 50,
    "position_pct": 75.86795496594583,
    "ta_score": 50,
    "signal_direction": "WAIT",
    "signal_name": "historical_import",
    "confidence": "MEDIUM",
    "hit_tp1": false,
    "hit_sl": false,
    "candles_to_result": 0,
    "max_favorable_pct": 0,
    "max_adverse_pct": 0,
    "outcome_tracked": false
  },
  {
    "symbol": "MSFT",
    "timeframe": "historical_1w",
    "timestamp": "2025-11-16",
    "congress_score": 42.857142857142854,
    "insider_score": 50,
    "short_interest_pct": 0,
    "combined_score": 48.214285714285715,
    "price": 510.17999267578125,
    "price_change_24h": 0.8260855090476779,
    "rsi": 50,
    "position_pct": 82.99290011861345,
    "ta_score": 50,
    "signal_direction": "WAIT",
    "signal_name": "historical_import",
    "confidence": "MEDIUM",
    "hit_tp1": false,
    "hit_sl": false,
    "candles_to_result": 0,
    "max_favorable_pct": 0,
    "max_adverse_pct": 0,
    "outcome_tracked": false
  },
  {
    "symbol": "MSFT",
    "timeframe": "historical_1w",
    "timestamp": "2025-11-23",
    "congress_score": 46.666666666666664,
    "insider_score": 50,
    "short_interest_pct": 0,
    "combined_score": 49.166666666666664,
    "price": 472.1199951171875,
    "price_change_24h": -6.969594631975403,
    "rsi": 50,
    "position_pct": 62.695318348890225,
    "ta_score": 50,
    "signal_direction": "WAIT",
    "signal_name": "historical_import",
    "confidence": "MEDIUM",
    "hit_tp1": false,
    "hit_sl": false,
    "candles_to_result": 0,
    "max_favorable_pct": 0,
    "max_adverse_pct": 0,
    "outcome_tracked": false
  },
  {
    "symbol": "MSFT",
    "timeframe": "historical_1m",
    "timestamp": "2025-11-28",
    "congress_score": 45.0,
    "insider_score": 50,
    "short_interest_pct": 0,
    "combined_score": 48.75,
    "price": 0,
    "price_change_24h": 0,
    "rsi": 50,
    "position_pct": 50,
    "ta_score": 50,
    "signal_direction": "WAIT",
    "signal_name": "quiver_only_import",
    "confidence": "LOW",
    "hit_tp1": false,
    "hit_sl": false,
    "candles_to_result": 0,
    "max_favorable_pct": 0,
    "max_adverse_pct": 0,
    "outcome_tracked": false
  },
  {
    "symbol": "MSFT",
    "timeframe": "historical_1w",
    "timestamp": "2025-11-30",
    "congress_score": 66.66666666666666,
    "insider_score": 50,
    "short_interest_pct": 0,
    "combined_score": 54.166666666666664,
    "price": 492.010009765625,
    "price_change_24h": 3.799580119330169,
    "rsi": 50,
    "position_pct": 73.30275987870439,
    "ta_score": 50,
    "signal_direction": "WAIT",
    "signal_name": "historical_import",
    "confidence": "MEDIUM",
    "hit_tp1": false,
    "hit_sl": false,
    "candles_to_result": 0,
    "max_favorable_pct": 0,
    "max_adverse_pct": 0,
    "outcome_tracked": false
  },
  {
    "symbol": "MSFT",
    "timeframe": "historical_1w",
    "timestamp": "2025-12-07",
    "congress_score": 66.66666666666666,
    "insider_score": 50,
    "short_interest_pct": 0,
    "combined_score": 54.166666666666664,
    "price": 483.1600036621094,
    "price_change_24h": -0.7355028647927182,
    "rsi": 50,
    "position_pct": 68.5830085893852,
    "ta_score": 50,
    "signal_direction": "WAIT",
    "signal_name": "historical_import",
    "confidence": "MEDIUM",
    "hit_tp1": false,
    "hit_sl": false,
    "candles_to_result": 0,
    "max_favorable_pct": 0,
    "max_adverse_pct": 0,
    "outcome_tracked": false
  },
  {
    "symbol": "MSFT",
    "timeframe": "historical_1w",
    "timestamp": "2025-12-14",
    "congress_score": 80.0,
    "insider_score": 50,
    "short_interest_pct": 0,
    "combined_score": 57.5,
    "price": 478.5299987792969,
    "price_change_24h": -2.5436826430353796,
    "rsi": 50,
    "position_pct": 66.11380447137589,
    "ta_score": 50,
    "signal_direction": "WAIT",
    "signal_name": "historical_import",
    "confidence": "MEDIUM",
    "hit_tp1": false,
    "hit_sl": false,
    "candles_to_result": 0,
    "max_favorable_pct": 0,
    "max_adverse_pct": 0,
    "outcome_tracked": false
  },
  {
    "symbol": "MSFT",
    "timeframe": "historical_1w",
    "timestamp": "2025-12-21",
    "congress_score": 75.0,
    "insider_score": 50,
    "short_interest_pct": 0,
    "combined_score": 56.25,
    "price": 485.9200134277344,
    "price_change_24h": 2.337729230507397,
    "rsi": 50,
    "position_pct": 70.05493521830215,
    "ta_score": 50,
    "signal_direction": "WAIT",
    "signal_name": "historical_import",
    "confidence": "MEDIUM",
    "hit_tp1": false,
    "hit_sl": false,
    "candles_to_result": 0,
    "max_favorable_pct": 0,
    "max_adverse_pct": 0,
    "outcome_tracked": false
  },
  {
    "symbol": "MSFT",
    "timeframe": "historical_1m",
    "timestamp": "2025-12-28",
    "congress_score": 64.28571428571429,
    "insider_score": 50,
    "short_interest_pct": 0,
    "combined_score": 53.57142857142857,
    "price": 0,
    "price_change_24h": 0,
    "rsi": 50,
    "position_pct": 50,
    "ta_score": 50,
    "signal_direction": "WAIT",
    "signal_name": "quiver_only_import",
    "confidence": "LOW",
    "hit_tp1": false,
    "hit_sl": false,
    "candles_to_result": 0,
    "max_favorable_pct": 0,
    "max_adverse_pct": 0,
    "outcome_tracked": false
  },
  {
    "symbol": "MSFT",
    "timeframe": "historical_1w",
    "timestamp": "2025-12-28",
    "congress_score": 100.0,
    "insider_score": 50,
    "short_interest_pct": 0,
    "combined_score": 62.5,
    "price": 487.32000732421875,
    "price_change_24h": 0.49492572589851175,
    "rsi": 50,
    "position_pct": 70.80155877095103,
    "ta_score": 50,
    "signal_direction": "WAIT",
    "signal_name": "historical_import",
    "confidence": "MEDIUM",
    "hit_tp1": false,
    "hit_sl": false,
    "candles_to_result": 0,
    "max_favorable_pct": 0,
    "max_adverse_pct": 0,
    "outcome_tracked": false
  }
]