[
  {
    "symbol": "MU",
    "timeframe": "historical_1w",
    "timestamp": "2025-06-29",
    "congress_score": 0.0,
    "insider_score": 50,
    "short_interest_pct": 0,
    "combined_score": 37.5,
    "price": 124.76000213623047,
    "price_change_24h": 2.19528199949129,
    "rsi": 50,
    "position_pct": 95.01503180222254,
    "ta_score": 50,
    "signal_direction": "WAIT",
    "signal_name": "historical_import",
    "confidence": "MEDIUM",
    "hit_tp1": true,
    "hit_sl": false,
    "candles_to_result": 3,
    "max_favorable_pct": 5.298166774427684,
    "max_adverse_pct": -15.934598062209652,
    "outcome_tracked": true
  },
  {
    "symbol": "MU",
    "timeframe": "historical_1w",
    "timestamp": "2025-07-06",
    "congress_score": 0.0,
    "insider_score": 50,
    "short_interest_pct": 0,
    "combined_score": 37.5,
    "price": 122.29000091552734,
    "price_change_24h": -0.7789039224930274,
    "rsi": 50,
    "position_pct": 91.10618368500104,
    "ta_score": 50,
    "signal_direction": "WAIT",
    "signal_name": "historical_import",
    "confidence": "MEDIUM",
    "hit_tp1": true,
    "hit_sl": false,
    "candles_to_result": 2,
    "max_favorable_pct": 28.571424115162742,
    "max_adverse_pct": -14.236653472703345,
    "outcome_tracked": true
  },
  {
    "symbol": "MU",
    "timeframe": "historical_1w",
    "timestamp": "2025-07-13",
    "congress_score": 0.0,
    "insider_score": 50,
    "short_interest_pct": 0,
    "combined_score": 37.5,
    "price": 124.52999877929688,
    "price_change_24h": 3.8442300539872556,
    "rsi": 50,
    "position_pct": 94.65104486117617,
    "ta_score": 50,
    "signal_direction": "WAIT",
    "signal_name": "historical_import",
    "confidence": "MEDIUM",
    "hit_tp1": true,
    "hit_sl": false,
    "candles_to_result": 1,
    "max_favorable_pct": 30.675337125750413,
    "max_adverse_pct": -15.779331661846705,
    "outcome_tracked": true
  },
  {
    "symbol": "MU",
    "timeframe": "historical_1w",
    "timestamp": "2025-07-20",
    "congress_score": 0.0,
    "insider_score": 50,
    "short_interest_pct": 0,
    "combined_score": 37.5,
    "price": 114.38999938964844,
    "price_change_24h": -3.5578797731958103,
    "rsi": 50,
    "position_pct": 78.60420359217815,
    "ta_score": 50,
    "signal_direction": "WAIT",
    "signal_name": "historical_import",
    "confidence": "MEDIUM",
    "hit_tp1": true,
    "hit_sl": false,
    "candles_to_result": 2,
    "max_favorable_pct": 42.25893574247635,
    "max_adverse_pct": -8.313665693655963,
    "outcome_tracked": true
  },
  {
    "symbol": "MU",
    "timeframe": "historical_1w",
    "timestamp": "2025-07-27",
    "congress_score": 50.0,
    "insider_score": 50,
    "short_interest_pct": 0,
    "combined_score": 50.0,
    "price": 111.26000213623047,
    "price_change_24h": -1.7398226285422895,
    "rsi": 50,
    "position_pct": 73.65089273209344,
    "ta_score": 50,
    "signal_direction": "WAIT",
    "signal_name": "historical_import",
    "confidence": "MEDIUM",
    "hit_tp1": false,
    "hit_sl": true,
    "candles_to_result": 1,
    "max_favorable_pct": 68.82077855891944,
    "max_adverse_pct": -5.7343202950873655,
    "outcome_tracked": true
  },
  {
    "symbol": "MU",
    "timeframe": "historical_1w",
    "timestamp": "2025-08-03",
    "congress_score": 100.0,
    "insider_score": 50,
    "short_interest_pct": 0,
    "combined_score": 62.5,
    "price": 104.87999725341797,
    "price_change_24h": -5.725845165466994,
    "rsi": 50,
    "position_pct": 63.55435113324093,
    "ta_score": 50,
    "signal_direction": "WAIT",
    "signal_name": "historical_import",
    "confidence": "MEDIUM",
    "hit_tp1": true,
    "hit_sl": false,
    "candles_to_result": 1,
    "max_favorable_pct": 79.09039545186815,
    "max_adverse_pct": 12.204427333106809,
    "outcome_tracked": true
  },
  {
    "symbol": "MU",
    "timeframe": "historical_1w",
    "timestamp": "2025-08-10",
    "congress_score": 50.0,
    "insider_score": 50,
    "short_interest_pct": 0,
    "combined_score": 50.0,
    "price": 118.88999938964844,
    "price_change_24h": 10.3182732606102,
    "rsi": 50,
    "position_pct": 85.72558328222118,
    "ta_score": 50,
    "signal_direction": "WAIT",
    "signal_name": "historical_import",
    "confidence": "MEDIUM",
    "hit_tp1": true,
    "hit_sl": false,
    "candles_to_result": 4,
    "max_favorable_pct": 70.22458232128935,
    "max_adverse_pct": -1.0177467328492635,
    "outcome_tracked": true
  },
  {
    "symbol": "MU",
    "timeframe": "historical_1w",
    "timestamp": "2025-08-17",
    "congress_score": 50.0,
    "insider_score": 50,
    "short_interest_pct": 0,
    "combined_score": 50.0,
    "price": 120.87000274658203,
    "price_change_24h": -2.3035874927264217,
    "rsi": 50,
    "position_pct": 88.85899565828427,
    "ta_score": 50,
    "signal_direction": "WAIT",
    "signal_name": "historical_import",
    "confidence": "MEDIUM",
    "hit_tp1": false,
    "hit_sl": true,
    "candles_to_result": 1,
    "max_favorable_pct": 81.20294473034949,
    "max_adverse_pct": -2.6392010994609305,
    "outcome_tracked": true
  },
  {
    "symbol": "MU",
    "timeframe": "historical_1w",
    "timestamp": "2025-08-24",
    "congress_score": 0.0,
    "insider_score": 50,
    "short_interest_pct": 0,
    "combined_score": 37.5,
    "price": 117.68000030517578,
    "price_change_24h": -4.751115015450836,
    "rsi": 50,
    "position_pct": 83.81072485885802,
    "ta_score": 50,
    "signal_direction": "WAIT",
    "signal_name": "historical_import",
    "confidence": "MEDIUM",
    "hit_tp1": false,
    "hit_sl": true,
    "candles_to_result": 2,
    "max_favorable_pct": 90.15126078532066,
    "max_adverse_pct": 1.1301851016363327,
    "outcome_tracked": true
  },
  {
    "symbol": "MU",
    "timeframe": "historical_1w",
    "timestamp": "2025-08-31",
    "congress_score": 0.0,
    "insider_score": 50,
    "short_interest_pct": 0,
    "combined_score": 37.5,
    "price": 119.01000213623047,
    "price_change_24h": 2.2247071018903624,
    "rsi": 50,
    "position_pct": 85.91549108716755,
    "ta_score": 50,
    "signal_direction": "WAIT",
    "signal_name": "historical_import",
    "confidence": "MEDIUM",
    "hit_tp1": false,
    "hit_sl": true,
    "candles_to_result": 1,
    "max_favorable_pct": 99.91596832054405,
    "max_adverse_pct": 10.385675791189868,
    "outcome_tracked": true
  },
  {
    "symbol": "MU",
    "timeframe": "historical_1w",
    "timestamp": "2025-09-07",
    "congress_score": 0.0,
    "insider_score": 50,
    "short_interest_pct": 0,
    "combined_score": 37.5,
    "price": 131.3699951171875,
    "price_change_24h": 10.879466066034315,
    "rsi": 50,
    "position_pct": 100.0,
    "ta_score": 50,
    "signal_direction": "WAIT",
    "signal_name": "historical_import",
    "confidence": "MEDIUM",
    "hit_tp1": false,
    "hit_sl": true,
    "candles_to_result": 1,
    "max_favorable_pct": 87.88917637613677,
    "max_adverse_pct": 19.684860753236205,
    "outcome_tracked": true
  },
  {
    "symbol": "MU",
    "timeframe": "historical_1w",
    "timestamp": "2025-09-14",
    "congress_score": 0.0,
    "insider_score": 50,
    "short_interest_pct": 0,
    "combined_score": 37.5,
    "price": 157.22999572753906,
    "price_change_24h": 19.6029116823052,
    "rsi": 50,
    "position_pct": 100.0,
    "ta_score": 50,
    "signal_direction": "WAIT",
    "signal_name": "historical_import",
    "confidence": "MEDIUM",
    "hit_tp1": false,
    "hit_sl": true,
    "candles_to_result": 1,
    "max_favorable_pct": 56.98658559959628,
    "max_adverse_pct": 0.025445872930763835,
    "outcome_tracked": true
  },
  {
    "symbol": "MU",
    "timeframe": "historical_1w",
    "timestamp": "2025-09-21",
    "congress_score": 0.0,
    "insider_score": 50,
    "short_interest_pct": 0,
    "combined_score": 37.5,
    "price": 162.72999572753906,
    "price_change_24h": 3.1438114475248837,
    "rsi": 50,
    "position_pct": 94.08658560968875,
    "ta_score": 50,
    "signal_direction": "WAIT",
    "signal_name": "historical_import",
    "confidence": "MEDIUM",
    "hit_tp1": true,
    "hit_sl": false,
    "candles_to_result": 1,
    "max_favorable_pct": 51.68070319643181,
    "max_adverse_pct": -3.3552458664227207,
    "outcome_tracked": true
  },
  {
    "symbol": "MU",
    "timeframe": "historical_1w",
    "timestamp": "2025-09-28",
    "congress_score": 0.0,
    "insider_score": 50,
    "short_interest_pct": 0,
    "combined_score": 37.5,
    "price": 157.27000427246094,
    "price_change_24h": -4.464822659904922,
    "rsi": 50,
    "position_pct": 88.84516144625258,
    "ta_score": 50,
    "signal_direction": "WAIT",
    "signal_name": "historical_import",
    "confidence": "MEDIUM",
    "hit_tp1": false,
    "hit_sl": true,
    "candles_to_result": 1,
    "max_favorable_pct": 56.94664915468329,
    "max_adverse_pct": 15.470211210081997,
    "outcome_tracked": true
  },
  {
    "symbol": "MU",
    "timeframe": "historical_1w",
    "timestamp": "2025-10-05",
    "congress_score": 0.0,
    "insider_score": 50,
    "short_interest_pct": 0,
    "combined_score": 37.5,
    "price": 187.8300018310547,
    "price_change_24h": 14.600371461687779,
    "rsi": 50,
    "position_pct": 100.0,
    "ta_score": 50,
    "signal_direction": "WAIT",
    "signal_name": "historical_import",
    "confidence": "MEDIUM",
    "hit_tp1": true,
    "hit_sl": false,
    "candles_to_result": 1,
    "max_favorable_pct": 31.411382327019332,
    "max_adverse_pct": -3.31682674056655,
    "outcome_tracked": true
  },
  {
    "symbol": "MU",
    "timeframe": "historical_1w",
    "timestamp": "2025-10-12",
    "congress_score": 0.0,
    "insider_score": 50,
    "short_interest_pct": 0,
    "combined_score": 37.5,
    "price": 181.60000610351562,
    "price_change_24h": -4.90155021013196,
    "rsi": 50,
    "position_pct": 88.66637226377496,
    "ta_score": 50,
    "signal_direction": "WAIT",
    "signal_name": "historical_import",
    "confidence": "MEDIUM",
    "hit_tp1": false,
    "hit_sl": true,
    "candles_to_result": 1,
    "max_favorable_pct": 46.43172053427943,
    "max_adverse_pct": 11.442730220753331,
    "outcome_tracked": true
  },
  {
    "symbol": "MU",
    "timeframe": "historical_1w",
    "timestamp": "2025-10-19",
    "congress_score": 0.0,
    "insider_score": 50,
    "short_interest_pct": 0,
    "combined_score": 37.5,
    "price": 202.3800048828125,
    "price_change_24h": 4.985215747969169,
    "rsi": 50,
    "position_pct": 99.89115891507029,
    "ta_score": 50,
    "signal_direction": "WAIT",
    "signal_name": "historical_import",
    "confidence": "MEDIUM",
    "hit_tp1": false,
    "hit_sl": true,
    "candles_to_result": 1,
    "max_favorable_pct": 40.7858419431364,
    "max_adverse_pct": 2.46565377704405,
    "outcome_tracked": true
  },
  {
    "symbol": "MU",
    "timeframe": "historical_1w",
    "timestamp": "2025-10-26",
    "congress_score": 0.0,
    "insider_score": 50,
    "short_interest_pct": 0,
    "combined_score": 37.5,
    "price": 219.02000427246094,
    "price_change_24h": 5.924457003859307,
    "rsi": 50,
    "position_pct": 100.0,
    "ta_score": 50,
    "signal_direction": "WAIT",
    "signal_name": "historical_import",
    "confidence": "MEDIUM",
    "hit_tp1": false,
    "hit_sl": false,
    "candles_to_result": 0,
    "max_favorable_pct": 0,
    "max_adverse_pct": 0,
    "outcome_tracked": false
  },
  {
    "symbol": "MU",
    "timeframe": "historical_1w",
    "timestamp": "2025-11-02",
    "congress_score": 0.0,
    "insider_score": 50,
    "short_interest_pct": 0,
    "combined_score": 37.5,
    "price": 223.77000427246094,
    "price_change_24h": 1.6674230200699174,
    "rsi": 50,
    "position_pct": 98.23358622341823,
    "ta_score": 50,
    "signal_direction": "WAIT",
    "signal_name": "historical_import",
    "confidence": "MEDIUM",
    "hit_tp1": false,
    "hit_sl": false,
    "candles_to_result": 0,
    "max_favorable_pct": 0,
    "max_adverse_pct": 0,
    "outcome_tracked": false
  },
  {
    "symbol": "MU",
    "timeframe": "historical_1w",
    "timestamp": "2025-11-09",
    "congress_score": 0.0,
    "insider_score": 50,
    "short_interest_pct": 0,
    "combined_score": 37.5,
    "price": 237.9199981689453,
    "price_change_24h": 1.371964747580812,
    "rsi": 50,
    "position_pct": 99.7638363800081,
    "ta_score": 50,
    "signal_direction": "WAIT",
    "signal_name": "historical_import",
    "confidence": "MEDIUM",
    "hit_tp1": false,
    "hit_sl": false,
    "candles_to_result": 0,
    "max_favorable_pct": 0,
    "max_adverse_pct": 0,
    "outcome_tracked": false
  },
  {
    "symbol": "MU",
    "timeframe": "historical_1w",
    "timestamp": "2025-11-16",
    "congress_score": 0.0,
    "insider_score": 50,
    "short_interest_pct": 0,
    "combined_score": 37.5,
    "price": 246.8300018310547,
    "price_change_24h": -2.5542839094956835,
    "rsi": 50,
    "position_pct": 96.56909473015092,
    "ta_score": 50,
    "signal_direction": "WAIT",
    "signal_name": "historical_import",
    "confidence": "MEDIUM",
    "hit_tp1": false,
    "hit_sl": false,
    "candles_to_result": 0,
    "max_favorable_pct": 0,
    "max_adverse_pct": 0,
    "outcome_tracked": false
  },
  {
    "symbol": "MU",
    "timeframe": "historical_1w",
    "timestamp": "2025-11-23",
    "congress_score": 0.0,
    "insider_score": 50,
    "short_interest_pct": 0,
    "combined_score": 37.5,
    "price": 207.3699951171875,
    "price_change_24h": -14.292210071179303,
    "rsi": 50,
    "position_pct": 75.64428492491047,
    "ta_score": 50,
    "signal_direction": "WAIT",
    "signal_name": "historical_import",
    "confidence": "MEDIUM",
    "hit_tp1": false,
    "hit_sl": false,
    "candles_to_result": 0,
    "max_favorable_pct": 0,
    "max_adverse_pct": 0,
    "outcome_tracked": false
  },
  {
    "symbol": "MU",
    "timeframe": "historical_1w",
    "timestamp": "2025-11-30",
    "congress_score": 0.0,
    "insider_score": 50,
    "short_interest_pct": 0,
    "combined_score": 37.5,
    "price": 236.47999572753906,
    "price_change_24h": 5.604431501915168,
    "rsi": 50,
    "position_pct": 91.0807046553709,
    "ta_score": 50,
    "signal_direction": "WAIT",
    "signal_name": "historical_import",
    "confidence": "MEDIUM",
    "hit_tp1": false,
    "hit_sl": false,
    "candles_to_result": 0,
    "max_favorable_pct": 0,
    "max_adverse_pct": 0,
    "outcome_tracked": false
  },
  {
    "symbol": "MU",
    "timeframe": "historical_1w",
    "timestamp": "2025-12-07",
    "congress_score": 0.0,
    "insider_score": 50,
    "short_interest_pct": 0,
    "combined_score": 37.5,
    "price": 237.22000122070312,
    "price_change_24h": -1.3474196967063519,
    "rsi": 50,
    "position_pct": 91.4731139702393,
    "ta_score": 50,
    "signal_direction": "WAIT",
    "signal_name": "historical_import",
    "confidence": "MEDIUM",
    "hit_tp1": false,
    "hit_sl": false,
    "candles_to_result": 0,
    "max_favorable_pct": 0,
    "max_adverse_pct": 0,
    "outcome_tracked": false
  },
  {
    "symbol": "MU",
    "timeframe": "historical_1w",
    "timestamp": "2025-12-14",
    "congress_score": 0.0,
    "insider_score": 50,
    "short_interest_pct": 0,
    "combined_score": 37.5,
    "price": 241.13999938964844,
    "price_change_24h": -2.3408386611691685,
    "rsi": 50,
    "position_pct": 88.657724924331,
    "ta_score": 50,
    "signal_direction": "WAIT",
    "signal_name": "historical_import",
    "confidence": "MEDIUM",
    "hit_tp1": false,
    "hit_sl": false,
    "candles_to_result": 0,
    "max_favorable_pct": 0,
    "max_adverse_pct": 0,
    "outcome_tracked": false
  },
  {
    "symbol": "MU",
    "timeframe": "historical_1w",
    "timestamp": "2025-12-21",
    "congress_score": 50,
    "insider_score": 50,
    "short_interest_pct": 0,
    "combined_score": 50.0,
    "price": 265.9200134277344,
    "price_change_24h": 11.966321443256579,
    "rsi": 50,
    "position_pct": 100.0,
    "ta_score": 50,
    "signal_direction": "WAIT",
    "signal_name": "historical_import",
    "confidence": "MEDIUM",
    "hit_tp1": false,
    "hit_sl": false,
    "candles_to_result": 0,
    "max_favorable_pct": 0,
    "max_adverse_pct": 0,
    "outcome_tracked": false
  },
  {
    "symbol": "MU",
    "timeframe": "historical_1w",
    "timestamp": "2025-12-28",
    "congress_score": 50,
    "insider_score": 50,
    "short_interest_pct": 0,
    "combined_score": 50.0,
    "price": 284.9223937988281,
    "price_change_24h": 3.0125447670776904,
    "rsi": 50,
    "position_pct": 99.20814608730562,
    "ta_score": 50,
    "signal_direction": "WAIT",
    "signal_name": "historical_import",
    "confidence": "MEDIUM",
    "hit_tp1": false,
    "hit_sl": false,
    "candles_to_result": 0,
    "max_favorable_pct": 0,
    "max_adverse_pct": 0,
    "outcome_tracked": false
  }
]