[
  {
    "symbol": "NFLX",
    "timeframe": "historical_1w",
    "timestamp": "2025-06-29",
    "congress_score": 50.0,
    "insider_score": 50,
    "short_interest_pct": 0,
    "combined_score": 50.0,
    "price": 132.31199645996094,
    "price_change_24h": 5.550680783832456,
    "rsi": 50,
    "position_pct": 100.0,
    "ta_score": 50,
    "signal_direction": "WAIT",
    "signal_name": "historical_import",
    "confidence": "MEDIUM",
    "hit_tp1": false,
    "hit_sl": true,
    "candles_to_result": 2,
    "max_favorable_pct": -1.9605131885452056,
    "max_adverse_pct": -12.434243522723905,
    "outcome_tracked": true
  },
  {
    "symbol": "NFLX",
    "timeframe": "historical_1w",
    "timestamp": "2025-07-06",
    "congress_score": 50.0,
    "insider_score": 50,
    "short_interest_pct": 0,
    "combined_score": 50.0,
    "price": 129.71800231933594,
    "price_change_24h": -3.13262509340686,
    "rsi": 50,
    "position_pct": 91.78628193790482,
    "ta_score": 50,
    "signal_direction": "WAIT",
    "signal_name": "historical_import",
    "confidence": "MEDIUM",
    "hit_tp1": false,
    "hit_sl": true,
    "candles_to_result": 1,
    "max_favorable_pct": -4.014092600349668,
    "max_adverse_pct": -10.683175396788148,
    "outcome_tracked": true
  },
  {
    "symbol": "NFLX",
    "timeframe": "historical_1w",
    "timestamp": "2025-07-13",
    "congress_score": 33.33333333333333,
    "insider_score": 50,
    "short_interest_pct": 0,
    "combined_score": 45.83333333333333,
    "price": 124.51100158691406,
    "price_change_24h": -3.4514072630043775,
    "rsi": 50,
    "position_pct": 81.59106933722126,
    "ta_score": 50,
    "signal_direction": "WAIT",
    "signal_name": "historical_import",
    "confidence": "MEDIUM",
    "hit_tp1": true,
    "hit_sl": false,
    "candles_to_result": 2,
    "max_favorable_pct": -0.10360353791253456,
    "max_adverse_pct": -6.947981195479926,
    "outcome_tracked": true
  },
  {
    "symbol": "NFLX",
    "timeframe": "historical_1w",
    "timestamp": "2025-07-20",
    "congress_score": 0.0,
    "insider_score": 50,
    "short_interest_pct": 0,
    "combined_score": 37.5,
    "price": 120.92400360107422,
    "price_change_24h": -4.176866045799583,
    "rsi": 50,
    "position_pct": 74.567792609766,
    "ta_score": 50,
    "signal_direction": "WAIT",
    "signal_name": "historical_import",
    "confidence": "MEDIUM",
    "hit_tp1": true,
    "hit_sl": false,
    "candles_to_result": 2,
    "max_favorable_pct": 2.8596474480892473,
    "max_adverse_pct": -4.1877566404670965,
    "outcome_tracked": true
  },
  {
    "symbol": "NFLX",
    "timeframe": "historical_1w",
    "timestamp": "2025-07-27",
    "congress_score": 50.0,
    "insider_score": 50,
    "short_interest_pct": 0,
    "combined_score": 50.0,
    "price": 118.04900360107422,
    "price_change_24h": -4.279679007062109,
    "rsi": 50,
    "position_pct": 68.93859497119912,
    "ta_score": 50,
    "signal_direction": "WAIT",
    "signal_name": "historical_import",
    "confidence": "MEDIUM",
    "hit_tp1": true,
    "hit_sl": false,
    "candles_to_result": 3,
    "max_favorable_pct": 5.364721420696379,
    "max_adverse_pct": -2.301588989123513,
    "outcome_tracked": true
  },
  {
    "symbol": "NFLX",
    "timeframe": "historical_1w",
    "timestamp": "2025-08-03",
    "congress_score": 100.0,
    "insider_score": 50,
    "short_interest_pct": 0,
    "combined_score": 62.5,
    "price": 115.86000061035156,
    "price_change_24h": -1.3621645552461117,
    "rsi": 50,
    "position_pct": 64.65256698295848,
    "ta_score": 50,
    "signal_direction": "WAIT",
    "signal_name": "historical_import",
    "confidence": "MEDIUM",
    "hit_tp1": true,
    "hit_sl": false,
    "candles_to_result": 1,
    "max_favorable_pct": 7.355431666609816,
    "max_adverse_pct": -0.45572231585377115,
    "outcome_tracked": true
  },
  {
    "symbol": "NFLX",
    "timeframe": "historical_1w",
    "timestamp": "2025-08-10",
    "congress_score": 100.0,
    "insider_score": 50,
    "short_interest_pct": 0,
    "combined_score": 62.5,
    "price": 121.16400146484375,
    "price_change_24h": 3.4714237314638656,
    "rsi": 50,
    "position_pct": 75.03770405602428,
    "ta_score": 50,
    "signal_direction": "WAIT",
    "signal_name": "historical_import",
    "confidence": "MEDIUM",
    "hit_tp1": false,
    "hit_sl": true,
    "candles_to_result": 8,
    "max_favorable_pct": 2.655906276147255,
    "max_adverse_pct": -4.813311430717361,
    "outcome_tracked": true
  },
  {
    "symbol": "NFLX",
    "timeframe": "historical_1w",
    "timestamp": "2025-08-17",
    "congress_score": 100.0,
    "insider_score": 50,
    "short_interest_pct": 0,
    "combined_score": 62.5,
    "price": 123.8949966430664,
    "price_change_24h": 1.6941462678740253,
    "rsi": 50,
    "position_pct": 80.38494287626378,
    "ta_score": 50,
    "signal_direction": "WAIT",
    "signal_name": "historical_import",
    "confidence": "MEDIUM",
    "hit_tp1": false,
    "hit_sl": true,
    "candles_to_result": 1,
    "max_favorable_pct": 0.3930805555581214,
    "max_adverse_pct": -11.643726755655234,
    "outcome_tracked": true
  },
  {
    "symbol": "NFLX",
    "timeframe": "historical_1w",
    "timestamp": "2025-08-24",
    "congress_score": 50.0,
    "insider_score": 50,
    "short_interest_pct": 0,
    "combined_score": 50.0,
    "price": 120.46499633789062,
    "price_change_24h": -3.247963007036183,
    "rsi": 50,
    "position_pct": 73.66906474820144,
    "ta_score": 50,
    "signal_direction": "WAIT",
    "signal_name": "historical_import",
    "confidence": "MEDIUM",
    "hit_tp1": true,
    "hit_sl": false,
    "candles_to_result": 2,
    "max_favorable_pct": 3.2515731252772397,
    "max_adverse_pct": -9.127958246915625,
    "outcome_tracked": true
  },
  {
    "symbol": "NFLX",
    "timeframe": "historical_1w",
    "timestamp": "2025-08-31",
    "congress_score": 50.0,
    "insider_score": 50,
    "short_interest_pct": 0,
    "combined_score": 50.0,
    "price": 120.82499694824219,
    "price_change_24h": -0.806195263570726,
    "rsi": 50,
    "position_pct": 74.37393938669662,
    "ta_score": 50,
    "signal_direction": "WAIT",
    "signal_name": "historical_import",
    "confidence": "MEDIUM",
    "hit_tp1": false,
    "hit_sl": true,
    "candles_to_result": 5,
    "max_favorable_pct": 2.94393289946551,
    "max_adverse_pct": -9.398713399585041,
    "outcome_tracked": true
  },
  {
    "symbol": "NFLX",
    "timeframe": "historical_1w",
    "timestamp": "2025-09-07",
    "congress_score": 50.0,
    "insider_score": 50,
    "short_interest_pct": 0,
    "combined_score": 50.0,
    "price": 124.38200378417969,
    "price_change_24h": 2.447060476575263,
    "rsi": 50,
    "position_pct": 81.33849398886207,
    "ta_score": 50,
    "signal_direction": "WAIT",
    "signal_name": "historical_import",
    "confidence": "MEDIUM",
    "hit_tp1": false,
    "hit_sl": true,
    "candles_to_result": 1,
    "max_favorable_pct": -1.3547017548551499,
    "max_adverse_pct": -11.989678217466505,
    "outcome_tracked": true
  },
  {
    "symbol": "NFLX",
    "timeframe": "historical_1w",
    "timestamp": "2025-09-14",
    "congress_score": 0.0,
    "insider_score": 50,
    "short_interest_pct": 0,
    "combined_score": 37.5,
    "price": 118.84400177001953,
    "price_change_24h": -4.524563971109849,
    "rsi": 50,
    "position_pct": 70.49518690695284,
    "ta_score": 50,
    "signal_direction": "WAIT",
    "signal_name": "historical_import",
    "confidence": "MEDIUM",
    "hit_tp1": false,
    "hit_sl": true,
    "candles_to_result": 1,
    "max_favorable_pct": 3.242062509497102,
    "max_adverse_pct": -12.22948065948772,
    "outcome_tracked": true
  },
  {
    "symbol": "NFLX",
    "timeframe": "historical_1w",
    "timestamp": "2025-09-21",
    "congress_score": 100.0,
    "insider_score": 50,
    "short_interest_pct": 0,
    "combined_score": 62.5,
    "price": 122.6969985961914,
    "price_change_24h": 2.055296453377917,
    "rsi": 50,
    "position_pct": 78.03928451922847,
    "ta_score": 50,
    "signal_direction": "WAIT",
    "signal_name": "historical_import",
    "confidence": "MEDIUM",
    "hit_tp1": false,
    "hit_sl": true,
    "candles_to_result": 2,
    "max_favorable_pct": -0.5615421479018248,
    "max_adverse_pct": -14.985697488910214,
    "outcome_tracked": true
  },
  {
    "symbol": "NFLX",
    "timeframe": "historical_1w",
    "timestamp": "2025-09-28",
    "congress_score": 50.0,
    "insider_score": 50,
    "short_interest_pct": 0,
    "combined_score": 50.0,
    "price": 121.06099700927734,
    "price_change_24h": -1.3655234437121662,
    "rsi": 50,
    "position_pct": 74.83602320801165,
    "ta_score": 50,
    "signal_direction": "WAIT",
    "signal_name": "historical_import",
    "confidence": "MEDIUM",
    "hit_tp1": false,
    "hit_sl": true,
    "candles_to_result": 1,
    "max_favorable_pct": 0.7822554323696549,
    "max_adverse_pct": -17.198767282506537,
    "outcome_tracked": true
  },
  {
    "symbol": "NFLX",
    "timeframe": "historical_1w",
    "timestamp": "2025-10-05",
    "congress_score": 50.0,
    "insider_score": 50,
    "short_interest_pct": 0,
    "combined_score": 50.0,
    "price": 115.33200073242188,
    "price_change_24h": -4.40065828279207,
    "rsi": 50,
    "position_pct": 63.61875283826095,
    "ta_score": 50,
    "signal_direction": "WAIT",
    "signal_name": "historical_import",
    "confidence": "MEDIUM",
    "hit_tp1": true,
    "hit_sl": false,
    "candles_to_result": 1,
    "max_favorable_pct": 5.788508358517241,
    "max_adverse_pct": -17.464362157166107,
    "outcome_tracked": true
  },
  {
    "symbol": "NFLX",
    "timeframe": "historical_1w",
    "timestamp": "2025-10-12",
    "congress_score": 33.33333333333333,
    "insider_score": 50,
    "short_interest_pct": 0,
    "combined_score": 45.83333333333333,
    "price": 122.00800323486328,
    "price_change_24h": 4.8800421990489475,
    "rsi": 50,
    "position_pct": 76.6902441501948,
    "ta_score": 50,
    "signal_direction": "WAIT",
    "signal_name": "historical_import",
    "confidence": "MEDIUM",
    "hit_tp1": true,
    "hit_sl": false,
    "candles_to_result": 2,
    "max_favorable_pct": -1.6982543527061595,
    "max_adverse_pct": -22.63622312714246,
    "outcome_tracked": true
  },
  {
    "symbol": "NFLX",
    "timeframe": "historical_1w",
    "timestamp": "2025-10-19",
    "congress_score": 33.33333333333333,
    "insider_score": 50,
    "short_interest_pct": 0,
    "combined_score": 45.83333333333333,
    "price": 119.93599700927734,
    "price_change_24h": -1.61358036358584,
    "rsi": 50,
    "position_pct": 72.6332936972681,
    "ta_score": 50,
    "signal_direction": "WAIT",
    "signal_name": "historical_import",
    "confidence": "MEDIUM",
    "hit_tp1": true,
    "hit_sl": false,
    "candles_to_result": 1,
    "max_favorable_pct": -6.711909370912716,
    "max_adverse_pct": -21.345129921907734,
    "outcome_tracked": true
  },
  {
    "symbol": "NFLX",
    "timeframe": "historical_1w",
    "timestamp": "2025-10-26",
    "congress_score": 66.66666666666666,
    "insider_score": 50,
    "short_interest_pct": 0,
    "combined_score": 54.166666666666664,
    "price": 109.46900177001953,
    "price_change_24h": -11.615909371744113,
    "rsi": 50,
    "position_pct": 52.139107650756465,
    "ta_score": 50,
    "signal_direction": "WAIT",
    "signal_name": "historical_import",
    "confidence": "MEDIUM",
    "hit_tp1": false,
    "hit_sl": false,
    "candles_to_result": 0,
    "max_favorable_pct": 0,
    "max_adverse_pct": 0,
    "outcome_tracked": false
  },
  {
    "symbol": "NFLX",
    "timeframe": "historical_1w",
    "timestamp": "2025-11-02",
    "congress_score": 50.0,
    "insider_score": 50,
    "short_interest_pct": 0,
    "combined_score": 50.0,
    "price": 111.88600158691406,
    "price_change_24h": 2.220070417994709,
    "rsi": 50,
    "position_pct": 56.871549272210146,
    "ta_score": 50,
    "signal_direction": "WAIT",
    "signal_name": "historical_import",
    "confidence": "MEDIUM",
    "hit_tp1": false,
    "hit_sl": false,
    "candles_to_result": 0,
    "max_favorable_pct": 0,
    "max_adverse_pct": 0,
    "outcome_tracked": false
  },
  {
    "symbol": "NFLX",
    "timeframe": "historical_1w",
    "timestamp": "2025-11-09",
    "congress_score": 60.0,
    "insider_score": 50,
    "short_interest_pct": 0,
    "combined_score": 52.5,
    "price": 110.36599731445312,
    "price_change_24h": 0.3245140126637585,
    "rsi": 50,
    "position_pct": 53.89540859007147,
    "ta_score": 50,
    "signal_direction": "WAIT",
    "signal_name": "historical_import",
    "confidence": "MEDIUM",
    "hit_tp1": false,
    "hit_sl": false,
    "candles_to_result": 0,
    "max_favorable_pct": 0,
    "max_adverse_pct": 0,
    "outcome_tracked": false
  },
  {
    "symbol": "NFLX",
    "timeframe": "historical_1w",
    "timestamp": "2025-11-16",
    "congress_score": 60.0,
    "insider_score": 50,
    "short_interest_pct": 0,
    "combined_score": 52.5,
    "price": 111.21700286865234,
    "price_change_24h": -0.7053138543457107,
    "rsi": 50,
    "position_pct": 55.561661966108176,
    "ta_score": 50,
    "signal_direction": "WAIT",
    "signal_name": "historical_import",
    "confidence": "MEDIUM",
    "hit_tp1": false,
    "hit_sl": false,
    "candles_to_result": 0,
    "max_favorable_pct": 0,
    "max_adverse_pct": 0,
    "outcome_tracked": false
  },
  {
    "symbol": "NFLX",
    "timeframe": "historical_1w",
    "timestamp": "2025-11-23",
    "congress_score": 66.66666666666666,
    "insider_score": 50,
    "short_interest_pct": 0,
    "combined_score": 54.166666666666664,
    "price": 104.30999755859375,
    "price_change_24h": -5.4220720893036916,
    "rsi": 50,
    "position_pct": 42.03787136403834,
    "ta_score": 50,
    "signal_direction": "WAIT",
    "signal_name": "historical_import",
    "confidence": "MEDIUM",
    "hit_tp1": false,
    "hit_sl": false,
    "candles_to_result": 0,
    "max_favorable_pct": 0,
    "max_adverse_pct": 0,
    "outcome_tracked": false
  },
  {
    "symbol": "NFLX",
    "timeframe": "historical_1w",
    "timestamp": "2025-11-30",
    "congress_score": 75.0,
    "insider_score": 50,
    "short_interest_pct": 0,
    "combined_score": 56.25,
    "price": 107.58000183105469,
    "price_change_24h": 0.5702539061329861,
    "rsi": 50,
    "position_pct": 48.440480174000335,
    "ta_score": 50,
    "signal_direction": "WAIT",
    "signal_name": "historical_import",
    "confidence": "MEDIUM",
    "hit_tp1": false,
    "hit_sl": false,
    "candles_to_result": 0,
    "max_favorable_pct": 0,
    "max_adverse_pct": 0,
    "outcome_tracked": false
  },
  {
    "symbol": "NFLX",
    "timeframe": "historical_1w",
    "timestamp": "2025-12-07",
    "congress_score": 83.33333333333334,
    "insider_score": 50,
    "short_interest_pct": 0,
    "combined_score": 58.333333333333336,
    "price": 100.23999786376953,
    "price_change_24h": -8.146247240348025,
    "rsi": 50,
    "position_pct": 34.068886087143575,
    "ta_score": 50,
    "signal_direction": "WAIT",
    "signal_name": "historical_import",
    "confidence": "MEDIUM",
    "hit_tp1": false,
    "hit_sl": false,
    "candles_to_result": 0,
    "max_favorable_pct": 0,
    "max_adverse_pct": 0,
    "outcome_tracked": false
  },
  {
    "symbol": "NFLX",
    "timeframe": "historical_1w",
    "timestamp": "2025-12-14",
    "congress_score": 100.0,
    "insider_score": 50,
    "short_interest_pct": 0,
    "combined_score": 62.5,
    "price": 95.19000244140625,
    "price_change_24h": -1.6530617408687485,
    "rsi": 50,
    "position_pct": 24.181087024068454,
    "ta_score": 50,
    "signal_direction": "WAIT",
    "signal_name": "historical_import",
    "confidence": "MEDIUM",
    "hit_tp1": false,
    "hit_sl": false,
    "candles_to_result": 0,
    "max_favorable_pct": 0,
    "max_adverse_pct": 0,
    "outcome_tracked": false
  },
  {
    "symbol": "NFLX",
    "timeframe": "historical_1w",
    "timestamp": "2025-12-21",
    "congress_score": 100.0,
    "insider_score": 50,
    "short_interest_pct": 0,
    "combined_score": 62.5,
    "price": 94.38999938964844,
    "price_change_24h": 0.6611952317136783,
    "rsi": 50,
    "position_pct": 22.61469561892015,
    "ta_score": 50,
    "signal_direction": "WAIT",
    "signal_name": "historical_import",
    "confidence": "MEDIUM",
    "hit_tp1": false,
    "hit_sl": false,
    "candles_to_result": 0,
    "max_favorable_pct": 0,
    "max_adverse_pct": 0,
    "outcome_tracked": false
  },
  {
    "symbol": "NFLX",
    "timeframe": "historical_1w",
    "timestamp": "2025-12-28",
    "congress_score": 100.0,
    "insider_score": 50,
    "short_interest_pct": 0,
    "combined_score": 62.5,
    "price": 94.33550262451172,
    "price_change_24h": 1.1857762820684359,
    "rsi": 50,
    "position_pct": 22.50799194531418,
    "ta_score": 50,
    "signal_direction": "WAIT",
    "signal_name": "historical_import",
    "confidence": "MEDIUM",
    "hit_tp1": false,
    "hit_sl": false,
    "candles_to_result": 0,
    "max_favorable_pct": 0,
    "max_adverse_pct": 0,
    "outcome_tracked": false
  }
]