[
  {
    "symbol": "NKE",
    "timeframe": "historical_1w",
    "timestamp": "2025-06-29",
    "congress_score": 33.33333333333333,
    "insider_score": 50,
    "short_interest_pct": 0,
    "combined_score": 45.83333333333333,
    "price": 72.04000091552734,
    "price_change_24h": 18.525834752181495,
    "rsi": 50,
    "position_pct": 65.97539527033867,
    "ta_score": 50,
    "signal_direction": "WAIT",
    "signal_name": "historical_import",
    "confidence": "MEDIUM",
    "hit_tp1": false,
    "hit_sl": true,
    "candles_to_result": 1,
    "max_favorable_pct": 8.800661101219,
    "max_adverse_pct": 0.5968910323585239,
    "outcome_tracked": true
  },
  {
    "symbol": "NKE",
    "timeframe": "historical_1w",
    "timestamp": "2025-07-06",
    "congress_score": 100.0,
    "insider_score": 50,
    "short_interest_pct": 0,
    "combined_score": 62.5,
    "price": 76.38999938964844,
    "price_change_24h": 7.530966223498084,
    "rsi": 50,
    "position_pct": 81.26537192224669,
    "ta_score": 50,
    "signal_direction": "WAIT",
    "signal_name": "historical_import",
    "confidence": "MEDIUM",
    "hit_tp1": false,
    "hit_sl": true,
    "candles_to_result": 1,
    "max_favorable_pct": 2.6050502417456425,
    "max_adverse_pct": -5.131559366757252,
    "outcome_tracked": true
  },
  {
    "symbol": "NKE",
    "timeframe": "historical_1w",
    "timestamp": "2025-07-13",
    "congress_score": 100.0,
    "insider_score": 50,
    "short_interest_pct": 0,
    "combined_score": 62.5,
    "price": 72.62999725341797,
    "price_change_24h": -5.0960428434423894,
    "rsi": 50,
    "position_pct": 68.04919605089678,
    "ta_score": 50,
    "signal_direction": "WAIT",
    "signal_name": "historical_import",
    "confidence": "MEDIUM",
    "hit_tp1": true,
    "hit_sl": false,
    "candles_to_result": 2,
    "max_favorable_pct": 7.916839071241194,
    "max_adverse_pct": -2.395701403785537,
    "outcome_tracked": true
  },
  {
    "symbol": "NKE",
    "timeframe": "historical_1w",
    "timestamp": "2025-07-20",
    "congress_score": 100.0,
    "insider_score": 50,
    "short_interest_pct": 0,
    "combined_score": 62.5,
    "price": 72.47000122070312,
    "price_change_24h": 0.304499959450692,
    "rsi": 50,
    "position_pct": 67.48681985256898,
    "ta_score": 50,
    "signal_direction": "WAIT",
    "signal_name": "historical_import",
    "confidence": "MEDIUM",
    "hit_tp1": true,
    "hit_sl": false,
    "candles_to_result": 1,
    "max_favorable_pct": 8.155093049765929,
    "max_adverse_pct": -4.360429983277866,
    "outcome_tracked": true
  },
  {
    "symbol": "NKE",
    "timeframe": "historical_1w",
    "timestamp": "2025-07-27",
    "congress_score": 100.0,
    "insider_score": 50,
    "short_interest_pct": 0,
    "combined_score": 62.5,
    "price": 76.2699966430664,
    "price_change_24h": 3.039719132722714,
    "rsi": 50,
    "position_pct": 80.84356966086203,
    "ta_score": 50,
    "signal_direction": "WAIT",
    "signal_name": "historical_import",
    "confidence": "MEDIUM",
    "hit_tp1": false,
    "hit_sl": true,
    "candles_to_result": 1,
    "max_favorable_pct": 2.7664884007089827,
    "max_adverse_pct": -9.125474486441295,
    "outcome_tracked": true
  },
  {
    "symbol": "NKE",
    "timeframe": "historical_1w",
    "timestamp": "2025-08-03",
    "congress_score": 50,
    "insider_score": 50,
    "short_interest_pct": 0,
    "combined_score": 50.0,
    "price": 74.62000274658203,
    "price_change_24h": -5.830382687705592,
    "rsi": 50,
    "position_pct": 75.04394276372061,
    "ta_score": 50,
    "signal_direction": "WAIT",
    "signal_name": "historical_import",
    "confidence": "MEDIUM",
    "hit_tp1": true,
    "hit_sl": false,
    "candles_to_result": 2,
    "max_favorable_pct": 5.038856028463714,
    "max_adverse_pct": -12.597160519817152,
    "outcome_tracked": true
  },
  {
    "symbol": "NKE",
    "timeframe": "historical_1w",
    "timestamp": "2025-08-10",
    "congress_score": 50,
    "insider_score": 50,
    "short_interest_pct": 0,
    "combined_score": 50.0,
    "price": 74.19000244140625,
    "price_change_24h": -0.8420171825549336,
    "rsi": 50,
    "position_pct": 73.53251818149027,
    "ta_score": 50,
    "signal_direction": "WAIT",
    "signal_name": "historical_import",
    "confidence": "MEDIUM",
    "hit_tp1": true,
    "hit_sl": false,
    "candles_to_result": 1,
    "max_favorable_pct": 5.64765423120304,
    "max_adverse_pct": -12.090579492550157,
    "outcome_tracked": true
  },
  {
    "symbol": "NKE",
    "timeframe": "historical_1w",
    "timestamp": "2025-08-17",
    "congress_score": 50,
    "insider_score": 50,
    "short_interest_pct": 0,
    "combined_score": 50.0,
    "price": 76.97000122070312,
    "price_change_24h": 3.9854157138941875,
    "rsi": 50,
    "position_pct": 83.30404262699489,
    "ta_score": 50,
    "signal_direction": "WAIT",
    "signal_name": "historical_import",
    "confidence": "MEDIUM",
    "hit_tp1": false,
    "hit_sl": true,
    "candles_to_result": 3,
    "max_favorable_pct": 1.8318773682643361,
    "max_adverse_pct": -15.265687688256818,
    "outcome_tracked": true
  },
  {
    "symbol": "NKE",
    "timeframe": "historical_1w",
    "timestamp": "2025-08-24",
    "congress_score": 50,
    "insider_score": 50,
    "short_interest_pct": 0,
    "combined_score": 50.0,
    "price": 78.37999725341797,
    "price_change_24h": 1.2269106864238064,
    "rsi": 50,
    "position_pct": 88.26009181821875,
    "ta_score": 50,
    "signal_direction": "WAIT",
    "signal_name": "historical_import",
    "confidence": "MEDIUM",
    "hit_tp1": false,
    "hit_sl": true,
    "candles_to_result": 2,
    "max_favorable_pct": -1.2885870658688932,
    "max_adverse_pct": -17.59377570650016,
    "outcome_tracked": true
  },
  {
    "symbol": "NKE",
    "timeframe": "historical_1w",
    "timestamp": "2025-08-31",
    "congress_score": 50,
    "insider_score": 50,
    "short_interest_pct": 0,
    "combined_score": 50.0,
    "price": 77.37000274658203,
    "price_change_24h": -2.2735827510342617,
    "rsi": 50,
    "position_pct": 84.710023348092,
    "ta_score": 50,
    "signal_direction": "WAIT",
    "signal_name": "historical_import",
    "confidence": "MEDIUM",
    "hit_tp1": false,
    "hit_sl": true,
    "candles_to_result": 1,
    "max_favorable_pct": -4.472016235808533,
    "max_adverse_pct": -21.041750053076406,
    "outcome_tracked": true
  },
  {
    "symbol": "NKE",
    "timeframe": "historical_1w",
    "timestamp": "2025-09-07",
    "congress_score": 50,
    "insider_score": 50,
    "short_interest_pct": 0,
    "combined_score": 50.0,
    "price": 73.91000366210938,
    "price_change_24h": -0.5115052479943443,
    "rsi": 50,
    "position_pct": 72.54833972177785,
    "ta_score": 50,
    "signal_direction": "WAIT",
    "signal_name": "historical_import",
    "confidence": "MEDIUM",
    "hit_tp1": false,
    "hit_sl": true,
    "candles_to_result": 2,
    "max_favorable_pct": -1.231232061994737,
    "max_adverse_pct": -17.34542399447042,
    "outcome_tracked": true
  },
  {
    "symbol": "NKE",
    "timeframe": "historical_1w",
    "timestamp": "2025-09-14",
    "congress_score": 50,
    "insider_score": 50,
    "short_interest_pct": 0,
    "combined_score": 50.0,
    "price": 73.0,
    "price_change_24h": -1.5509123428373053,
    "rsi": 50,
    "position_pct": 69.34973291086065,
    "ta_score": 50,
    "signal_direction": "WAIT",
    "signal_name": "historical_import",
    "confidence": "MEDIUM",
    "hit_tp1": false,
    "hit_sl": true,
    "candles_to_result": 1,
    "max_favorable_pct": -1.4657530066085187,
    "max_adverse_pct": -16.315068284126177,
    "outcome_tracked": true
  },
  {
    "symbol": "NKE",
    "timeframe": "historical_1w",
    "timestamp": "2025-09-21",
    "congress_score": 50,
    "insider_score": 50,
    "short_interest_pct": 0,
    "combined_score": 50.0,
    "price": 70.88999938964844,
    "price_change_24h": -2.930301828589242,
    "rsi": 50,
    "position_pct": 61.93321075350392,
    "ta_score": 50,
    "signal_direction": "WAIT",
    "signal_name": "historical_import",
    "confidence": "MEDIUM",
    "hit_tp1": false,
    "hit_sl": true,
    "candles_to_result": 1,
    "max_favorable_pct": 1.4670629489089932,
    "max_adverse_pct": -13.824233772657601,
    "outcome_tracked": true
  },
  {
    "symbol": "NKE",
    "timeframe": "historical_1w",
    "timestamp": "2025-09-28",
    "congress_score": 0.0,
    "insider_score": 50,
    "short_interest_pct": 0,
    "combined_score": 37.5,
    "price": 69.30999755859375,
    "price_change_24h": -2.7637503569589112,
    "rsi": 50,
    "position_pct": 56.37960165443885,
    "ta_score": 50,
    "signal_direction": "WAIT",
    "signal_name": "historical_import",
    "confidence": "MEDIUM",
    "hit_tp1": false,
    "hit_sl": true,
    "candles_to_result": 1,
    "max_favorable_pct": 3.7801224049490343,
    "max_adverse_pct": -11.859757171477005,
    "outcome_tracked": true
  },
  {
    "symbol": "NKE",
    "timeframe": "historical_1w",
    "timestamp": "2025-10-05",
    "congress_score": 0.0,
    "insider_score": 50,
    "short_interest_pct": 0,
    "combined_score": 37.5,
    "price": 71.93000030517578,
    "price_change_24h": 3.4219944629575636,
    "rsi": 50,
    "position_pct": 65.58874990161567,
    "ta_score": 50,
    "signal_direction": "WAIT",
    "signal_name": "historical_import",
    "confidence": "MEDIUM",
    "hit_tp1": true,
    "hit_sl": false,
    "candles_to_result": 1,
    "max_favorable_pct": -3.9204778018349367,
    "max_adverse_pct": -15.07020729403207,
    "outcome_tracked": true
  },
  {
    "symbol": "NKE",
    "timeframe": "historical_1w",
    "timestamp": "2025-10-12",
    "congress_score": 0.0,
    "insider_score": 50,
    "short_interest_pct": 0,
    "combined_score": 37.5,
    "price": 65.22000122070312,
    "price_change_24h": -8.360260083354113,
    "rsi": 50,
    "position_pct": 42.00351649377172,
    "ta_score": 50,
    "signal_direction": "WAIT",
    "signal_name": "historical_import",
    "confidence": "MEDIUM",
    "hit_tp1": false,
    "hit_sl": true,
    "candles_to_result": 1,
    "max_favorable_pct": 5.964427042073735,
    "max_adverse_pct": -9.981603824570252,
    "outcome_tracked": true
  },
  {
    "symbol": "NKE",
    "timeframe": "historical_1w",
    "timestamp": "2025-10-19",
    "congress_score": 0.0,
    "insider_score": 50,
    "short_interest_pct": 0,
    "combined_score": 37.5,
    "price": 67.37000274658203,
    "price_change_24h": -0.014833047259334091,
    "rsi": 50,
    "position_pct": 49.560639404923336,
    "ta_score": 50,
    "signal_direction": "WAIT",
    "signal_name": "historical_import",
    "confidence": "MEDIUM",
    "hit_tp1": false,
    "hit_sl": true,
    "candles_to_result": 1,
    "max_favorable_pct": 2.5827486905628914,
    "max_adverse_pct": -12.854391137083237,
    "outcome_tracked": true
  },
  {
    "symbol": "NKE",
    "timeframe": "historical_1w",
    "timestamp": "2025-10-26",
    "congress_score": 0.0,
    "insider_score": 50,
    "short_interest_pct": 0,
    "combined_score": 37.5,
    "price": 69.11000061035156,
    "price_change_24h": 2.203486843018275,
    "rsi": 50,
    "position_pct": 55.67662470231618,
    "ta_score": 50,
    "signal_direction": "WAIT",
    "signal_name": "historical_import",
    "confidence": "MEDIUM",
    "hit_tp1": false,
    "hit_sl": false,
    "candles_to_result": 0,
    "max_favorable_pct": 0,
    "max_adverse_pct": 0,
    "outcome_tracked": false
  },
  {
    "symbol": "NKE",
    "timeframe": "historical_1w",
    "timestamp": "2025-11-02",
    "congress_score": 0.0,
    "insider_score": 50,
    "short_interest_pct": 0,
    "combined_score": 37.5,
    "price": 64.58999633789062,
    "price_change_24h": -5.831754211350368,
    "rsi": 50,
    "position_pct": 39.78908814256697,
    "ta_score": 50,
    "signal_direction": "WAIT",
    "signal_name": "historical_import",
    "confidence": "MEDIUM",
    "hit_tp1": false,
    "hit_sl": false,
    "candles_to_result": 0,
    "max_favorable_pct": 0,
    "max_adverse_pct": 0,
    "outcome_tracked": false
  },
  {
    "symbol": "NKE",
    "timeframe": "historical_1w",
    "timestamp": "2025-11-09",
    "congress_score": 50,
    "insider_score": 50,
    "short_interest_pct": 0,
    "combined_score": 50.0,
    "price": 61.09000015258789,
    "price_change_24h": -2.4900260738966207,
    "rsi": 50,
    "position_pct": 27.48681717088382,
    "ta_score": 50,
    "signal_direction": "WAIT",
    "signal_name": "historical_import",
    "confidence": "MEDIUM",
    "hit_tp1": false,
    "hit_sl": false,
    "candles_to_result": 0,
    "max_favorable_pct": 0,
    "max_adverse_pct": 0,
    "outcome_tracked": false
  },
  {
    "symbol": "NKE",
    "timeframe": "historical_1w",
    "timestamp": "2025-11-16",
    "congress_score": 50,
    "insider_score": 50,
    "short_interest_pct": 0,
    "combined_score": 50.0,
    "price": 64.16999816894531,
    "price_change_24h": 5.54276147067875,
    "rsi": 50,
    "position_pct": 38.3128204529983,
    "ta_score": 50,
    "signal_direction": "WAIT",
    "signal_name": "historical_import",
    "confidence": "MEDIUM",
    "hit_tp1": false,
    "hit_sl": false,
    "candles_to_result": 0,
    "max_favorable_pct": 0,
    "max_adverse_pct": 0,
    "outcome_tracked": false
  },
  {
    "symbol": "NKE",
    "timeframe": "historical_1w",
    "timestamp": "2025-11-23",
    "congress_score": 50,
    "insider_score": 50,
    "short_interest_pct": 0,
    "combined_score": 50.0,
    "price": 62.79999923706055,
    "price_change_24h": -0.1589861468877954,
    "rsi": 50,
    "position_pct": 33.49735860714345,
    "ta_score": 50,
    "signal_direction": "WAIT",
    "signal_name": "historical_import",
    "confidence": "MEDIUM",
    "hit_tp1": false,
    "hit_sl": false,
    "candles_to_result": 0,
    "max_favorable_pct": 0,
    "max_adverse_pct": 0,
    "outcome_tracked": false
  },
  {
    "symbol": "NKE",
    "timeframe": "historical_1w",
    "timestamp": "2025-11-30",
    "congress_score": 50,
    "insider_score": 50,
    "short_interest_pct": 0,
    "combined_score": 50.0,
    "price": 64.62999725341797,
    "price_change_24h": 4.359756071269608,
    "rsi": 50,
    "position_pct": 39.92968889636185,
    "ta_score": 50,
    "signal_direction": "WAIT",
    "signal_name": "historical_import",
    "confidence": "MEDIUM",
    "hit_tp1": false,
    "hit_sl": false,
    "candles_to_result": 0,
    "max_favorable_pct": 0,
    "max_adverse_pct": 0,
    "outcome_tracked": false
  },
  {
    "symbol": "NKE",
    "timeframe": "historical_1w",
    "timestamp": "2025-12-07",
    "congress_score": 50,
    "insider_score": 50,
    "short_interest_pct": 0,
    "combined_score": 50.0,
    "price": 65.86000061035156,
    "price_change_24h": 0.7187662105675574,
    "rsi": 50,
    "position_pct": 44.253074920786375,
    "ta_score": 50,
    "signal_direction": "WAIT",
    "signal_name": "historical_import",
    "confidence": "MEDIUM",
    "hit_tp1": false,
    "hit_sl": false,
    "candles_to_result": 0,
    "max_favorable_pct": 0,
    "max_adverse_pct": 0,
    "outcome_tracked": false
  },
  {
    "symbol": "NKE",
    "timeframe": "historical_1w",
    "timestamp": "2025-12-14",
    "congress_score": 50,
    "insider_score": 50,
    "short_interest_pct": 0,
    "combined_score": 50.0,
    "price": 67.47000122070312,
    "price_change_24h": 6.1850806555707845,
    "rsi": 50,
    "position_pct": 49.91212788098467,
    "ta_score": 50,
    "signal_direction": "WAIT",
    "signal_name": "historical_import",
    "confidence": "MEDIUM",
    "hit_tp1": false,
    "hit_sl": false,
    "candles_to_result": 0,
    "max_favorable_pct": 0,
    "max_adverse_pct": 0,
    "outcome_tracked": false
  },
  {
    "symbol": "NKE",
    "timeframe": "historical_1w",
    "timestamp": "2025-12-21",
    "congress_score": 50,
    "insider_score": 50,
    "short_interest_pct": 0,
    "combined_score": 50.0,
    "price": 58.709999084472656,
    "price_change_24h": -13.381528265230086,
    "rsi": 50,
    "position_pct": 19.12126003805043,
    "ta_score": 50,
    "signal_direction": "WAIT",
    "signal_name": "historical_import",
    "confidence": "MEDIUM",
    "hit_tp1": false,
    "hit_sl": false,
    "candles_to_result": 0,
    "max_favorable_pct": 0,
    "max_adverse_pct": 0,
    "outcome_tracked": false
  },
  {
    "symbol": "NKE",
    "timeframe": "historical_1w",
    "timestamp": "2025-12-28",
    "congress_score": 50,
    "insider_score": 50,
    "short_interest_pct": 0,
    "combined_score": 50.0,
    "price": 60.439998626708984,
    "price_change_24h": 5.627398352520154,
    "rsi": 50,
    "position_pct": 25.2021018512075,
    "ta_score": 50,
    "signal_direction": "WAIT",
    "signal_name": "historical_import",
    "confidence": "MEDIUM",
    "hit_tp1": false,
    "hit_sl": false,
    "candles_to_result": 0,
    "max_favorable_pct": 0,
    "max_adverse_pct": 0,
    "outcome_tracked": false
  }
]