[
  {
    "symbol": "NVDA",
    "timeframe": "historical_1w",
    "timestamp": "2025-06-29",
    "congress_score": 85.0,
    "insider_score": 50,
    "short_interest_pct": 0,
    "combined_score": 58.75,
    "price": 157.75,
    "price_change_24h": 9.419436778476609,
    "rsi": 50,
    "position_pct": 100.0,
    "ta_score": 50,
    "signal_direction": "WAIT",
    "signal_name": "historical_import",
    "confidence": "MEDIUM",
    "hit_tp1": true,
    "hit_sl": false,
    "candles_to_result": 2,
    "max_favorable_pct": 15.816162883196316,
    "max_adverse_pct": 1.0079216088054674,
    "outcome_tracked": true
  },
  {
    "symbol": "NVDA",
    "timeframe": "historical_1w",
    "timestamp": "2025-07-06",
    "congress_score": 85.0,
    "insider_score": 50,
    "short_interest_pct": 0,
    "combined_score": 58.75,
    "price": 159.33999633789062,
    "price_change_24h": 0.8544786364887962,
    "rsi": 50,
    "position_pct": 100.0,
    "ta_score": 50,
    "signal_direction": "WAIT",
    "signal_name": "historical_import",
    "confidence": "MEDIUM",
    "hit_tp1": true,
    "hit_sl": false,
    "candles_to_result": 1,
    "max_favorable_pct": 14.660475177127022,
    "max_adverse_pct": 3.5019467549264514,
    "outcome_tracked": true
  },
  {
    "symbol": "NVDA",
    "timeframe": "historical_1w",
    "timestamp": "2025-07-13",
    "congress_score": 80.0,
    "insider_score": 50,
    "short_interest_pct": 0,
    "combined_score": 57.5,
    "price": 164.9199981689453,
    "price_change_24h": 4.221431018636956,
    "rsi": 50,
    "position_pct": 100.0,
    "ta_score": 50,
    "signal_direction": "WAIT",
    "signal_name": "historical_import",
    "confidence": "MEDIUM",
    "hit_tp1": true,
    "hit_sl": false,
    "candles_to_result": 1,
    "max_favorable_pct": 10.780984099383089,
    "max_adverse_pct": 1.2733483669847987,
    "outcome_tracked": true
  },
  {
    "symbol": "NVDA",
    "timeframe": "historical_1w",
    "timestamp": "2025-07-20",
    "congress_score": 92.5925925925926,
    "insider_score": 50,
    "short_interest_pct": 0,
    "combined_score": 60.64814814814815,
    "price": 172.41000366210938,
    "price_change_24h": 5.083193737786552,
    "rsi": 50,
    "position_pct": 99.25022706876906,
    "ta_score": 50,
    "signal_direction": "WAIT",
    "signal_name": "historical_import",
    "confidence": "MEDIUM",
    "hit_tp1": true,
    "hit_sl": false,
    "candles_to_result": 3,
    "max_favorable_pct": 5.968327282388573,
    "max_adverse_pct": -3.126268357497286,
    "outcome_tracked": true
  },
  {
    "symbol": "NVDA",
    "timeframe": "historical_1w",
    "timestamp": "2025-07-27",
    "congress_score": 91.30434782608695,
    "insider_score": 50,
    "short_interest_pct": 0,
    "combined_score": 60.326086956521735,
    "price": 173.5,
    "price_change_24h": 1.2370142705020495,
    "rsi": 50,
    "position_pct": 99.69784027547654,
    "ta_score": 50,
    "signal_direction": "WAIT",
    "signal_name": "historical_import",
    "confidence": "MEDIUM",
    "hit_tp1": true,
    "hit_sl": false,
    "candles_to_result": 2,
    "max_favorable_pct": 5.302591901004142,
    "max_adverse_pct": -3.734867854489373,
    "outcome_tracked": true
  },
  {
    "symbol": "NVDA",
    "timeframe": "historical_1m",
    "timestamp": "2025-07-28",
    "congress_score": 90.69767441860465,
    "insider_score": 50,
    "short_interest_pct": 0,
    "combined_score": 60.174418604651166,
    "price": 0,
    "price_change_24h": 0,
    "rsi": 50,
    "position_pct": 50,
    "ta_score": 50,
    "signal_direction": "WAIT",
    "signal_name": "quiver_only_import",
    "confidence": "LOW",
    "hit_tp1": false,
    "hit_sl": false,
    "candles_to_result": 0,
    "max_favorable_pct": 0,
    "max_adverse_pct": 0,
    "outcome_tracked": false
  },
  {
    "symbol": "NVDA",
    "timeframe": "historical_1w",
    "timestamp": "2025-08-03",
    "congress_score": 95.45454545454545,
    "insider_score": 50,
    "short_interest_pct": 0,
    "combined_score": 61.36363636363636,
    "price": 173.72000122070312,
    "price_change_24h": -1.7142850236474538,
    "rsi": 50,
    "position_pct": 93.46751104852262,
    "ta_score": 50,
    "signal_direction": "WAIT",
    "signal_name": "historical_import",
    "confidence": "MEDIUM",
    "hit_tp1": true,
    "hit_sl": false,
    "candles_to_result": 1,
    "max_favorable_pct": 5.169235358299589,
    "max_adverse_pct": -3.8567792431282313,
    "outcome_tracked": true
  },
  {
    "symbol": "NVDA",
    "timeframe": "historical_1w",
    "timestamp": "2025-08-10",
    "congress_score": 100.0,
    "insider_score": 50,
    "short_interest_pct": 0,
    "combined_score": 62.5,
    "price": 182.6999969482422,
    "price_change_24h": 1.499998304578993,
    "rsi": 50,
    "position_pct": 100.0,
    "ta_score": 50,
    "signal_direction": "WAIT",
    "signal_name": "historical_import",
    "confidence": "MEDIUM",
    "hit_tp1": false,
    "hit_sl": true,
    "candles_to_result": 2,
    "max_favorable_pct": 2.692938287425981,
    "max_adverse_pct": -8.582371613406922,
    "outcome_tracked": true
  },
  {
    "symbol": "NVDA",
    "timeframe": "historical_1w",
    "timestamp": "2025-08-17",
    "congress_score": 100.0,
    "insider_score": 50,
    "short_interest_pct": 0,
    "combined_score": 62.5,
    "price": 180.4499969482422,
    "price_change_24h": -0.8843241963866355,
    "rsi": 50,
    "position_pct": 96.94990824118811,
    "ta_score": 50,
    "signal_direction": "WAIT",
    "signal_name": "historical_import",
    "confidence": "MEDIUM",
    "hit_tp1": false,
    "hit_sl": true,
    "candles_to_result": 2,
    "max_favorable_pct": 3.973398886230991,
    "max_adverse_pct": -7.442500915992438,
    "outcome_tracked": true
  },
  {
    "symbol": "NVDA",
    "timeframe": "historical_1w",
    "timestamp": "2025-08-24",
    "congress_score": 77.77777777777779,
    "insider_score": 50,
    "short_interest_pct": 0,
    "combined_score": 56.94444444444444,
    "price": 177.99000549316406,
    "price_change_24h": -2.20866388385111,
    "rsi": 50,
    "position_pct": 94.18120673742897,
    "ta_score": 50,
    "signal_direction": "WAIT",
    "signal_name": "historical_import",
    "confidence": "MEDIUM",
    "hit_tp1": false,
    "hit_sl": true,
    "candles_to_result": 1,
    "max_favorable_pct": 5.410410319018328,
    "max_adverse_pct": -6.163268094918084,
    "outcome_tracked": true
  },
  {
    "symbol": "NVDA",
    "timeframe": "historical_1m",
    "timestamp": "2025-08-28",
    "congress_score": 87.5,
    "insider_score": 50,
    "short_interest_pct": 0,
    "combined_score": 59.375,
    "price": 0,
    "price_change_24h": 0,
    "rsi": 50,
    "position_pct": 50,
    "ta_score": 50,
    "signal_direction": "WAIT",
    "signal_name": "quiver_only_import",
    "confidence": "LOW",
    "hit_tp1": false,
    "hit_sl": false,
    "candles_to_result": 0,
    "max_favorable_pct": 0,
    "max_adverse_pct": 0,
    "outcome_tracked": false
  },
  {
    "symbol": "NVDA",
    "timeframe": "historical_1w",
    "timestamp": "2025-08-31",
    "congress_score": 66.66666666666666,
    "insider_score": 50,
    "short_interest_pct": 0,
    "combined_score": 54.166666666666664,
    "price": 174.17999267578125,
    "price_change_24h": -3.1310855676853446,
    "rsi": 50,
    "position_pct": 89.89306655098495,
    "ta_score": 50,
    "signal_direction": "WAIT",
    "signal_name": "historical_import",
    "confidence": "MEDIUM",
    "hit_tp1": false,
    "hit_sl": true,
    "candles_to_result": 1,
    "max_favorable_pct": 7.71615742711821,
    "max_adverse_pct": -4.11068360569283,
    "outcome_tracked": true
  },
  {
    "symbol": "NVDA",
    "timeframe": "historical_1w",
    "timestamp": "2025-09-07",
    "congress_score": 55.55555555555556,
    "insider_score": 50,
    "short_interest_pct": 0,
    "combined_score": 51.388888888888886,
    "price": 167.02000427246094,
    "price_change_24h": -2.201659757414022,
    "rsi": 50,
    "position_pct": 81.83455455158398,
    "ta_score": 50,
    "signal_direction": "WAIT",
    "signal_name": "historical_import",
    "confidence": "MEDIUM",
    "hit_tp1": true,
    "hit_sl": false,
    "candles_to_result": 1,
    "max_favorable_pct": 21.236977795091335,
    "max_adverse_pct": 5.777747365364852,
    "outcome_tracked": true
  },
  {
    "symbol": "NVDA",
    "timeframe": "historical_1w",
    "timestamp": "2025-09-14",
    "congress_score": 46.666666666666664,
    "insider_score": 50,
    "short_interest_pct": 0,
    "combined_score": 49.166666666666664,
    "price": 177.82000732421875,
    "price_change_24h": 5.650294042880181,
    "rsi": 50,
    "position_pct": 93.9898751029131,
    "ta_score": 50,
    "signal_direction": "WAIT",
    "signal_name": "historical_import",
    "confidence": "MEDIUM",
    "hit_tp1": true,
    "hit_sl": false,
    "candles_to_result": 3,
    "max_favorable_pct": 13.87357842358232,
    "max_adverse_pct": -0.6467265256471556,
    "outcome_tracked": true
  },
  {
    "symbol": "NVDA",
    "timeframe": "historical_1w",
    "timestamp": "2025-09-21",
    "congress_score": 40.0,
    "insider_score": 50,
    "short_interest_pct": 0,
    "combined_score": 47.5,
    "price": 176.6699981689453,
    "price_change_24h": -0.6075959668380801,
    "rsi": 50,
    "position_pct": 92.69554862427042,
    "ta_score": 50,
    "signal_direction": "WAIT",
    "signal_name": "historical_import",
    "confidence": "MEDIUM",
    "hit_tp1": false,
    "hit_sl": true,
    "candles_to_result": 2,
    "max_favorable_pct": 14.614822885506396,
    "max_adverse_pct": 0.86036355250731,
    "outcome_tracked": true
  },
  {
    "symbol": "NVDA",
    "timeframe": "historical_1m",
    "timestamp": "2025-09-28",
    "congress_score": 59.09090909090909,
    "insider_score": 50,
    "short_interest_pct": 0,
    "combined_score": 52.27272727272727,
    "price": 0,
    "price_change_24h": 0,
    "rsi": 50,
    "position_pct": 50,
    "ta_score": 50,
    "signal_direction": "WAIT",
    "signal_name": "quiver_only_import",
    "confidence": "LOW",
    "hit_tp1": false,
    "hit_sl": false,
    "candles_to_result": 0,
    "max_favorable_pct": 0,
    "max_adverse_pct": 0,
    "outcome_tracked": false
  },
  {
    "symbol": "NVDA",
    "timeframe": "historical_1w",
    "timestamp": "2025-09-28",
    "congress_score": 16.666666666666664,
    "insider_score": 50,
    "short_interest_pct": 0,
    "combined_score": 41.666666666666664,
    "price": 178.19000244140625,
    "price_change_24h": -2.951907930356896,
    "rsi": 50,
    "position_pct": 93.93057336649372,
    "ta_score": 50,
    "signal_direction": "WAIT",
    "signal_name": "historical_import",
    "confidence": "MEDIUM",
    "hit_tp1": false,
    "hit_sl": true,
    "candles_to_result": 1,
    "max_favorable_pct": 13.637130433144428,
    "max_adverse_pct": 0.3872284819307647,
    "outcome_tracked": true
  },
  {
    "symbol": "NVDA",
    "timeframe": "historical_1w",
    "timestamp": "2025-10-05",
    "congress_score": 0.0,
    "insider_score": 50,
    "short_interest_pct": 0,
    "combined_score": 37.5,
    "price": 187.6199951171875,
    "price_change_24h": 3.172938586753408,
    "rsi": 50,
    "position_pct": 98.65721690857069,
    "ta_score": 50,
    "signal_direction": "WAIT",
    "signal_name": "historical_import",
    "confidence": "MEDIUM",
    "hit_tp1": false,
    "hit_sl": true,
    "candles_to_result": 4,
    "max_favorable_pct": 7.92560002290201,
    "max_adverse_pct": -5.660374903300817,
    "outcome_tracked": true
  },
  {
    "symbol": "NVDA",
    "timeframe": "historical_1w",
    "timestamp": "2025-10-12",
    "congress_score": 0.0,
    "insider_score": 50,
    "short_interest_pct": 0,
    "combined_score": 37.5,
    "price": 183.16000366210938,
    "price_change_24h": -1.2827367199227537,
    "rsi": 50,
    "position_pct": 90.42336380328618,
    "ta_score": 50,
    "signal_direction": "WAIT",
    "signal_name": "historical_import",
    "confidence": "MEDIUM",
    "hit_tp1": false,
    "hit_sl": true,
    "candles_to_result": 3,
    "max_favorable_pct": 10.553615114964925,
    "max_adverse_pct": -3.3631816657272244,
    "outcome_tracked": true
  },
  {
    "symbol": "NVDA",
    "timeframe": "historical_1w",
    "timestamp": "2025-10-19",
    "congress_score": 50.0,
    "insider_score": 50,
    "short_interest_pct": 0,
    "combined_score": 50.0,
    "price": 183.22000122070312,
    "price_change_24h": -2.7081594653590177,
    "rsi": 50,
    "position_pct": 90.48442379985738,
    "ta_score": 50,
    "signal_direction": "WAIT",
    "signal_name": "historical_import",
    "confidence": "MEDIUM",
    "hit_tp1": true,
    "hit_sl": false,
    "candles_to_result": 2,
    "max_favorable_pct": 10.517413024819643,
    "max_adverse_pct": -4.475492246266627,
    "outcome_tracked": true
  },
  {
    "symbol": "NVDA",
    "timeframe": "historical_1w",
    "timestamp": "2025-10-26",
    "congress_score": 50.0,
    "insider_score": 50,
    "short_interest_pct": 0,
    "combined_score": 50.0,
    "price": 186.25999450683594,
    "price_change_24h": 1.9820385070548088,
    "rsi": 50,
    "position_pct": 93.5782493484035,
    "ta_score": 50,
    "signal_direction": "WAIT",
    "signal_name": "historical_import",
    "confidence": "MEDIUM",
    "hit_tp1": true,
    "hit_sl": false,
    "candles_to_result": 1,
    "max_favorable_pct": 8.71363226939882,
    "max_adverse_pct": -6.03457025977872,
    "outcome_tracked": true
  },
  {
    "symbol": "NVDA",
    "timeframe": "historical_1m",
    "timestamp": "2025-10-28",
    "congress_score": 22.22222222222222,
    "insider_score": 50,
    "short_interest_pct": 0,
    "combined_score": 43.05555555555556,
    "price": 0,
    "price_change_24h": 0,
    "rsi": 50,
    "position_pct": 50,
    "ta_score": 50,
    "signal_direction": "WAIT",
    "signal_name": "quiver_only_import",
    "confidence": "LOW",
    "hit_tp1": false,
    "hit_sl": false,
    "candles_to_result": 0,
    "max_favorable_pct": 0,
    "max_adverse_pct": 0,
    "outcome_tracked": false
  },
  {
    "symbol": "NVDA",
    "timeframe": "historical_1w",
    "timestamp": "2025-11-02",
    "congress_score": 50.0,
    "insider_score": 50,
    "short_interest_pct": 0,
    "combined_score": 50.0,
    "price": 202.49000549316406,
    "price_change_24h": 5.744425131573086,
    "rsi": 50,
    "position_pct": 95.96381800282707,
    "ta_score": 50,
    "signal_direction": "WAIT",
    "signal_name": "historical_import",
    "confidence": "MEDIUM",
    "hit_tp1": false,
    "hit_sl": false,
    "candles_to_result": 0,
    "max_favorable_pct": 0,
    "max_adverse_pct": 0,
    "outcome_tracked": false
  },
  {
    "symbol": "NVDA",
    "timeframe": "historical_1w",
    "timestamp": "2025-11-09",
    "congress_score": 55.55555555555556,
    "insider_score": 50,
    "short_interest_pct": 0,
    "combined_score": 51.388888888888886,
    "price": 188.14999389648438,
    "price_change_24h": -9.053562714742668,
    "rsi": 50,
    "position_pct": 83.24314724955343,
    "ta_score": 50,
    "signal_direction": "WAIT",
    "signal_name": "historical_import",
    "confidence": "MEDIUM",
    "hit_tp1": false,
    "hit_sl": false,
    "candles_to_result": 0,
    "max_favorable_pct": 0,
    "max_adverse_pct": 0,
    "outcome_tracked": false
  },
  {
    "symbol": "NVDA",
    "timeframe": "historical_1w",
    "timestamp": "2025-11-16",
    "congress_score": 55.55555555555556,
    "insider_score": 50,
    "short_interest_pct": 0,
    "combined_score": 51.388888888888886,
    "price": 190.1699981689453,
    "price_change_24h": -4.461193040275154,
    "rsi": 50,
    "position_pct": 85.03504323910278,
    "ta_score": 50,
    "signal_direction": "WAIT",
    "signal_name": "historical_import",
    "confidence": "MEDIUM",
    "hit_tp1": false,
    "hit_sl": false,
    "candles_to_result": 0,
    "max_favorable_pct": 0,
    "max_adverse_pct": 0,
    "outcome_tracked": false
  },
  {
    "symbol": "NVDA",
    "timeframe": "historical_1w",
    "timestamp": "2025-11-23",
    "congress_score": 66.66666666666666,
    "insider_score": 50,
    "short_interest_pct": 0,
    "combined_score": 54.166666666666664,
    "price": 178.8800048828125,
    "price_change_24h": -4.137192373091609,
    "rsi": 50,
    "position_pct": 75.01996853492203,
    "ta_score": 50,
    "signal_direction": "WAIT",
    "signal_name": "historical_import",
    "confidence": "MEDIUM",
    "hit_tp1": false,
    "hit_sl": false,
    "candles_to_result": 0,
    "max_favorable_pct": 0,
    "max_adverse_pct": 0,
    "outcome_tracked": false
  },
  {
    "symbol": "NVDA",
    "timeframe": "historical_1m",
    "timestamp": "2025-11-28",
    "congress_score": 58.333333333333336,
    "insider_score": 50,
    "short_interest_pct": 0,
    "combined_score": 52.083333333333336,
    "price": 0,
    "price_change_24h": 0,
    "rsi": 50,
    "position_pct": 50,
    "ta_score": 50,
    "signal_direction": "WAIT",
    "signal_name": "quiver_only_import",
    "confidence": "LOW",
    "hit_tp1": false,
    "hit_sl": false,
    "candles_to_result": 0,
    "max_favorable_pct": 0,
    "max_adverse_pct": 0,
    "outcome_tracked": false
  },
  {
    "symbol": "NVDA",
    "timeframe": "historical_1w",
    "timestamp": "2025-11-30",
    "congress_score": 60.0,
    "insider_score": 50,
    "short_interest_pct": 0,
    "combined_score": 52.5,
    "price": 177.0,
    "price_change_24h": -3.040264562572611,
    "rsi": 50,
    "position_pct": 73.35226255242883,
    "ta_score": 50,
    "signal_direction": "WAIT",
    "signal_name": "historical_import",
    "confidence": "MEDIUM",
    "hit_tp1": false,
    "hit_sl": false,
    "candles_to_result": 0,
    "max_favorable_pct": 0,
    "max_adverse_pct": 0,
    "outcome_tracked": false
  },
  {
    "symbol": "NVDA",
    "timeframe": "historical_1w",
    "timestamp": "2025-12-07",
    "congress_score": 75.0,
    "insider_score": 50,
    "short_interest_pct": 0,
    "combined_score": 56.25,
    "price": 182.41000366210938,
    "price_change_24h": 1.3839514887199706,
    "rsi": 50,
    "position_pct": 78.15134342455535,
    "ta_score": 50,
    "signal_direction": "WAIT",
    "signal_name": "historical_import",
    "confidence": "MEDIUM",
    "hit_tp1": false,
    "hit_sl": false,
    "candles_to_result": 0,
    "max_favorable_pct": 0,
    "max_adverse_pct": 0,
    "outcome_tracked": false
  },
  {
    "symbol": "NVDA",
    "timeframe": "historical_1w",
    "timestamp": "2025-12-14",
    "congress_score": 66.66666666666666,
    "insider_score": 50,
    "short_interest_pct": 0,
    "combined_score": 54.166666666666664,
    "price": 175.02000427246094,
    "price_change_24h": -5.675019458964713,
    "rsi": 50,
    "position_pct": 71.59585715672156,
    "ta_score": 50,
    "signal_direction": "WAIT",
    "signal_name": "historical_import",
    "confidence": "MEDIUM",
    "hit_tp1": false,
    "hit_sl": false,
    "candles_to_result": 0,
    "max_favorable_pct": 0,
    "max_adverse_pct": 0,
    "outcome_tracked": false
  },
  {
    "symbol": "NVDA",
    "timeframe": "historical_1w",
    "timestamp": "2025-12-21",
    "congress_score": 50.0,
    "insider_score": 50,
    "short_interest_pct": 0,
    "combined_score": 50.0,
    "price": 180.99000549316406,
    "price_change_24h": 2.666068628979271,
    "rsi": 50,
    "position_pct": 76.89169805707272,
    "ta_score": 50,
    "signal_direction": "WAIT",
    "signal_name": "historical_import",
    "confidence": "MEDIUM",
    "hit_tp1": false,
    "hit_sl": false,
    "candles_to_result": 0,
    "max_favorable_pct": 0,
    "max_adverse_pct": 0,
    "outcome_tracked": false
  },
  {
    "symbol": "NVDA",
    "timeframe": "historical_1w",
    "timestamp": "2025-12-28",
    "congress_score": 50,
    "insider_score": 50,
    "short_interest_pct": 0,
    "combined_score": 50.0,
    "price": 192.14010620117188,
    "price_change_24h": 4.60019796802009,
    "rsi": 50,
    "position_pct": 86.78267750406647,
    "ta_score": 50,
    "signal_direction": "WAIT",
    "signal_name": "historical_import",
    "confidence": "MEDIUM",
    "hit_tp1": false,
    "hit_sl": false,
    "candles_to_result": 0,
    "max_favorable_pct": 0,
    "max_adverse_pct": 0,
    "outcome_tracked": false
  }
]