[
  {
    "symbol": "OKTA",
    "timeframe": "historical_1w",
    "timestamp": "2025-06-29",
    "congress_score": 100.0,
    "insider_score": 50,
    "short_interest_pct": 0,
    "combined_score": 62.5,
    "price": 98.43000030517578,
    "price_change_24h": -0.2331272535943835,
    "rsi": 50,
    "position_pct": 40.47422114106798,
    "ta_score": 50,
    "signal_direction": "WAIT",
    "signal_name": "historical_import",
    "confidence": "MEDIUM",
    "hit_tp1": false,
    "hit_sl": true,
    "candles_to_result": 2,
    "max_favorable_pct": 2.712585757052888,
    "max_adverse_pct": -7.060852307928656,
    "outcome_tracked": true
  },
  {
    "symbol": "OKTA",
    "timeframe": "historical_1w",
    "timestamp": "2025-07-06",
    "congress_score": 100.0,
    "insider_score": 50,
    "short_interest_pct": 0,
    "combined_score": 62.5,
    "price": 99.11000061035156,
    "price_change_24h": -0.860258677453594,
    "rsi": 50,
    "position_pct": 41.876283625966494,
    "ta_score": 50,
    "signal_direction": "WAIT",
    "signal_name": "historical_import",
    "confidence": "MEDIUM",
    "hit_tp1": false,
    "hit_sl": true,
    "candles_to_result": 1,
    "max_favorable_pct": 2.007867875607384,
    "max_adverse_pct": -8.84875816613097,
    "outcome_tracked": true
  },
  {
    "symbol": "OKTA",
    "timeframe": "historical_1w",
    "timestamp": "2025-07-13",
    "congress_score": 50.0,
    "insider_score": 50,
    "short_interest_pct": 0,
    "combined_score": 50.0,
    "price": 91.55999755859375,
    "price_change_24h": -5.995897203074975,
    "rsi": 50,
    "position_pct": 26.309267024403994,
    "ta_score": 50,
    "signal_direction": "WAIT",
    "signal_name": "historical_import",
    "confidence": "MEDIUM",
    "hit_tp1": true,
    "hit_sl": false,
    "candles_to_result": 1,
    "max_favorable_pct": 10.419398394394044,
    "max_adverse_pct": -1.3324609580973243,
    "outcome_tracked": true
  },
  {
    "symbol": "OKTA",
    "timeframe": "historical_1w",
    "timestamp": "2025-07-20",
    "congress_score": 0.0,
    "insider_score": 50,
    "short_interest_pct": 0,
    "combined_score": 37.5,
    "price": 95.43000030517578,
    "price_change_24h": 3.7620952903649467,
    "rsi": 50,
    "position_pct": 34.2886541307587,
    "ta_score": 50,
    "signal_direction": "WAIT",
    "signal_name": "historical_import",
    "confidence": "MEDIUM",
    "hit_tp1": false,
    "hit_sl": true,
    "candles_to_result": 1,
    "max_favorable_pct": 5.941525883698223,
    "max_adverse_pct": -5.333756628950878,
    "outcome_tracked": true
  },
  {
    "symbol": "OKTA",
    "timeframe": "historical_1w",
    "timestamp": "2025-07-27",
    "congress_score": 0.0,
    "insider_score": 50,
    "short_interest_pct": 0,
    "combined_score": 37.5,
    "price": 101.0999984741211,
    "price_change_24h": 5.466302764871549,
    "rsi": 50,
    "position_pct": 45.979372004872744,
    "ta_score": 50,
    "signal_direction": "WAIT",
    "signal_name": "historical_import",
    "confidence": "MEDIUM",
    "hit_tp1": true,
    "hit_sl": false,
    "candles_to_result": 1,
    "max_favorable_pct": -5.905045806930735,
    "max_adverse_pct": -10.642930067881991,
    "outcome_tracked": true
  },
  {
    "symbol": "OKTA",
    "timeframe": "historical_1w",
    "timestamp": "2025-08-03",
    "congress_score": 0.0,
    "insider_score": 50,
    "short_interest_pct": 0,
    "combined_score": 37.5,
    "price": 95.12999725341797,
    "price_change_24h": -2.7698274590216347,
    "rsi": 50,
    "position_pct": 33.67009113744362,
    "ta_score": 50,
    "signal_direction": "WAIT",
    "signal_name": "historical_import",
    "confidence": "MEDIUM",
    "hit_tp1": true,
    "hit_sl": false,
    "candles_to_result": 1,
    "max_favorable_pct": -1.8500941423844115,
    "max_adverse_pct": -6.075895034349118,
    "outcome_tracked": true
  },
  {
    "symbol": "OKTA",
    "timeframe": "historical_1w",
    "timestamp": "2025-08-10",
    "congress_score": 50,
    "insider_score": 50,
    "short_interest_pct": 0,
    "combined_score": 50.0,
    "price": 91.55000305175781,
    "price_change_24h": -6.313956295405905,
    "rsi": 50,
    "position_pct": 26.288659793814436,
    "ta_score": 50,
    "signal_direction": "WAIT",
    "signal_name": "historical_import",
    "confidence": "MEDIUM",
    "hit_tp1": false,
    "hit_sl": true,
    "candles_to_result": 9,
    "max_favorable_pct": 1.987984308198528,
    "max_adverse_pct": -4.500275924898426,
    "outcome_tracked": true
  },
  {
    "symbol": "OKTA",
    "timeframe": "historical_1w",
    "timestamp": "2025-08-17",
    "congress_score": 50,
    "insider_score": 50,
    "short_interest_pct": 0,
    "combined_score": 50.0,
    "price": 92.0199966430664,
    "price_change_24h": 3.9656472964869183,
    "rsi": 50,
    "position_pct": 27.257718744966176,
    "ta_score": 50,
    "signal_direction": "WAIT",
    "signal_name": "historical_import",
    "confidence": "MEDIUM",
    "hit_tp1": false,
    "hit_sl": true,
    "candles_to_result": 8,
    "max_favorable_pct": 1.4670790619044718,
    "max_adverse_pct": -4.988042279217444,
    "outcome_tracked": true
  },
  {
    "symbol": "OKTA",
    "timeframe": "historical_1w",
    "timestamp": "2025-08-24",
    "congress_score": 50,
    "insider_score": 50,
    "short_interest_pct": 0,
    "combined_score": 50.0,
    "price": 92.05000305175781,
    "price_change_24h": 0.733208380912687,
    "rsi": 50,
    "position_pct": 27.31958762886598,
    "ta_score": 50,
    "signal_direction": "WAIT",
    "signal_name": "historical_import",
    "confidence": "MEDIUM",
    "hit_tp1": false,
    "hit_sl": true,
    "candles_to_result": 7,
    "max_favorable_pct": 1.4340028800238174,
    "max_adverse_pct": -5.019014224241035,
    "outcome_tracked": true
  },
  {
    "symbol": "OKTA",
    "timeframe": "historical_1w",
    "timestamp": "2025-08-31",
    "congress_score": 50,
    "insider_score": 50,
    "short_interest_pct": 0,
    "combined_score": 50.0,
    "price": 92.7699966430664,
    "price_change_24h": 1.5544588863322089,
    "rsi": 50,
    "position_pct": 28.804110497543494,
    "ta_score": 50,
    "signal_direction": "WAIT",
    "signal_name": "historical_import",
    "confidence": "MEDIUM",
    "hit_tp1": false,
    "hit_sl": true,
    "candles_to_result": 2,
    "max_favorable_pct": 0.6467674088899186,
    "max_adverse_pct": -8.149183822524996,
    "outcome_tracked": true
  },
  {
    "symbol": "OKTA",
    "timeframe": "historical_1w",
    "timestamp": "2025-09-07",
    "congress_score": 50,
    "insider_score": 50,
    "short_interest_pct": 0,
    "combined_score": 50.0,
    "price": 91.4800033569336,
    "price_change_24h": 2.2122942535570878,
    "rsi": 50,
    "position_pct": 26.144330526135633,
    "ta_score": 50,
    "signal_direction": "WAIT",
    "signal_name": "historical_import",
    "confidence": "MEDIUM",
    "hit_tp1": false,
    "hit_sl": true,
    "candles_to_result": 5,
    "max_favorable_pct": 2.0660246177233965,
    "max_adverse_pct": -8.242239439047703,
    "outcome_tracked": true
  },
  {
    "symbol": "OKTA",
    "timeframe": "historical_1w",
    "timestamp": "2025-09-14",
    "congress_score": 0.0,
    "insider_score": 50,
    "short_interest_pct": 0,
    "combined_score": 37.5,
    "price": 90.33999633789062,
    "price_change_24h": -2.5248208454682937,
    "rsi": 50,
    "position_pct": 23.79380058996456,
    "ta_score": 50,
    "signal_direction": "WAIT",
    "signal_name": "historical_import",
    "confidence": "MEDIUM",
    "hit_tp1": false,
    "hit_sl": true,
    "candles_to_result": 1,
    "max_favorable_pct": 3.354003244984142,
    "max_adverse_pct": -12.906792678078046,
    "outcome_tracked": true
  },
  {
    "symbol": "OKTA",
    "timeframe": "historical_1w",
    "timestamp": "2025-09-21",
    "congress_score": 0.0,
    "insider_score": 50,
    "short_interest_pct": 0,
    "combined_score": 37.5,
    "price": 93.37000274658203,
    "price_change_24h": 2.7059718241964674,
    "rsi": 50,
    "position_pct": 30.041236484173645,
    "ta_score": 50,
    "signal_direction": "WAIT",
    "signal_name": "historical_import",
    "confidence": "MEDIUM",
    "hit_tp1": true,
    "hit_sl": false,
    "candles_to_result": 3,
    "max_favorable_pct": -0.07497021823401544,
    "max_adverse_pct": -15.73310700362382,
    "outcome_tracked": true
  },
  {
    "symbol": "OKTA",
    "timeframe": "historical_1w",
    "timestamp": "2025-09-28",
    "congress_score": 0.0,
    "insider_score": 50,
    "short_interest_pct": 0,
    "combined_score": 37.5,
    "price": 91.16000366210938,
    "price_change_24h": -1.3206252734148627,
    "rsi": 50,
    "position_pct": 25.484537340931055,
    "ta_score": 50,
    "signal_direction": "WAIT",
    "signal_name": "historical_import",
    "confidence": "MEDIUM",
    "hit_tp1": false,
    "hit_sl": true,
    "candles_to_result": 1,
    "max_favorable_pct": 2.3475200786306325,
    "max_adverse_pct": -13.690218139077261,
    "outcome_tracked": true
  },
  {
    "symbol": "OKTA",
    "timeframe": "historical_1w",
    "timestamp": "2025-10-05",
    "congress_score": 0.0,
    "insider_score": 50,
    "short_interest_pct": 0,
    "combined_score": 37.5,
    "price": 93.30000305175781,
    "price_change_24h": -0.5966306786194389,
    "rsi": 50,
    "position_pct": 29.896907216494846,
    "ta_score": 50,
    "signal_direction": "WAIT",
    "signal_name": "historical_import",
    "confidence": "MEDIUM",
    "hit_tp1": true,
    "hit_sl": false,
    "candles_to_result": 1,
    "max_favorable_pct": -1.8971106265441753,
    "max_adverse_pct": -15.669884532020479,
    "outcome_tracked": true
  },
  {
    "symbol": "OKTA",
    "timeframe": "historical_1w",
    "timestamp": "2025-10-12",
    "congress_score": 0.0,
    "insider_score": 50,
    "short_interest_pct": 0,
    "combined_score": 37.5,
    "price": 89.3499984741211,
    "price_change_24h": -4.65265249487554,
    "rsi": 50,
    "position_pct": 21.752567881161404,
    "ta_score": 50,
    "signal_direction": "WAIT",
    "signal_name": "historical_import",
    "confidence": "MEDIUM",
    "hit_tp1": false,
    "hit_sl": true,
    "candles_to_result": 3,
    "max_favorable_pct": 2.439843696032279,
    "max_adverse_pct": -11.94180005726102,
    "outcome_tracked": true
  },
  {
    "symbol": "OKTA",
    "timeframe": "historical_1w",
    "timestamp": "2025-10-19",
    "congress_score": 50,
    "insider_score": 50,
    "short_interest_pct": 0,
    "combined_score": 50.0,
    "price": 87.43000030517578,
    "price_change_24h": -3.0064334400071777,
    "rsi": 50,
    "position_pct": 17.793808769933957,
    "ta_score": 50,
    "signal_direction": "WAIT",
    "signal_name": "historical_import",
    "confidence": "MEDIUM",
    "hit_tp1": true,
    "hit_sl": false,
    "candles_to_result": 2,
    "max_favorable_pct": 4.689464096774546,
    "max_adverse_pct": -10.008006370190998,
    "outcome_tracked": true
  },
  {
    "symbol": "OKTA",
    "timeframe": "historical_1w",
    "timestamp": "2025-10-26",
    "congress_score": 50,
    "insider_score": 50,
    "short_interest_pct": 0,
    "combined_score": 50.0,
    "price": 89.06999969482422,
    "price_change_24h": 0.8491847855429193,
    "rsi": 50,
    "position_pct": 21.175250810446197,
    "ta_score": 50,
    "signal_direction": "WAIT",
    "signal_name": "historical_import",
    "confidence": "MEDIUM",
    "hit_tp1": false,
    "hit_sl": false,
    "candles_to_result": 0,
    "max_favorable_pct": 0,
    "max_adverse_pct": 0,
    "outcome_tracked": false
  },
  {
    "symbol": "OKTA",
    "timeframe": "historical_1w",
    "timestamp": "2025-11-02",
    "congress_score": 50,
    "insider_score": 50,
    "short_interest_pct": 0,
    "combined_score": 50.0,
    "price": 91.52999877929688,
    "price_change_24h": 1.6886974858259483,
    "rsi": 50,
    "position_pct": 26.247413871214565,
    "ta_score": 50,
    "signal_direction": "WAIT",
    "signal_name": "historical_import",
    "confidence": "MEDIUM",
    "hit_tp1": false,
    "hit_sl": false,
    "candles_to_result": 0,
    "max_favorable_pct": 0,
    "max_adverse_pct": 0,
    "outcome_tracked": false
  },
  {
    "symbol": "OKTA",
    "timeframe": "historical_1w",
    "timestamp": "2025-11-09",
    "congress_score": 50,
    "insider_score": 50,
    "short_interest_pct": 0,
    "combined_score": 50.0,
    "price": 85.20999908447266,
    "price_change_24h": -6.444886504800873,
    "rsi": 50,
    "position_pct": 13.21648666539143,
    "ta_score": 50,
    "signal_direction": "WAIT",
    "signal_name": "historical_import",
    "confidence": "MEDIUM",
    "hit_tp1": false,
    "hit_sl": false,
    "candles_to_result": 0,
    "max_favorable_pct": 0,
    "max_adverse_pct": 0,
    "outcome_tracked": false
  },
  {
    "symbol": "OKTA",
    "timeframe": "historical_1w",
    "timestamp": "2025-11-16",
    "congress_score": 50,
    "insider_score": 50,
    "short_interest_pct": 0,
    "combined_score": 50.0,
    "price": 83.94000244140625,
    "price_change_24h": -2.0936585480452963,
    "rsi": 50,
    "position_pct": 10.597936885873068,
    "ta_score": 50,
    "signal_direction": "WAIT",
    "signal_name": "historical_import",
    "confidence": "MEDIUM",
    "hit_tp1": false,
    "hit_sl": false,
    "candles_to_result": 0,
    "max_favorable_pct": 0,
    "max_adverse_pct": 0,
    "outcome_tracked": false
  },
  {
    "symbol": "OKTA",
    "timeframe": "historical_1w",
    "timestamp": "2025-11-23",
    "congress_score": 50,
    "insider_score": 50,
    "short_interest_pct": 0,
    "combined_score": 50.0,
    "price": 78.68000030517578,
    "price_change_24h": -2.9480688277355735,
    "rsi": 50,
    "position_pct": 0.7349950708008699,
    "ta_score": 50,
    "signal_direction": "WAIT",
    "signal_name": "historical_import",
    "confidence": "MEDIUM",
    "hit_tp1": false,
    "hit_sl": false,
    "candles_to_result": 0,
    "max_favorable_pct": 0,
    "max_adverse_pct": 0,
    "outcome_tracked": false
  },
  {
    "symbol": "OKTA",
    "timeframe": "historical_1w",
    "timestamp": "2025-11-30",
    "congress_score": 50,
    "insider_score": 50,
    "short_interest_pct": 0,
    "combined_score": 50.0,
    "price": 80.33000183105469,
    "price_change_24h": 1.4908405337048136,
    "rsi": 50,
    "position_pct": 4.103719882546585,
    "ta_score": 50,
    "signal_direction": "WAIT",
    "signal_name": "historical_import",
    "confidence": "MEDIUM",
    "hit_tp1": false,
    "hit_sl": false,
    "candles_to_result": 0,
    "max_favorable_pct": 0,
    "max_adverse_pct": 0,
    "outcome_tracked": false
  },
  {
    "symbol": "OKTA",
    "timeframe": "historical_1w",
    "timestamp": "2025-12-07",
    "congress_score": 50,
    "insider_score": 50,
    "short_interest_pct": 0,
    "combined_score": 50.0,
    "price": 85.88999938964844,
    "price_change_24h": 6.510416715942993,
    "rsi": 50,
    "position_pct": 15.455286190282818,
    "ta_score": 50,
    "signal_direction": "WAIT",
    "signal_name": "historical_import",
    "confidence": "MEDIUM",
    "hit_tp1": false,
    "hit_sl": false,
    "candles_to_result": 0,
    "max_favorable_pct": 0,
    "max_adverse_pct": 0,
    "outcome_tracked": false
  },
  {
    "symbol": "OKTA",
    "timeframe": "historical_1w",
    "timestamp": "2025-12-14",
    "congress_score": 50,
    "insider_score": 50,
    "short_interest_pct": 0,
    "combined_score": 50.0,
    "price": 90.18000030517578,
    "price_change_24h": 3.3108023362780807,
    "rsi": 50,
    "position_pct": 24.213964470201827,
    "ta_score": 50,
    "signal_direction": "WAIT",
    "signal_name": "historical_import",
    "confidence": "MEDIUM",
    "hit_tp1": false,
    "hit_sl": false,
    "candles_to_result": 0,
    "max_favorable_pct": 0,
    "max_adverse_pct": 0,
    "outcome_tracked": false
  },
  {
    "symbol": "OKTA",
    "timeframe": "historical_1w",
    "timestamp": "2025-12-21",
    "congress_score": 50,
    "insider_score": 50,
    "short_interest_pct": 0,
    "combined_score": 50.0,
    "price": 90.20999908447266,
    "price_change_24h": 2.278914065507264,
    "rsi": 50,
    "position_pct": 24.275211463343627,
    "ta_score": 50,
    "signal_direction": "WAIT",
    "signal_name": "historical_import",
    "confidence": "MEDIUM",
    "hit_tp1": false,
    "hit_sl": false,
    "candles_to_result": 0,
    "max_favorable_pct": 0,
    "max_adverse_pct": 0,
    "outcome_tracked": false
  },
  {
    "symbol": "OKTA",
    "timeframe": "historical_1w",
    "timestamp": "2025-12-28",
    "congress_score": 50,
    "insider_score": 50,
    "short_interest_pct": 0,
    "combined_score": 50.0,
    "price": 88.80000305175781,
    "price_change_24h": -2.3531991776965975,
    "rsi": 50,
    "position_pct": 21.39649374983158,
    "ta_score": 50,
    "signal_direction": "WAIT",
    "signal_name": "historical_import",
    "confidence": "MEDIUM",
    "hit_tp1": false,
    "hit_sl": false,
    "candles_to_result": 0,
    "max_favorable_pct": 0,
    "max_adverse_pct": 0,
    "outcome_tracked": false
  }
]