[
  {
    "symbol": "ORCL",
    "timeframe": "historical_1w",
    "timestamp": "2025-06-29",
    "congress_score": 100.0,
    "insider_score": 50,
    "short_interest_pct": 0,
    "combined_score": 62.5,
    "price": 210.24000549316406,
    "price_change_24h": 1.5456010001936091,
    "rsi": 50,
    "position_pct": 94.55922279044039,
    "ta_score": 50,
    "signal_direction": "WAIT",
    "signal_name": "historical_import",
    "confidence": "MEDIUM",
    "hit_tp1": true,
    "hit_sl": false,
    "candles_to_result": 1,
    "max_favorable_pct": 18.935500627109796,
    "max_adverse_pct": 9.665140570066429,
    "outcome_tracked": true
  },
  {
    "symbol": "ORCL",
    "timeframe": "historical_1w",
    "timestamp": "2025-07-06",
    "congress_score": 100.0,
    "insider_score": 50,
    "short_interest_pct": 0,
    "combined_score": 62.5,
    "price": 237.32000732421875,
    "price_change_24h": 8.548690492608388,
    "rsi": 50,
    "position_pct": 100.0,
    "ta_score": 50,
    "signal_direction": "WAIT",
    "signal_name": "historical_import",
    "confidence": "MEDIUM",
    "hit_tp1": false,
    "hit_sl": true,
    "candles_to_result": 1,
    "max_favorable_pct": 5.3640634310902255,
    "max_adverse_pct": -4.715153419879529,
    "outcome_tracked": true
  },
  {
    "symbol": "ORCL",
    "timeframe": "historical_1w",
    "timestamp": "2025-07-13",
    "congress_score": 50.0,
    "insider_score": 50,
    "short_interest_pct": 0,
    "combined_score": 50.0,
    "price": 230.55999755859375,
    "price_change_24h": -0.7319370483288945,
    "rsi": 50,
    "position_pct": 94.09606173345828,
    "ta_score": 50,
    "signal_direction": "WAIT",
    "signal_name": "historical_import",
    "confidence": "MEDIUM",
    "hit_tp1": true,
    "hit_sl": false,
    "candles_to_result": 1,
    "max_favorable_pct": 8.453333492168753,
    "max_adverse_pct": -1.9214055875653044,
    "outcome_tracked": true
  },
  {
    "symbol": "ORCL",
    "timeframe": "historical_1w",
    "timestamp": "2025-07-20",
    "congress_score": 0.0,
    "insider_score": 50,
    "short_interest_pct": 0,
    "combined_score": 37.5,
    "price": 245.4499969482422,
    "price_change_24h": 7.052511451079702,
    "rsi": 50,
    "position_pct": 97.37949412867414,
    "ta_score": 50,
    "signal_direction": "WAIT",
    "signal_name": "historical_import",
    "confidence": "MEDIUM",
    "hit_tp1": true,
    "hit_sl": false,
    "candles_to_result": 5,
    "max_favorable_pct": 19.038499209023403,
    "max_adverse_pct": -7.8712537403305305,
    "outcome_tracked": true
  },
  {
    "symbol": "ORCL",
    "timeframe": "historical_1w",
    "timestamp": "2025-07-27",
    "congress_score": 0.0,
    "insider_score": 50,
    "short_interest_pct": 0,
    "combined_score": 37.5,
    "price": 245.1199951171875,
    "price_change_24h": 0.6487648331329132,
    "rsi": 50,
    "position_pct": 97.11744232985339,
    "ta_score": 50,
    "signal_direction": "WAIT",
    "signal_name": "historical_import",
    "confidence": "MEDIUM",
    "hit_tp1": false,
    "hit_sl": true,
    "candles_to_result": 2,
    "max_favorable_pct": 25.922001391418327,
    "max_adverse_pct": -7.747222018871298,
    "outcome_tracked": true
  },
  {
    "symbol": "ORCL",
    "timeframe": "historical_1m",
    "timestamp": "2025-07-28",
    "congress_score": 50.0,
    "insider_score": 50,
    "short_interest_pct": 0,
    "combined_score": 50.0,
    "price": 0,
    "price_change_24h": 0,
    "rsi": 50,
    "position_pct": 50,
    "ta_score": 50,
    "signal_direction": "WAIT",
    "signal_name": "quiver_only_import",
    "confidence": "LOW",
    "hit_tp1": false,
    "hit_sl": false,
    "candles_to_result": 0,
    "max_favorable_pct": 0,
    "max_adverse_pct": 0,
    "outcome_tracked": false
  },
  {
    "symbol": "ORCL",
    "timeframe": "historical_1w",
    "timestamp": "2025-08-03",
    "congress_score": 0.0,
    "insider_score": 50,
    "short_interest_pct": 0,
    "combined_score": 37.5,
    "price": 244.4199981689453,
    "price_change_24h": -1.3281694141336016,
    "rsi": 50,
    "position_pct": 92.85986576810522,
    "ta_score": 50,
    "signal_direction": "WAIT",
    "signal_name": "historical_import",
    "confidence": "MEDIUM",
    "hit_tp1": false,
    "hit_sl": true,
    "candles_to_result": 1,
    "max_favorable_pct": 26.282630707148925,
    "max_adverse_pct": -7.483018338577437,
    "outcome_tracked": true
  },
  {
    "symbol": "ORCL",
    "timeframe": "historical_1w",
    "timestamp": "2025-08-10",
    "congress_score": 0.0,
    "insider_score": 50,
    "short_interest_pct": 0,
    "combined_score": 37.5,
    "price": 250.0500030517578,
    "price_change_24h": -0.9820598501275483,
    "rsi": 50,
    "position_pct": 95.22491583026073,
    "ta_score": 50,
    "signal_direction": "WAIT",
    "signal_name": "historical_import",
    "confidence": "MEDIUM",
    "hit_tp1": true,
    "hit_sl": false,
    "candles_to_result": 2,
    "max_favorable_pct": 23.43931209559709,
    "max_adverse_pct": -9.566085933617892,
    "outcome_tracked": true
  },
  {
    "symbol": "ORCL",
    "timeframe": "historical_1w",
    "timestamp": "2025-08-17",
    "congress_score": 50,
    "insider_score": 50,
    "short_interest_pct": 0,
    "combined_score": 50.0,
    "price": 248.27999877929688,
    "price_change_24h": -1.741330546154517,
    "rsi": 50,
    "position_pct": 93.90016142157424,
    "ta_score": 50,
    "signal_direction": "WAIT",
    "signal_name": "historical_import",
    "confidence": "MEDIUM",
    "hit_tp1": false,
    "hit_sl": true,
    "candles_to_result": 1,
    "max_favorable_pct": 24.319318986498786,
    "max_adverse_pct": -8.921376673670009,
    "outcome_tracked": true
  },
  {
    "symbol": "ORCL",
    "timeframe": "historical_1w",
    "timestamp": "2025-08-24",
    "congress_score": 100.0,
    "insider_score": 50,
    "short_interest_pct": 0,
    "combined_score": 62.5,
    "price": 236.3699951171875,
    "price_change_24h": -5.098972912663637,
    "rsi": 50,
    "position_pct": 84.98615476953671,
    "ta_score": 50,
    "signal_direction": "WAIT",
    "signal_name": "historical_import",
    "confidence": "MEDIUM",
    "hit_tp1": false,
    "hit_sl": true,
    "candles_to_result": 1,
    "max_favorable_pct": 30.583411616640234,
    "max_adverse_pct": -4.33218701438743,
    "outcome_tracked": true
  },
  {
    "symbol": "ORCL",
    "timeframe": "historical_1m",
    "timestamp": "2025-08-28",
    "congress_score": 66.66666666666666,
    "insider_score": 50,
    "short_interest_pct": 0,
    "combined_score": 54.166666666666664,
    "price": 0,
    "price_change_24h": 0,
    "rsi": 50,
    "position_pct": 50,
    "ta_score": 50,
    "signal_direction": "WAIT",
    "signal_name": "quiver_only_import",
    "confidence": "LOW",
    "hit_tp1": false,
    "hit_sl": false,
    "candles_to_result": 0,
    "max_favorable_pct": 0,
    "max_adverse_pct": 0,
    "outcome_tracked": false
  },
  {
    "symbol": "ORCL",
    "timeframe": "historical_1w",
    "timestamp": "2025-08-31",
    "congress_score": 100.0,
    "insider_score": 50,
    "short_interest_pct": 0,
    "combined_score": 62.5,
    "price": 226.1300048828125,
    "price_change_24h": -3.942057956303641,
    "rsi": 50,
    "position_pct": 77.32206467723766,
    "ta_score": 50,
    "signal_direction": "WAIT",
    "signal_name": "historical_import",
    "confidence": "MEDIUM",
    "hit_tp1": true,
    "hit_sl": false,
    "candles_to_result": 2,
    "max_favorable_pct": 36.4967041070319,
    "max_adverse_pct": 2.949629869951097,
    "outcome_tracked": true
  },
  {
    "symbol": "ORCL",
    "timeframe": "historical_1w",
    "timestamp": "2025-09-07",
    "congress_score": 100.0,
    "insider_score": 50,
    "short_interest_pct": 0,
    "combined_score": 62.5,
    "price": 232.8000030517578,
    "price_change_24h": 3.3288947618331974,
    "rsi": 50,
    "position_pct": 82.31420487583489,
    "ta_score": 50,
    "signal_direction": "WAIT",
    "signal_name": "historical_import",
    "confidence": "MEDIUM",
    "hit_tp1": true,
    "hit_sl": false,
    "candles_to_result": 1,
    "max_favorable_pct": 32.5859104879332,
    "max_adverse_pct": 12.804975046833272,
    "outcome_tracked": true
  },
  {
    "symbol": "ORCL",
    "timeframe": "historical_1w",
    "timestamp": "2025-09-14",
    "congress_score": 60.0,
    "insider_score": 50,
    "short_interest_pct": 0,
    "combined_score": 52.5,
    "price": 292.17999267578125,
    "price_change_24h": 22.517610663493084,
    "rsi": 50,
    "position_pct": 82.40961695061422,
    "ta_score": 50,
    "signal_direction": "WAIT",
    "signal_name": "historical_import",
    "confidence": "MEDIUM",
    "hit_tp1": true,
    "hit_sl": false,
    "candles_to_result": 1,
    "max_favorable_pct": 5.640362584516606,
    "max_adverse_pct": -18.112122491449377,
    "outcome_tracked": true
  },
  {
    "symbol": "ORCL",
    "timeframe": "historical_1w",
    "timestamp": "2025-09-21",
    "congress_score": 50.0,
    "insider_score": 50,
    "short_interest_pct": 0,
    "combined_score": 50.0,
    "price": 308.6600036621094,
    "price_change_24h": 2.1579362870086474,
    "rsi": 50,
    "position_pct": 90.42869730613788,
    "ta_score": 50,
    "signal_direction": "WAIT",
    "signal_name": "historical_import",
    "confidence": "MEDIUM",
    "hit_tp1": false,
    "hit_sl": true,
    "candles_to_result": 1,
    "max_favorable_pct": -5.086506842725914,
    "max_adverse_pct": -27.800815311506994,
    "outcome_tracked": true
  },
  {
    "symbol": "ORCL",
    "timeframe": "historical_1m",
    "timestamp": "2025-09-28",
    "congress_score": 60.0,
    "insider_score": 50,
    "short_interest_pct": 0,
    "combined_score": 52.5,
    "price": 0,
    "price_change_24h": 0,
    "rsi": 50,
    "position_pct": 50,
    "ta_score": 50,
    "signal_direction": "WAIT",
    "signal_name": "quiver_only_import",
    "confidence": "LOW",
    "hit_tp1": false,
    "hit_sl": false,
    "candles_to_result": 0,
    "max_favorable_pct": 0,
    "max_adverse_pct": 0,
    "outcome_tracked": false
  },
  {
    "symbol": "ORCL",
    "timeframe": "historical_1w",
    "timestamp": "2025-09-28",
    "congress_score": 50.0,
    "insider_score": 50,
    "short_interest_pct": 0,
    "combined_score": 50.0,
    "price": 283.4599914550781,
    "price_change_24h": -13.618772900390121,
    "rsi": 50,
    "position_pct": 78.16651356026493,
    "ta_score": 50,
    "signal_direction": "WAIT",
    "signal_name": "historical_import",
    "confidence": "MEDIUM",
    "hit_tp1": true,
    "hit_sl": false,
    "candles_to_result": 2,
    "max_favorable_pct": 3.351442985387069,
    "max_adverse_pct": -29.880759014157093,
    "outcome_tracked": true
  },
  {
    "symbol": "ORCL",
    "timeframe": "historical_1w",
    "timestamp": "2025-10-05",
    "congress_score": 50.0,
    "insider_score": 50,
    "short_interest_pct": 0,
    "combined_score": 50.0,
    "price": 286.1400146484375,
    "price_change_24h": 1.1953617081899697,
    "rsi": 50,
    "position_pct": 79.47059772380372,
    "ta_score": 50,
    "signal_direction": "WAIT",
    "signal_name": "historical_import",
    "confidence": "MEDIUM",
    "hit_tp1": false,
    "hit_sl": true,
    "candles_to_result": 4,
    "max_favorable_pct": 2.383440433879864,
    "max_adverse_pct": -30.53750460205993,
    "outcome_tracked": true
  },
  {
    "symbol": "ORCL",
    "timeframe": "historical_1w",
    "timestamp": "2025-10-12",
    "congress_score": 37.5,
    "insider_score": 50,
    "short_interest_pct": 0,
    "combined_score": 46.875,
    "price": 292.9599914550781,
    "price_change_24h": 0.4698361172857136,
    "rsi": 50,
    "position_pct": 82.78915995538412,
    "ta_score": 50,
    "signal_direction": "WAIT",
    "signal_name": "historical_import",
    "confidence": "MEDIUM",
    "hit_tp1": true,
    "hit_sl": false,
    "candles_to_result": 2,
    "max_favorable_pct": -0.5632147544410963,
    "max_adverse_pct": -32.154560245707344,
    "outcome_tracked": true
  },
  {
    "symbol": "ORCL",
    "timeframe": "historical_1w",
    "timestamp": "2025-10-19",
    "congress_score": 50.0,
    "insider_score": 50,
    "short_interest_pct": 0,
    "combined_score": 50.0,
    "price": 291.30999755859375,
    "price_change_24h": -5.421905677591076,
    "rsi": 50,
    "position_pct": 81.9862822356418,
    "ta_score": 50,
    "signal_direction": "WAIT",
    "signal_name": "historical_import",
    "confidence": "MEDIUM",
    "hit_tp1": false,
    "hit_sl": true,
    "candles_to_result": 1,
    "max_favorable_pct": -2.7393536278215223,
    "max_adverse_pct": -34.78768225848727,
    "outcome_tracked": true
  },
  {
    "symbol": "ORCL",
    "timeframe": "historical_1w",
    "timestamp": "2025-10-26",
    "congress_score": 50.0,
    "insider_score": 50,
    "short_interest_pct": 0,
    "combined_score": 50.0,
    "price": 283.3299865722656,
    "price_change_24h": 2.218772660001493,
    "rsi": 50,
    "position_pct": 78.10325391785639,
    "ta_score": 50,
    "signal_direction": "WAIT",
    "signal_name": "historical_import",
    "confidence": "MEDIUM",
    "hit_tp1": false,
    "hit_sl": true,
    "candles_to_result": 1,
    "max_favorable_pct": -7.3130279895094406,
    "max_adverse_pct": -32.95097228536743,
    "outcome_tracked": true
  },
  {
    "symbol": "ORCL",
    "timeframe": "historical_1m",
    "timestamp": "2025-10-28",
    "congress_score": 45.45454545454545,
    "insider_score": 50,
    "short_interest_pct": 0,
    "combined_score": 48.86363636363636,
    "price": 0,
    "price_change_24h": 0,
    "rsi": 50,
    "position_pct": 50,
    "ta_score": 50,
    "signal_direction": "WAIT",
    "signal_name": "quiver_only_import",
    "confidence": "LOW",
    "hit_tp1": false,
    "hit_sl": false,
    "candles_to_result": 0,
    "max_favorable_pct": 0,
    "max_adverse_pct": 0,
    "outcome_tracked": false
  },
  {
    "symbol": "ORCL",
    "timeframe": "historical_1w",
    "timestamp": "2025-11-02",
    "congress_score": 33.33333333333333,
    "insider_score": 50,
    "short_interest_pct": 0,
    "combined_score": 45.83333333333333,
    "price": 262.6099853515625,
    "price_change_24h": -6.67733082888195,
    "rsi": 50,
    "position_pct": 68.02101823893545,
    "ta_score": 50,
    "signal_direction": "WAIT",
    "signal_name": "historical_import",
    "confidence": "MEDIUM",
    "hit_tp1": false,
    "hit_sl": false,
    "candles_to_result": 0,
    "max_favorable_pct": 0,
    "max_adverse_pct": 0,
    "outcome_tracked": false
  },
  {
    "symbol": "ORCL",
    "timeframe": "historical_1w",
    "timestamp": "2025-11-09",
    "congress_score": 40.0,
    "insider_score": 50,
    "short_interest_pct": 0,
    "combined_score": 47.5,
    "price": 239.25999450683594,
    "price_change_24h": -7.20962232175267,
    "rsi": 50,
    "position_pct": 56.65904444899422,
    "ta_score": 50,
    "signal_direction": "WAIT",
    "signal_name": "historical_import",
    "confidence": "MEDIUM",
    "hit_tp1": false,
    "hit_sl": false,
    "candles_to_result": 0,
    "max_favorable_pct": 0,
    "max_adverse_pct": 0,
    "outcome_tracked": false
  },
  {
    "symbol": "ORCL",
    "timeframe": "historical_1w",
    "timestamp": "2025-11-16",
    "congress_score": 40.0,
    "insider_score": 50,
    "short_interest_pct": 0,
    "combined_score": 47.5,
    "price": 222.85000610351562,
    "price_change_24h": -7.4658454473426685,
    "rsi": 50,
    "position_pct": 48.67403668725142,
    "ta_score": 50,
    "signal_direction": "WAIT",
    "signal_name": "historical_import",
    "confidence": "MEDIUM",
    "hit_tp1": false,
    "hit_sl": false,
    "candles_to_result": 0,
    "max_favorable_pct": 0,
    "max_adverse_pct": 0,
    "outcome_tracked": false
  },
  {
    "symbol": "ORCL",
    "timeframe": "historical_1w",
    "timestamp": "2025-11-23",
    "congress_score": 40.0,
    "insider_score": 50,
    "short_interest_pct": 0,
    "combined_score": 47.5,
    "price": 198.75999450683594,
    "price_change_24h": -9.59701903253892,
    "rsi": 50,
    "position_pct": 36.951972975064976,
    "ta_score": 50,
    "signal_direction": "WAIT",
    "signal_name": "historical_import",
    "confidence": "MEDIUM",
    "hit_tp1": false,
    "hit_sl": false,
    "candles_to_result": 0,
    "max_favorable_pct": 0,
    "max_adverse_pct": 0,
    "outcome_tracked": false
  },
  {
    "symbol": "ORCL",
    "timeframe": "historical_1m",
    "timestamp": "2025-11-28",
    "congress_score": 42.857142857142854,
    "insider_score": 50,
    "short_interest_pct": 0,
    "combined_score": 48.214285714285715,
    "price": 0,
    "price_change_24h": 0,
    "rsi": 50,
    "position_pct": 50,
    "ta_score": 50,
    "signal_direction": "WAIT",
    "signal_name": "quiver_only_import",
    "confidence": "LOW",
    "hit_tp1": false,
    "hit_sl": false,
    "candles_to_result": 0,
    "max_favorable_pct": 0,
    "max_adverse_pct": 0,
    "outcome_tracked": false
  },
  {
    "symbol": "ORCL",
    "timeframe": "historical_1w",
    "timestamp": "2025-11-30",
    "congress_score": 50.0,
    "insider_score": 50,
    "short_interest_pct": 0,
    "combined_score": 50.0,
    "price": 201.9499969482422,
    "price_change_24h": 0.8338317251467559,
    "rsi": 50,
    "position_pct": 38.50421016308477,
    "ta_score": 50,
    "signal_direction": "WAIT",
    "signal_name": "historical_import",
    "confidence": "MEDIUM",
    "hit_tp1": false,
    "hit_sl": false,
    "candles_to_result": 0,
    "max_favorable_pct": 0,
    "max_adverse_pct": 0,
    "outcome_tracked": false
  },
  {
    "symbol": "ORCL",
    "timeframe": "historical_1w",
    "timestamp": "2025-12-07",
    "congress_score": 100.0,
    "insider_score": 50,
    "short_interest_pct": 0,
    "combined_score": 62.5,
    "price": 217.5800018310547,
    "price_change_24h": 8.281078524670882,
    "rsi": 50,
    "position_pct": 46.10968234489833,
    "ta_score": 50,
    "signal_direction": "WAIT",
    "signal_name": "historical_import",
    "confidence": "MEDIUM",
    "hit_tp1": false,
    "hit_sl": false,
    "candles_to_result": 0,
    "max_favorable_pct": 0,
    "max_adverse_pct": 0,
    "outcome_tracked": false
  },
  {
    "symbol": "ORCL",
    "timeframe": "historical_1w",
    "timestamp": "2025-12-14",
    "congress_score": 100.0,
    "insider_score": 50,
    "short_interest_pct": 0,
    "combined_score": 62.5,
    "price": 189.97000122070312,
    "price_change_24h": -13.861427857108707,
    "rsi": 50,
    "position_pct": 32.674811840616144,
    "ta_score": 50,
    "signal_direction": "WAIT",
    "signal_name": "historical_import",
    "confidence": "MEDIUM",
    "hit_tp1": false,
    "hit_sl": false,
    "candles_to_result": 0,
    "max_favorable_pct": 0,
    "max_adverse_pct": 0,
    "outcome_tracked": false
  },
  {
    "symbol": "ORCL",
    "timeframe": "historical_1w",
    "timestamp": "2025-12-21",
    "congress_score": 50,
    "insider_score": 50,
    "short_interest_pct": 0,
    "combined_score": 50.0,
    "price": 191.97000122070312,
    "price_change_24h": 3.8124611299838094,
    "rsi": 50,
    "position_pct": 33.64800055537808,
    "ta_score": 50,
    "signal_direction": "WAIT",
    "signal_name": "historical_import",
    "confidence": "MEDIUM",
    "hit_tp1": false,
    "hit_sl": false,
    "candles_to_result": 0,
    "max_favorable_pct": 0,
    "max_adverse_pct": 0,
    "outcome_tracked": false
  },
  {
    "symbol": "ORCL",
    "timeframe": "historical_1w",
    "timestamp": "2025-12-28",
    "congress_score": 50,
    "insider_score": 50,
    "short_interest_pct": 0,
    "combined_score": 50.0,
    "price": 197.66000366210938,
    "price_change_24h": -0.3629404188836702,
    "rsi": 50,
    "position_pct": 36.4167236368503,
    "ta_score": 50,
    "signal_direction": "WAIT",
    "signal_name": "historical_import",
    "confidence": "MEDIUM",
    "hit_tp1": false,
    "hit_sl": false,
    "candles_to_result": 0,
    "max_favorable_pct": 0,
    "max_adverse_pct": 0,
    "outcome_tracked": false
  }
]