[
  {
    "symbol": "OXY",
    "timeframe": "historical_1w",
    "timestamp": "2025-06-29",
    "congress_score": 50,
    "insider_score": 50,
    "short_interest_pct": 0,
    "combined_score": 50.0,
    "price": 42.599998474121094,
    "price_change_24h": -3.0716775094045956,
    "rsi": 50,
    "position_pct": 39.11993854175553,
    "ta_score": 50,
    "signal_direction": "WAIT",
    "signal_name": "historical_import",
    "confidence": "MEDIUM",
    "hit_tp1": true,
    "hit_sl": false,
    "candles_to_result": 2,
    "max_favorable_pct": 11.760568816156121,
    "max_adverse_pct": 1.9014117424982542,
    "outcome_tracked": true
  },
  {
    "symbol": "OXY",
    "timeframe": "historical_1w",
    "timestamp": "2025-07-06",
    "congress_score": 50,
    "insider_score": 50,
    "short_interest_pct": 0,
    "combined_score": 50.0,
    "price": 43.79999923706055,
    "price_change_24h": 4.260892613770558,
    "rsi": 50,
    "position_pct": 46.353216130075886,
    "ta_score": 50,
    "signal_direction": "WAIT",
    "signal_name": "historical_import",
    "confidence": "MEDIUM",
    "hit_tp1": true,
    "hit_sl": false,
    "candles_to_result": 1,
    "max_favorable_pct": 8.69863342387288,
    "max_adverse_pct": -0.8904095809171768,
    "outcome_tracked": true
  },
  {
    "symbol": "OXY",
    "timeframe": "historical_1w",
    "timestamp": "2025-07-13",
    "congress_score": 50,
    "insider_score": 50,
    "short_interest_pct": 0,
    "combined_score": 50.0,
    "price": 46.310001373291016,
    "price_change_24h": 6.828149950078943,
    "rsi": 50,
    "position_pct": 61.48282500978968,
    "ta_score": 50,
    "signal_direction": "WAIT",
    "signal_name": "historical_import",
    "confidence": "MEDIUM",
    "hit_tp1": false,
    "hit_sl": true,
    "candles_to_result": 1,
    "max_favorable_pct": 2.80716734724675,
    "max_adverse_pct": -6.262149513887648,
    "outcome_tracked": true
  },
  {
    "symbol": "OXY",
    "timeframe": "historical_1w",
    "timestamp": "2025-07-20",
    "congress_score": 50,
    "insider_score": 50,
    "short_interest_pct": 0,
    "combined_score": 50.0,
    "price": 43.619998931884766,
    "price_change_24h": -3.2172193759876357,
    "rsi": 50,
    "position_pct": 45.26822334213006,
    "ta_score": 50,
    "signal_direction": "WAIT",
    "signal_name": "historical_import",
    "confidence": "MEDIUM",
    "hit_tp1": true,
    "hit_sl": false,
    "candles_to_result": 5,
    "max_favorable_pct": 9.147184264487084,
    "max_adverse_pct": -0.48142844936925006,
    "outcome_tracked": true
  },
  {
    "symbol": "OXY",
    "timeframe": "historical_1w",
    "timestamp": "2025-07-27",
    "congress_score": 50,
    "insider_score": 50,
    "short_interest_pct": 0,
    "combined_score": 50.0,
    "price": 44.709999084472656,
    "price_change_24h": 3.976742056913154,
    "rsi": 50,
    "position_pct": 51.83844722737734,
    "ta_score": 50,
    "signal_direction": "WAIT",
    "signal_name": "historical_import",
    "confidence": "MEDIUM",
    "hit_tp1": false,
    "hit_sl": true,
    "candles_to_result": 1,
    "max_favorable_pct": 6.486248233644113,
    "max_adverse_pct": -2.9076252822201996,
    "outcome_tracked": true
  },
  {
    "symbol": "OXY",
    "timeframe": "historical_1w",
    "timestamp": "2025-08-03",
    "congress_score": 50,
    "insider_score": 50,
    "short_interest_pct": 0,
    "combined_score": 50.0,
    "price": 43.40999984741211,
    "price_change_24h": -4.698132657502404,
    "rsi": 50,
    "position_pct": 44.00240608751177,
    "ta_score": 50,
    "signal_direction": "WAIT",
    "signal_name": "historical_import",
    "confidence": "MEDIUM",
    "hit_tp1": true,
    "hit_sl": false,
    "candles_to_result": 3,
    "max_favorable_pct": 9.675191839904686,
    "max_adverse_pct": -2.9025531581712687,
    "outcome_tracked": true
  },
  {
    "symbol": "OXY",
    "timeframe": "historical_1w",
    "timestamp": "2025-08-10",
    "congress_score": 100.0,
    "insider_score": 50,
    "short_interest_pct": 0,
    "combined_score": 62.5,
    "price": 44.31999969482422,
    "price_change_24h": 3.4064373860975556,
    "rsi": 50,
    "position_pct": 49.487637184813224,
    "ta_score": 50,
    "signal_direction": "WAIT",
    "signal_name": "historical_import",
    "confidence": "MEDIUM",
    "hit_tp1": true,
    "hit_sl": false,
    "candles_to_result": 2,
    "max_favorable_pct": 7.4232873153912875,
    "max_adverse_pct": -7.716602419888344,
    "outcome_tracked": true
  },
  {
    "symbol": "OXY",
    "timeframe": "historical_1w",
    "timestamp": "2025-08-17",
    "congress_score": 100.0,
    "insider_score": 50,
    "short_interest_pct": 0,
    "combined_score": 62.5,
    "price": 44.61000061035156,
    "price_change_24h": 2.0590289286888104,
    "rsi": 50,
    "position_pct": 51.235683675832135,
    "ta_score": 50,
    "signal_direction": "WAIT",
    "signal_name": "historical_import",
    "confidence": "MEDIUM",
    "hit_tp1": true,
    "hit_sl": false,
    "candles_to_result": 2,
    "max_favorable_pct": 6.72494947086789,
    "max_adverse_pct": -8.316518793348248,
    "outcome_tracked": true
  },
  {
    "symbol": "OXY",
    "timeframe": "historical_1w",
    "timestamp": "2025-08-24",
    "congress_score": 100.0,
    "insider_score": 50,
    "short_interest_pct": 0,
    "combined_score": 62.5,
    "price": 45.83000183105469,
    "price_change_24h": 3.6643356257182216,
    "rsi": 50,
    "position_pct": 58.589518573252654,
    "ta_score": 50,
    "signal_direction": "WAIT",
    "signal_name": "historical_import",
    "confidence": "MEDIUM",
    "hit_tp1": true,
    "hit_sl": false,
    "candles_to_result": 1,
    "max_favorable_pct": 3.8839160117395783,
    "max_adverse_pct": -10.757146210356865,
    "outcome_tracked": true
  },
  {
    "symbol": "OXY",
    "timeframe": "historical_1w",
    "timestamp": "2025-08-31",
    "congress_score": 100.0,
    "insider_score": 50,
    "short_interest_pct": 0,
    "combined_score": 62.5,
    "price": 47.61000061035156,
    "price_change_24h": 2.6077565618134675,
    "rsi": 50,
    "position_pct": 69.31886614965525,
    "ta_score": 50,
    "signal_direction": "WAIT",
    "signal_name": "historical_import",
    "confidence": "MEDIUM",
    "hit_tp1": false,
    "hit_sl": true,
    "candles_to_result": 1,
    "max_favorable_pct": -0.2940545848638327,
    "max_adverse_pct": -14.093675695130617,
    "outcome_tracked": true
  },
  {
    "symbol": "OXY",
    "timeframe": "historical_1w",
    "timestamp": "2025-09-07",
    "congress_score": 50,
    "insider_score": 50,
    "short_interest_pct": 0,
    "combined_score": 50.0,
    "price": 45.90999984741211,
    "price_change_24h": -4.453692869151753,
    "rsi": 50,
    "position_pct": 59.0717248156977,
    "ta_score": 50,
    "signal_direction": "WAIT",
    "signal_name": "historical_import",
    "confidence": "MEDIUM",
    "hit_tp1": true,
    "hit_sl": false,
    "candles_to_result": 3,
    "max_favorable_pct": 3.3979555183530477,
    "max_adverse_pct": -10.912651575222366,
    "outcome_tracked": true
  },
  {
    "symbol": "OXY",
    "timeframe": "historical_1w",
    "timestamp": "2025-09-14",
    "congress_score": 50,
    "insider_score": 50,
    "short_interest_pct": 0,
    "combined_score": 50.0,
    "price": 45.66999816894531,
    "price_change_24h": 0.6390416350911791,
    "rsi": 50,
    "position_pct": 57.6250601004514,
    "ta_score": 50,
    "signal_direction": "WAIT",
    "signal_name": "historical_import",
    "confidence": "MEDIUM",
    "hit_tp1": true,
    "hit_sl": false,
    "candles_to_result": 2,
    "max_favorable_pct": 3.9413249921734805,
    "max_adverse_pct": -10.444486171032755,
    "outcome_tracked": true
  },
  {
    "symbol": "OXY",
    "timeframe": "historical_1w",
    "timestamp": "2025-09-21",
    "congress_score": 50,
    "insider_score": 50,
    "short_interest_pct": 0,
    "combined_score": 50.0,
    "price": 46.099998474121094,
    "price_change_24h": 1.3855228425442008,
    "rsi": 50,
    "position_pct": 60.21698476121582,
    "ta_score": 50,
    "signal_direction": "WAIT",
    "signal_name": "historical_import",
    "confidence": "MEDIUM",
    "hit_tp1": false,
    "hit_sl": true,
    "candles_to_result": 2,
    "max_favorable_pct": 2.9718064900828627,
    "max_adverse_pct": -11.279820217697582,
    "outcome_tracked": true
  },
  {
    "symbol": "OXY",
    "timeframe": "historical_1w",
    "timestamp": "2025-09-28",
    "congress_score": 50,
    "insider_score": 50,
    "short_interest_pct": 0,
    "combined_score": 50.0,
    "price": 47.470001220703125,
    "price_change_24h": 3.736894584555194,
    "rsi": 50,
    "position_pct": 68.47498797990971,
    "ta_score": 50,
    "signal_direction": "WAIT",
    "signal_name": "historical_import",
    "confidence": "MEDIUM",
    "hit_tp1": false,
    "hit_sl": true,
    "candles_to_result": 1,
    "max_favorable_pct": -5.519280975791017,
    "max_adverse_pct": -13.8403192034443,
    "outcome_tracked": true
  },
  {
    "symbol": "OXY",
    "timeframe": "historical_1w",
    "timestamp": "2025-10-05",
    "congress_score": 50,
    "insider_score": 50,
    "short_interest_pct": 0,
    "combined_score": 50.0,
    "price": 44.849998474121094,
    "price_change_24h": -6.756756971101724,
    "rsi": 50,
    "position_pct": 52.68232539712285,
    "ta_score": 50,
    "signal_direction": "WAIT",
    "signal_name": "historical_import",
    "confidence": "MEDIUM",
    "hit_tp1": false,
    "hit_sl": true,
    "candles_to_result": 1,
    "max_favorable_pct": -4.659978202215195,
    "max_adverse_pct": -8.807128389360761,
    "outcome_tracked": true
  },
  {
    "symbol": "OXY",
    "timeframe": "historical_1w",
    "timestamp": "2025-10-12",
    "congress_score": 50,
    "insider_score": 50,
    "short_interest_pct": 0,
    "combined_score": 50.0,
    "price": 42.150001525878906,
    "price_change_24h": -7.158590067772212,
    "rsi": 50,
    "position_pct": 36.40747956584652,
    "ta_score": 50,
    "signal_direction": "WAIT",
    "signal_name": "historical_import",
    "confidence": "MEDIUM",
    "hit_tp1": false,
    "hit_sl": true,
    "candles_to_result": 1,
    "max_favorable_pct": 1.4472046822579026,
    "max_adverse_pct": -6.0023784161449925,
    "outcome_tracked": true
  },
  {
    "symbol": "OXY",
    "timeframe": "historical_1w",
    "timestamp": "2025-10-19",
    "congress_score": 50,
    "insider_score": 50,
    "short_interest_pct": 0,
    "combined_score": 50.0,
    "price": 40.900001525878906,
    "price_change_24h": -3.5832077055089555,
    "rsi": 50,
    "position_pct": 28.872820201753562,
    "ta_score": 50,
    "signal_direction": "WAIT",
    "signal_name": "historical_import",
    "confidence": "MEDIUM",
    "hit_tp1": true,
    "hit_sl": false,
    "candles_to_result": 1,
    "max_favorable_pct": 4.54766925736521,
    "max_adverse_pct": -3.3618580652863495,
    "outcome_tracked": true
  },
  {
    "symbol": "OXY",
    "timeframe": "historical_1w",
    "timestamp": "2025-10-26",
    "congress_score": 100.0,
    "insider_score": 50,
    "short_interest_pct": 0,
    "combined_score": 62.5,
    "price": 42.56999969482422,
    "price_change_24h": 3.753353549462948,
    "rsi": 50,
    "position_pct": 38.93911407508308,
    "ta_score": 50,
    "signal_direction": "WAIT",
    "signal_name": "historical_import",
    "confidence": "MEDIUM",
    "hit_tp1": false,
    "hit_sl": false,
    "candles_to_result": 0,
    "max_favorable_pct": 0,
    "max_adverse_pct": 0,
    "outcome_tracked": false
  },
  {
    "symbol": "OXY",
    "timeframe": "historical_1w",
    "timestamp": "2025-11-02",
    "congress_score": 100.0,
    "insider_score": 50,
    "short_interest_pct": 0,
    "combined_score": 62.5,
    "price": 41.20000076293945,
    "price_change_24h": -2.6004692528631197,
    "rsi": 50,
    "position_pct": 30.68113385034476,
    "ta_score": 50,
    "signal_direction": "WAIT",
    "signal_name": "historical_import",
    "confidence": "MEDIUM",
    "hit_tp1": false,
    "hit_sl": false,
    "candles_to_result": 0,
    "max_favorable_pct": 0,
    "max_adverse_pct": 0,
    "outcome_tracked": false
  },
  {
    "symbol": "OXY",
    "timeframe": "historical_1w",
    "timestamp": "2025-11-09",
    "congress_score": 100.0,
    "insider_score": 50,
    "short_interest_pct": 0,
    "combined_score": 62.5,
    "price": 41.310001373291016,
    "price_change_24h": 0.9530870522904406,
    "rsi": 50,
    "position_pct": 31.344187553417836,
    "ta_score": 50,
    "signal_direction": "WAIT",
    "signal_name": "historical_import",
    "confidence": "MEDIUM",
    "hit_tp1": false,
    "hit_sl": false,
    "candles_to_result": 0,
    "max_favorable_pct": 0,
    "max_adverse_pct": 0,
    "outcome_tracked": false
  },
  {
    "symbol": "OXY",
    "timeframe": "historical_1w",
    "timestamp": "2025-11-16",
    "congress_score": 50.0,
    "insider_score": 50,
    "short_interest_pct": 0,
    "combined_score": 50.0,
    "price": 42.7599983215332,
    "price_change_24h": 2.2966485693652974,
    "rsi": 50,
    "position_pct": 40.0843740206012,
    "ta_score": 50,
    "signal_direction": "WAIT",
    "signal_name": "historical_import",
    "confidence": "MEDIUM",
    "hit_tp1": false,
    "hit_sl": false,
    "candles_to_result": 0,
    "max_favorable_pct": 0,
    "max_adverse_pct": 0,
    "outcome_tracked": false
  },
  {
    "symbol": "OXY",
    "timeframe": "historical_1w",
    "timestamp": "2025-11-23",
    "congress_score": 50.0,
    "insider_score": 50,
    "short_interest_pct": 0,
    "combined_score": 50.0,
    "price": 41.439998626708984,
    "price_change_24h": -0.5996642078079508,
    "rsi": 50,
    "position_pct": 32.12777557163549,
    "ta_score": 50,
    "signal_direction": "WAIT",
    "signal_name": "historical_import",
    "confidence": "MEDIUM",
    "hit_tp1": false,
    "hit_sl": false,
    "candles_to_result": 0,
    "max_favorable_pct": 0,
    "max_adverse_pct": 0,
    "outcome_tracked": false
  },
  {
    "symbol": "OXY",
    "timeframe": "historical_1w",
    "timestamp": "2025-11-30",
    "congress_score": 0.0,
    "insider_score": 50,
    "short_interest_pct": 0,
    "combined_score": 37.5,
    "price": 42.0,
    "price_change_24h": 1.3758138803417042,
    "rsi": 50,
    "position_pct": 35.50331124457314,
    "ta_score": 50,
    "signal_direction": "WAIT",
    "signal_name": "historical_import",
    "confidence": "MEDIUM",
    "hit_tp1": false,
    "hit_sl": false,
    "candles_to_result": 0,
    "max_favorable_pct": 0,
    "max_adverse_pct": 0,
    "outcome_tracked": false
  },
  {
    "symbol": "OXY",
    "timeframe": "historical_1w",
    "timestamp": "2025-12-07",
    "congress_score": 0.0,
    "insider_score": 50,
    "short_interest_pct": 0,
    "combined_score": 37.5,
    "price": 42.43000030517578,
    "price_change_24h": 0.21256531002253592,
    "rsi": 50,
    "position_pct": 38.09523590533757,
    "ta_score": 50,
    "signal_direction": "WAIT",
    "signal_name": "historical_import",
    "confidence": "MEDIUM",
    "hit_tp1": false,
    "hit_sl": false,
    "candles_to_result": 0,
    "max_favorable_pct": 0,
    "max_adverse_pct": 0,
    "outcome_tracked": false
  },
  {
    "symbol": "OXY",
    "timeframe": "historical_1w",
    "timestamp": "2025-12-14",
    "congress_score": 50,
    "insider_score": 50,
    "short_interest_pct": 0,
    "combined_score": 50.0,
    "price": 41.06999969482422,
    "price_change_24h": -0.7011627447963878,
    "rsi": 50,
    "position_pct": 29.897522838171533,
    "ta_score": 50,
    "signal_direction": "WAIT",
    "signal_name": "historical_import",
    "confidence": "MEDIUM",
    "hit_tp1": false,
    "hit_sl": false,
    "candles_to_result": 0,
    "max_favorable_pct": 0,
    "max_adverse_pct": 0,
    "outcome_tracked": false
  },
  {
    "symbol": "OXY",
    "timeframe": "historical_1w",
    "timestamp": "2025-12-21",
    "congress_score": 50,
    "insider_score": 50,
    "short_interest_pct": 0,
    "combined_score": 50.0,
    "price": 39.619998931884766,
    "price_change_24h": -1.4182625386939307,
    "rsi": 50,
    "position_pct": 21.15731337703258,
    "ta_score": 50,
    "signal_direction": "WAIT",
    "signal_name": "historical_import",
    "confidence": "MEDIUM",
    "hit_tp1": false,
    "hit_sl": false,
    "candles_to_result": 0,
    "max_favorable_pct": 0,
    "max_adverse_pct": 0,
    "outcome_tracked": false
  },
  {
    "symbol": "OXY",
    "timeframe": "historical_1w",
    "timestamp": "2025-12-28",
    "congress_score": 50,
    "insider_score": 50,
    "short_interest_pct": 0,
    "combined_score": 50.0,
    "price": 39.525001525878906,
    "price_change_24h": -1.8500097427764914,
    "rsi": 50,
    "position_pct": 20.584694901251307,
    "ta_score": 50,
    "signal_direction": "WAIT",
    "signal_name": "historical_import",
    "confidence": "MEDIUM",
    "hit_tp1": false,
    "hit_sl": false,
    "candles_to_result": 0,
    "max_favorable_pct": 0,
    "max_adverse_pct": 0,
    "outcome_tracked": false
  }
]