[
  {
    "symbol": "PANW",
    "timeframe": "historical_1w",
    "timestamp": "2025-06-29",
    "congress_score": 0.0,
    "insider_score": 50,
    "short_interest_pct": 0,
    "combined_score": 37.5,
    "price": 200.57000732421875,
    "price_change_24h": -1.352547659323456,
    "rsi": 50,
    "position_pct": 86.19270780674022,
    "ta_score": 50,
    "signal_direction": "WAIT",
    "signal_name": "historical_import",
    "confidence": "MEDIUM",
    "hit_tp1": true,
    "hit_sl": false,
    "candles_to_result": 2,
    "max_favorable_pct": 1.3461618635121642,
    "max_adverse_pct": -16.70738821455818,
    "outcome_tracked": true
  },
  {
    "symbol": "PANW",
    "timeframe": "historical_1w",
    "timestamp": "2025-07-06",
    "congress_score": 50.0,
    "insider_score": 50,
    "short_interest_pct": 0,
    "combined_score": 50.0,
    "price": 201.82000732421875,
    "price_change_24h": -1.3780258374904661,
    "rsi": 50,
    "position_pct": 88.4312466354969,
    "ta_score": 50,
    "signal_direction": "WAIT",
    "signal_name": "historical_import",
    "confidence": "MEDIUM",
    "hit_tp1": false,
    "hit_sl": true,
    "candles_to_result": 1,
    "max_favorable_pct": 0.71846045764571,
    "max_adverse_pct": -17.223272472576973,
    "outcome_tracked": true
  },
  {
    "symbol": "PANW",
    "timeframe": "historical_1w",
    "timestamp": "2025-07-13",
    "congress_score": 75.0,
    "insider_score": 50,
    "short_interest_pct": 0,
    "combined_score": 56.25,
    "price": 187.38999938964844,
    "price_change_24h": -6.965544090378213,
    "rsi": 50,
    "position_pct": 62.5895401868546,
    "ta_score": 50,
    "signal_direction": "WAIT",
    "signal_name": "historical_import",
    "confidence": "MEDIUM",
    "hit_tp1": true,
    "hit_sl": false,
    "candles_to_result": 1,
    "max_favorable_pct": 11.099846907255403,
    "max_adverse_pct": -10.849032444245651,
    "outcome_tracked": true
  },
  {
    "symbol": "PANW",
    "timeframe": "historical_1w",
    "timestamp": "2025-07-20",
    "congress_score": 60.0,
    "insider_score": 50,
    "short_interest_pct": 0,
    "combined_score": 52.5,
    "price": 195.77999877929688,
    "price_change_24h": 2.6531027297647034,
    "rsi": 50,
    "position_pct": 77.61461171243302,
    "ta_score": 50,
    "signal_direction": "WAIT",
    "signal_name": "historical_import",
    "confidence": "MEDIUM",
    "hit_tp1": true,
    "hit_sl": false,
    "candles_to_result": 1,
    "max_favorable_pct": 6.338749483852634,
    "max_adverse_pct": -14.669527735097818,
    "outcome_tracked": true
  },
  {
    "symbol": "PANW",
    "timeframe": "historical_1w",
    "timestamp": "2025-07-27",
    "congress_score": 50.0,
    "insider_score": 50,
    "short_interest_pct": 0,
    "combined_score": 50.0,
    "price": 203.27000427246094,
    "price_change_24h": 1.6960172637758126,
    "rsi": 50,
    "position_pct": 91.02794621167199,
    "ta_score": 50,
    "signal_direction": "WAIT",
    "signal_name": "historical_import",
    "confidence": "MEDIUM",
    "hit_tp1": false,
    "hit_sl": true,
    "candles_to_result": 1,
    "max_favorable_pct": 2.420425082665222,
    "max_adverse_pct": -17.813748193428324,
    "outcome_tracked": true
  },
  {
    "symbol": "PANW",
    "timeframe": "historical_1w",
    "timestamp": "2025-08-03",
    "congress_score": 25.0,
    "insider_score": 50,
    "short_interest_pct": 0,
    "combined_score": 43.75,
    "price": 172.8800048828125,
    "price_change_24h": -15.462100301803178,
    "rsi": 50,
    "position_pct": 36.60459129997568,
    "ta_score": 50,
    "signal_direction": "WAIT",
    "signal_name": "historical_import",
    "confidence": "MEDIUM",
    "hit_tp1": true,
    "hit_sl": false,
    "candles_to_result": 1,
    "max_favorable_pct": 20.632807242875995,
    "max_adverse_pct": -3.366501133641145,
    "outcome_tracked": true
  },
  {
    "symbol": "PANW",
    "timeframe": "historical_1w",
    "timestamp": "2025-08-10",
    "congress_score": 0.0,
    "insider_score": 50,
    "short_interest_pct": 0,
    "combined_score": 37.5,
    "price": 167.05999755859375,
    "price_change_24h": -2.3040949949744154,
    "rsi": 50,
    "position_pct": 26.181941396846042,
    "ta_score": 50,
    "signal_direction": "WAIT",
    "signal_name": "historical_import",
    "confidence": "MEDIUM",
    "hit_tp1": false,
    "hit_sl": true,
    "candles_to_result": 1,
    "max_favorable_pct": 24.83539213426127,
    "max_adverse_pct": 6.0038303159791475,
    "outcome_tracked": true
  },
  {
    "symbol": "PANW",
    "timeframe": "historical_1w",
    "timestamp": "2025-08-17",
    "congress_score": 0.0,
    "insider_score": 50,
    "short_interest_pct": 0,
    "combined_score": 37.5,
    "price": 177.08999633789062,
    "price_change_24h": 5.304155477235714,
    "rsi": 50,
    "position_pct": 44.14397477271672,
    "ta_score": 50,
    "signal_direction": "WAIT",
    "signal_name": "historical_import",
    "confidence": "MEDIUM",
    "hit_tp1": false,
    "hit_sl": true,
    "candles_to_result": 1,
    "max_favorable_pct": 22.59868151790015,
    "max_adverse_pct": 4.963582769605119,
    "outcome_tracked": true
  },
  {
    "symbol": "PANW",
    "timeframe": "historical_1w",
    "timestamp": "2025-08-24",
    "congress_score": 0.0,
    "insider_score": 50,
    "short_interest_pct": 0,
    "combined_score": 37.5,
    "price": 185.8800048828125,
    "price_change_24h": 5.511725500817334,
    "rsi": 50,
    "position_pct": 59.885395119045334,
    "ta_score": 50,
    "signal_direction": "WAIT",
    "signal_name": "historical_import",
    "confidence": "MEDIUM",
    "hit_tp1": false,
    "hit_sl": true,
    "candles_to_result": 1,
    "max_favorable_pct": 18.48504395726357,
    "max_adverse_pct": 2.4962337356154642,
    "outcome_tracked": true
  },
  {
    "symbol": "PANW",
    "timeframe": "historical_1w",
    "timestamp": "2025-08-31",
    "congress_score": 0.0,
    "insider_score": 50,
    "short_interest_pct": 0,
    "combined_score": 37.5,
    "price": 190.52000427246094,
    "price_change_24h": 3.234896300179856,
    "rsi": 50,
    "position_pct": 68.19485015835367,
    "ta_score": 50,
    "signal_direction": "WAIT",
    "signal_name": "historical_import",
    "confidence": "MEDIUM",
    "hit_tp1": false,
    "hit_sl": true,
    "candles_to_result": 1,
    "max_favorable_pct": 15.599412426109764,
    "max_adverse_pct": 2.0680255894660213,
    "outcome_tracked": true
  },
  {
    "symbol": "PANW",
    "timeframe": "historical_1w",
    "timestamp": "2025-09-07",
    "congress_score": 40.0,
    "insider_score": 50,
    "short_interest_pct": 0,
    "combined_score": 47.5,
    "price": 194.4600067138672,
    "price_change_24h": 2.0680255894660213,
    "rsi": 50,
    "position_pct": 75.25072891874093,
    "ta_score": 50,
    "signal_direction": "WAIT",
    "signal_name": "historical_import",
    "confidence": "MEDIUM",
    "hit_tp1": false,
    "hit_sl": true,
    "candles_to_result": 2,
    "max_favorable_pct": 13.257224050819943,
    "max_adverse_pct": 0.94106063410679,
    "outcome_tracked": true
  },
  {
    "symbol": "PANW",
    "timeframe": "historical_1w",
    "timestamp": "2025-09-14",
    "congress_score": 40.0,
    "insider_score": 50,
    "short_interest_pct": 0,
    "combined_score": 47.5,
    "price": 196.2899932861328,
    "price_change_24h": -0.5522401305678576,
    "rsi": 50,
    "position_pct": 78.52792571723691,
    "ta_score": 50,
    "signal_direction": "WAIT",
    "signal_name": "historical_import",
    "confidence": "MEDIUM",
    "hit_tp1": false,
    "hit_sl": true,
    "candles_to_result": 1,
    "max_favorable_pct": 12.201341396002398,
    "max_adverse_pct": -6.821539481194935,
    "outcome_tracked": true
  },
  {
    "symbol": "PANW",
    "timeframe": "historical_1w",
    "timestamp": "2025-09-21",
    "congress_score": 50.0,
    "insider_score": 50,
    "short_interest_pct": 0,
    "combined_score": 50.0,
    "price": 208.19000244140625,
    "price_change_24h": 3.433030457082912,
    "rsi": 50,
    "position_pct": 99.83883176254874,
    "ta_score": 50,
    "signal_direction": "WAIT",
    "signal_name": "historical_import",
    "confidence": "MEDIUM",
    "hit_tp1": false,
    "hit_sl": true,
    "candles_to_result": 1,
    "max_favorable_pct": 5.787983529684241,
    "max_adverse_pct": -12.147561481507541,
    "outcome_tracked": true
  },
  {
    "symbol": "PANW",
    "timeframe": "historical_1w",
    "timestamp": "2025-09-28",
    "congress_score": 100.0,
    "insider_score": 50,
    "short_interest_pct": 0,
    "combined_score": 62.5,
    "price": 202.3699951171875,
    "price_change_24h": -2.7908529940445423,
    "rsi": 50,
    "position_pct": 89.41618185941911,
    "ta_score": 50,
    "signal_direction": "WAIT",
    "signal_name": "historical_import",
    "confidence": "MEDIUM",
    "hit_tp1": true,
    "hit_sl": false,
    "candles_to_result": 2,
    "max_favorable_pct": 8.830365571550505,
    "max_adverse_pct": -9.620992088984597,
    "outcome_tracked": true
  },
  {
    "symbol": "PANW",
    "timeframe": "historical_1w",
    "timestamp": "2025-10-05",
    "congress_score": 100.0,
    "insider_score": 50,
    "short_interest_pct": 0,
    "combined_score": 62.5,
    "price": 207.19000244140625,
    "price_change_24h": 1.5836417048516678,
    "rsi": 50,
    "position_pct": 96.28913016584205,
    "ta_score": 50,
    "signal_direction": "WAIT",
    "signal_name": "historical_import",
    "confidence": "MEDIUM",
    "hit_tp1": true,
    "hit_sl": false,
    "candles_to_result": 3,
    "max_favorable_pct": 6.298567931842358,
    "max_adverse_pct": -11.72354276688188,
    "outcome_tracked": true
  },
  {
    "symbol": "PANW",
    "timeframe": "historical_1w",
    "timestamp": "2025-10-12",
    "congress_score": 100.0,
    "insider_score": 50,
    "short_interest_pct": 0,
    "combined_score": 62.5,
    "price": 208.5500030517578,
    "price_change_24h": -1.8957563009617744,
    "rsi": 50,
    "position_pct": 85.86076277144478,
    "ta_score": 50,
    "signal_direction": "WAIT",
    "signal_name": "historical_import",
    "confidence": "MEDIUM",
    "hit_tp1": true,
    "hit_sl": false,
    "candles_to_result": 2,
    "max_favorable_pct": 5.605371503401528,
    "max_adverse_pct": -12.29921303281287,
    "outcome_tracked": true
  },
  {
    "symbol": "PANW",
    "timeframe": "historical_1w",
    "timestamp": "2025-10-19",
    "congress_score": 100.0,
    "insider_score": 50,
    "short_interest_pct": 0,
    "combined_score": 62.5,
    "price": 207.88999938964844,
    "price_change_24h": -2.527194026865142,
    "rsi": 50,
    "position_pct": 84.8508105838805,
    "ta_score": 50,
    "signal_direction": "WAIT",
    "signal_name": "historical_import",
    "confidence": "MEDIUM",
    "hit_tp1": true,
    "hit_sl": false,
    "candles_to_result": 1,
    "max_favorable_pct": 5.940644638883276,
    "max_adverse_pct": -12.02078289794271,
    "outcome_tracked": true
  },
  {
    "symbol": "PANW",
    "timeframe": "historical_1w",
    "timestamp": "2025-10-26",
    "congress_score": 100.0,
    "insider_score": 50,
    "short_interest_pct": 0,
    "combined_score": 62.5,
    "price": 217.11000061035156,
    "price_change_24h": 2.4974001998006603,
    "rsi": 50,
    "position_pct": 98.95946018202676,
    "ta_score": 50,
    "signal_direction": "WAIT",
    "signal_name": "historical_import",
    "confidence": "MEDIUM",
    "hit_tp1": false,
    "hit_sl": false,
    "candles_to_result": 0,
    "max_favorable_pct": 0,
    "max_adverse_pct": 0,
    "outcome_tracked": false
  },
  {
    "symbol": "PANW",
    "timeframe": "historical_1w",
    "timestamp": "2025-11-02",
    "congress_score": 100.0,
    "insider_score": 50,
    "short_interest_pct": 0,
    "combined_score": 62.5,
    "price": 220.24000549316406,
    "price_change_24h": -0.022691812834104215,
    "rsi": 50,
    "position_pct": 98.34638910751802,
    "ta_score": 50,
    "signal_direction": "WAIT",
    "signal_name": "historical_import",
    "confidence": "MEDIUM",
    "hit_tp1": false,
    "hit_sl": false,
    "candles_to_result": 0,
    "max_favorable_pct": 0,
    "max_adverse_pct": 0,
    "outcome_tracked": false
  },
  {
    "symbol": "PANW",
    "timeframe": "historical_1w",
    "timestamp": "2025-11-09",
    "congress_score": 100.0,
    "insider_score": 50,
    "short_interest_pct": 0,
    "combined_score": 62.5,
    "price": 212.2899932861328,
    "price_change_24h": -3.165626317865437,
    "rsi": 50,
    "position_pct": 86.8146050554531,
    "ta_score": 50,
    "signal_direction": "WAIT",
    "signal_name": "historical_import",
    "confidence": "MEDIUM",
    "hit_tp1": false,
    "hit_sl": false,
    "candles_to_result": 0,
    "max_favorable_pct": 0,
    "max_adverse_pct": 0,
    "outcome_tracked": false
  },
  {
    "symbol": "PANW",
    "timeframe": "historical_1w",
    "timestamp": "2025-11-16",
    "congress_score": 100.0,
    "insider_score": 50,
    "short_interest_pct": 0,
    "combined_score": 62.5,
    "price": 205.25,
    "price_change_24h": -5.213814369715242,
    "rsi": 50,
    "position_pct": 76.60283679780578,
    "ta_score": 50,
    "signal_direction": "WAIT",
    "signal_name": "historical_import",
    "confidence": "MEDIUM",
    "hit_tp1": false,
    "hit_sl": false,
    "candles_to_result": 0,
    "max_favorable_pct": 0,
    "max_adverse_pct": 0,
    "outcome_tracked": false
  },
  {
    "symbol": "PANW",
    "timeframe": "historical_1w",
    "timestamp": "2025-11-23",
    "congress_score": 100.0,
    "insider_score": 50,
    "short_interest_pct": 0,
    "combined_score": 62.5,
    "price": 182.89999389648438,
    "price_change_24h": -9.85707274599703,
    "rsi": 50,
    "position_pct": 44.18333387929134,
    "ta_score": 50,
    "signal_direction": "WAIT",
    "signal_name": "historical_import",
    "confidence": "MEDIUM",
    "hit_tp1": false,
    "hit_sl": false,
    "candles_to_result": 0,
    "max_favorable_pct": 0,
    "max_adverse_pct": 0,
    "outcome_tracked": false
  },
  {
    "symbol": "PANW",
    "timeframe": "historical_1w",
    "timestamp": "2025-11-30",
    "congress_score": 50,
    "insider_score": 50,
    "short_interest_pct": 0,
    "combined_score": 50.0,
    "price": 190.1300048828125,
    "price_change_24h": 3.3933359692617007,
    "rsi": 50,
    "position_pct": 54.67072977469051,
    "ta_score": 50,
    "signal_direction": "WAIT",
    "signal_name": "historical_import",
    "confidence": "MEDIUM",
    "hit_tp1": false,
    "hit_sl": false,
    "candles_to_result": 0,
    "max_favorable_pct": 0,
    "max_adverse_pct": 0,
    "outcome_tracked": false
  },
  {
    "symbol": "PANW",
    "timeframe": "historical_1w",
    "timestamp": "2025-12-07",
    "congress_score": 50,
    "insider_score": 50,
    "short_interest_pct": 0,
    "combined_score": 50.0,
    "price": 198.83999633789062,
    "price_change_24h": 5.918074289244647,
    "rsi": 50,
    "position_pct": 67.30489157716644,
    "ta_score": 50,
    "signal_direction": "WAIT",
    "signal_name": "historical_import",
    "confidence": "MEDIUM",
    "hit_tp1": false,
    "hit_sl": false,
    "candles_to_result": 0,
    "max_favorable_pct": 0,
    "max_adverse_pct": 0,
    "outcome_tracked": false
  },
  {
    "symbol": "PANW",
    "timeframe": "historical_1w",
    "timestamp": "2025-12-14",
    "congress_score": 50,
    "insider_score": 50,
    "short_interest_pct": 0,
    "combined_score": 50.0,
    "price": 191.69000244140625,
    "price_change_24h": -1.873562092529419,
    "rsi": 50,
    "position_pct": 56.93356340298872,
    "ta_score": 50,
    "signal_direction": "WAIT",
    "signal_name": "historical_import",
    "confidence": "MEDIUM",
    "hit_tp1": false,
    "hit_sl": false,
    "candles_to_result": 0,
    "max_favorable_pct": 0,
    "max_adverse_pct": 0,
    "outcome_tracked": false
  },
  {
    "symbol": "PANW",
    "timeframe": "historical_1w",
    "timestamp": "2025-12-21",
    "congress_score": 50,
    "insider_score": 50,
    "short_interest_pct": 0,
    "combined_score": 50.0,
    "price": 186.8800048828125,
    "price_change_24h": 0.5379814793045906,
    "rsi": 50,
    "position_pct": 49.95648567125832,
    "ta_score": 50,
    "signal_direction": "WAIT",
    "signal_name": "historical_import",
    "confidence": "MEDIUM",
    "hit_tp1": false,
    "hit_sl": false,
    "candles_to_result": 0,
    "max_favorable_pct": 0,
    "max_adverse_pct": 0,
    "outcome_tracked": false
  },
  {
    "symbol": "PANW",
    "timeframe": "historical_1w",
    "timestamp": "2025-12-28",
    "congress_score": 50,
    "insider_score": 50,
    "short_interest_pct": 0,
    "combined_score": 50.0,
    "price": 188.0749969482422,
    "price_change_24h": -0.7467457406205638,
    "rsi": 50,
    "position_pct": 51.689865455289144,
    "ta_score": 50,
    "signal_direction": "WAIT",
    "signal_name": "historical_import",
    "confidence": "MEDIUM",
    "hit_tp1": false,
    "hit_sl": false,
    "candles_to_result": 0,
    "max_favorable_pct": 0,
    "max_adverse_pct": 0,
    "outcome_tracked": false
  }
]