[
  {
    "symbol": "PEP",
    "timeframe": "historical_1w",
    "timestamp": "2025-06-29",
    "congress_score": 80.0,
    "insider_score": 50,
    "short_interest_pct": 0,
    "combined_score": 57.5,
    "price": 131.0399932861328,
    "price_change_24h": 1.5105716969253817,
    "rsi": 50,
    "position_pct": 10.633766417977006,
    "ta_score": 50,
    "signal_direction": "WAIT",
    "signal_name": "historical_import",
    "confidence": "MEDIUM",
    "hit_tp1": true,
    "hit_sl": false,
    "candles_to_result": 1,
    "max_favorable_pct": 14.774115996845305,
    "max_adverse_pct": 3.220391816938305,
    "outcome_tracked": true
  },
  {
    "symbol": "PEP",
    "timeframe": "historical_1w",
    "timestamp": "2025-07-06",
    "congress_score": 85.71428571428571,
    "insider_score": 50,
    "short_interest_pct": 0,
    "combined_score": 58.92857142857143,
    "price": 135.3800048828125,
    "price_change_24h": 2.529545415412002,
    "rsi": 50,
    "position_pct": 25.915500676437308,
    "ta_score": 50,
    "signal_direction": "WAIT",
    "signal_name": "historical_import",
    "confidence": "MEDIUM",
    "hit_tp1": true,
    "hit_sl": false,
    "candles_to_result": 2,
    "max_favorable_pct": 11.094687894769589,
    "max_adverse_pct": -0.08864704657120212,
    "outcome_tracked": true
  },
  {
    "symbol": "PEP",
    "timeframe": "historical_1w",
    "timestamp": "2025-07-13",
    "congress_score": 75.0,
    "insider_score": 50,
    "short_interest_pct": 0,
    "combined_score": 56.25,
    "price": 135.25999450683594,
    "price_change_24h": 0.6024526418587919,
    "rsi": 50,
    "position_pct": 25.49292883922498,
    "ta_score": 50,
    "signal_direction": "WAIT",
    "signal_name": "historical_import",
    "confidence": "MEDIUM",
    "hit_tp1": true,
    "hit_sl": false,
    "candles_to_result": 1,
    "max_favorable_pct": 11.193257433470674,
    "max_adverse_pct": 2.972057101671529,
    "outcome_tracked": true
  },
  {
    "symbol": "PEP",
    "timeframe": "historical_1w",
    "timestamp": "2025-07-20",
    "congress_score": 87.5,
    "insider_score": 50,
    "short_interest_pct": 0,
    "combined_score": 59.375,
    "price": 143.24000549316406,
    "price_change_24h": 5.657592206661417,
    "rsi": 50,
    "position_pct": 53.59156511152351,
    "ta_score": 50,
    "signal_direction": "WAIT",
    "signal_name": "historical_import",
    "confidence": "MEDIUM",
    "hit_tp1": false,
    "hit_sl": true,
    "candles_to_result": 2,
    "max_favorable_pct": 4.99859545429996,
    "max_adverse_pct": -2.7645954775226347,
    "outcome_tracked": true
  },
  {
    "symbol": "PEP",
    "timeframe": "historical_1w",
    "timestamp": "2025-07-27",
    "congress_score": 75.0,
    "insider_score": 50,
    "short_interest_pct": 0,
    "combined_score": 56.25,
    "price": 143.4499969482422,
    "price_change_24h": 1.235003555179476,
    "rsi": 50,
    "position_pct": 54.33097180239649,
    "ta_score": 50,
    "signal_direction": "WAIT",
    "signal_name": "historical_import",
    "confidence": "MEDIUM",
    "hit_tp1": false,
    "hit_sl": true,
    "candles_to_result": 1,
    "max_favorable_pct": 4.844891666850155,
    "max_adverse_pct": -2.906935000110093,
    "outcome_tracked": true
  },
  {
    "symbol": "PEP",
    "timeframe": "historical_1w",
    "timestamp": "2025-08-03",
    "congress_score": 50.0,
    "insider_score": 50,
    "short_interest_pct": 0,
    "combined_score": 50.0,
    "price": 139.27999877929688,
    "price_change_24h": -1.6175802969885962,
    "rsi": 50,
    "position_pct": 39.64787650264181,
    "ta_score": 50,
    "signal_direction": "WAIT",
    "signal_name": "historical_import",
    "confidence": "MEDIUM",
    "hit_tp1": true,
    "hit_sl": false,
    "candles_to_result": 1,
    "max_favorable_pct": 7.983913853135688,
    "max_adverse_pct": 0.8328573178317709,
    "outcome_tracked": true
  },
  {
    "symbol": "PEP",
    "timeframe": "historical_1w",
    "timestamp": "2025-08-10",
    "congress_score": 75.0,
    "insider_score": 50,
    "short_interest_pct": 0,
    "combined_score": 56.25,
    "price": 145.2100067138672,
    "price_change_24h": 4.048444578756389,
    "rsi": 50,
    "position_pct": 60.52819061885148,
    "ta_score": 50,
    "signal_direction": "WAIT",
    "signal_name": "historical_import",
    "confidence": "MEDIUM",
    "hit_tp1": true,
    "hit_sl": false,
    "candles_to_result": 1,
    "max_favorable_pct": 5.853591079813834,
    "max_adverse_pct": -3.284900524700144,
    "outcome_tracked": true
  },
  {
    "symbol": "PEP",
    "timeframe": "historical_1w",
    "timestamp": "2025-08-17",
    "congress_score": 66.66666666666666,
    "insider_score": 50,
    "short_interest_pct": 0,
    "combined_score": 54.166666666666664,
    "price": 150.39999389648438,
    "price_change_24h": 3.817214720566241,
    "rsi": 50,
    "position_pct": 78.80279730198761,
    "ta_score": 50,
    "signal_direction": "WAIT",
    "signal_name": "historical_import",
    "confidence": "MEDIUM",
    "hit_tp1": false,
    "hit_sl": true,
    "candles_to_result": 3,
    "max_favorable_pct": 2.200806483849322,
    "max_adverse_pct": -6.622335012814745,
    "outcome_tracked": true
  },
  {
    "symbol": "PEP",
    "timeframe": "historical_1w",
    "timestamp": "2025-08-24",
    "congress_score": 66.66666666666666,
    "insider_score": 50,
    "short_interest_pct": 0,
    "combined_score": 54.166666666666664,
    "price": 149.63999938964844,
    "price_change_24h": 0.06017809164435667,
    "rsi": 50,
    "position_pct": 76.12675973097245,
    "ta_score": 50,
    "signal_direction": "WAIT",
    "signal_name": "historical_import",
    "confidence": "MEDIUM",
    "hit_tp1": false,
    "hit_sl": true,
    "candles_to_result": 2,
    "max_favorable_pct": 2.719865905385922,
    "max_adverse_pct": -6.148086732001558,
    "outcome_tracked": true
  },
  {
    "symbol": "PEP",
    "timeframe": "historical_1w",
    "timestamp": "2025-08-31",
    "congress_score": 75.0,
    "insider_score": 50,
    "short_interest_pct": 0,
    "combined_score": 56.25,
    "price": 148.64999389648438,
    "price_change_24h": 0.3036416717331957,
    "rsi": 50,
    "position_pct": 72.64082414671651,
    "ta_score": 50,
    "signal_direction": "WAIT",
    "signal_name": "historical_import",
    "confidence": "MEDIUM",
    "hit_tp1": false,
    "hit_sl": true,
    "candles_to_result": 2,
    "max_favorable_pct": 3.4039778171174775,
    "max_adverse_pct": -5.523035178054114,
    "outcome_tracked": true
  },
  {
    "symbol": "PEP",
    "timeframe": "historical_1w",
    "timestamp": "2025-09-07",
    "congress_score": 33.33333333333333,
    "insider_score": 50,
    "short_interest_pct": 0,
    "combined_score": 45.83333333333333,
    "price": 146.38999938964844,
    "price_change_24h": -2.588501078817109,
    "rsi": 50,
    "position_pct": 64.68309529975468,
    "ta_score": 50,
    "signal_direction": "WAIT",
    "signal_name": "historical_import",
    "confidence": "MEDIUM",
    "hit_tp1": true,
    "hit_sl": false,
    "candles_to_result": 2,
    "max_favorable_pct": 5.000346577456413,
    "max_adverse_pct": -4.064483211318959,
    "outcome_tracked": true
  },
  {
    "symbol": "PEP",
    "timeframe": "historical_1w",
    "timestamp": "2025-09-14",
    "congress_score": 50.0,
    "insider_score": 50,
    "short_interest_pct": 0,
    "combined_score": 50.0,
    "price": 143.52999877929688,
    "price_change_24h": 1.2843073736525272,
    "rsi": 50,
    "position_pct": 54.612668451157354,
    "ta_score": 50,
    "signal_direction": "WAIT",
    "signal_name": "historical_import",
    "confidence": "MEDIUM",
    "hit_tp1": false,
    "hit_sl": true,
    "candles_to_result": 2,
    "max_favorable_pct": 7.092599471295127,
    "max_adverse_pct": -2.1528574961127456,
    "outcome_tracked": true
  },
  {
    "symbol": "PEP",
    "timeframe": "historical_1w",
    "timestamp": "2025-09-21",
    "congress_score": 50.0,
    "insider_score": 50,
    "short_interest_pct": 0,
    "combined_score": 50.0,
    "price": 141.75999450683594,
    "price_change_24h": 0.7963560310353182,
    "rsi": 50,
    "position_pct": 48.380257701660526,
    "ta_score": 50,
    "signal_direction": "WAIT",
    "signal_name": "historical_import",
    "confidence": "MEDIUM",
    "hit_tp1": true,
    "hit_sl": false,
    "candles_to_result": 3,
    "max_favorable_pct": 8.429749344025968,
    "max_adverse_pct": -0.9311456804310435,
    "outcome_tracked": true
  },
  {
    "symbol": "PEP",
    "timeframe": "historical_1w",
    "timestamp": "2025-09-28",
    "congress_score": 0.0,
    "insider_score": 50,
    "short_interest_pct": 0,
    "combined_score": 37.5,
    "price": 140.44000244140625,
    "price_change_24h": -0.41834811245650816,
    "rsi": 50,
    "position_pct": 43.73239731746133,
    "ta_score": 50,
    "signal_direction": "WAIT",
    "signal_name": "historical_import",
    "confidence": "MEDIUM",
    "hit_tp1": false,
    "hit_sl": true,
    "candles_to_result": 2,
    "max_favorable_pct": 9.44887784233512,
    "max_adverse_pct": 1.0965488887507828,
    "outcome_tracked": true
  },
  {
    "symbol": "PEP",
    "timeframe": "historical_1w",
    "timestamp": "2025-10-05",
    "congress_score": 50,
    "insider_score": 50,
    "short_interest_pct": 0,
    "combined_score": 50.0,
    "price": 141.97999572753906,
    "price_change_24h": 1.29128742401222,
    "rsi": 50,
    "position_pct": 49.1549100537174,
    "ta_score": 50,
    "signal_direction": "WAIT",
    "signal_name": "historical_import",
    "confidence": "MEDIUM",
    "hit_tp1": true,
    "hit_sl": false,
    "candles_to_result": 1,
    "max_favorable_pct": 8.261734990356054,
    "max_adverse_pct": 0.6831956965011934,
    "outcome_tracked": true
  },
  {
    "symbol": "PEP",
    "timeframe": "historical_1w",
    "timestamp": "2025-10-12",
    "congress_score": 0.0,
    "insider_score": 50,
    "short_interest_pct": 0,
    "combined_score": 37.5,
    "price": 150.0800018310547,
    "price_change_24h": 7.4302112452144256,
    "rsi": 50,
    "position_pct": 77.6760644350862,
    "ta_score": 50,
    "signal_direction": "WAIT",
    "signal_name": "historical_import",
    "confidence": "MEDIUM",
    "hit_tp1": false,
    "hit_sl": true,
    "candles_to_result": 1,
    "max_favorable_pct": 2.4187132452855398,
    "max_adverse_pct": -4.750802769071631,
    "outcome_tracked": true
  },
  {
    "symbol": "PEP",
    "timeframe": "historical_1w",
    "timestamp": "2025-10-19",
    "congress_score": 0.0,
    "insider_score": 50,
    "short_interest_pct": 0,
    "combined_score": 37.5,
    "price": 153.7100067138672,
    "price_change_24h": 3.2372942064461183,
    "rsi": 50,
    "position_pct": 90.45777451588258,
    "ta_score": 50,
    "signal_direction": "WAIT",
    "signal_name": "historical_import",
    "confidence": "MEDIUM",
    "hit_tp1": true,
    "hit_sl": false,
    "candles_to_result": 2,
    "max_favorable_pct": -1.4052459617220918,
    "max_adverse_pct": -7.00020122024643,
    "outcome_tracked": true
  },
  {
    "symbol": "PEP",
    "timeframe": "historical_1w",
    "timestamp": "2025-10-26",
    "congress_score": 0.0,
    "insider_score": 50,
    "short_interest_pct": 0,
    "combined_score": 37.5,
    "price": 151.5500030517578,
    "price_change_24h": -1.360320454434628,
    "rsi": 50,
    "position_pct": 82.85212618376528,
    "ta_score": 50,
    "signal_direction": "WAIT",
    "signal_name": "historical_import",
    "confidence": "MEDIUM",
    "hit_tp1": false,
    "hit_sl": false,
    "candles_to_result": 0,
    "max_favorable_pct": 0,
    "max_adverse_pct": 0,
    "outcome_tracked": false
  },
  {
    "symbol": "PEP",
    "timeframe": "historical_1w",
    "timestamp": "2025-11-02",
    "congress_score": 20.0,
    "insider_score": 50,
    "short_interest_pct": 0,
    "combined_score": 42.5,
    "price": 146.08999633789062,
    "price_change_24h": -4.284877373844819,
    "rsi": 50,
    "position_pct": 63.62674629893693,
    "ta_score": 50,
    "signal_direction": "WAIT",
    "signal_name": "historical_import",
    "confidence": "MEDIUM",
    "hit_tp1": false,
    "hit_sl": false,
    "candles_to_result": 0,
    "max_favorable_pct": 0,
    "max_adverse_pct": 0,
    "outcome_tracked": false
  },
  {
    "symbol": "PEP",
    "timeframe": "historical_1w",
    "timestamp": "2025-11-09",
    "congress_score": 40.0,
    "insider_score": 50,
    "short_interest_pct": 0,
    "combined_score": 47.5,
    "price": 142.9499969482422,
    "price_change_24h": -0.45265259585356243,
    "rsi": 50,
    "position_pct": 52.570408043747605,
    "ta_score": 50,
    "signal_direction": "WAIT",
    "signal_name": "historical_import",
    "confidence": "MEDIUM",
    "hit_tp1": false,
    "hit_sl": false,
    "candles_to_result": 0,
    "max_favorable_pct": 0,
    "max_adverse_pct": 0,
    "outcome_tracked": false
  },
  {
    "symbol": "PEP",
    "timeframe": "historical_1w",
    "timestamp": "2025-11-16",
    "congress_score": 33.33333333333333,
    "insider_score": 50,
    "short_interest_pct": 0,
    "combined_score": 45.83333333333333,
    "price": 145.85000610351562,
    "price_change_24h": 2.2647672815260584,
    "rsi": 50,
    "position_pct": 62.78171008079638,
    "ta_score": 50,
    "signal_direction": "WAIT",
    "signal_name": "historical_import",
    "confidence": "MEDIUM",
    "hit_tp1": false,
    "hit_sl": false,
    "candles_to_result": 0,
    "max_favorable_pct": 0,
    "max_adverse_pct": 0,
    "outcome_tracked": false
  },
  {
    "symbol": "PEP",
    "timeframe": "historical_1w",
    "timestamp": "2025-11-23",
    "congress_score": 33.33333333333333,
    "insider_score": 50,
    "short_interest_pct": 0,
    "combined_score": 45.83333333333333,
    "price": 146.3300018310547,
    "price_change_24h": -1.014679010634291,
    "rsi": 50,
    "position_pct": 64.47183624521954,
    "ta_score": 50,
    "signal_direction": "WAIT",
    "signal_name": "historical_import",
    "confidence": "MEDIUM",
    "hit_tp1": false,
    "hit_sl": false,
    "candles_to_result": 0,
    "max_favorable_pct": 0,
    "max_adverse_pct": 0,
    "outcome_tracked": false
  },
  {
    "symbol": "PEP",
    "timeframe": "historical_1w",
    "timestamp": "2025-11-30",
    "congress_score": 33.33333333333333,
    "insider_score": 50,
    "short_interest_pct": 0,
    "combined_score": 45.83333333333333,
    "price": 148.74000549316406,
    "price_change_24h": 2.22680789908183,
    "rsi": 50,
    "position_pct": 72.95776645666126,
    "ta_score": 50,
    "signal_direction": "WAIT",
    "signal_name": "historical_import",
    "confidence": "MEDIUM",
    "hit_tp1": false,
    "hit_sl": false,
    "candles_to_result": 0,
    "max_favorable_pct": 0,
    "max_adverse_pct": 0,
    "outcome_tracked": false
  },
  {
    "symbol": "PEP",
    "timeframe": "historical_1w",
    "timestamp": "2025-12-07",
    "congress_score": 0.0,
    "insider_score": 50,
    "short_interest_pct": 0,
    "combined_score": 37.5,
    "price": 145.02000427246094,
    "price_change_24h": -3.0031371810194987,
    "rsi": 50,
    "position_pct": 59.85916779406219,
    "ta_score": 50,
    "signal_direction": "WAIT",
    "signal_name": "historical_import",
    "confidence": "MEDIUM",
    "hit_tp1": false,
    "hit_sl": false,
    "candles_to_result": 0,
    "max_favorable_pct": 0,
    "max_adverse_pct": 0,
    "outcome_tracked": false
  },
  {
    "symbol": "PEP",
    "timeframe": "historical_1w",
    "timestamp": "2025-12-14",
    "congress_score": 50,
    "insider_score": 50,
    "short_interest_pct": 0,
    "combined_score": 50.0,
    "price": 150.64999389648438,
    "price_change_24h": 3.447084285763381,
    "rsi": 50,
    "position_pct": 79.68307918131207,
    "ta_score": 50,
    "signal_direction": "WAIT",
    "signal_name": "historical_import",
    "confidence": "MEDIUM",
    "hit_tp1": false,
    "hit_sl": false,
    "candles_to_result": 0,
    "max_favorable_pct": 0,
    "max_adverse_pct": 0,
    "outcome_tracked": false
  },
  {
    "symbol": "PEP",
    "timeframe": "historical_1w",
    "timestamp": "2025-12-21",
    "congress_score": 50,
    "insider_score": 50,
    "short_interest_pct": 0,
    "combined_score": 50.0,
    "price": 148.16000366210938,
    "price_change_24h": -2.0235402287345132,
    "rsi": 50,
    "position_pct": 70.9155060492515,
    "ta_score": 50,
    "signal_direction": "WAIT",
    "signal_name": "historical_import",
    "confidence": "MEDIUM",
    "hit_tp1": false,
    "hit_sl": false,
    "candles_to_result": 0,
    "max_favorable_pct": 0,
    "max_adverse_pct": 0,
    "outcome_tracked": false
  },
  {
    "symbol": "PEP",
    "timeframe": "historical_1w",
    "timestamp": "2025-12-28",
    "congress_score": 50,
    "insider_score": 50,
    "short_interest_pct": 0,
    "combined_score": 50.0,
    "price": 143.39999389648438,
    "price_change_24h": -2.482155103382574,
    "rsi": 50,
    "position_pct": 54.15490468090319,
    "ta_score": 50,
    "signal_direction": "WAIT",
    "signal_name": "historical_import",
    "confidence": "MEDIUM",
    "hit_tp1": false,
    "hit_sl": false,
    "candles_to_result": 0,
    "max_favorable_pct": 0,
    "max_adverse_pct": 0,
    "outcome_tracked": false
  }
]