[
  {
    "symbol": "PG",
    "timeframe": "historical_1w",
    "timestamp": "2025-06-29",
    "congress_score": 33.33333333333333,
    "insider_score": 50,
    "short_interest_pct": 0,
    "combined_score": 45.83333333333333,
    "price": 159.86000061035156,
    "price_change_24h": -0.726571556737623,
    "rsi": 50,
    "position_pct": 11.82794640388722,
    "ta_score": 50,
    "signal_direction": "WAIT",
    "signal_name": "historical_import",
    "confidence": "MEDIUM",
    "hit_tp1": true,
    "hit_sl": false,
    "candles_to_result": 5,
    "max_favorable_pct": 0.6067816946075463,
    "max_adverse_pct": -5.761295307583531,
    "outcome_tracked": true
  },
  {
    "symbol": "PG",
    "timeframe": "historical_1w",
    "timestamp": "2025-07-06",
    "congress_score": 54.54545454545454,
    "insider_score": 50,
    "short_interest_pct": 0,
    "combined_score": 51.13636363636363,
    "price": 160.8300018310547,
    "price_change_24h": 0.9477745652892638,
    "rsi": 50,
    "position_pct": 17.04300929720116,
    "ta_score": 50,
    "signal_direction": "WAIT",
    "signal_name": "historical_import",
    "confidence": "MEDIUM",
    "hit_tp1": false,
    "hit_sl": true,
    "candles_to_result": 1,
    "max_favorable_pct": -0.5036358573474489,
    "max_adverse_pct": -6.329669724970838,
    "outcome_tracked": true
  },
  {
    "symbol": "PG",
    "timeframe": "historical_1w",
    "timestamp": "2025-07-13",
    "congress_score": 41.66666666666667,
    "insider_score": 50,
    "short_interest_pct": 0,
    "combined_score": 47.91666666666667,
    "price": 157.0500030517578,
    "price_change_24h": -2.149530808873637,
    "rsi": 50,
    "position_pct": 0.0,
    "ta_score": 50,
    "signal_direction": "WAIT",
    "signal_name": "historical_import",
    "confidence": "MEDIUM",
    "hit_tp1": false,
    "hit_sl": true,
    "candles_to_result": 3,
    "max_favorable_pct": 1.8911182190326499,
    "max_adverse_pct": -4.075141057567655,
    "outcome_tracked": true
  },
  {
    "symbol": "PG",
    "timeframe": "historical_1w",
    "timestamp": "2025-07-20",
    "congress_score": 45.45454545454545,
    "insider_score": 50,
    "short_interest_pct": 0,
    "combined_score": 48.86363636363636,
    "price": 155.10000610351562,
    "price_change_24h": 0.8714956064986803,
    "rsi": 50,
    "position_pct": 10.26299083890331,
    "ta_score": 50,
    "signal_direction": "WAIT",
    "signal_name": "historical_import",
    "confidence": "MEDIUM",
    "hit_tp1": false,
    "hit_sl": true,
    "candles_to_result": 2,
    "max_favorable_pct": 3.1721456965395904,
    "max_adverse_pct": -2.8691244564241076,
    "outcome_tracked": true
  },
  {
    "symbol": "PG",
    "timeframe": "historical_1w",
    "timestamp": "2025-07-27",
    "congress_score": 66.66666666666666,
    "insider_score": 50,
    "short_interest_pct": 0,
    "combined_score": 54.166666666666664,
    "price": 158.3000030517578,
    "price_change_24h": 2.109271946209692,
    "rsi": 50,
    "position_pct": 23.83379957407404,
    "ta_score": 50,
    "signal_direction": "WAIT",
    "signal_name": "historical_import",
    "confidence": "MEDIUM",
    "hit_tp1": false,
    "hit_sl": true,
    "candles_to_result": 1,
    "max_favorable_pct": 1.0865452858776972,
    "max_adverse_pct": -4.832602026401849,
    "outcome_tracked": true
  },
  {
    "symbol": "PG",
    "timeframe": "historical_1w",
    "timestamp": "2025-08-03",
    "congress_score": 33.33333333333333,
    "insider_score": 50,
    "short_interest_pct": 0,
    "combined_score": 45.83333333333333,
    "price": 150.64999389648438,
    "price_change_24h": -4.111773081771317,
    "rsi": 50,
    "position_pct": 0.6979167221343614,
    "ta_score": 50,
    "signal_direction": "WAIT",
    "signal_name": "historical_import",
    "confidence": "MEDIUM",
    "hit_tp1": false,
    "hit_sl": true,
    "candles_to_result": 2,
    "max_favorable_pct": 6.2197217096569855,
    "max_adverse_pct": -0.6372329863735413,
    "outcome_tracked": true
  },
  {
    "symbol": "PG",
    "timeframe": "historical_1w",
    "timestamp": "2025-08-10",
    "congress_score": 33.33333333333333,
    "insider_score": 50,
    "short_interest_pct": 0,
    "combined_score": 45.83333333333333,
    "price": 153.50999450683594,
    "price_change_24h": 1.824091337357608,
    "rsi": 50,
    "position_pct": 11.787491576306094,
    "ta_score": 50,
    "signal_direction": "WAIT",
    "signal_name": "historical_import",
    "confidence": "MEDIUM",
    "hit_tp1": false,
    "hit_sl": true,
    "candles_to_result": 2,
    "max_favorable_pct": 4.240772587178422,
    "max_adverse_pct": -2.4884321556402504,
    "outcome_tracked": true
  },
  {
    "symbol": "PG",
    "timeframe": "historical_1w",
    "timestamp": "2025-08-17",
    "congress_score": 40.0,
    "insider_score": 50,
    "short_interest_pct": 0,
    "combined_score": 47.5,
    "price": 154.36000061035156,
    "price_change_24h": -0.40004847998413673,
    "rsi": 50,
    "position_pct": 15.08336720560558,
    "ta_score": 50,
    "signal_direction": "WAIT",
    "signal_name": "historical_import",
    "confidence": "MEDIUM",
    "hit_tp1": false,
    "hit_sl": true,
    "candles_to_result": 1,
    "max_favorable_pct": 3.6667554027787483,
    "max_adverse_pct": -3.0253939819122655,
    "outcome_tracked": true
  },
  {
    "symbol": "PG",
    "timeframe": "historical_1w",
    "timestamp": "2025-08-24",
    "congress_score": 40.0,
    "insider_score": 50,
    "short_interest_pct": 0,
    "combined_score": 47.5,
    "price": 158.6699981689453,
    "price_change_24h": 1.8944239180046851,
    "rsi": 50,
    "position_pct": 31.795265928399047,
    "ta_score": 50,
    "signal_direction": "WAIT",
    "signal_name": "historical_import",
    "confidence": "MEDIUM",
    "hit_tp1": true,
    "hit_sl": false,
    "candles_to_result": 5,
    "max_favorable_pct": 0.8508263182042732,
    "max_adverse_pct": -5.659542340183007,
    "outcome_tracked": true
  },
  {
    "symbol": "PG",
    "timeframe": "historical_1w",
    "timestamp": "2025-08-31",
    "congress_score": 20.0,
    "insider_score": 50,
    "short_interest_pct": 0,
    "combined_score": 42.5,
    "price": 157.0399932861328,
    "price_change_24h": 0.5699644088609057,
    "rsi": 50,
    "position_pct": 25.474966172101908,
    "ta_score": 50,
    "signal_direction": "WAIT",
    "signal_name": "historical_import",
    "confidence": "MEDIUM",
    "hit_tp1": true,
    "hit_sl": false,
    "candles_to_result": 5,
    "max_favorable_pct": 1.8976127825594287,
    "max_adverse_pct": -6.406009926569503,
    "outcome_tracked": true
  },
  {
    "symbol": "PG",
    "timeframe": "historical_1w",
    "timestamp": "2025-09-07",
    "congress_score": 33.33333333333333,
    "insider_score": 50,
    "short_interest_pct": 0,
    "combined_score": 45.83333333333333,
    "price": 160.02000427246094,
    "price_change_24h": 1.2848906315056172,
    "rsi": 50,
    "position_pct": 37.029878006570925,
    "ta_score": 50,
    "signal_direction": "WAIT",
    "signal_name": "historical_import",
    "confidence": "MEDIUM",
    "hit_tp1": true,
    "hit_sl": false,
    "candles_to_result": 3,
    "max_favorable_pct": -1.3248408445027215,
    "max_adverse_pct": -8.148986499662298,
    "outcome_tracked": true
  },
  {
    "symbol": "PG",
    "timeframe": "historical_1w",
    "timestamp": "2025-09-14",
    "congress_score": 25.0,
    "insider_score": 50,
    "short_interest_pct": 0,
    "combined_score": 43.75,
    "price": 157.89999389648438,
    "price_change_24h": -0.6980697117776725,
    "rsi": 50,
    "position_pct": 28.80959523078407,
    "ta_score": 50,
    "signal_direction": "WAIT",
    "signal_name": "historical_import",
    "confidence": "MEDIUM",
    "hit_tp1": true,
    "hit_sl": false,
    "candles_to_result": 2,
    "max_favorable_pct": -1.17796116671856,
    "max_adverse_pct": -6.915768582045806,
    "outcome_tracked": true
  },
  {
    "symbol": "PG",
    "timeframe": "historical_1w",
    "timestamp": "2025-09-21",
    "congress_score": 16.666666666666664,
    "insider_score": 50,
    "short_interest_pct": 0,
    "combined_score": 41.666666666666664,
    "price": 156.0399932861328,
    "price_change_24h": -0.5037355963133334,
    "rsi": 50,
    "position_pct": 21.59749327435712,
    "ta_score": 50,
    "signal_direction": "WAIT",
    "signal_name": "historical_import",
    "confidence": "MEDIUM",
    "hit_tp1": true,
    "hit_sl": false,
    "candles_to_result": 3,
    "max_favorable_pct": -2.2686448592967285,
    "max_adverse_pct": -5.806202222772659,
    "outcome_tracked": true
  },
  {
    "symbol": "PG",
    "timeframe": "historical_1w",
    "timestamp": "2025-09-28",
    "congress_score": 42.857142857142854,
    "insider_score": 50,
    "short_interest_pct": 0,
    "combined_score": 48.214285714285715,
    "price": 152.5,
    "price_change_24h": -0.3723834173545266,
    "rsi": 50,
    "position_pct": 7.871265249178634,
    "ta_score": 50,
    "signal_direction": "WAIT",
    "signal_name": "historical_import",
    "confidence": "MEDIUM",
    "hit_tp1": false,
    "hit_sl": true,
    "candles_to_result": 6,
    "max_favorable_pct": -0.006553774974385246,
    "max_adverse_pct": -5.934428230660861,
    "outcome_tracked": true
  },
  {
    "symbol": "PG",
    "timeframe": "historical_1w",
    "timestamp": "2025-10-05",
    "congress_score": 50.0,
    "insider_score": 50,
    "short_interest_pct": 0,
    "combined_score": 50.0,
    "price": 152.27000427246094,
    "price_change_24h": -0.8206829393955837,
    "rsi": 50,
    "position_pct": 6.979463049048825,
    "ta_score": 50,
    "signal_direction": "WAIT",
    "signal_name": "historical_import",
    "confidence": "MEDIUM",
    "hit_tp1": false,
    "hit_sl": true,
    "candles_to_result": 5,
    "max_favorable_pct": 0.14448099726159508,
    "max_adverse_pct": -6.192951776435849,
    "outcome_tracked": true
  },
  {
    "symbol": "PG",
    "timeframe": "historical_1w",
    "timestamp": "2025-10-12",
    "congress_score": 57.14285714285714,
    "insider_score": 50,
    "short_interest_pct": 0,
    "combined_score": 51.785714285714285,
    "price": 149.69000244140625,
    "price_change_24h": -0.47869237628674066,
    "rsi": 50,
    "position_pct": 0.0,
    "ta_score": 50,
    "signal_direction": "WAIT",
    "signal_name": "historical_import",
    "confidence": "MEDIUM",
    "hit_tp1": false,
    "hit_sl": true,
    "candles_to_result": 8,
    "max_favorable_pct": 1.8705344419069194,
    "max_adverse_pct": -4.576127992380085,
    "outcome_tracked": true
  },
  {
    "symbol": "PG",
    "timeframe": "historical_1w",
    "timestamp": "2025-10-19",
    "congress_score": 83.33333333333334,
    "insider_score": 50,
    "short_interest_pct": 0,
    "combined_score": 58.333333333333336,
    "price": 151.39999389648438,
    "price_change_24h": 2.6510192268597716,
    "rsi": 50,
    "position_pct": 13.80026433051261,
    "ta_score": 50,
    "signal_direction": "WAIT",
    "signal_name": "historical_import",
    "confidence": "MEDIUM",
    "hit_tp1": false,
    "hit_sl": true,
    "candles_to_result": 3,
    "max_favorable_pct": 0.7199548484955378,
    "max_adverse_pct": -5.65389557706747,
    "outcome_tracked": true
  },
  {
    "symbol": "PG",
    "timeframe": "historical_1w",
    "timestamp": "2025-10-26",
    "congress_score": 100.0,
    "insider_score": 50,
    "short_interest_pct": 0,
    "combined_score": 62.5,
    "price": 152.49000549316406,
    "price_change_24h": 0.3487751749674737,
    "rsi": 50,
    "position_pct": 17.579777975067433,
    "ta_score": 50,
    "signal_direction": "WAIT",
    "signal_name": "historical_import",
    "confidence": "MEDIUM",
    "hit_tp1": false,
    "hit_sl": false,
    "candles_to_result": 0,
    "max_favorable_pct": 0,
    "max_adverse_pct": 0,
    "outcome_tracked": false
  },
  {
    "symbol": "PG",
    "timeframe": "historical_1w",
    "timestamp": "2025-11-02",
    "congress_score": 100.0,
    "insider_score": 50,
    "short_interest_pct": 0,
    "combined_score": 62.5,
    "price": 150.3699951171875,
    "price_change_24h": -0.9028669608413069,
    "rsi": 50,
    "position_pct": 10.228839538257557,
    "ta_score": 50,
    "signal_direction": "WAIT",
    "signal_name": "historical_import",
    "confidence": "MEDIUM",
    "hit_tp1": false,
    "hit_sl": false,
    "candles_to_result": 0,
    "max_favorable_pct": 0,
    "max_adverse_pct": 0,
    "outcome_tracked": false
  },
  {
    "symbol": "PG",
    "timeframe": "historical_1w",
    "timestamp": "2025-11-09",
    "congress_score": 100.0,
    "insider_score": 50,
    "short_interest_pct": 0,
    "combined_score": 62.5,
    "price": 146.97999572753906,
    "price_change_24h": -0.7026135082441477,
    "rsi": 50,
    "position_pct": 3.905488656815976,
    "ta_score": 50,
    "signal_direction": "WAIT",
    "signal_name": "historical_import",
    "confidence": "MEDIUM",
    "hit_tp1": false,
    "hit_sl": false,
    "candles_to_result": 0,
    "max_favorable_pct": 0,
    "max_adverse_pct": 0,
    "outcome_tracked": false
  },
  {
    "symbol": "PG",
    "timeframe": "historical_1w",
    "timestamp": "2025-11-16",
    "congress_score": 66.66666666666666,
    "insider_score": 50,
    "short_interest_pct": 0,
    "combined_score": 54.166666666666664,
    "price": 147.6699981689453,
    "price_change_24h": 1.491407676251074,
    "rsi": 50,
    "position_pct": 7.0546116920244035,
    "ta_score": 50,
    "signal_direction": "WAIT",
    "signal_name": "historical_import",
    "confidence": "MEDIUM",
    "hit_tp1": false,
    "hit_sl": false,
    "candles_to_result": 0,
    "max_favorable_pct": 0,
    "max_adverse_pct": 0,
    "outcome_tracked": false
  },
  {
    "symbol": "PG",
    "timeframe": "historical_1w",
    "timestamp": "2025-11-23",
    "congress_score": 66.66666666666666,
    "insider_score": 50,
    "short_interest_pct": 0,
    "combined_score": 54.166666666666664,
    "price": 150.9199981689453,
    "price_change_24h": 3.4974561710089302,
    "rsi": 50,
    "position_pct": 17.62028327976717,
    "ta_score": 50,
    "signal_direction": "WAIT",
    "signal_name": "historical_import",
    "confidence": "MEDIUM",
    "hit_tp1": false,
    "hit_sl": false,
    "candles_to_result": 0,
    "max_favorable_pct": 0,
    "max_adverse_pct": 0,
    "outcome_tracked": false
  },
  {
    "symbol": "PG",
    "timeframe": "historical_1w",
    "timestamp": "2025-11-30",
    "congress_score": 66.66666666666666,
    "insider_score": 50,
    "short_interest_pct": 0,
    "combined_score": 54.166666666666664,
    "price": 148.16000366210938,
    "price_change_24h": 0.8028357387883764,
    "rsi": 50,
    "position_pct": 8.647607728012533,
    "ta_score": 50,
    "signal_direction": "WAIT",
    "signal_name": "historical_import",
    "confidence": "MEDIUM",
    "hit_tp1": false,
    "hit_sl": false,
    "candles_to_result": 0,
    "max_favorable_pct": 0,
    "max_adverse_pct": 0,
    "outcome_tracked": false
  },
  {
    "symbol": "PG",
    "timeframe": "historical_1w",
    "timestamp": "2025-12-07",
    "congress_score": 25.0,
    "insider_score": 50,
    "short_interest_pct": 0,
    "combined_score": 43.75,
    "price": 143.4499969482422,
    "price_change_24h": -2.7061892478940512,
    "rsi": 50,
    "position_pct": 0.0,
    "ta_score": 50,
    "signal_direction": "WAIT",
    "signal_name": "historical_import",
    "confidence": "MEDIUM",
    "hit_tp1": false,
    "hit_sl": false,
    "candles_to_result": 0,
    "max_favorable_pct": 0,
    "max_adverse_pct": 0,
    "outcome_tracked": false
  },
  {
    "symbol": "PG",
    "timeframe": "historical_1w",
    "timestamp": "2025-12-14",
    "congress_score": 50.0,
    "insider_score": 50,
    "short_interest_pct": 0,
    "combined_score": 50.0,
    "price": 142.83999633789062,
    "price_change_24h": 3.252855370191645,
    "rsi": 50,
    "position_pct": 11.867089180624717,
    "ta_score": 50,
    "signal_direction": "WAIT",
    "signal_name": "historical_import",
    "confidence": "MEDIUM",
    "hit_tp1": false,
    "hit_sl": false,
    "candles_to_result": 0,
    "max_favorable_pct": 0,
    "max_adverse_pct": 0,
    "outcome_tracked": false
  },
  {
    "symbol": "PG",
    "timeframe": "historical_1w",
    "timestamp": "2025-12-21",
    "congress_score": 0.0,
    "insider_score": 50,
    "short_interest_pct": 0,
    "combined_score": 37.5,
    "price": 144.4600067138672,
    "price_change_24h": -0.46165379067293016,
    "rsi": 50,
    "position_pct": 16.139268648458327,
    "ta_score": 50,
    "signal_direction": "WAIT",
    "signal_name": "historical_import",
    "confidence": "MEDIUM",
    "hit_tp1": false,
    "hit_sl": false,
    "candles_to_result": 0,
    "max_favorable_pct": 0,
    "max_adverse_pct": 0,
    "outcome_tracked": false
  },
  {
    "symbol": "PG",
    "timeframe": "historical_1w",
    "timestamp": "2025-12-28",
    "congress_score": 0.0,
    "insider_score": 50,
    "short_interest_pct": 0,
    "combined_score": 37.5,
    "price": 144.63009643554688,
    "price_change_24h": 1.3596565708500137,
    "rsi": 50,
    "position_pct": 16.587817514209547,
    "ta_score": 50,
    "signal_direction": "WAIT",
    "signal_name": "historical_import",
    "confidence": "MEDIUM",
    "hit_tp1": false,
    "hit_sl": false,
    "candles_to_result": 0,
    "max_favorable_pct": 0,
    "max_adverse_pct": 0,
    "outcome_tracked": false
  }
]