[
  {
    "symbol": "PLTR",
    "timeframe": "historical_1w",
    "timestamp": "2025-06-29",
    "congress_score": 100.0,
    "insider_score": 50,
    "short_interest_pct": 0,
    "combined_score": 62.5,
    "price": 130.74000549316406,
    "price_change_24h": -6.560886789533073,
    "rsi": 50,
    "position_pct": 82.95698867294247,
    "ta_score": 50,
    "signal_direction": "WAIT",
    "signal_name": "historical_import",
    "confidence": "MEDIUM",
    "hit_tp1": true,
    "hit_sl": false,
    "candles_to_result": 2,
    "max_favorable_pct": 43.001375905283,
    "max_adverse_pct": 2.76885036338535,
    "outcome_tracked": true
  },
  {
    "symbol": "PLTR",
    "timeframe": "historical_1w",
    "timestamp": "2025-07-06",
    "congress_score": 75.0,
    "insider_score": 50,
    "short_interest_pct": 0,
    "combined_score": 56.25,
    "price": 134.36000061035156,
    "price_change_24h": -1.4377982750584628,
    "rsi": 50,
    "position_pct": 87.52365357831323,
    "ta_score": 50,
    "signal_direction": "WAIT",
    "signal_name": "historical_import",
    "confidence": "MEDIUM",
    "hit_tp1": true,
    "hit_sl": false,
    "candles_to_result": 1,
    "max_favorable_pct": 39.14856048271195,
    "max_adverse_pct": 5.760647110750121,
    "outcome_tracked": true
  },
  {
    "symbol": "PLTR",
    "timeframe": "historical_1w",
    "timestamp": "2025-07-13",
    "congress_score": 75.0,
    "insider_score": 50,
    "short_interest_pct": 0,
    "combined_score": 56.25,
    "price": 142.10000610351562,
    "price_change_24h": 2.1420436248706864,
    "rsi": 50,
    "position_pct": 97.28775831016459,
    "ta_score": 50,
    "signal_direction": "WAIT",
    "signal_name": "historical_import",
    "confidence": "MEDIUM",
    "hit_tp1": true,
    "hit_sl": false,
    "candles_to_result": 1,
    "max_favorable_pct": 31.569316455674457,
    "max_adverse_pct": 7.748060544638882,
    "outcome_tracked": true
  },
  {
    "symbol": "PLTR",
    "timeframe": "historical_1w",
    "timestamp": "2025-07-20",
    "congress_score": 80.0,
    "insider_score": 50,
    "short_interest_pct": 0,
    "combined_score": 57.5,
    "price": 153.52000427246094,
    "price_change_24h": 2.9299433823708445,
    "rsi": 50,
    "position_pct": 99.47196808288604,
    "ta_score": 50,
    "signal_direction": "WAIT",
    "signal_name": "historical_import",
    "confidence": "MEDIUM",
    "hit_tp1": true,
    "hit_sl": false,
    "candles_to_result": 1,
    "max_favorable_pct": 21.782179201909297,
    "max_adverse_pct": -0.2670685582979255,
    "outcome_tracked": true
  },
  {
    "symbol": "PLTR",
    "timeframe": "historical_1w",
    "timestamp": "2025-07-27",
    "congress_score": 75.0,
    "insider_score": 50,
    "short_interest_pct": 0,
    "combined_score": 56.25,
    "price": 158.8000030517578,
    "price_change_24h": 4.618229182216729,
    "rsi": 50,
    "position_pct": 100.0,
    "ta_score": 50,
    "signal_direction": "WAIT",
    "signal_name": "historical_import",
    "confidence": "MEDIUM",
    "hit_tp1": false,
    "hit_sl": true,
    "candles_to_result": 1,
    "max_favorable_pct": 17.732999446436512,
    "max_adverse_pct": -3.5831248942430456,
    "outcome_tracked": true
  },
  {
    "symbol": "PLTR",
    "timeframe": "historical_1w",
    "timestamp": "2025-08-03",
    "congress_score": 100.0,
    "insider_score": 50,
    "short_interest_pct": 0,
    "combined_score": 62.5,
    "price": 154.27000427246094,
    "price_change_24h": -2.286547060238002,
    "rsi": 50,
    "position_pct": 95.17160648685572,
    "ta_score": 50,
    "signal_direction": "WAIT",
    "signal_name": "historical_import",
    "confidence": "MEDIUM",
    "hit_tp1": true,
    "hit_sl": false,
    "candles_to_result": 1,
    "max_favorable_pct": 21.19012221174989,
    "max_adverse_pct": -0.7519307901623296,
    "outcome_tracked": true
  },
  {
    "symbol": "PLTR",
    "timeframe": "historical_1w",
    "timestamp": "2025-08-10",
    "congress_score": 100.0,
    "insider_score": 50,
    "short_interest_pct": 0,
    "combined_score": 62.5,
    "price": 186.9600067138672,
    "price_change_24h": 16.369975384209763,
    "rsi": 50,
    "position_pct": 100.0,
    "ta_score": 50,
    "signal_direction": "WAIT",
    "signal_name": "historical_import",
    "confidence": "MEDIUM",
    "hit_tp1": false,
    "hit_sl": true,
    "candles_to_result": 1,
    "max_favorable_pct": -2.4443769576949763,
    "max_adverse_pct": -18.105479721832353,
    "outcome_tracked": true
  },
  {
    "symbol": "PLTR",
    "timeframe": "historical_1w",
    "timestamp": "2025-08-17",
    "congress_score": 100.0,
    "insider_score": 50,
    "short_interest_pct": 0,
    "combined_score": 62.5,
    "price": 177.1699981689453,
    "price_change_24h": -3.0162003107888364,
    "rsi": 50,
    "position_pct": 91.96655199330209,
    "ta_score": 50,
    "signal_direction": "WAIT",
    "signal_name": "historical_import",
    "confidence": "MEDIUM",
    "hit_tp1": false,
    "hit_sl": true,
    "candles_to_result": 1,
    "max_favorable_pct": 4.210648976105703,
    "max_adverse_pct": -13.580175993257434,
    "outcome_tracked": true
  },
  {
    "symbol": "PLTR",
    "timeframe": "historical_1w",
    "timestamp": "2025-08-24",
    "congress_score": 100.0,
    "insider_score": 50,
    "short_interest_pct": 0,
    "combined_score": 62.5,
    "price": 158.74000549316406,
    "price_change_24h": -8.78583772532426,
    "rsi": 50,
    "position_pct": 76.8587620117311,
    "ta_score": 50,
    "signal_direction": "WAIT",
    "signal_name": "historical_import",
    "confidence": "MEDIUM",
    "hit_tp1": false,
    "hit_sl": true,
    "candles_to_result": 2,
    "max_favorable_pct": 26.2882665260687,
    "max_adverse_pct": -3.546683059082387,
    "outcome_tracked": true
  },
  {
    "symbol": "PLTR",
    "timeframe": "historical_1w",
    "timestamp": "2025-08-31",
    "congress_score": 100.0,
    "insider_score": 50,
    "short_interest_pct": 0,
    "combined_score": 62.5,
    "price": 156.7100067138672,
    "price_change_24h": -0.2926712861469086,
    "rsi": 50,
    "position_pct": 75.19469215777156,
    "ta_score": 50,
    "signal_direction": "WAIT",
    "signal_name": "historical_import",
    "confidence": "MEDIUM",
    "hit_tp1": false,
    "hit_sl": true,
    "candles_to_result": 1,
    "max_favorable_pct": 27.92418647951193,
    "max_adverse_pct": -2.297240730828877,
    "outcome_tracked": true
  },
  {
    "symbol": "PLTR",
    "timeframe": "historical_1w",
    "timestamp": "2025-09-07",
    "congress_score": 100.0,
    "insider_score": 50,
    "short_interest_pct": 0,
    "combined_score": 62.5,
    "price": 153.11000061035156,
    "price_change_24h": -2.533576816042661,
    "rsi": 50,
    "position_pct": 72.24362554037897,
    "ta_score": 50,
    "signal_direction": "WAIT",
    "signal_name": "historical_import",
    "confidence": "MEDIUM",
    "hit_tp1": true,
    "hit_sl": false,
    "candles_to_result": 1,
    "max_favorable_pct": 30.932009941582884,
    "max_adverse_pct": 11.965248509176153,
    "outcome_tracked": true
  },
  {
    "symbol": "PLTR",
    "timeframe": "historical_1w",
    "timestamp": "2025-09-14",
    "congress_score": 100.0,
    "insider_score": 50,
    "short_interest_pct": 0,
    "combined_score": 62.5,
    "price": 171.42999267578125,
    "price_change_24h": 9.820618816696106,
    "rsi": 50,
    "position_pct": 87.26124369452326,
    "ta_score": 50,
    "signal_direction": "WAIT",
    "signal_name": "historical_import",
    "confidence": "MEDIUM",
    "hit_tp1": true,
    "hit_sl": false,
    "candles_to_result": 1,
    "max_favorable_pct": 16.939864542749,
    "max_adverse_pct": -9.67157865054728,
    "outcome_tracked": true
  },
  {
    "symbol": "PLTR",
    "timeframe": "historical_1w",
    "timestamp": "2025-09-21",
    "congress_score": 66.66666666666666,
    "insider_score": 50,
    "short_interest_pct": 0,
    "combined_score": 54.166666666666664,
    "price": 182.38999938964844,
    "price_change_24h": 6.529987873001891,
    "rsi": 50,
    "position_pct": 96.24559233440651,
    "ta_score": 50,
    "signal_direction": "WAIT",
    "signal_name": "historical_import",
    "confidence": "MEDIUM",
    "hit_tp1": false,
    "hit_sl": true,
    "candles_to_result": 1,
    "max_favorable_pct": 9.912825205086778,
    "max_adverse_pct": -15.099508404130106,
    "outcome_tracked": true
  },
  {
    "symbol": "PLTR",
    "timeframe": "historical_1w",
    "timestamp": "2025-09-28",
    "congress_score": 0.0,
    "insider_score": 50,
    "short_interest_pct": 0,
    "combined_score": 37.5,
    "price": 177.57000732421875,
    "price_change_24h": -0.9814278084344269,
    "rsi": 50,
    "position_pct": 92.29445523313996,
    "ta_score": 50,
    "signal_direction": "WAIT",
    "signal_name": "historical_import",
    "confidence": "MEDIUM",
    "hit_tp1": false,
    "hit_sl": true,
    "candles_to_result": 4,
    "max_favorable_pct": 12.896318607833413,
    "max_adverse_pct": -12.794954262303705,
    "outcome_tracked": true
  },
  {
    "symbol": "PLTR",
    "timeframe": "historical_1w",
    "timestamp": "2025-10-05",
    "congress_score": 0.0,
    "insider_score": 50,
    "short_interest_pct": 0,
    "combined_score": 37.5,
    "price": 173.07000732421875,
    "price_change_24h": -3.2371649705773935,
    "rsi": 50,
    "position_pct": 88.54755815311776,
    "ta_score": 50,
    "signal_direction": "WAIT",
    "signal_name": "historical_import",
    "confidence": "MEDIUM",
    "hit_tp1": false,
    "hit_sl": true,
    "candles_to_result": 2,
    "max_favorable_pct": 15.831740184279825,
    "max_adverse_pct": -10.527532472204088,
    "outcome_tracked": true
  },
  {
    "symbol": "PLTR",
    "timeframe": "historical_1w",
    "timestamp": "2025-10-12",
    "congress_score": 75.0,
    "insider_score": 50,
    "short_interest_pct": 0,
    "combined_score": 56.25,
    "price": 175.44000244140625,
    "price_change_24h": -2.278168754915781,
    "rsi": 50,
    "position_pct": 90.48906312822427,
    "ta_score": 50,
    "signal_direction": "WAIT",
    "signal_name": "historical_import",
    "confidence": "MEDIUM",
    "hit_tp1": true,
    "hit_sl": false,
    "candles_to_result": 2,
    "max_favorable_pct": 14.266984969779875,
    "max_adverse_pct": -11.736203859645583,
    "outcome_tracked": true
  },
  {
    "symbol": "PLTR",
    "timeframe": "historical_1w",
    "timestamp": "2025-10-19",
    "congress_score": 75.0,
    "insider_score": 50,
    "short_interest_pct": 0,
    "combined_score": 56.25,
    "price": 178.14999389648438,
    "price_change_24h": 0.5304368528888672,
    "rsi": 50,
    "position_pct": 92.7090938170529,
    "ta_score": 50,
    "signal_direction": "WAIT",
    "signal_name": "historical_import",
    "confidence": "MEDIUM",
    "hit_tp1": true,
    "hit_sl": false,
    "candles_to_result": 1,
    "max_favorable_pct": 12.528772432733277,
    "max_adverse_pct": -13.078859720033117,
    "outcome_tracked": true
  },
  {
    "symbol": "PLTR",
    "timeframe": "historical_1w",
    "timestamp": "2025-10-26",
    "congress_score": 100.0,
    "insider_score": 50,
    "short_interest_pct": 0,
    "combined_score": 62.5,
    "price": 184.6300048828125,
    "price_change_24h": 1.6741057361250387,
    "rsi": 50,
    "position_pct": 98.01753241992682,
    "ta_score": 50,
    "signal_direction": "WAIT",
    "signal_name": "historical_import",
    "confidence": "MEDIUM",
    "hit_tp1": false,
    "hit_sl": false,
    "candles_to_result": 0,
    "max_favorable_pct": 0,
    "max_adverse_pct": 0,
    "outcome_tracked": false
  },
  {
    "symbol": "PLTR",
    "timeframe": "historical_1w",
    "timestamp": "2025-11-02",
    "congress_score": 66.66666666666666,
    "insider_score": 50,
    "short_interest_pct": 0,
    "combined_score": 54.166666666666664,
    "price": 200.47000122070312,
    "price_change_24h": 5.967866043990611,
    "rsi": 50,
    "position_pct": 100.0,
    "ta_score": 50,
    "signal_direction": "WAIT",
    "signal_name": "historical_import",
    "confidence": "MEDIUM",
    "hit_tp1": false,
    "hit_sl": false,
    "candles_to_result": 0,
    "max_favorable_pct": 0,
    "max_adverse_pct": 0,
    "outcome_tracked": false
  },
  {
    "symbol": "PLTR",
    "timeframe": "historical_1w",
    "timestamp": "2025-11-09",
    "congress_score": 60.0,
    "insider_score": 50,
    "short_interest_pct": 0,
    "combined_score": 52.5,
    "price": 177.92999267578125,
    "price_change_24h": -14.118158622475537,
    "rsi": 50,
    "position_pct": 79.43037820177733,
    "ta_score": 50,
    "signal_direction": "WAIT",
    "signal_name": "historical_import",
    "confidence": "MEDIUM",
    "hit_tp1": false,
    "hit_sl": false,
    "candles_to_result": 0,
    "max_favorable_pct": 0,
    "max_adverse_pct": 0,
    "outcome_tracked": false
  },
  {
    "symbol": "PLTR",
    "timeframe": "historical_1w",
    "timestamp": "2025-11-16",
    "congress_score": 50.0,
    "insider_score": 50,
    "short_interest_pct": 0,
    "combined_score": 50.0,
    "price": 174.00999450683594,
    "price_change_24h": -10.123447157547135,
    "rsi": 50,
    "position_pct": 76.67369855101047,
    "ta_score": 50,
    "signal_direction": "WAIT",
    "signal_name": "historical_import",
    "confidence": "MEDIUM",
    "hit_tp1": false,
    "hit_sl": false,
    "candles_to_result": 0,
    "max_favorable_pct": 0,
    "max_adverse_pct": 0,
    "outcome_tracked": false
  },
  {
    "symbol": "PLTR",
    "timeframe": "historical_1w",
    "timestamp": "2025-11-23",
    "congress_score": 60.0,
    "insider_score": 50,
    "short_interest_pct": 0,
    "combined_score": 52.5,
    "price": 154.85000610351562,
    "price_change_24h": -9.576638771669709,
    "rsi": 50,
    "position_pct": 63.199725384698304,
    "ta_score": 50,
    "signal_direction": "WAIT",
    "signal_name": "historical_import",
    "confidence": "MEDIUM",
    "hit_tp1": false,
    "hit_sl": false,
    "candles_to_result": 0,
    "max_favorable_pct": 0,
    "max_adverse_pct": 0,
    "outcome_tracked": false
  },
  {
    "symbol": "PLTR",
    "timeframe": "historical_1w",
    "timestamp": "2025-11-30",
    "congress_score": 66.66666666666666,
    "insider_score": 50,
    "short_interest_pct": 0,
    "combined_score": 54.166666666666664,
    "price": 168.4499969482422,
    "price_change_24h": 3.821261601381934,
    "rsi": 50,
    "position_pct": 72.76371403889715,
    "ta_score": 50,
    "signal_direction": "WAIT",
    "signal_name": "historical_import",
    "confidence": "MEDIUM",
    "hit_tp1": false,
    "hit_sl": false,
    "candles_to_result": 0,
    "max_favorable_pct": 0,
    "max_adverse_pct": 0,
    "outcome_tracked": false
  },
  {
    "symbol": "PLTR",
    "timeframe": "historical_1w",
    "timestamp": "2025-12-07",
    "congress_score": 100.0,
    "insider_score": 50,
    "short_interest_pct": 0,
    "combined_score": 62.5,
    "price": 181.75999450683594,
    "price_change_24h": 8.519904797695101,
    "rsi": 50,
    "position_pct": 82.12376928387289,
    "ta_score": 50,
    "signal_direction": "WAIT",
    "signal_name": "historical_import",
    "confidence": "MEDIUM",
    "hit_tp1": false,
    "hit_sl": false,
    "candles_to_result": 0,
    "max_favorable_pct": 0,
    "max_adverse_pct": 0,
    "outcome_tracked": false
  },
  {
    "symbol": "PLTR",
    "timeframe": "historical_1w",
    "timestamp": "2025-12-14",
    "congress_score": 100.0,
    "insider_score": 50,
    "short_interest_pct": 0,
    "combined_score": 62.5,
    "price": 183.57000732421875,
    "price_change_24h": 1.146069628133342,
    "rsi": 50,
    "position_pct": 83.3966335267276,
    "ta_score": 50,
    "signal_direction": "WAIT",
    "signal_name": "historical_import",
    "confidence": "MEDIUM",
    "hit_tp1": false,
    "hit_sl": false,
    "candles_to_result": 0,
    "max_favorable_pct": 0,
    "max_adverse_pct": 0,
    "outcome_tracked": false
  },
  {
    "symbol": "PLTR",
    "timeframe": "historical_1w",
    "timestamp": "2025-12-21",
    "congress_score": 50,
    "insider_score": 50,
    "short_interest_pct": 0,
    "combined_score": 50.0,
    "price": 193.3800048828125,
    "price_change_24h": 5.527969922407912,
    "rsi": 50,
    "position_pct": 90.29536650524935,
    "ta_score": 50,
    "signal_direction": "WAIT",
    "signal_name": "historical_import",
    "confidence": "MEDIUM",
    "hit_tp1": false,
    "hit_sl": false,
    "candles_to_result": 0,
    "max_favorable_pct": 0,
    "max_adverse_pct": 0,
    "outcome_tracked": false
  },
  {
    "symbol": "PLTR",
    "timeframe": "historical_1w",
    "timestamp": "2025-12-28",
    "congress_score": 50,
    "insider_score": 50,
    "short_interest_pct": 0,
    "combined_score": 50.0,
    "price": 189.22000122070312,
    "price_change_24h": -2.4538584450335503,
    "rsi": 50,
    "position_pct": 87.3699066075122,
    "ta_score": 50,
    "signal_direction": "WAIT",
    "signal_name": "historical_import",
    "confidence": "MEDIUM",
    "hit_tp1": false,
    "hit_sl": false,
    "candles_to_result": 0,
    "max_favorable_pct": 0,
    "max_adverse_pct": 0,
    "outcome_tracked": false
  }
]