[
  {
    "symbol": "PM",
    "timeframe": "historical_1w",
    "timestamp": "2025-06-29",
    "congress_score": 100.0,
    "insider_score": 50,
    "short_interest_pct": 0,
    "combined_score": 62.5,
    "price": 181.02999877929688,
    "price_change_24h": -2.1194907994739327,
    "rsi": 50,
    "position_pct": 94.2182913958541,
    "ta_score": 50,
    "signal_direction": "WAIT",
    "signal_name": "historical_import",
    "confidence": "MEDIUM",
    "hit_tp1": false,
    "hit_sl": true,
    "candles_to_result": 4,
    "max_favorable_pct": -0.6186792933434997,
    "max_adverse_pct": -11.10865643592514,
    "outcome_tracked": true
  },
  {
    "symbol": "PM",
    "timeframe": "historical_1w",
    "timestamp": "2025-07-06",
    "congress_score": 100.0,
    "insider_score": 50,
    "short_interest_pct": 0,
    "combined_score": 62.5,
    "price": 178.8800048828125,
    "price_change_24h": -1.7844396380986978,
    "rsi": 50,
    "position_pct": 91.04720873856054,
    "ta_score": 50,
    "signal_direction": "WAIT",
    "signal_name": "historical_import",
    "confidence": "MEDIUM",
    "hit_tp1": false,
    "hit_sl": true,
    "candles_to_result": 3,
    "max_favorable_pct": 0.5758043108125168,
    "max_adverse_pct": -10.040253926442539,
    "outcome_tracked": true
  },
  {
    "symbol": "PM",
    "timeframe": "historical_1w",
    "timestamp": "2025-07-13",
    "congress_score": 50.0,
    "insider_score": 50,
    "short_interest_pct": 0,
    "combined_score": 50.0,
    "price": 179.91000366210938,
    "price_change_24h": -0.7119168365666613,
    "rsi": 50,
    "position_pct": 92.56638108198099,
    "ta_score": 50,
    "signal_direction": "WAIT",
    "signal_name": "historical_import",
    "confidence": "MEDIUM",
    "hit_tp1": false,
    "hit_sl": true,
    "candles_to_result": 2,
    "max_favorable_pct": -0.6558878942532268,
    "max_adverse_pct": -10.555280477248706,
    "outcome_tracked": true
  },
  {
    "symbol": "PM",
    "timeframe": "historical_1w",
    "timestamp": "2025-07-20",
    "congress_score": 50.0,
    "insider_score": 50,
    "short_interest_pct": 0,
    "combined_score": 50.0,
    "price": 178.72999572753906,
    "price_change_24h": -1.1175680622190525,
    "rsi": 50,
    "position_pct": 90.82595628221604,
    "ta_score": 50,
    "signal_direction": "WAIT",
    "signal_name": "historical_import",
    "confidence": "MEDIUM",
    "hit_tp1": false,
    "hit_sl": true,
    "candles_to_result": 1,
    "max_favorable_pct": -3.9053297680259336,
    "max_adverse_pct": -9.964750173073243,
    "outcome_tracked": true
  },
  {
    "symbol": "PM",
    "timeframe": "historical_1w",
    "timestamp": "2025-07-27",
    "congress_score": 0.0,
    "insider_score": 50,
    "short_interest_pct": 0,
    "combined_score": 37.5,
    "price": 160.9199981689453,
    "price_change_24h": -10.83776486127716,
    "rsi": 50,
    "position_pct": 64.55752153137938,
    "ta_score": 50,
    "signal_direction": "WAIT",
    "signal_name": "historical_import",
    "confidence": "MEDIUM",
    "hit_tp1": false,
    "hit_sl": true,
    "candles_to_result": 2,
    "max_favorable_pct": 6.730053414296325,
    "max_adverse_pct": -4.75391125001932,
    "outcome_tracked": true
  },
  {
    "symbol": "PM",
    "timeframe": "historical_1w",
    "timestamp": "2025-08-03",
    "congress_score": 0.0,
    "insider_score": 50,
    "short_interest_pct": 0,
    "combined_score": 37.5,
    "price": 162.9600067138672,
    "price_change_24h": 3.2896002414016383,
    "rsi": 50,
    "position_pct": 67.56638389517975,
    "ta_score": 50,
    "signal_direction": "WAIT",
    "signal_name": "historical_import",
    "confidence": "MEDIUM",
    "hit_tp1": false,
    "hit_sl": true,
    "candles_to_result": 1,
    "max_favorable_pct": 5.3939573662185065,
    "max_adverse_pct": -5.946245730352976,
    "outcome_tracked": true
  },
  {
    "symbol": "PM",
    "timeframe": "historical_1w",
    "timestamp": "2025-08-10",
    "congress_score": 0.0,
    "insider_score": 50,
    "short_interest_pct": 0,
    "combined_score": 37.5,
    "price": 170.17999267578125,
    "price_change_24h": 4.411305564940755,
    "rsi": 50,
    "position_pct": 78.21533146064318,
    "ta_score": 50,
    "signal_direction": "WAIT",
    "signal_name": "historical_import",
    "confidence": "MEDIUM",
    "hit_tp1": true,
    "hit_sl": false,
    "candles_to_result": 4,
    "max_favorable_pct": 0.9225569348859078,
    "max_adverse_pct": -9.93653139681138,
    "outcome_tracked": true
  },
  {
    "symbol": "PM",
    "timeframe": "historical_1w",
    "timestamp": "2025-08-17",
    "congress_score": 0.0,
    "insider_score": 50,
    "short_interest_pct": 0,
    "combined_score": 37.5,
    "price": 166.19000244140625,
    "price_change_24h": -2.4248501087430565,
    "rsi": 50,
    "position_pct": 72.33038971467526,
    "ta_score": 50,
    "signal_direction": "WAIT",
    "signal_name": "historical_import",
    "confidence": "MEDIUM",
    "hit_tp1": false,
    "hit_sl": true,
    "candles_to_result": 1,
    "max_favorable_pct": 3.3455668072175664,
    "max_adverse_pct": -7.774233094136049,
    "outcome_tracked": true
  },
  {
    "symbol": "PM",
    "timeframe": "historical_1w",
    "timestamp": "2025-08-24",
    "congress_score": 0.0,
    "insider_score": 50,
    "short_interest_pct": 0,
    "combined_score": 37.5,
    "price": 171.75,
    "price_change_24h": 3.091232717773411,
    "rsi": 50,
    "position_pct": 80.53097663795967,
    "ta_score": 50,
    "signal_direction": "WAIT",
    "signal_name": "historical_import",
    "confidence": "MEDIUM",
    "hit_tp1": true,
    "hit_sl": false,
    "candles_to_result": 2,
    "max_favorable_pct": -2.689953488901019,
    "max_adverse_pct": -15.96506443606714,
    "outcome_tracked": true
  },
  {
    "symbol": "PM",
    "timeframe": "historical_1w",
    "timestamp": "2025-08-31",
    "congress_score": 40.0,
    "insider_score": 50,
    "short_interest_pct": 0,
    "combined_score": 47.5,
    "price": 167.1300048828125,
    "price_change_24h": -0.1433890430641203,
    "rsi": 50,
    "position_pct": 73.71682408764308,
    "ta_score": 50,
    "signal_direction": "WAIT",
    "signal_name": "historical_import",
    "confidence": "MEDIUM",
    "hit_tp1": true,
    "hit_sl": false,
    "candles_to_result": 1,
    "max_favorable_pct": -0.6103058952078292,
    "max_adverse_pct": -13.642076458828933,
    "outcome_tracked": true
  },
  {
    "symbol": "PM",
    "timeframe": "historical_1w",
    "timestamp": "2025-09-07",
    "congress_score": 75.0,
    "insider_score": 50,
    "short_interest_pct": 0,
    "combined_score": 56.25,
    "price": 161.5500030517578,
    "price_change_24h": -3.49461831423007,
    "rsi": 50,
    "position_pct": 65.48673233572804,
    "ta_score": 50,
    "signal_direction": "WAIT",
    "signal_name": "historical_import",
    "confidence": "MEDIUM",
    "hit_tp1": false,
    "hit_sl": true,
    "candles_to_result": 4,
    "max_favorable_pct": 2.822653960045303,
    "max_adverse_pct": -10.659239180073637,
    "outcome_tracked": true
  },
  {
    "symbol": "PM",
    "timeframe": "historical_1w",
    "timestamp": "2025-09-14",
    "congress_score": 100.0,
    "insider_score": 50,
    "short_interest_pct": 0,
    "combined_score": 62.5,
    "price": 166.11000061035156,
    "price_change_24h": 2.083332942611312,
    "rsi": 50,
    "position_pct": 72.21239290574287,
    "ta_score": 50,
    "signal_direction": "WAIT",
    "signal_name": "historical_import",
    "confidence": "MEDIUM",
    "hit_tp1": false,
    "hit_sl": true,
    "candles_to_result": 3,
    "max_favorable_pct": -0.7344538054424025,
    "max_adverse_pct": -13.111792606868248,
    "outcome_tracked": true
  },
  {
    "symbol": "PM",
    "timeframe": "historical_1w",
    "timestamp": "2025-09-21",
    "congress_score": 100.0,
    "insider_score": 50,
    "short_interest_pct": 0,
    "combined_score": 62.5,
    "price": 162.9499969482422,
    "price_change_24h": 0.8104414523263376,
    "rsi": 50,
    "position_pct": 67.5516202280694,
    "ta_score": 50,
    "signal_direction": "WAIT",
    "signal_name": "historical_import",
    "confidence": "MEDIUM",
    "hit_tp1": false,
    "hit_sl": true,
    "candles_to_result": 2,
    "max_favorable_pct": 1.1905507687873436,
    "max_adverse_pct": -11.426815259838127,
    "outcome_tracked": true
  },
  {
    "symbol": "PM",
    "timeframe": "historical_1w",
    "timestamp": "2025-09-28",
    "congress_score": 100.0,
    "insider_score": 50,
    "short_interest_pct": 0,
    "combined_score": 62.5,
    "price": 164.88999938964844,
    "price_change_24h": 1.7965203968792487,
    "rsi": 50,
    "position_pct": 70.41298095430679,
    "ta_score": 50,
    "signal_direction": "WAIT",
    "signal_name": "historical_import",
    "confidence": "MEDIUM",
    "hit_tp1": false,
    "hit_sl": true,
    "candles_to_result": 1,
    "max_favorable_pct": -2.6805738281922715,
    "max_adverse_pct": -12.468917238582074,
    "outcome_tracked": true
  },
  {
    "symbol": "PM",
    "timeframe": "historical_1w",
    "timestamp": "2025-10-05",
    "congress_score": 100.0,
    "insider_score": 50,
    "short_interest_pct": 0,
    "combined_score": 62.5,
    "price": 153.27000427246094,
    "price_change_24h": -5.963556594340252,
    "rsi": 50,
    "position_pct": 53.27434393110318,
    "ta_score": 50,
    "signal_direction": "WAIT",
    "signal_name": "historical_import",
    "confidence": "MEDIUM",
    "hit_tp1": true,
    "hit_sl": false,
    "candles_to_result": 1,
    "max_favorable_pct": 4.69759036180562,
    "max_adverse_pct": -5.83284543106949,
    "outcome_tracked": true
  },
  {
    "symbol": "PM",
    "timeframe": "historical_1w",
    "timestamp": "2025-10-12",
    "congress_score": 100.0,
    "insider_score": 50,
    "short_interest_pct": 0,
    "combined_score": 62.5,
    "price": 160.47000122070312,
    "price_change_24h": 4.513487193955874,
    "rsi": 50,
    "position_pct": 63.89380917352609,
    "ta_score": 50,
    "signal_direction": "WAIT",
    "signal_name": "historical_import",
    "confidence": "MEDIUM",
    "hit_tp1": false,
    "hit_sl": true,
    "candles_to_result": 3,
    "max_favorable_pct": -1.5018406205373962,
    "max_adverse_pct": -10.057954301034881,
    "outcome_tracked": true
  },
  {
    "symbol": "PM",
    "timeframe": "historical_1w",
    "timestamp": "2025-10-19",
    "congress_score": 100.0,
    "insider_score": 50,
    "short_interest_pct": 0,
    "combined_score": 62.5,
    "price": 158.05999755859375,
    "price_change_24h": -0.8841811320725831,
    "rsi": 50,
    "position_pct": 60.339231260804794,
    "ta_score": 50,
    "signal_direction": "WAIT",
    "signal_name": "historical_import",
    "confidence": "MEDIUM",
    "hit_tp1": false,
    "hit_sl": true,
    "candles_to_result": 2,
    "max_favorable_pct": 1.856888272762202,
    "max_adverse_pct": -8.686572149572047,
    "outcome_tracked": true
  },
  {
    "symbol": "PM",
    "timeframe": "historical_1w",
    "timestamp": "2025-10-26",
    "congress_score": 100.0,
    "insider_score": 50,
    "short_interest_pct": 0,
    "combined_score": 62.5,
    "price": 157.6199951171875,
    "price_change_24h": -0.27837684942588875,
    "rsi": 50,
    "position_pct": 59.690260064471765,
    "ta_score": 50,
    "signal_direction": "WAIT",
    "signal_name": "historical_import",
    "confidence": "MEDIUM",
    "hit_tp1": false,
    "hit_sl": false,
    "candles_to_result": 0,
    "max_favorable_pct": 0,
    "max_adverse_pct": 0,
    "outcome_tracked": false
  },
  {
    "symbol": "PM",
    "timeframe": "historical_1w",
    "timestamp": "2025-11-02",
    "congress_score": 33.33333333333333,
    "insider_score": 50,
    "short_interest_pct": 0,
    "combined_score": 45.83333333333333,
    "price": 144.3300018310547,
    "price_change_24h": -5.795969253755513,
    "rsi": 50,
    "position_pct": 40.08849873197879,
    "ta_score": 50,
    "signal_direction": "WAIT",
    "signal_name": "historical_import",
    "confidence": "MEDIUM",
    "hit_tp1": false,
    "hit_sl": false,
    "candles_to_result": 0,
    "max_favorable_pct": 0,
    "max_adverse_pct": 0,
    "outcome_tracked": false
  },
  {
    "symbol": "PM",
    "timeframe": "historical_1w",
    "timestamp": "2025-11-09",
    "congress_score": 0.0,
    "insider_score": 50,
    "short_interest_pct": 0,
    "combined_score": 37.5,
    "price": 153.38999938964844,
    "price_change_24h": 6.078833274626745,
    "rsi": 50,
    "position_pct": 53.451327891706704,
    "ta_score": 50,
    "signal_direction": "WAIT",
    "signal_name": "historical_import",
    "confidence": "MEDIUM",
    "hit_tp1": false,
    "hit_sl": false,
    "candles_to_result": 0,
    "max_favorable_pct": 0,
    "max_adverse_pct": 0,
    "outcome_tracked": false
  },
  {
    "symbol": "PM",
    "timeframe": "historical_1w",
    "timestamp": "2025-11-16",
    "congress_score": 0.0,
    "insider_score": 50,
    "short_interest_pct": 0,
    "combined_score": 37.5,
    "price": 155.42999267578125,
    "price_change_24h": 0.23214376382264973,
    "rsi": 50,
    "position_pct": 56.46016774991698,
    "ta_score": 50,
    "signal_direction": "WAIT",
    "signal_name": "historical_import",
    "confidence": "MEDIUM",
    "hit_tp1": false,
    "hit_sl": false,
    "candles_to_result": 0,
    "max_favorable_pct": 0,
    "max_adverse_pct": 0,
    "outcome_tracked": false
  },
  {
    "symbol": "PM",
    "timeframe": "historical_1w",
    "timestamp": "2025-11-23",
    "congress_score": 0.0,
    "insider_score": 50,
    "short_interest_pct": 0,
    "combined_score": 37.5,
    "price": 155.24000549316406,
    "price_change_24h": 1.623468889439601,
    "rsi": 50,
    "position_pct": 56.17995064749145,
    "ta_score": 50,
    "signal_direction": "WAIT",
    "signal_name": "historical_import",
    "confidence": "MEDIUM",
    "hit_tp1": false,
    "hit_sl": false,
    "candles_to_result": 0,
    "max_favorable_pct": 0,
    "max_adverse_pct": 0,
    "outcome_tracked": false
  },
  {
    "symbol": "PM",
    "timeframe": "historical_1w",
    "timestamp": "2025-11-30",
    "congress_score": 0.0,
    "insider_score": 50,
    "short_interest_pct": 0,
    "combined_score": 37.5,
    "price": 157.47999572753906,
    "price_change_24h": 4.2499657571191864,
    "rsi": 50,
    "position_pct": 59.48377127523763,
    "ta_score": 50,
    "signal_direction": "WAIT",
    "signal_name": "historical_import",
    "confidence": "MEDIUM",
    "hit_tp1": false,
    "hit_sl": false,
    "candles_to_result": 0,
    "max_favorable_pct": 0,
    "max_adverse_pct": 0,
    "outcome_tracked": false
  },
  {
    "symbol": "PM",
    "timeframe": "historical_1w",
    "timestamp": "2025-12-07",
    "congress_score": 0.0,
    "insider_score": 50,
    "short_interest_pct": 0,
    "combined_score": 37.5,
    "price": 147.80999755859375,
    "price_change_24h": -5.341016115197168,
    "rsi": 50,
    "position_pct": 45.22123613979167,
    "ta_score": 50,
    "signal_direction": "WAIT",
    "signal_name": "historical_import",
    "confidence": "MEDIUM",
    "hit_tp1": false,
    "hit_sl": false,
    "candles_to_result": 0,
    "max_favorable_pct": 0,
    "max_adverse_pct": 0,
    "outcome_tracked": false
  },
  {
    "symbol": "PM",
    "timeframe": "historical_1w",
    "timestamp": "2025-12-14",
    "congress_score": 50,
    "insider_score": 50,
    "short_interest_pct": 0,
    "combined_score": 50.0,
    "price": 153.64999389648438,
    "price_change_24h": 3.6145396540744184,
    "rsi": 50,
    "position_pct": 53.834800641544355,
    "ta_score": 50,
    "signal_direction": "WAIT",
    "signal_name": "historical_import",
    "confidence": "MEDIUM",
    "hit_tp1": false,
    "hit_sl": false,
    "candles_to_result": 0,
    "max_favorable_pct": 0,
    "max_adverse_pct": 0,
    "outcome_tracked": false
  },
  {
    "symbol": "PM",
    "timeframe": "historical_1w",
    "timestamp": "2025-12-21",
    "congress_score": 50,
    "insider_score": 50,
    "short_interest_pct": 0,
    "combined_score": 50.0,
    "price": 156.83999633789062,
    "price_change_24h": -0.9911036474486777,
    "rsi": 50,
    "position_pct": 58.5398193093687,
    "ta_score": 50,
    "signal_direction": "WAIT",
    "signal_name": "historical_import",
    "confidence": "MEDIUM",
    "hit_tp1": false,
    "hit_sl": false,
    "candles_to_result": 0,
    "max_favorable_pct": 0,
    "max_adverse_pct": 0,
    "outcome_tracked": false
  },
  {
    "symbol": "PM",
    "timeframe": "historical_1w",
    "timestamp": "2025-12-28",
    "congress_score": 50,
    "insider_score": 50,
    "short_interest_pct": 0,
    "combined_score": 50.0,
    "price": 160.9949951171875,
    "price_change_24h": 0.8108942978659002,
    "rsi": 50,
    "position_pct": 64.66813650675657,
    "ta_score": 50,
    "signal_direction": "WAIT",
    "signal_name": "historical_import",
    "confidence": "MEDIUM",
    "hit_tp1": false,
    "hit_sl": false,
    "candles_to_result": 0,
    "max_favorable_pct": 0,
    "max_adverse_pct": 0,
    "outcome_tracked": false
  }
]