[
  {
    "symbol": "PYPL",
    "timeframe": "historical_1w",
    "timestamp": "2025-06-29",
    "congress_score": 50,
    "insider_score": 50,
    "short_interest_pct": 0,
    "combined_score": 50.0,
    "price": 73.63999938964844,
    "price_change_24h": 2.2635706222231406,
    "rsi": 50,
    "position_pct": 47.180234366587776,
    "ta_score": 50,
    "signal_direction": "WAIT",
    "signal_name": "historical_import",
    "confidence": "MEDIUM",
    "hit_tp1": true,
    "hit_sl": false,
    "candles_to_result": 1,
    "max_favorable_pct": 5.893541557925692,
    "max_adverse_pct": -8.86746175097714,
    "outcome_tracked": true
  },
  {
    "symbol": "PYPL",
    "timeframe": "historical_1w",
    "timestamp": "2025-07-06",
    "congress_score": 0.0,
    "insider_score": 50,
    "short_interest_pct": 0,
    "combined_score": 37.5,
    "price": 76.58999633789062,
    "price_change_24h": 3.0543550220499975,
    "rsi": 50,
    "position_pct": 55.75580746112696,
    "ta_score": 50,
    "signal_direction": "WAIT",
    "signal_name": "historical_import",
    "confidence": "MEDIUM",
    "hit_tp1": true,
    "hit_sl": false,
    "candles_to_result": 1,
    "max_favorable_pct": 1.8148675878122533,
    "max_adverse_pct": -12.377589999764913,
    "outcome_tracked": true
  },
  {
    "symbol": "PYPL",
    "timeframe": "historical_1w",
    "timestamp": "2025-07-13",
    "congress_score": 0.0,
    "insider_score": 50,
    "short_interest_pct": 0,
    "combined_score": 37.5,
    "price": 71.36000061035156,
    "price_change_24h": -6.3271195530524835,
    "rsi": 50,
    "position_pct": 40.55233049740883,
    "ta_score": 50,
    "signal_direction": "WAIT",
    "signal_name": "historical_import",
    "confidence": "MEDIUM",
    "hit_tp1": false,
    "hit_sl": true,
    "candles_to_result": 1,
    "max_favorable_pct": 9.27690959915957,
    "max_adverse_pct": -5.955717437849195,
    "outcome_tracked": true
  },
  {
    "symbol": "PYPL",
    "timeframe": "historical_1w",
    "timestamp": "2025-07-20",
    "congress_score": 0.0,
    "insider_score": 50,
    "short_interest_pct": 0,
    "combined_score": 37.5,
    "price": 74.16999816894531,
    "price_change_24h": 0.378940021125648,
    "rsi": 50,
    "position_pct": 48.720928594961514,
    "ta_score": 50,
    "signal_direction": "WAIT",
    "signal_name": "historical_import",
    "confidence": "MEDIUM",
    "hit_tp1": false,
    "hit_sl": true,
    "candles_to_result": 1,
    "max_favorable_pct": 5.136854903663076,
    "max_adverse_pct": -9.81528779698013,
    "outcome_tracked": true
  },
  {
    "symbol": "PYPL",
    "timeframe": "historical_1w",
    "timestamp": "2025-07-27",
    "congress_score": 50.0,
    "insider_score": 50,
    "short_interest_pct": 0,
    "combined_score": 50.0,
    "price": 77.9800033569336,
    "price_change_24h": 4.223474572304727,
    "rsi": 50,
    "position_pct": 59.79652580859111,
    "ta_score": 50,
    "signal_direction": "WAIT",
    "signal_name": "historical_import",
    "confidence": "MEDIUM",
    "hit_tp1": false,
    "hit_sl": true,
    "candles_to_result": 1,
    "max_favorable_pct": -9.98974170322948,
    "max_adverse_pct": -14.221599756188121,
    "outcome_tracked": true
  },
  {
    "symbol": "PYPL",
    "timeframe": "historical_1m",
    "timestamp": "2025-07-28",
    "congress_score": 50.0,
    "insider_score": 50,
    "short_interest_pct": 0,
    "combined_score": 50.0,
    "price": 0,
    "price_change_24h": 0,
    "rsi": 50,
    "position_pct": 50,
    "ta_score": 50,
    "signal_direction": "WAIT",
    "signal_name": "quiver_only_import",
    "confidence": "LOW",
    "hit_tp1": false,
    "hit_sl": false,
    "candles_to_result": 0,
    "max_favorable_pct": 0,
    "max_adverse_pct": 0,
    "outcome_tracked": false
  },
  {
    "symbol": "PYPL",
    "timeframe": "historical_1w",
    "timestamp": "2025-08-03",
    "congress_score": 100.0,
    "insider_score": 50,
    "short_interest_pct": 0,
    "combined_score": 62.5,
    "price": 67.11000061035156,
    "price_change_24h": -14.203529067973204,
    "rsi": 50,
    "position_pct": 28.19767851259621,
    "ta_score": 50,
    "signal_direction": "WAIT",
    "signal_name": "historical_import",
    "confidence": "MEDIUM",
    "hit_tp1": true,
    "hit_sl": false,
    "candles_to_result": 2,
    "max_favorable_pct": 4.5894826449749795,
    "max_adverse_pct": -0.3278218129969594,
    "outcome_tracked": true
  },
  {
    "symbol": "PYPL",
    "timeframe": "historical_1w",
    "timestamp": "2025-08-10",
    "congress_score": 100.0,
    "insider_score": 50,
    "short_interest_pct": 0,
    "combined_score": 62.5,
    "price": 67.6500015258789,
    "price_change_24h": -0.529334802299296,
    "rsi": 50,
    "position_pct": 29.767448720318683,
    "ta_score": 50,
    "signal_direction": "WAIT",
    "signal_name": "historical_import",
    "confidence": "MEDIUM",
    "hit_tp1": true,
    "hit_sl": false,
    "candles_to_result": 2,
    "max_favorable_pct": 3.75462063301756,
    "max_adverse_pct": -1.1234325485413872,
    "outcome_tracked": true
  },
  {
    "symbol": "PYPL",
    "timeframe": "historical_1w",
    "timestamp": "2025-08-17",
    "congress_score": 100.0,
    "insider_score": 50,
    "short_interest_pct": 0,
    "combined_score": 62.5,
    "price": 69.2300033569336,
    "price_change_24h": 3.2051303923542283,
    "rsi": 50,
    "position_pct": 34.360477604565126,
    "ta_score": 50,
    "signal_direction": "WAIT",
    "signal_name": "historical_import",
    "confidence": "MEDIUM",
    "hit_tp1": false,
    "hit_sl": true,
    "candles_to_result": 4,
    "max_favorable_pct": 1.3866806845626267,
    "max_adverse_pct": -3.380043122662651,
    "outcome_tracked": true
  },
  {
    "symbol": "PYPL",
    "timeframe": "historical_1w",
    "timestamp": "2025-08-24",
    "congress_score": 100.0,
    "insider_score": 50,
    "short_interest_pct": 0,
    "combined_score": 62.5,
    "price": 69.9000015258789,
    "price_change_24h": 0.5321483576556636,
    "rsi": 50,
    "position_pct": 36.30814682992537,
    "ta_score": 50,
    "signal_direction": "WAIT",
    "signal_name": "historical_import",
    "confidence": "MEDIUM",
    "hit_tp1": false,
    "hit_sl": true,
    "candles_to_result": 2,
    "max_favorable_pct": 0.4148796984217195,
    "max_adverse_pct": -4.306154607330134,
    "outcome_tracked": true
  },
  {
    "symbol": "PYPL",
    "timeframe": "historical_1m",
    "timestamp": "2025-08-28",
    "congress_score": 66.66666666666666,
    "insider_score": 50,
    "short_interest_pct": 0,
    "combined_score": 54.166666666666664,
    "price": 0,
    "price_change_24h": 0,
    "rsi": 50,
    "position_pct": 50,
    "ta_score": 50,
    "signal_direction": "WAIT",
    "signal_name": "quiver_only_import",
    "confidence": "LOW",
    "hit_tp1": false,
    "hit_sl": false,
    "candles_to_result": 0,
    "max_favorable_pct": 0,
    "max_adverse_pct": 0,
    "outcome_tracked": false
  },
  {
    "symbol": "PYPL",
    "timeframe": "historical_1w",
    "timestamp": "2025-08-31",
    "congress_score": 100.0,
    "insider_score": 50,
    "short_interest_pct": 0,
    "combined_score": 62.5,
    "price": 70.19000244140625,
    "price_change_24h": 1.021875432022131,
    "rsi": 50,
    "position_pct": 37.15117280324711,
    "ta_score": 50,
    "signal_direction": "WAIT",
    "signal_name": "historical_import",
    "confidence": "MEDIUM",
    "hit_tp1": false,
    "hit_sl": true,
    "candles_to_result": 1,
    "max_favorable_pct": -0.49865520920562123,
    "max_adverse_pct": -4.7015286180002835,
    "outcome_tracked": true
  },
  {
    "symbol": "PYPL",
    "timeframe": "historical_1w",
    "timestamp": "2025-09-07",
    "congress_score": 0.0,
    "insider_score": 50,
    "short_interest_pct": 0,
    "combined_score": 37.5,
    "price": 68.26000213623047,
    "price_change_24h": -1.4295998032773014,
    "rsi": 50,
    "position_pct": 31.540706426534413,
    "ta_score": 50,
    "signal_direction": "WAIT",
    "signal_name": "historical_import",
    "confidence": "MEDIUM",
    "hit_tp1": false,
    "hit_sl": true,
    "candles_to_result": 5,
    "max_favorable_pct": 2.3146706009573066,
    "max_adverse_pct": -2.0070358976078504,
    "outcome_tracked": true
  },
  {
    "symbol": "PYPL",
    "timeframe": "historical_1w",
    "timestamp": "2025-09-14",
    "congress_score": 0.0,
    "insider_score": 50,
    "short_interest_pct": 0,
    "combined_score": 37.5,
    "price": 66.88999938964844,
    "price_change_24h": -2.2076054130776073,
    "rsi": 50,
    "position_pct": 27.558140037767725,
    "ta_score": 50,
    "signal_direction": "WAIT",
    "signal_name": "historical_import",
    "confidence": "MEDIUM",
    "hit_tp1": false,
    "hit_sl": true,
    "candles_to_result": 3,
    "max_favorable_pct": 4.410221221647543,
    "max_adverse_pct": -1.001641762683284,
    "outcome_tracked": true
  },
  {
    "symbol": "PYPL",
    "timeframe": "historical_1w",
    "timestamp": "2025-09-21",
    "congress_score": 0.0,
    "insider_score": 50,
    "short_interest_pct": 0,
    "combined_score": 37.5,
    "price": 68.22000122070312,
    "price_change_24h": 1.6540017884910396,
    "rsi": 50,
    "position_pct": 31.424424687613424,
    "ta_score": 50,
    "signal_direction": "WAIT",
    "signal_name": "historical_import",
    "confidence": "MEDIUM",
    "hit_tp1": false,
    "hit_sl": true,
    "candles_to_result": 3,
    "max_favorable_pct": 2.3746629847550786,
    "max_adverse_pct": -7.930225374681325,
    "outcome_tracked": true
  },
  {
    "symbol": "PYPL",
    "timeframe": "historical_1m",
    "timestamp": "2025-09-28",
    "congress_score": 25.0,
    "insider_score": 50,
    "short_interest_pct": 0,
    "combined_score": 43.75,
    "price": 0,
    "price_change_24h": 0,
    "rsi": 50,
    "position_pct": 50,
    "ta_score": 50,
    "signal_direction": "WAIT",
    "signal_name": "quiver_only_import",
    "confidence": "LOW",
    "hit_tp1": false,
    "hit_sl": false,
    "candles_to_result": 0,
    "max_favorable_pct": 0,
    "max_adverse_pct": 0,
    "outcome_tracked": false
  },
  {
    "symbol": "PYPL",
    "timeframe": "historical_1w",
    "timestamp": "2025-09-28",
    "congress_score": 0.0,
    "insider_score": 50,
    "short_interest_pct": 0,
    "combined_score": 37.5,
    "price": 67.30000305175781,
    "price_change_24h": -0.5614616603199227,
    "rsi": 50,
    "position_pct": 28.75001122785244,
    "ta_score": 50,
    "signal_direction": "WAIT",
    "signal_name": "historical_import",
    "confidence": "MEDIUM",
    "hit_tp1": false,
    "hit_sl": true,
    "candles_to_result": 1,
    "max_favorable_pct": 3.774135469473014,
    "max_adverse_pct": -10.000004534558208,
    "outcome_tracked": true
  },
  {
    "symbol": "PYPL",
    "timeframe": "historical_1w",
    "timestamp": "2025-10-05",
    "congress_score": 25.0,
    "insider_score": 50,
    "short_interest_pct": 0,
    "combined_score": 43.75,
    "price": 69.25,
    "price_change_24h": -0.6171072090880015,
    "rsi": 50,
    "position_pct": 34.41860738478865,
    "ta_score": 50,
    "signal_direction": "WAIT",
    "signal_name": "historical_import",
    "confidence": "MEDIUM",
    "hit_tp1": true,
    "hit_sl": false,
    "candles_to_result": 5,
    "max_favorable_pct": 0.8519802713222021,
    "max_adverse_pct": -12.534296469567915,
    "outcome_tracked": true
  },
  {
    "symbol": "PYPL",
    "timeframe": "historical_1w",
    "timestamp": "2025-10-12",
    "congress_score": 66.66666666666666,
    "insider_score": 50,
    "short_interest_pct": 0,
    "combined_score": 54.166666666666664,
    "price": 69.83999633789062,
    "price_change_24h": -2.0339522499864353,
    "rsi": 50,
    "position_pct": 36.1337131323069,
    "ta_score": 50,
    "signal_direction": "WAIT",
    "signal_name": "historical_import",
    "confidence": "MEDIUM",
    "hit_tp1": false,
    "hit_sl": true,
    "candles_to_result": 1,
    "max_favorable_pct": -0.10022866336583909,
    "max_adverse_pct": -13.273191765671829,
    "outcome_tracked": true
  },
  {
    "symbol": "PYPL",
    "timeframe": "historical_1w",
    "timestamp": "2025-10-19",
    "congress_score": 66.66666666666666,
    "insider_score": 50,
    "short_interest_pct": 0,
    "combined_score": 54.166666666666664,
    "price": 67.41000366210938,
    "price_change_24h": -2.105717303790167,
    "rsi": 50,
    "position_pct": 29.069780465266682,
    "ta_score": 50,
    "signal_direction": "WAIT",
    "signal_name": "historical_import",
    "confidence": "MEDIUM",
    "hit_tp1": true,
    "hit_sl": false,
    "candles_to_result": 1,
    "max_favorable_pct": 3.500953645969856,
    "max_adverse_pct": -10.146867817379853,
    "outcome_tracked": true
  },
  {
    "symbol": "PYPL",
    "timeframe": "historical_1w",
    "timestamp": "2025-10-26",
    "congress_score": 100.0,
    "insider_score": 50,
    "short_interest_pct": 0,
    "combined_score": 62.5,
    "price": 69.7699966430664,
    "price_change_24h": 0.8236990172854305,
    "rsi": 50,
    "position_pct": 35.930225633813656,
    "ta_score": 50,
    "signal_direction": "WAIT",
    "signal_name": "historical_import",
    "confidence": "MEDIUM",
    "hit_tp1": false,
    "hit_sl": true,
    "candles_to_result": 2,
    "max_favorable_pct": -0.716640424333013,
    "max_adverse_pct": -14.275470472973275,
    "outcome_tracked": true
  },
  {
    "symbol": "PYPL",
    "timeframe": "historical_1m",
    "timestamp": "2025-10-28",
    "congress_score": 40.0,
    "insider_score": 50,
    "short_interest_pct": 0,
    "combined_score": 47.5,
    "price": 0,
    "price_change_24h": 0,
    "rsi": 50,
    "position_pct": 50,
    "ta_score": 50,
    "signal_direction": "WAIT",
    "signal_name": "quiver_only_import",
    "confidence": "LOW",
    "hit_tp1": false,
    "hit_sl": false,
    "candles_to_result": 0,
    "max_favorable_pct": 0,
    "max_adverse_pct": 0,
    "outcome_tracked": false
  },
  {
    "symbol": "PYPL",
    "timeframe": "historical_1w",
    "timestamp": "2025-11-02",
    "congress_score": 100.0,
    "insider_score": 50,
    "short_interest_pct": 0,
    "combined_score": 62.5,
    "price": 69.2699966430664,
    "price_change_24h": -1.3950225721474645,
    "rsi": 50,
    "position_pct": 34.476737165012175,
    "ta_score": 50,
    "signal_direction": "WAIT",
    "signal_name": "historical_import",
    "confidence": "MEDIUM",
    "hit_tp1": false,
    "hit_sl": false,
    "candles_to_result": 0,
    "max_favorable_pct": 0,
    "max_adverse_pct": 0,
    "outcome_tracked": false
  },
  {
    "symbol": "PYPL",
    "timeframe": "historical_1w",
    "timestamp": "2025-11-09",
    "congress_score": 0.0,
    "insider_score": 50,
    "short_interest_pct": 0,
    "combined_score": 37.5,
    "price": 66.22000122070312,
    "price_change_24h": -3.102129398289247,
    "rsi": 50,
    "position_pct": 25.61047081240748,
    "ta_score": 50,
    "signal_direction": "WAIT",
    "signal_name": "historical_import",
    "confidence": "MEDIUM",
    "hit_tp1": false,
    "hit_sl": false,
    "candles_to_result": 0,
    "max_favorable_pct": 0,
    "max_adverse_pct": 0,
    "outcome_tracked": false
  },
  {
    "symbol": "PYPL",
    "timeframe": "historical_1w",
    "timestamp": "2025-11-16",
    "congress_score": 0.0,
    "insider_score": 50,
    "short_interest_pct": 0,
    "combined_score": 37.5,
    "price": 62.810001373291016,
    "price_change_24h": -5.19245075729658,
    "rsi": 50,
    "position_pct": 15.69767989875083,
    "ta_score": 50,
    "signal_direction": "WAIT",
    "signal_name": "historical_import",
    "confidence": "MEDIUM",
    "hit_tp1": false,
    "hit_sl": false,
    "candles_to_result": 0,
    "max_favorable_pct": 0,
    "max_adverse_pct": 0,
    "outcome_tracked": false
  },
  {
    "symbol": "PYPL",
    "timeframe": "historical_1w",
    "timestamp": "2025-11-23",
    "congress_score": 33.33333333333333,
    "insider_score": 50,
    "short_interest_pct": 0,
    "combined_score": 45.83333333333333,
    "price": 60.56999969482422,
    "price_change_24h": -2.132815814900458,
    "rsi": 50,
    "position_pct": 9.186046679255908,
    "ta_score": 50,
    "signal_direction": "WAIT",
    "signal_name": "historical_import",
    "confidence": "MEDIUM",
    "hit_tp1": false,
    "hit_sl": false,
    "candles_to_result": 0,
    "max_favorable_pct": 0,
    "max_adverse_pct": 0,
    "outcome_tracked": false
  },
  {
    "symbol": "PYPL",
    "timeframe": "historical_1m",
    "timestamp": "2025-11-28",
    "congress_score": 60.0,
    "insider_score": 50,
    "short_interest_pct": 0,
    "combined_score": 52.5,
    "price": 0,
    "price_change_24h": 0,
    "rsi": 50,
    "position_pct": 50,
    "ta_score": 50,
    "signal_direction": "WAIT",
    "signal_name": "quiver_only_import",
    "confidence": "LOW",
    "hit_tp1": false,
    "hit_sl": false,
    "candles_to_result": 0,
    "max_favorable_pct": 0,
    "max_adverse_pct": 0,
    "outcome_tracked": false
  },
  {
    "symbol": "PYPL",
    "timeframe": "historical_1w",
    "timestamp": "2025-11-30",
    "congress_score": 33.33333333333333,
    "insider_score": 50,
    "short_interest_pct": 0,
    "combined_score": 45.83333333333333,
    "price": 62.689998626708984,
    "price_change_24h": 3.5171684364547735,
    "rsi": 50,
    "position_pct": 15.348834681987853,
    "ta_score": 50,
    "signal_direction": "WAIT",
    "signal_name": "historical_import",
    "confidence": "MEDIUM",
    "hit_tp1": false,
    "hit_sl": false,
    "candles_to_result": 0,
    "max_favorable_pct": 0,
    "max_adverse_pct": 0,
    "outcome_tracked": false
  },
  {
    "symbol": "PYPL",
    "timeframe": "historical_1w",
    "timestamp": "2025-12-07",
    "congress_score": 50.0,
    "insider_score": 50,
    "short_interest_pct": 0,
    "combined_score": 50.0,
    "price": 62.279998779296875,
    "price_change_24h": -0.4793912479704324,
    "rsi": 50,
    "position_pct": 14.156974581140114,
    "ta_score": 50,
    "signal_direction": "WAIT",
    "signal_name": "historical_import",
    "confidence": "MEDIUM",
    "hit_tp1": false,
    "hit_sl": false,
    "candles_to_result": 0,
    "max_favorable_pct": 0,
    "max_adverse_pct": 0,
    "outcome_tracked": false
  },
  {
    "symbol": "PYPL",
    "timeframe": "historical_1w",
    "timestamp": "2025-12-14",
    "congress_score": 100.0,
    "insider_score": 50,
    "short_interest_pct": 0,
    "combined_score": 62.5,
    "price": 61.65999984741211,
    "price_change_24h": 0.883509366760867,
    "rsi": 50,
    "position_pct": 12.354651984812625,
    "ta_score": 50,
    "signal_direction": "WAIT",
    "signal_name": "historical_import",
    "confidence": "MEDIUM",
    "hit_tp1": false,
    "hit_sl": false,
    "candles_to_result": 0,
    "max_favorable_pct": 0,
    "max_adverse_pct": 0,
    "outcome_tracked": false
  },
  {
    "symbol": "PYPL",
    "timeframe": "historical_1w",
    "timestamp": "2025-12-21",
    "congress_score": 100.0,
    "insider_score": 50,
    "short_interest_pct": 0,
    "combined_score": 62.5,
    "price": 59.810001373291016,
    "price_change_24h": -1.531116693244149,
    "rsi": 50,
    "position_pct": 6.976749085941919,
    "ta_score": 50,
    "signal_direction": "WAIT",
    "signal_name": "historical_import",
    "confidence": "MEDIUM",
    "hit_tp1": false,
    "hit_sl": false,
    "candles_to_result": 0,
    "max_favorable_pct": 0,
    "max_adverse_pct": 0,
    "outcome_tracked": false
  },
  {
    "symbol": "PYPL",
    "timeframe": "historical_1w",
    "timestamp": "2025-12-28",
    "congress_score": 50,
    "insider_score": 50,
    "short_interest_pct": 0,
    "combined_score": 50.0,
    "price": 59.8400993347168,
    "price_change_24h": -0.0332463672433109,
    "rsi": 50,
    "position_pct": 7.06424316567553,
    "ta_score": 50,
    "signal_direction": "WAIT",
    "signal_name": "historical_import",
    "confidence": "MEDIUM",
    "hit_tp1": false,
    "hit_sl": false,
    "candles_to_result": 0,
    "max_favorable_pct": 0,
    "max_adverse_pct": 0,
    "outcome_tracked": false
  }
]