[
  {
    "symbol": "QCOM",
    "timeframe": "historical_1w",
    "timestamp": "2025-06-29",
    "congress_score": 50,
    "insider_score": 50,
    "short_interest_pct": 0,
    "combined_score": 50.0,
    "price": 158.5399932861328,
    "price_change_24h": 3.5261812184971117,
    "rsi": 50,
    "position_pct": 66.1718586785709,
    "ta_score": 50,
    "signal_direction": "WAIT",
    "signal_name": "historical_import",
    "confidence": "MEDIUM",
    "hit_tp1": false,
    "hit_sl": true,
    "candles_to_result": 3,
    "max_favorable_pct": 2.314881785765399,
    "max_adverse_pct": -6.9256945833991415,
    "outcome_tracked": true
  },
  {
    "symbol": "QCOM",
    "timeframe": "historical_1w",
    "timestamp": "2025-07-06",
    "congress_score": 50,
    "insider_score": 50,
    "short_interest_pct": 0,
    "combined_score": 50.0,
    "price": 162.2100067138672,
    "price_change_24h": 1.8523246947020497,
    "rsi": 50,
    "position_pct": 73.33985408186042,
    "ta_score": 50,
    "signal_direction": "WAIT",
    "signal_name": "historical_import",
    "confidence": "MEDIUM",
    "hit_tp1": false,
    "hit_sl": true,
    "candles_to_result": 1,
    "max_favorable_pct": -0.23426722587023585,
    "max_adverse_pct": -9.031507643739603,
    "outcome_tracked": true
  },
  {
    "symbol": "QCOM",
    "timeframe": "historical_1w",
    "timestamp": "2025-07-13",
    "congress_score": 0.0,
    "insider_score": 50,
    "short_interest_pct": 0,
    "combined_score": 37.5,
    "price": 157.4600067138672,
    "price_change_24h": -0.3985006253507282,
    "rsi": 50,
    "position_pct": 64.06250977888762,
    "ta_score": 50,
    "signal_direction": "WAIT",
    "signal_name": "historical_import",
    "confidence": "MEDIUM",
    "hit_tp1": true,
    "hit_sl": false,
    "candles_to_result": 3,
    "max_favorable_pct": 5.963418639192449,
    "max_adverse_pct": -6.28731660939372,
    "outcome_tracked": true
  },
  {
    "symbol": "QCOM",
    "timeframe": "historical_1w",
    "timestamp": "2025-07-20",
    "congress_score": 0.0,
    "insider_score": 50,
    "short_interest_pct": 0,
    "combined_score": 37.5,
    "price": 154.8000030517578,
    "price_change_24h": 0.3305527174916523,
    "rsi": 50,
    "position_pct": 58.86718981666505,
    "ta_score": 50,
    "signal_direction": "WAIT",
    "signal_name": "historical_import",
    "confidence": "MEDIUM",
    "hit_tp1": false,
    "hit_sl": true,
    "candles_to_result": 1,
    "max_favorable_pct": 9.302321455167993,
    "max_adverse_pct": -4.677006040331502,
    "outcome_tracked": true
  },
  {
    "symbol": "QCOM",
    "timeframe": "historical_1w",
    "timestamp": "2025-07-27",
    "congress_score": 0.0,
    "insider_score": 50,
    "short_interest_pct": 0,
    "combined_score": 37.5,
    "price": 158.39999389648438,
    "price_change_24h": -0.35856282307464454,
    "rsi": 50,
    "position_pct": 65.89842235436572,
    "ta_score": 50,
    "signal_direction": "WAIT",
    "signal_name": "historical_import",
    "confidence": "MEDIUM",
    "hit_tp1": true,
    "hit_sl": false,
    "candles_to_result": 1,
    "max_favorable_pct": 6.818184007516881,
    "max_adverse_pct": -6.843432295189762,
    "outcome_tracked": true
  },
  {
    "symbol": "QCOM",
    "timeframe": "historical_1w",
    "timestamp": "2025-08-03",
    "congress_score": 0.0,
    "insider_score": 50,
    "short_interest_pct": 0,
    "combined_score": 37.5,
    "price": 148.19000244140625,
    "price_change_24h": -7.985098023387588,
    "rsi": 50,
    "position_pct": 45.95703160506675,
    "ta_score": 50,
    "signal_direction": "WAIT",
    "signal_name": "historical_import",
    "confidence": "MEDIUM",
    "hit_tp1": false,
    "hit_sl": true,
    "candles_to_result": 2,
    "max_favorable_pct": 14.1777408466831,
    "max_adverse_pct": -0.42513318876663186,
    "outcome_tracked": true
  },
  {
    "symbol": "QCOM",
    "timeframe": "historical_1w",
    "timestamp": "2025-08-10",
    "congress_score": 40.0,
    "insider_score": 50,
    "short_interest_pct": 0,
    "combined_score": 47.5,
    "price": 147.55999755859375,
    "price_change_24h": 0.033898077160795535,
    "rsi": 50,
    "position_pct": 44.72655324498137,
    "ta_score": 50,
    "signal_direction": "WAIT",
    "signal_name": "historical_import",
    "confidence": "MEDIUM",
    "hit_tp1": false,
    "hit_sl": true,
    "candles_to_result": 1,
    "max_favorable_pct": 14.665220756089761,
    "max_adverse_pct": 4.086472539349601,
    "outcome_tracked": true
  },
  {
    "symbol": "QCOM",
    "timeframe": "historical_1w",
    "timestamp": "2025-08-17",
    "congress_score": 50.0,
    "insider_score": 50,
    "short_interest_pct": 0,
    "combined_score": 50.0,
    "price": 157.85000610351562,
    "price_change_24h": 6.677032372309087,
    "rsi": 50,
    "position_pct": 64.82422738219663,
    "ta_score": 50,
    "signal_direction": "WAIT",
    "signal_name": "historical_import",
    "confidence": "MEDIUM",
    "hit_tp1": true,
    "hit_sl": false,
    "candles_to_result": 5,
    "max_favorable_pct": 7.190364526994958,
    "max_adverse_pct": -2.698770732280714,
    "outcome_tracked": true
  },
  {
    "symbol": "QCOM",
    "timeframe": "historical_1w",
    "timestamp": "2025-08-24",
    "congress_score": 50.0,
    "insider_score": 50,
    "short_interest_pct": 0,
    "combined_score": 50.0,
    "price": 158.00999450683594,
    "price_change_24h": -0.5601003296628374,
    "rsi": 50,
    "position_pct": 65.13670475105671,
    "ta_score": 50,
    "signal_direction": "WAIT",
    "signal_name": "historical_import",
    "confidence": "MEDIUM",
    "hit_tp1": true,
    "hit_sl": false,
    "candles_to_result": 4,
    "max_favorable_pct": 14.486425027157479,
    "max_adverse_pct": -2.7972902491013576,
    "outcome_tracked": true
  },
  {
    "symbol": "QCOM",
    "timeframe": "historical_1w",
    "timestamp": "2025-08-31",
    "congress_score": 50.0,
    "insider_score": 50,
    "short_interest_pct": 0,
    "combined_score": 50.0,
    "price": 160.72999572753906,
    "price_change_24h": 2.75540059394364,
    "rsi": 50,
    "position_pct": 70.44920745189235,
    "ta_score": 50,
    "signal_direction": "WAIT",
    "signal_name": "historical_import",
    "confidence": "MEDIUM",
    "hit_tp1": true,
    "hit_sl": false,
    "candles_to_result": 3,
    "max_favorable_pct": 12.548994403718158,
    "max_adverse_pct": -4.442232053406997,
    "outcome_tracked": true
  },
  {
    "symbol": "QCOM",
    "timeframe": "historical_1w",
    "timestamp": "2025-09-07",
    "congress_score": 0.0,
    "insider_score": 50,
    "short_interest_pct": 0,
    "combined_score": 37.5,
    "price": 159.83999633789062,
    "price_change_24h": 0.6675888441510441,
    "rsi": 50,
    "position_pct": 68.71092729037566,
    "ta_score": 50,
    "signal_direction": "WAIT",
    "signal_name": "historical_import",
    "confidence": "MEDIUM",
    "hit_tp1": false,
    "hit_sl": true,
    "candles_to_result": 2,
    "max_favorable_pct": 13.175674450138489,
    "max_adverse_pct": -3.910160249746212,
    "outcome_tracked": true
  },
  {
    "symbol": "QCOM",
    "timeframe": "historical_1w",
    "timestamp": "2025-09-14",
    "congress_score": 33.33333333333333,
    "insider_score": 50,
    "short_interest_pct": 0,
    "combined_score": 45.83333333333333,
    "price": 161.8300018310547,
    "price_change_24h": 0.9922592881828473,
    "rsi": 50,
    "position_pct": 72.59765700087887,
    "ta_score": 50,
    "signal_direction": "WAIT",
    "signal_name": "historical_import",
    "confidence": "MEDIUM",
    "hit_tp1": false,
    "hit_sl": true,
    "candles_to_result": 1,
    "max_favorable_pct": 11.78396579723094,
    "max_adverse_pct": -5.091766297924388,
    "outcome_tracked": true
  },
  {
    "symbol": "QCOM",
    "timeframe": "historical_1w",
    "timestamp": "2025-09-21",
    "congress_score": 33.33333333333333,
    "insider_score": 50,
    "short_interest_pct": 0,
    "combined_score": 45.83333333333333,
    "price": 166.85000610351562,
    "price_change_24h": 3.4921255676615894,
    "rsi": 50,
    "position_pct": 82.40235342993458,
    "ta_score": 50,
    "signal_direction": "WAIT",
    "signal_name": "historical_import",
    "confidence": "MEDIUM",
    "hit_tp1": true,
    "hit_sl": false,
    "candles_to_result": 3,
    "max_favorable_pct": 8.420729564883551,
    "max_adverse_pct": -7.947263578401274,
    "outcome_tracked": true
  },
  {
    "symbol": "QCOM",
    "timeframe": "historical_1w",
    "timestamp": "2025-09-28",
    "congress_score": 50.0,
    "insider_score": 50,
    "short_interest_pct": 0,
    "combined_score": 50.0,
    "price": 169.1999969482422,
    "price_change_24h": -0.30638950549188737,
    "rsi": 50,
    "position_pct": 86.99217957211611,
    "ta_score": 50,
    "signal_direction": "WAIT",
    "signal_name": "historical_import",
    "confidence": "MEDIUM",
    "hit_tp1": false,
    "hit_sl": true,
    "candles_to_result": 2,
    "max_favorable_pct": 6.914891938101621,
    "max_adverse_pct": -9.225768848640476,
    "outcome_tracked": true
  },
  {
    "symbol": "QCOM",
    "timeframe": "historical_1w",
    "timestamp": "2025-10-05",
    "congress_score": 50.0,
    "insider_score": 50,
    "short_interest_pct": 0,
    "combined_score": 50.0,
    "price": 169.17999267578125,
    "price_change_24h": 2.3472411085246967,
    "rsi": 50,
    "position_pct": 86.95310872513704,
    "ta_score": 50,
    "signal_direction": "WAIT",
    "signal_name": "historical_import",
    "confidence": "MEDIUM",
    "hit_tp1": false,
    "hit_sl": true,
    "candles_to_result": 1,
    "max_favorable_pct": 6.927533826747166,
    "max_adverse_pct": -9.215035472762727,
    "outcome_tracked": true
  },
  {
    "symbol": "QCOM",
    "timeframe": "historical_1w",
    "timestamp": "2025-10-12",
    "congress_score": 0.0,
    "insider_score": 50,
    "short_interest_pct": 0,
    "combined_score": 37.5,
    "price": 153.58999633789062,
    "price_change_24h": -8.913532922860856,
    "rsi": 50,
    "position_pct": 56.50389531277986,
    "ta_score": 50,
    "signal_direction": "WAIT",
    "signal_name": "historical_import",
    "confidence": "MEDIUM",
    "hit_tp1": false,
    "hit_sl": true,
    "candles_to_result": 1,
    "max_favorable_pct": 17.78110437512679,
    "max_adverse_pct": 6.322030695609652,
    "outcome_tracked": true
  },
  {
    "symbol": "QCOM",
    "timeframe": "historical_1w",
    "timestamp": "2025-10-19",
    "congress_score": 0.0,
    "insider_score": 50,
    "short_interest_pct": 0,
    "combined_score": 37.5,
    "price": 163.4499969482422,
    "price_change_24h": 1.0322649162728412,
    "rsi": 50,
    "position_pct": 75.76171015272797,
    "ta_score": 50,
    "signal_direction": "WAIT",
    "signal_name": "historical_import",
    "confidence": "MEDIUM",
    "hit_tp1": false,
    "hit_sl": true,
    "candles_to_result": 1,
    "max_favorable_pct": 10.676046053257423,
    "max_adverse_pct": -0.09176745138262182,
    "outcome_tracked": true
  },
  {
    "symbol": "QCOM",
    "timeframe": "historical_1w",
    "timestamp": "2025-10-26",
    "congress_score": 50,
    "insider_score": 50,
    "short_interest_pct": 0,
    "combined_score": 50.0,
    "price": 168.94000244140625,
    "price_change_24h": 1.137457633884598,
    "rsi": 50,
    "position_pct": 86.48437777068483,
    "ta_score": 50,
    "signal_direction": "WAIT",
    "signal_name": "historical_import",
    "confidence": "MEDIUM",
    "hit_tp1": false,
    "hit_sl": false,
    "candles_to_result": 0,
    "max_favorable_pct": 0,
    "max_adverse_pct": 0,
    "outcome_tracked": false
  },
  {
    "symbol": "QCOM",
    "timeframe": "historical_1w",
    "timestamp": "2025-11-02",
    "congress_score": 50,
    "insider_score": 50,
    "short_interest_pct": 0,
    "combined_score": 50.0,
    "price": 180.89999389648438,
    "price_change_24h": -3.612531459871367,
    "rsi": 50,
    "position_pct": 89.24151069301838,
    "ta_score": 50,
    "signal_direction": "WAIT",
    "signal_name": "historical_import",
    "confidence": "MEDIUM",
    "hit_tp1": false,
    "hit_sl": false,
    "candles_to_result": 0,
    "max_favorable_pct": 0,
    "max_adverse_pct": 0,
    "outcome_tracked": false
  },
  {
    "symbol": "QCOM",
    "timeframe": "historical_1w",
    "timestamp": "2025-11-09",
    "congress_score": 50,
    "insider_score": 50,
    "short_interest_pct": 0,
    "combined_score": 50.0,
    "price": 170.88999938964844,
    "price_change_24h": -5.439354672784592,
    "rsi": 50,
    "position_pct": 73.35767024254748,
    "ta_score": 50,
    "signal_direction": "WAIT",
    "signal_name": "historical_import",
    "confidence": "MEDIUM",
    "hit_tp1": false,
    "hit_sl": false,
    "candles_to_result": 0,
    "max_favorable_pct": 0,
    "max_adverse_pct": 0,
    "outcome_tracked": false
  },
  {
    "symbol": "QCOM",
    "timeframe": "historical_1w",
    "timestamp": "2025-11-16",
    "congress_score": 50,
    "insider_score": 50,
    "short_interest_pct": 0,
    "combined_score": 50.0,
    "price": 173.97999572753906,
    "price_change_24h": 1.4046676577719768,
    "rsi": 50,
    "position_pct": 78.2608706179399,
    "ta_score": 50,
    "signal_direction": "WAIT",
    "signal_name": "historical_import",
    "confidence": "MEDIUM",
    "hit_tp1": false,
    "hit_sl": false,
    "candles_to_result": 0,
    "max_favorable_pct": 0,
    "max_adverse_pct": 0,
    "outcome_tracked": false
  },
  {
    "symbol": "QCOM",
    "timeframe": "historical_1w",
    "timestamp": "2025-11-23",
    "congress_score": 50,
    "insider_score": 50,
    "short_interest_pct": 0,
    "combined_score": 50.0,
    "price": 163.3000030517578,
    "price_change_24h": -2.068963687101762,
    "rsi": 50,
    "position_pct": 61.31387833353268,
    "ta_score": 50,
    "signal_direction": "WAIT",
    "signal_name": "historical_import",
    "confidence": "MEDIUM",
    "hit_tp1": false,
    "hit_sl": false,
    "candles_to_result": 0,
    "max_favorable_pct": 0,
    "max_adverse_pct": 0,
    "outcome_tracked": false
  },
  {
    "symbol": "QCOM",
    "timeframe": "historical_1w",
    "timestamp": "2025-11-30",
    "congress_score": 50,
    "insider_score": 50,
    "short_interest_pct": 0,
    "combined_score": 50.0,
    "price": 168.08999633789062,
    "price_change_24h": 1.8356953981059354,
    "rsi": 50,
    "position_pct": 68.91463066799223,
    "ta_score": 50,
    "signal_direction": "WAIT",
    "signal_name": "historical_import",
    "confidence": "MEDIUM",
    "hit_tp1": false,
    "hit_sl": false,
    "candles_to_result": 0,
    "max_favorable_pct": 0,
    "max_adverse_pct": 0,
    "outcome_tracked": false
  },
  {
    "symbol": "QCOM",
    "timeframe": "historical_1w",
    "timestamp": "2025-12-07",
    "congress_score": 50,
    "insider_score": 50,
    "short_interest_pct": 0,
    "combined_score": 50.0,
    "price": 174.80999755859375,
    "price_change_24h": 4.0288053695248625,
    "rsi": 50,
    "position_pct": 79.57791596187772,
    "ta_score": 50,
    "signal_direction": "WAIT",
    "signal_name": "historical_import",
    "confidence": "MEDIUM",
    "hit_tp1": false,
    "hit_sl": false,
    "candles_to_result": 0,
    "max_favorable_pct": 0,
    "max_adverse_pct": 0,
    "outcome_tracked": false
  },
  {
    "symbol": "QCOM",
    "timeframe": "historical_1w",
    "timestamp": "2025-12-14",
    "congress_score": 50,
    "insider_score": 50,
    "short_interest_pct": 0,
    "combined_score": 50.0,
    "price": 178.2899932861328,
    "price_change_24h": 1.6998435736918314,
    "rsi": 50,
    "position_pct": 85.0999666350127,
    "ta_score": 50,
    "signal_direction": "WAIT",
    "signal_name": "historical_import",
    "confidence": "MEDIUM",
    "hit_tp1": false,
    "hit_sl": false,
    "candles_to_result": 0,
    "max_favorable_pct": 0,
    "max_adverse_pct": 0,
    "outcome_tracked": false
  },
  {
    "symbol": "QCOM",
    "timeframe": "historical_1w",
    "timestamp": "2025-12-21",
    "congress_score": 50,
    "insider_score": 50,
    "short_interest_pct": 0,
    "combined_score": 50.0,
    "price": 175.25,
    "price_change_24h": -2.2369712315722623,
    "rsi": 50,
    "position_pct": 80.27611100807297,
    "ta_score": 50,
    "signal_direction": "WAIT",
    "signal_name": "historical_import",
    "confidence": "MEDIUM",
    "hit_tp1": false,
    "hit_sl": false,
    "candles_to_result": 0,
    "max_favorable_pct": 0,
    "max_adverse_pct": 0,
    "outcome_tracked": false
  },
  {
    "symbol": "QCOM",
    "timeframe": "historical_1w",
    "timestamp": "2025-12-28",
    "congress_score": 50,
    "insider_score": 50,
    "short_interest_pct": 0,
    "combined_score": 50.0,
    "price": 174.85000610351562,
    "price_change_24h": 0.36161455538873827,
    "rsi": 50,
    "position_pct": 79.64140144568698,
    "ta_score": 50,
    "signal_direction": "WAIT",
    "signal_name": "historical_import",
    "confidence": "MEDIUM",
    "hit_tp1": false,
    "hit_sl": false,
    "candles_to_result": 0,
    "max_favorable_pct": 0,
    "max_adverse_pct": 0,
    "outcome_tracked": false
  }
]