[
  {
    "symbol": "REGN",
    "timeframe": "historical_1w",
    "timestamp": "2025-06-29",
    "congress_score": 50,
    "insider_score": 50,
    "short_interest_pct": 0,
    "combined_score": 50.0,
    "price": 521.0,
    "price_change_24h": 1.7737119733740216,
    "rsi": 50,
    "position_pct": 14.490369521969019,
    "ta_score": 50,
    "signal_direction": "WAIT",
    "signal_name": "historical_import",
    "confidence": "MEDIUM",
    "hit_tp1": true,
    "hit_sl": false,
    "candles_to_result": 1,
    "max_favorable_pct": 13.143950185940497,
    "max_adverse_pct": 4.130521982965451,
    "outcome_tracked": true
  },
  {
    "symbol": "REGN",
    "timeframe": "historical_1w",
    "timestamp": "2025-07-06",
    "congress_score": 0.0,
    "insider_score": 50,
    "short_interest_pct": 0,
    "combined_score": 37.5,
    "price": 547.3599853515625,
    "price_change_24h": 4.2590448288690474,
    "rsi": 50,
    "position_pct": 24.56065694867134,
    "ta_score": 50,
    "signal_direction": "WAIT",
    "signal_name": "historical_import",
    "confidence": "MEDIUM",
    "hit_tp1": false,
    "hit_sl": true,
    "candles_to_result": 1,
    "max_favorable_pct": 7.695117700307294,
    "max_adverse_pct": -0.8842381521922633,
    "outcome_tracked": true
  },
  {
    "symbol": "REGN",
    "timeframe": "historical_1w",
    "timestamp": "2025-07-13",
    "congress_score": 0.0,
    "insider_score": 50,
    "short_interest_pct": 0,
    "combined_score": 37.5,
    "price": 567.739990234375,
    "price_change_24h": 5.506310176246661,
    "rsi": 50,
    "position_pct": 32.34641646979161,
    "ta_score": 50,
    "signal_direction": "WAIT",
    "signal_name": "historical_import",
    "confidence": "MEDIUM",
    "hit_tp1": true,
    "hit_sl": false,
    "candles_to_result": 1,
    "max_favorable_pct": 4.271321452975171,
    "max_adverse_pct": -4.442169150831469,
    "outcome_tracked": true
  },
  {
    "symbol": "REGN",
    "timeframe": "historical_1w",
    "timestamp": "2025-07-20",
    "congress_score": 0.0,
    "insider_score": 50,
    "short_interest_pct": 0,
    "combined_score": 37.5,
    "price": 542.52001953125,
    "price_change_24h": -4.9194703733104195,
    "rsi": 50,
    "position_pct": 22.711648070406813,
    "ta_score": 50,
    "signal_direction": "WAIT",
    "signal_name": "historical_import",
    "confidence": "MEDIUM",
    "hit_tp1": false,
    "hit_sl": true,
    "candles_to_result": 1,
    "max_favorable_pct": 9.118552112762256,
    "max_adverse_pct": 3.0137091715185482,
    "outcome_tracked": true
  },
  {
    "symbol": "REGN",
    "timeframe": "historical_1w",
    "timestamp": "2025-07-27",
    "congress_score": 0.0,
    "insider_score": 50,
    "short_interest_pct": 0,
    "combined_score": 37.5,
    "price": 563.0999755859375,
    "price_change_24h": 3.2207111149698076,
    "rsi": 50,
    "position_pct": 30.57379480287156,
    "ta_score": 50,
    "signal_direction": "WAIT",
    "signal_name": "historical_import",
    "confidence": "MEDIUM",
    "hit_tp1": false,
    "hit_sl": true,
    "candles_to_result": 3,
    "max_favorable_pct": 6.553014742305028,
    "max_adverse_pct": -0.7511952854106352,
    "outcome_tracked": true
  },
  {
    "symbol": "REGN",
    "timeframe": "historical_1w",
    "timestamp": "2025-08-03",
    "congress_score": 0.0,
    "insider_score": 50,
    "short_interest_pct": 0,
    "combined_score": 37.5,
    "price": 558.8699951171875,
    "price_change_24h": 0.042960498411707106,
    "rsi": 50,
    "position_pct": 28.957818217090775,
    "ta_score": 50,
    "signal_direction": "WAIT",
    "signal_name": "historical_import",
    "confidence": "MEDIUM",
    "hit_tp1": false,
    "hit_sl": true,
    "candles_to_result": 2,
    "max_favorable_pct": 7.359494201185035,
    "max_adverse_pct": 0.20219458777269894,
    "outcome_tracked": true
  },
  {
    "symbol": "REGN",
    "timeframe": "historical_1w",
    "timestamp": "2025-08-10",
    "congress_score": 50.0,
    "insider_score": 50,
    "short_interest_pct": 0,
    "combined_score": 50.0,
    "price": 563.0,
    "price_change_24h": -1.4942048422962948,
    "rsi": 50,
    "position_pct": 30.535601197199323,
    "ta_score": 50,
    "signal_direction": "WAIT",
    "signal_name": "historical_import",
    "confidence": "MEDIUM",
    "hit_tp1": true,
    "hit_sl": false,
    "candles_to_result": 1,
    "max_favorable_pct": 6.571936056838366,
    "max_adverse_pct": -0.5328596802841918,
    "outcome_tracked": true
  },
  {
    "symbol": "REGN",
    "timeframe": "historical_1w",
    "timestamp": "2025-08-17",
    "congress_score": 50.0,
    "insider_score": 50,
    "short_interest_pct": 0,
    "combined_score": 50.0,
    "price": 580.4099731445312,
    "price_change_24h": 6.313875251671916,
    "rsi": 50,
    "position_pct": 37.18672149633127,
    "ta_score": 50,
    "signal_direction": "WAIT",
    "signal_name": "historical_import",
    "confidence": "MEDIUM",
    "hit_tp1": false,
    "hit_sl": true,
    "candles_to_result": 4,
    "max_favorable_pct": 3.3752050726031415,
    "max_adverse_pct": -3.516475265570401,
    "outcome_tracked": true
  },
  {
    "symbol": "REGN",
    "timeframe": "historical_1w",
    "timestamp": "2025-08-24",
    "congress_score": 50.0,
    "insider_score": 50,
    "short_interest_pct": 0,
    "combined_score": 50.0,
    "price": 589.47998046875,
    "price_change_24h": 2.7129703355577792,
    "rsi": 50,
    "position_pct": 40.651730277596165,
    "ta_score": 50,
    "signal_direction": "WAIT",
    "signal_name": "historical_import",
    "confidence": "MEDIUM",
    "hit_tp1": false,
    "hit_sl": true,
    "candles_to_result": 2,
    "max_favorable_pct": 10.572031178168656,
    "max_adverse_pct": -5.001014698634505,
    "outcome_tracked": true
  },
  {
    "symbol": "REGN",
    "timeframe": "historical_1w",
    "timestamp": "2025-08-31",
    "congress_score": 100.0,
    "insider_score": 50,
    "short_interest_pct": 0,
    "combined_score": 62.5,
    "price": 580.7000122070312,
    "price_change_24h": 1.4535810568578764,
    "rsi": 50,
    "position_pct": 37.29752492377601,
    "ta_score": 50,
    "signal_direction": "WAIT",
    "signal_name": "historical_import",
    "confidence": "MEDIUM",
    "hit_tp1": false,
    "hit_sl": true,
    "candles_to_result": 2,
    "max_favorable_pct": 13.230586443048379,
    "max_adverse_pct": -3.564665364541318,
    "outcome_tracked": true
  },
  {
    "symbol": "REGN",
    "timeframe": "historical_1w",
    "timestamp": "2025-09-07",
    "congress_score": 100.0,
    "insider_score": 50,
    "short_interest_pct": 0,
    "combined_score": 62.5,
    "price": 573.3800048828125,
    "price_change_24h": -0.782145585792782,
    "rsi": 50,
    "position_pct": 34.50106746231238,
    "ta_score": 50,
    "signal_direction": "WAIT",
    "signal_name": "historical_import",
    "confidence": "MEDIUM",
    "hit_tp1": false,
    "hit_sl": true,
    "candles_to_result": 1,
    "max_favorable_pct": 20.94945657230193,
    "max_adverse_pct": -2.333531823375513,
    "outcome_tracked": true
  },
  {
    "symbol": "REGN",
    "timeframe": "historical_1w",
    "timestamp": "2025-09-14",
    "congress_score": 100.0,
    "insider_score": 50,
    "short_interest_pct": 0,
    "combined_score": 62.5,
    "price": 560.0,
    "price_change_24h": 0.2793491783850909,
    "rsi": 50,
    "position_pct": 29.389513220397156,
    "ta_score": 50,
    "signal_direction": "WAIT",
    "signal_name": "historical_import",
    "confidence": "MEDIUM",
    "hit_tp1": true,
    "hit_sl": false,
    "candles_to_result": 1,
    "max_favorable_pct": 34.982147216796875,
    "max_adverse_pct": 0.6964329310825893,
    "outcome_tracked": true
  },
  {
    "symbol": "REGN",
    "timeframe": "historical_1w",
    "timestamp": "2025-09-21",
    "congress_score": 100.0,
    "insider_score": 50,
    "short_interest_pct": 0,
    "combined_score": 62.5,
    "price": 591.989990234375,
    "price_change_24h": 3.3881071043878177,
    "rsi": 50,
    "position_pct": 41.61062761560911,
    "ta_score": 50,
    "signal_direction": "WAIT",
    "signal_name": "historical_import",
    "confidence": "MEDIUM",
    "hit_tp1": false,
    "hit_sl": true,
    "candles_to_result": 1,
    "max_favorable_pct": 31.79108013845317,
    "max_adverse_pct": -4.745006889253548,
    "outcome_tracked": true
  },
  {
    "symbol": "REGN",
    "timeframe": "historical_1w",
    "timestamp": "2025-09-28",
    "congress_score": 50,
    "insider_score": 50,
    "short_interest_pct": 0,
    "combined_score": 50.0,
    "price": 563.9000244140625,
    "price_change_24h": -5.335073974696353,
    "rsi": 50,
    "position_pct": 30.879436917127805,
    "ta_score": 50,
    "signal_direction": "WAIT",
    "signal_name": "historical_import",
    "confidence": "MEDIUM",
    "hit_tp1": true,
    "hit_sl": false,
    "candles_to_result": 1,
    "max_favorable_pct": 38.35608594840663,
    "max_adverse_pct": 0.12945210802367113,
    "outcome_tracked": true
  },
  {
    "symbol": "REGN",
    "timeframe": "historical_1w",
    "timestamp": "2025-10-05",
    "congress_score": 0.0,
    "insider_score": 50,
    "short_interest_pct": 0,
    "combined_score": 37.5,
    "price": 600.0,
    "price_change_24h": 6.999554168524298,
    "rsi": 50,
    "position_pct": 44.670686244426015,
    "ta_score": 50,
    "signal_direction": "WAIT",
    "signal_name": "historical_import",
    "confidence": "MEDIUM",
    "hit_tp1": true,
    "hit_sl": false,
    "candles_to_result": 1,
    "max_favorable_pct": 30.031667073567707,
    "max_adverse_pct": -5.894999186197917,
    "outcome_tracked": true
  },
  {
    "symbol": "REGN",
    "timeframe": "historical_1w",
    "timestamp": "2025-10-12",
    "congress_score": 0.0,
    "insider_score": 50,
    "short_interest_pct": 0,
    "combined_score": 37.5,
    "price": 564.6300048828125,
    "price_change_24h": -3.5611765186649906,
    "rsi": 50,
    "position_pct": 31.158310863306067,
    "ta_score": 50,
    "signal_direction": "WAIT",
    "signal_name": "historical_import",
    "confidence": "MEDIUM",
    "hit_tp1": false,
    "hit_sl": true,
    "candles_to_result": 1,
    "max_favorable_pct": 38.177212633843766,
    "max_adverse_pct": 2.35906827639868,
    "outcome_tracked": true
  },
  {
    "symbol": "REGN",
    "timeframe": "historical_1w",
    "timestamp": "2025-10-19",
    "congress_score": 0.0,
    "insider_score": 50,
    "short_interest_pct": 0,
    "combined_score": 37.5,
    "price": 578.0499877929688,
    "price_change_24h": 3.6433414081740034,
    "rsi": 50,
    "position_pct": 36.285137884046264,
    "ta_score": 50,
    "signal_direction": "WAIT",
    "signal_name": "historical_import",
    "confidence": "MEDIUM",
    "hit_tp1": false,
    "hit_sl": true,
    "candles_to_result": 2,
    "max_favorable_pct": 35.211494396813094,
    "max_adverse_pct": -0.0172953184064951,
    "outcome_tracked": true
  },
  {
    "symbol": "REGN",
    "timeframe": "historical_1w",
    "timestamp": "2025-10-26",
    "congress_score": 0.0,
    "insider_score": 50,
    "short_interest_pct": 0,
    "combined_score": 37.5,
    "price": 577.9500122070312,
    "price_change_24h": 0.20458634045164978,
    "rsi": 50,
    "position_pct": 36.24694427837403,
    "ta_score": 50,
    "signal_direction": "WAIT",
    "signal_name": "historical_import",
    "confidence": "MEDIUM",
    "hit_tp1": false,
    "hit_sl": false,
    "candles_to_result": 0,
    "max_favorable_pct": 0,
    "max_adverse_pct": 0,
    "outcome_tracked": false
  },
  {
    "symbol": "REGN",
    "timeframe": "historical_1w",
    "timestamp": "2025-11-02",
    "congress_score": 50,
    "insider_score": 50,
    "short_interest_pct": 0,
    "combined_score": 50.0,
    "price": 651.7999877929688,
    "price_change_24h": 11.35979062577329,
    "rsi": 50,
    "position_pct": 64.45980064709947,
    "ta_score": 50,
    "signal_direction": "WAIT",
    "signal_name": "historical_import",
    "confidence": "MEDIUM",
    "hit_tp1": false,
    "hit_sl": false,
    "candles_to_result": 0,
    "max_favorable_pct": 0,
    "max_adverse_pct": 0,
    "outcome_tracked": false
  },
  {
    "symbol": "REGN",
    "timeframe": "historical_1w",
    "timestamp": "2025-11-09",
    "congress_score": 100.0,
    "insider_score": 50,
    "short_interest_pct": 0,
    "combined_score": 62.5,
    "price": 657.530029296875,
    "price_change_24h": 2.3791404121253406,
    "rsi": 50,
    "position_pct": 66.64884453850092,
    "ta_score": 50,
    "signal_direction": "WAIT",
    "signal_name": "historical_import",
    "confidence": "MEDIUM",
    "hit_tp1": false,
    "hit_sl": false,
    "candles_to_result": 0,
    "max_favorable_pct": 0,
    "max_adverse_pct": 0,
    "outcome_tracked": false
  },
  {
    "symbol": "REGN",
    "timeframe": "historical_1w",
    "timestamp": "2025-11-16",
    "congress_score": 100.0,
    "insider_score": 50,
    "short_interest_pct": 0,
    "combined_score": 62.5,
    "price": 693.5,
    "price_change_24h": 5.919908718535768,
    "rsi": 50,
    "position_pct": 80.39042818809348,
    "ta_score": 50,
    "signal_direction": "WAIT",
    "signal_name": "historical_import",
    "confidence": "MEDIUM",
    "hit_tp1": false,
    "hit_sl": false,
    "candles_to_result": 0,
    "max_favorable_pct": 0,
    "max_adverse_pct": 0,
    "outcome_tracked": false
  },
  {
    "symbol": "REGN",
    "timeframe": "historical_1w",
    "timestamp": "2025-11-23",
    "congress_score": 100.0,
    "insider_score": 50,
    "short_interest_pct": 0,
    "combined_score": 62.5,
    "price": 755.9000244140625,
    "price_change_24h": 7.324903385483579,
    "rsi": 50,
    "position_pct": 100.0,
    "ta_score": 50,
    "signal_direction": "WAIT",
    "signal_name": "historical_import",
    "confidence": "MEDIUM",
    "hit_tp1": false,
    "hit_sl": false,
    "candles_to_result": 0,
    "max_favorable_pct": 0,
    "max_adverse_pct": 0,
    "outcome_tracked": false
  },
  {
    "symbol": "REGN",
    "timeframe": "historical_1w",
    "timestamp": "2025-11-30",
    "congress_score": 100.0,
    "insider_score": 50,
    "short_interest_pct": 0,
    "combined_score": 62.5,
    "price": 780.1900024414062,
    "price_change_24h": 2.4610926435023512,
    "rsi": 50,
    "position_pct": 97.65653085199261,
    "ta_score": 50,
    "signal_direction": "WAIT",
    "signal_name": "historical_import",
    "confidence": "MEDIUM",
    "hit_tp1": false,
    "hit_sl": false,
    "candles_to_result": 0,
    "max_favorable_pct": 0,
    "max_adverse_pct": 0,
    "outcome_tracked": false
  },
  {
    "symbol": "REGN",
    "timeframe": "historical_1w",
    "timestamp": "2025-12-07",
    "congress_score": 100.0,
    "insider_score": 50,
    "short_interest_pct": 0,
    "combined_score": 62.5,
    "price": 718.3599853515625,
    "price_change_24h": -4.2327126181528385,
    "rsi": 50,
    "position_pct": 77.33442170167419,
    "ta_score": 50,
    "signal_direction": "WAIT",
    "signal_name": "historical_import",
    "confidence": "MEDIUM",
    "hit_tp1": false,
    "hit_sl": false,
    "candles_to_result": 0,
    "max_favorable_pct": 0,
    "max_adverse_pct": 0,
    "outcome_tracked": false
  },
  {
    "symbol": "REGN",
    "timeframe": "historical_1w",
    "timestamp": "2025-12-14",
    "congress_score": 100.0,
    "insider_score": 50,
    "short_interest_pct": 0,
    "combined_score": 62.5,
    "price": 741.2899780273438,
    "price_change_24h": 5.4076682498117545,
    "rsi": 50,
    "position_pct": 84.87098461894001,
    "ta_score": 50,
    "signal_direction": "WAIT",
    "signal_name": "historical_import",
    "confidence": "MEDIUM",
    "hit_tp1": false,
    "hit_sl": false,
    "candles_to_result": 0,
    "max_favorable_pct": 0,
    "max_adverse_pct": 0,
    "outcome_tracked": false
  },
  {
    "symbol": "REGN",
    "timeframe": "historical_1w",
    "timestamp": "2025-12-21",
    "congress_score": 50,
    "insider_score": 50,
    "short_interest_pct": 0,
    "combined_score": 50.0,
    "price": 767.9600219726562,
    "price_change_24h": 2.0382167567950695,
    "rsi": 50,
    "position_pct": 93.63681664698028,
    "ta_score": 50,
    "signal_direction": "WAIT",
    "signal_name": "historical_import",
    "confidence": "MEDIUM",
    "hit_tp1": false,
    "hit_sl": false,
    "candles_to_result": 0,
    "max_favorable_pct": 0,
    "max_adverse_pct": 0,
    "outcome_tracked": false
  },
  {
    "symbol": "REGN",
    "timeframe": "historical_1w",
    "timestamp": "2025-12-28",
    "congress_score": 50,
    "insider_score": 50,
    "short_interest_pct": 0,
    "combined_score": 50.0,
    "price": 781.5900268554688,
    "price_change_24h": 0.2861375418062165,
    "rsi": 50,
    "position_pct": 98.1166867810189,
    "ta_score": 50,
    "signal_direction": "WAIT",
    "signal_name": "historical_import",
    "confidence": "MEDIUM",
    "hit_tp1": false,
    "hit_sl": false,
    "candles_to_result": 0,
    "max_favorable_pct": 0,
    "max_adverse_pct": 0,
    "outcome_tracked": false
  }
]