[
  {
    "symbol": "SBUX",
    "timeframe": "historical_1w",
    "timestamp": "2025-06-29",
    "congress_score": 50.0,
    "insider_score": 50,
    "short_interest_pct": 0,
    "combined_score": 50.0,
    "price": 92.11000061035156,
    "price_change_24h": -0.24907487184368282,
    "rsi": 50,
    "position_pct": 34.38538163875699,
    "ta_score": 50,
    "signal_direction": "WAIT",
    "signal_name": "historical_import",
    "confidence": "MEDIUM",
    "hit_tp1": true,
    "hit_sl": false,
    "candles_to_result": 2,
    "max_favorable_pct": 3.0724153862796135,
    "max_adverse_pct": -7.252198741626178,
    "outcome_tracked": true
  },
  {
    "symbol": "SBUX",
    "timeframe": "historical_1w",
    "timestamp": "2025-07-06",
    "congress_score": 50.0,
    "insider_score": 50,
    "short_interest_pct": 0,
    "combined_score": 50.0,
    "price": 94.44000244140625,
    "price_change_24h": 3.066686971753088,
    "rsi": 50,
    "position_pct": 40.83610740296389,
    "ta_score": 50,
    "signal_direction": "WAIT",
    "signal_name": "historical_import",
    "confidence": "MEDIUM",
    "hit_tp1": false,
    "hit_sl": true,
    "candles_to_result": 4,
    "max_favorable_pct": 0.5294366656864677,
    "max_adverse_pct": -13.2782725448441,
    "outcome_tracked": true
  },
  {
    "symbol": "SBUX",
    "timeframe": "historical_1w",
    "timestamp": "2025-07-13",
    "congress_score": 50.0,
    "insider_score": 50,
    "short_interest_pct": 0,
    "combined_score": 50.0,
    "price": 94.94000244140625,
    "price_change_24h": 1.3882988682521533,
    "rsi": 50,
    "position_pct": 42.220382230183006,
    "ta_score": 50,
    "signal_direction": "WAIT",
    "signal_name": "historical_import",
    "confidence": "MEDIUM",
    "hit_tp1": false,
    "hit_sl": true,
    "candles_to_result": 3,
    "max_favorable_pct": -0.5477188319874612,
    "max_adverse_pct": -13.734991131451876,
    "outcome_tracked": true
  },
  {
    "symbol": "SBUX",
    "timeframe": "historical_1w",
    "timestamp": "2025-07-20",
    "congress_score": 0.0,
    "insider_score": 50,
    "short_interest_pct": 0,
    "combined_score": 37.5,
    "price": 93.80000305175781,
    "price_change_24h": 0.406770381353766,
    "rsi": 50,
    "position_pct": 39.06423731391203,
    "ta_score": 50,
    "signal_direction": "WAIT",
    "signal_name": "historical_import",
    "confidence": "MEDIUM",
    "hit_tp1": true,
    "hit_sl": false,
    "candles_to_result": 2,
    "max_favorable_pct": 0.6609755831728422,
    "max_adverse_pct": -12.686568378161583,
    "outcome_tracked": true
  },
  {
    "symbol": "SBUX",
    "timeframe": "historical_1w",
    "timestamp": "2025-07-27",
    "congress_score": 100.0,
    "insider_score": 50,
    "short_interest_pct": 0,
    "combined_score": 62.5,
    "price": 94.41999816894531,
    "price_change_24h": 1.899411220890806,
    "rsi": 50,
    "position_pct": 40.780724581354875,
    "ta_score": 50,
    "signal_direction": "WAIT",
    "signal_name": "historical_import",
    "confidence": "MEDIUM",
    "hit_tp1": false,
    "hit_sl": true,
    "candles_to_result": 1,
    "max_favorable_pct": -2.4359197913220765,
    "max_adverse_pct": -13.259899264840513,
    "outcome_tracked": true
  },
  {
    "symbol": "SBUX",
    "timeframe": "historical_1w",
    "timestamp": "2025-08-03",
    "congress_score": 100.0,
    "insider_score": 50,
    "short_interest_pct": 0,
    "combined_score": 62.5,
    "price": 86.86000061035156,
    "price_change_24h": -7.270201443060867,
    "rsi": 50,
    "position_pct": 19.850495952956283,
    "ta_score": 50,
    "signal_direction": "WAIT",
    "signal_name": "historical_import",
    "confidence": "MEDIUM",
    "hit_tp1": true,
    "hit_sl": false,
    "candles_to_result": 1,
    "max_favorable_pct": 6.055724268097238,
    "max_adverse_pct": -9.670736204067945,
    "outcome_tracked": true
  },
  {
    "symbol": "SBUX",
    "timeframe": "historical_1w",
    "timestamp": "2025-08-10",
    "congress_score": 100.0,
    "insider_score": 50,
    "short_interest_pct": 0,
    "combined_score": 62.5,
    "price": 92.12000274658203,
    "price_change_24h": 2.6063755837617113,
    "rsi": 50,
    "position_pct": 34.4130730495615,
    "ta_score": 50,
    "signal_direction": "WAIT",
    "signal_name": "historical_import",
    "confidence": "MEDIUM",
    "hit_tp1": false,
    "hit_sl": true,
    "candles_to_result": 2,
    "max_favorable_pct": -1.6500262995458224,
    "max_adverse_pct": -14.828488118576622,
    "outcome_tracked": true
  },
  {
    "symbol": "SBUX",
    "timeframe": "historical_1w",
    "timestamp": "2025-08-17",
    "congress_score": 100.0,
    "insider_score": 50,
    "short_interest_pct": 0,
    "combined_score": 62.5,
    "price": 90.5999984741211,
    "price_change_24h": -1.2426416134664555,
    "rsi": 50,
    "position_pct": 30.20486574629514,
    "ta_score": 50,
    "signal_direction": "WAIT",
    "signal_name": "historical_import",
    "confidence": "MEDIUM",
    "hit_tp1": false,
    "hit_sl": true,
    "candles_to_result": 1,
    "max_favorable_pct": -2.4503325144505874,
    "max_adverse_pct": -13.39955805089345,
    "outcome_tracked": true
  },
  {
    "symbol": "SBUX",
    "timeframe": "historical_1w",
    "timestamp": "2025-08-24",
    "congress_score": 100.0,
    "insider_score": 50,
    "short_interest_pct": 0,
    "combined_score": 62.5,
    "price": 88.37999725341797,
    "price_change_24h": -4.495357273560784,
    "rsi": 50,
    "position_pct": 24.05868213386505,
    "ta_score": 50,
    "signal_direction": "WAIT",
    "signal_name": "historical_import",
    "confidence": "MEDIUM",
    "hit_tp1": false,
    "hit_sl": true,
    "candles_to_result": 2,
    "max_favorable_pct": -0.21497490146659964,
    "max_adverse_pct": -11.224257159118288,
    "outcome_tracked": true
  },
  {
    "symbol": "SBUX",
    "timeframe": "historical_1w",
    "timestamp": "2025-08-31",
    "congress_score": 50.0,
    "insider_score": 50,
    "short_interest_pct": 0,
    "combined_score": 50.0,
    "price": 88.19000244140625,
    "price_change_24h": 2.7735752832149405,
    "rsi": 50,
    "position_pct": 23.532672062724952,
    "ta_score": 50,
    "signal_direction": "WAIT",
    "signal_name": "historical_import",
    "confidence": "MEDIUM",
    "hit_tp1": false,
    "hit_sl": true,
    "candles_to_result": 1,
    "max_favorable_pct": -2.0070350645890214,
    "max_adverse_pct": -11.03300043947526,
    "outcome_tracked": true
  },
  {
    "symbol": "SBUX",
    "timeframe": "historical_1w",
    "timestamp": "2025-09-07",
    "congress_score": 0.0,
    "insider_score": 50,
    "short_interest_pct": 0,
    "combined_score": 37.5,
    "price": 85.43000030517578,
    "price_change_24h": -4.8451754658791515,
    "rsi": 50,
    "position_pct": 15.891469102215314,
    "ta_score": 50,
    "signal_direction": "WAIT",
    "signal_name": "historical_import",
    "confidence": "MEDIUM",
    "hit_tp1": true,
    "hit_sl": false,
    "candles_to_result": 1,
    "max_favorable_pct": 1.1588409928983134,
    "max_adverse_pct": -8.158727842449565,
    "outcome_tracked": true
  },
  {
    "symbol": "SBUX",
    "timeframe": "historical_1w",
    "timestamp": "2025-09-14",
    "congress_score": 0.0,
    "insider_score": 50,
    "short_interest_pct": 0,
    "combined_score": 37.5,
    "price": 81.9000015258789,
    "price_change_24h": -2.696918964534237,
    "rsi": 50,
    "position_pct": 6.1184922016255765,
    "ta_score": 50,
    "signal_direction": "WAIT",
    "signal_name": "historical_import",
    "confidence": "MEDIUM",
    "hit_tp1": false,
    "hit_sl": true,
    "candles_to_result": 1,
    "max_favorable_pct": 5.518921317282478,
    "max_adverse_pct": -4.200247102949408,
    "outcome_tracked": true
  },
  {
    "symbol": "SBUX",
    "timeframe": "historical_1w",
    "timestamp": "2025-09-21",
    "congress_score": 0.0,
    "insider_score": 50,
    "short_interest_pct": 0,
    "combined_score": 37.5,
    "price": 84.55999755859375,
    "price_change_24h": 2.2738234717934325,
    "rsi": 50,
    "position_pct": 13.482823298805318,
    "ta_score": 50,
    "signal_direction": "WAIT",
    "signal_name": "historical_import",
    "confidence": "MEDIUM",
    "hit_tp1": false,
    "hit_sl": true,
    "candles_to_result": 2,
    "max_favorable_pct": 3.0156139136485325,
    "max_adverse_pct": -7.213811081172573,
    "outcome_tracked": true
  },
  {
    "symbol": "SBUX",
    "timeframe": "historical_1w",
    "timestamp": "2025-09-28",
    "congress_score": 0.0,
    "insider_score": 50,
    "short_interest_pct": 0,
    "combined_score": 37.5,
    "price": 83.38999938964844,
    "price_change_24h": -2.2276955158679153,
    "rsi": 50,
    "position_pct": 10.243625272478413,
    "ta_score": 50,
    "signal_direction": "WAIT",
    "signal_name": "historical_import",
    "confidence": "MEDIUM",
    "hit_tp1": false,
    "hit_sl": true,
    "candles_to_result": 1,
    "max_favorable_pct": 4.460968039250165,
    "max_adverse_pct": -5.911980262932779,
    "outcome_tracked": true
  },
  {
    "symbol": "SBUX",
    "timeframe": "historical_1w",
    "timestamp": "2025-10-05",
    "congress_score": 50.0,
    "insider_score": 50,
    "short_interest_pct": 0,
    "combined_score": 50.0,
    "price": 86.41999816894531,
    "price_change_24h": 0.9107879318728205,
    "rsi": 50,
    "position_pct": 18.632327345849035,
    "ta_score": 50,
    "signal_direction": "WAIT",
    "signal_name": "historical_import",
    "confidence": "MEDIUM",
    "hit_tp1": false,
    "hit_sl": true,
    "candles_to_result": 1,
    "max_favorable_pct": 0.7984291321753345,
    "max_adverse_pct": -9.210829961962496,
    "outcome_tracked": true
  },
  {
    "symbol": "SBUX",
    "timeframe": "historical_1w",
    "timestamp": "2025-10-12",
    "congress_score": 33.33333333333333,
    "insider_score": 50,
    "short_interest_pct": 0,
    "combined_score": 45.83333333333333,
    "price": 78.45999908447266,
    "price_change_24h": -4.445258188706861,
    "rsi": 50,
    "position_pct": 0.0,
    "ta_score": 50,
    "signal_direction": "WAIT",
    "signal_name": "historical_import",
    "confidence": "MEDIUM",
    "hit_tp1": false,
    "hit_sl": true,
    "candles_to_result": 1,
    "max_favorable_pct": 12.579662072077847,
    "max_adverse_pct": 3.0716335587955905,
    "outcome_tracked": true
  },
  {
    "symbol": "SBUX",
    "timeframe": "historical_1w",
    "timestamp": "2025-10-19",
    "congress_score": 33.33333333333333,
    "insider_score": 50,
    "short_interest_pct": 0,
    "combined_score": 45.83333333333333,
    "price": 85.36000061035156,
    "price_change_24h": 6.660004888608741,
    "rsi": 50,
    "position_pct": 18.473900422404967,
    "ta_score": 50,
    "signal_direction": "WAIT",
    "signal_name": "historical_import",
    "confidence": "MEDIUM",
    "hit_tp1": true,
    "hit_sl": false,
    "candles_to_result": 2,
    "max_favorable_pct": 3.4793828484848377,
    "max_adverse_pct": -5.260072436345591,
    "outcome_tracked": true
  },
  {
    "symbol": "SBUX",
    "timeframe": "historical_1w",
    "timestamp": "2025-10-26",
    "congress_score": 50.0,
    "insider_score": 50,
    "short_interest_pct": 0,
    "combined_score": 50.0,
    "price": 86.08999633789062,
    "price_change_24h": 1.845495777974417,
    "rsi": 50,
    "position_pct": 20.428373668353984,
    "ta_score": 50,
    "signal_direction": "WAIT",
    "signal_name": "historical_import",
    "confidence": "MEDIUM",
    "hit_tp1": false,
    "hit_sl": false,
    "candles_to_result": 0,
    "max_favorable_pct": 0,
    "max_adverse_pct": 0,
    "outcome_tracked": false
  },
  {
    "symbol": "SBUX",
    "timeframe": "historical_1w",
    "timestamp": "2025-11-02",
    "congress_score": 0.0,
    "insider_score": 50,
    "short_interest_pct": 0,
    "combined_score": 37.5,
    "price": 80.87000274658203,
    "price_change_24h": -7.28043841463948,
    "rsi": 50,
    "position_pct": 6.452486641409659,
    "ta_score": 50,
    "signal_direction": "WAIT",
    "signal_name": "historical_import",
    "confidence": "MEDIUM",
    "hit_tp1": false,
    "hit_sl": false,
    "candles_to_result": 0,
    "max_favorable_pct": 0,
    "max_adverse_pct": 0,
    "outcome_tracked": false
  },
  {
    "symbol": "SBUX",
    "timeframe": "historical_1w",
    "timestamp": "2025-11-09",
    "congress_score": 50.0,
    "insider_score": 50,
    "short_interest_pct": 0,
    "combined_score": 50.0,
    "price": 85.56999969482422,
    "price_change_24h": 5.694170778758958,
    "rsi": 50,
    "position_pct": 19.03614699014756,
    "ta_score": 50,
    "signal_direction": "WAIT",
    "signal_name": "historical_import",
    "confidence": "MEDIUM",
    "hit_tp1": false,
    "hit_sl": false,
    "candles_to_result": 0,
    "max_favorable_pct": 0,
    "max_adverse_pct": 0,
    "outcome_tracked": false
  },
  {
    "symbol": "SBUX",
    "timeframe": "historical_1w",
    "timestamp": "2025-11-16",
    "congress_score": 66.66666666666666,
    "insider_score": 50,
    "short_interest_pct": 0,
    "combined_score": 54.166666666666664,
    "price": 84.77999877929688,
    "price_change_24h": 0.21276632201221948,
    "rsi": 50,
    "position_pct": 16.921017277157837,
    "ta_score": 50,
    "signal_direction": "WAIT",
    "signal_name": "historical_import",
    "confidence": "MEDIUM",
    "hit_tp1": false,
    "hit_sl": false,
    "candles_to_result": 0,
    "max_favorable_pct": 0,
    "max_adverse_pct": 0,
    "outcome_tracked": false
  },
  {
    "symbol": "SBUX",
    "timeframe": "historical_1w",
    "timestamp": "2025-11-23",
    "congress_score": 66.66666666666666,
    "insider_score": 50,
    "short_interest_pct": 0,
    "combined_score": 54.166666666666664,
    "price": 85.3499984741211,
    "price_change_24h": 1.9835057764241961,
    "rsi": 50,
    "position_pct": 18.44712094010486,
    "ta_score": 50,
    "signal_direction": "WAIT",
    "signal_name": "historical_import",
    "confidence": "MEDIUM",
    "hit_tp1": false,
    "hit_sl": false,
    "candles_to_result": 0,
    "max_favorable_pct": 0,
    "max_adverse_pct": 0,
    "outcome_tracked": false
  },
  {
    "symbol": "SBUX",
    "timeframe": "historical_1w",
    "timestamp": "2025-11-30",
    "congress_score": 66.66666666666666,
    "insider_score": 50,
    "short_interest_pct": 0,
    "combined_score": 54.166666666666664,
    "price": 87.11000061035156,
    "price_change_24h": 4.523643434271308,
    "rsi": 50,
    "position_pct": 23.159308913686523,
    "ta_score": 50,
    "signal_direction": "WAIT",
    "signal_name": "historical_import",
    "confidence": "MEDIUM",
    "hit_tp1": false,
    "hit_sl": false,
    "candles_to_result": 0,
    "max_favorable_pct": 0,
    "max_adverse_pct": 0,
    "outcome_tracked": false
  },
  {
    "symbol": "SBUX",
    "timeframe": "historical_1w",
    "timestamp": "2025-12-07",
    "congress_score": 100.0,
    "insider_score": 50,
    "short_interest_pct": 0,
    "combined_score": 62.5,
    "price": 85.12000274658203,
    "price_change_24h": 0.24731960359856536,
    "rsi": 50,
    "position_pct": 17.831335834522,
    "ta_score": 50,
    "signal_direction": "WAIT",
    "signal_name": "historical_import",
    "confidence": "MEDIUM",
    "hit_tp1": false,
    "hit_sl": false,
    "candles_to_result": 0,
    "max_favorable_pct": 0,
    "max_adverse_pct": 0,
    "outcome_tracked": false
  },
  {
    "symbol": "SBUX",
    "timeframe": "historical_1w",
    "timestamp": "2025-12-14",
    "congress_score": 50,
    "insider_score": 50,
    "short_interest_pct": 0,
    "combined_score": 50.0,
    "price": 85.3499984741211,
    "price_change_24h": 2.325853886627989,
    "rsi": 50,
    "position_pct": 18.44712094010486,
    "ta_score": 50,
    "signal_direction": "WAIT",
    "signal_name": "historical_import",
    "confidence": "MEDIUM",
    "hit_tp1": false,
    "hit_sl": false,
    "candles_to_result": 0,
    "max_favorable_pct": 0,
    "max_adverse_pct": 0,
    "outcome_tracked": false
  },
  {
    "symbol": "SBUX",
    "timeframe": "historical_1w",
    "timestamp": "2025-12-21",
    "congress_score": 50,
    "insider_score": 50,
    "short_interest_pct": 0,
    "combined_score": 50.0,
    "price": 88.33000183105469,
    "price_change_24h": 3.4309136449932014,
    "rsi": 50,
    "position_pct": 26.425711244461542,
    "ta_score": 50,
    "signal_direction": "WAIT",
    "signal_name": "historical_import",
    "confidence": "MEDIUM",
    "hit_tp1": false,
    "hit_sl": false,
    "candles_to_result": 0,
    "max_favorable_pct": 0,
    "max_adverse_pct": 0,
    "outcome_tracked": false
  },
  {
    "symbol": "SBUX",
    "timeframe": "historical_1w",
    "timestamp": "2025-12-28",
    "congress_score": 50,
    "insider_score": 50,
    "short_interest_pct": 0,
    "combined_score": 50.0,
    "price": 84.61000061035156,
    "price_change_24h": -1.8103720456570178,
    "rsi": 50,
    "position_pct": 16.46586821185573,
    "ta_score": 50,
    "signal_direction": "WAIT",
    "signal_name": "historical_import",
    "confidence": "MEDIUM",
    "hit_tp1": false,
    "hit_sl": false,
    "candles_to_result": 0,
    "max_favorable_pct": 0,
    "max_adverse_pct": 0,
    "outcome_tracked": false
  }
]