[
  {
    "symbol": "SHOP",
    "timeframe": "historical_1w",
    "timestamp": "2025-06-29",
    "congress_score": 0.0,
    "insider_score": 50,
    "short_interest_pct": 0,
    "combined_score": 37.5,
    "price": 113.6500015258789,
    "price_change_24h": 3.3369685914943563,
    "rsi": 50,
    "position_pct": 70.12591266744425,
    "ta_score": 50,
    "signal_direction": "WAIT",
    "signal_name": "historical_import",
    "confidence": "MEDIUM",
    "hit_tp1": false,
    "hit_sl": true,
    "candles_to_result": 1,
    "max_favorable_pct": 31.641001849247058,
    "max_adverse_pct": -1.3550381828870233,
    "outcome_tracked": true
  },
  {
    "symbol": "SHOP",
    "timeframe": "historical_1w",
    "timestamp": "2025-07-06",
    "congress_score": 0.0,
    "insider_score": 50,
    "short_interest_pct": 0,
    "combined_score": 37.5,
    "price": 116.5199966430664,
    "price_change_24h": 1.014302717314559,
    "rsi": 50,
    "position_pct": 75.60091308224348,
    "ta_score": 50,
    "signal_direction": "WAIT",
    "signal_name": "historical_import",
    "confidence": "MEDIUM",
    "hit_tp1": true,
    "hit_sl": false,
    "candles_to_result": 1,
    "max_favorable_pct": 28.39856241040683,
    "max_adverse_pct": -3.784754685690478,
    "outcome_tracked": true
  },
  {
    "symbol": "SHOP",
    "timeframe": "historical_1w",
    "timestamp": "2025-07-13",
    "congress_score": 50,
    "insider_score": 50,
    "short_interest_pct": 0,
    "combined_score": 50.0,
    "price": 112.11000061035156,
    "price_change_24h": -3.9002253633870163,
    "rsi": 50,
    "position_pct": 67.1881008221175,
    "ta_score": 50,
    "signal_direction": "WAIT",
    "signal_name": "historical_import",
    "confidence": "MEDIUM",
    "hit_tp1": true,
    "hit_sl": false,
    "candles_to_result": 1,
    "max_favorable_pct": 36.74070307480046,
    "max_adverse_pct": 5.788955337112258,
    "outcome_tracked": true
  },
  {
    "symbol": "SHOP",
    "timeframe": "historical_1w",
    "timestamp": "2025-07-20",
    "congress_score": 50,
    "insider_score": 50,
    "short_interest_pct": 0,
    "combined_score": 50.0,
    "price": 127.06999969482422,
    "price_change_24h": 8.848725389826843,
    "rsi": 50,
    "position_pct": 95.72682574968773,
    "ta_score": 50,
    "signal_direction": "WAIT",
    "signal_name": "historical_import",
    "confidence": "MEDIUM",
    "hit_tp1": false,
    "hit_sl": true,
    "candles_to_result": 1,
    "max_favorable_pct": 20.642168426795067,
    "max_adverse_pct": -6.665618352911763,
    "outcome_tracked": true
  },
  {
    "symbol": "SHOP",
    "timeframe": "historical_1w",
    "timestamp": "2025-07-27",
    "congress_score": 50,
    "insider_score": 50,
    "short_interest_pct": 0,
    "combined_score": 50.0,
    "price": 124.43000030517578,
    "price_change_24h": -3.11453133903337,
    "rsi": 50,
    "position_pct": 90.69058103037291,
    "ta_score": 50,
    "signal_direction": "WAIT",
    "signal_name": "historical_import",
    "confidence": "MEDIUM",
    "hit_tp1": false,
    "hit_sl": true,
    "candles_to_result": 1,
    "max_favorable_pct": 29.502530735705278,
    "max_adverse_pct": -4.68536672567394,
    "outcome_tracked": true
  },
  {
    "symbol": "SHOP",
    "timeframe": "historical_1w",
    "timestamp": "2025-08-03",
    "congress_score": 50,
    "insider_score": 50,
    "short_interest_pct": 0,
    "combined_score": 50.0,
    "price": 118.5999984741211,
    "price_change_24h": -6.496371887160024,
    "rsi": 50,
    "position_pct": 79.5688678775699,
    "ta_score": 50,
    "signal_direction": "WAIT",
    "signal_name": "historical_import",
    "confidence": "MEDIUM",
    "hit_tp1": true,
    "hit_sl": false,
    "candles_to_result": 1,
    "max_favorable_pct": 35.86846666343736,
    "max_adverse_pct": 18.2546389581978,
    "outcome_tracked": true
  },
  {
    "symbol": "SHOP",
    "timeframe": "historical_1w",
    "timestamp": "2025-08-10",
    "congress_score": 50,
    "insider_score": 50,
    "short_interest_pct": 0,
    "combined_score": 50.0,
    "price": 149.61000061035156,
    "price_change_24h": 19.487262761991953,
    "rsi": 50,
    "position_pct": 93.21882622915804,
    "ta_score": 50,
    "signal_direction": "WAIT",
    "signal_name": "historical_import",
    "confidence": "MEDIUM",
    "hit_tp1": false,
    "hit_sl": true,
    "candles_to_result": 1,
    "max_favorable_pct": 7.706703249955813,
    "max_adverse_pct": -6.256266674798703,
    "outcome_tracked": true
  },
  {
    "symbol": "SHOP",
    "timeframe": "historical_1w",
    "timestamp": "2025-08-17",
    "congress_score": 50,
    "insider_score": 50,
    "short_interest_pct": 0,
    "combined_score": 50.0,
    "price": 141.47000122070312,
    "price_change_24h": -4.088134765625,
    "rsi": 50,
    "position_pct": 82.78426660496126,
    "ta_score": 50,
    "signal_direction": "WAIT",
    "signal_name": "historical_import",
    "confidence": "MEDIUM",
    "hit_tp1": true,
    "hit_sl": false,
    "candles_to_result": 3,
    "max_favorable_pct": 22.25206436411071,
    "max_adverse_pct": -0.8623745035527621,
    "outcome_tracked": true
  },
  {
    "symbol": "SHOP",
    "timeframe": "historical_1w",
    "timestamp": "2025-08-24",
    "congress_score": 50,
    "insider_score": 50,
    "short_interest_pct": 0,
    "combined_score": 50.0,
    "price": 142.11000061035156,
    "price_change_24h": -0.6987631861750319,
    "rsi": 50,
    "position_pct": 83.6046735203756,
    "ta_score": 50,
    "signal_direction": "WAIT",
    "signal_name": "historical_import",
    "confidence": "MEDIUM",
    "hit_tp1": true,
    "hit_sl": false,
    "candles_to_result": 2,
    "max_favorable_pct": 22.341847768373924,
    "max_adverse_pct": -1.3088456845844785,
    "outcome_tracked": true
  },
  {
    "symbol": "SHOP",
    "timeframe": "historical_1w",
    "timestamp": "2025-08-31",
    "congress_score": 50,
    "insider_score": 50,
    "short_interest_pct": 0,
    "combined_score": 50.0,
    "price": 141.27999877929688,
    "price_change_24h": 0.5336938778302269,
    "rsi": 50,
    "position_pct": 82.5407049400651,
    "ta_score": 50,
    "signal_direction": "WAIT",
    "signal_name": "historical_import",
    "confidence": "MEDIUM",
    "hit_tp1": true,
    "hit_sl": false,
    "candles_to_result": 1,
    "max_favorable_pct": 23.060590396769562,
    "max_adverse_pct": -0.7290478398898533,
    "outcome_tracked": true
  },
  {
    "symbol": "SHOP",
    "timeframe": "historical_1w",
    "timestamp": "2025-09-07",
    "congress_score": 50,
    "insider_score": 50,
    "short_interest_pct": 0,
    "combined_score": 50.0,
    "price": 146.82000732421875,
    "price_change_24h": 5.595522449483518,
    "rsi": 50,
    "position_pct": 89.64237002791022,
    "ta_score": 50,
    "signal_direction": "WAIT",
    "signal_name": "historical_import",
    "confidence": "MEDIUM",
    "hit_tp1": false,
    "hit_sl": true,
    "candles_to_result": 1,
    "max_favorable_pct": 18.417103894036124,
    "max_adverse_pct": -4.474871949645375,
    "outcome_tracked": true
  },
  {
    "symbol": "SHOP",
    "timeframe": "historical_1w",
    "timestamp": "2025-09-14",
    "congress_score": 50,
    "insider_score": 50,
    "short_interest_pct": 0,
    "combined_score": 50.0,
    "price": 143.3800048828125,
    "price_change_24h": -1.9422762373007785,
    "rsi": 50,
    "position_pct": 85.23267552254168,
    "ta_score": 50,
    "signal_direction": "WAIT",
    "signal_name": "historical_import",
    "confidence": "MEDIUM",
    "hit_tp1": true,
    "hit_sl": false,
    "candles_to_result": 1,
    "max_favorable_pct": 21.258191302511815,
    "max_adverse_pct": -2.183013513893181,
    "outcome_tracked": true
  },
  {
    "symbol": "SHOP",
    "timeframe": "historical_1w",
    "timestamp": "2025-09-21",
    "congress_score": 50,
    "insider_score": 50,
    "short_interest_pct": 0,
    "combined_score": 50.0,
    "price": 153.3000030517578,
    "price_change_24h": 3.6581267728966185,
    "rsi": 50,
    "position_pct": 97.948992491486,
    "ta_score": 50,
    "signal_direction": "WAIT",
    "signal_name": "historical_import",
    "confidence": "MEDIUM",
    "hit_tp1": false,
    "hit_sl": true,
    "candles_to_result": 1,
    "max_favorable_pct": 13.411609360276525,
    "max_adverse_pct": -8.512721977801798,
    "outcome_tracked": true
  },
  {
    "symbol": "SHOP",
    "timeframe": "historical_1w",
    "timestamp": "2025-09-28",
    "congress_score": 50,
    "insider_score": 50,
    "short_interest_pct": 0,
    "combined_score": 50.0,
    "price": 140.25,
    "price_change_24h": -10.737013519256452,
    "rsi": 50,
    "position_pct": 78.97295772708505,
    "ta_score": 50,
    "signal_direction": "WAIT",
    "signal_name": "historical_import",
    "confidence": "MEDIUM",
    "hit_tp1": true,
    "hit_sl": false,
    "candles_to_result": 1,
    "max_favorable_pct": 23.964349811302363,
    "max_adverse_pct": 4.128337458918226,
    "outcome_tracked": true
  },
  {
    "symbol": "SHOP",
    "timeframe": "historical_1w",
    "timestamp": "2025-10-05",
    "congress_score": 50,
    "insider_score": 50,
    "short_interest_pct": 0,
    "combined_score": 50.0,
    "price": 161.13999938964844,
    "price_change_24h": 8.147650597079489,
    "rsi": 50,
    "position_pct": 100.0,
    "ta_score": 50,
    "signal_direction": "WAIT",
    "signal_name": "historical_import",
    "confidence": "MEDIUM",
    "hit_tp1": false,
    "hit_sl": true,
    "candles_to_result": 1,
    "max_favorable_pct": 7.893757768947996,
    "max_adverse_pct": -9.370737346847504,
    "outcome_tracked": true
  },
  {
    "symbol": "SHOP",
    "timeframe": "historical_1w",
    "timestamp": "2025-10-12",
    "congress_score": 100.0,
    "insider_score": 50,
    "short_interest_pct": 0,
    "combined_score": 62.5,
    "price": 151.02000427246094,
    "price_change_24h": -8.194526278139248,
    "rsi": 50,
    "position_pct": 82.78982626894292,
    "ta_score": 50,
    "signal_direction": "WAIT",
    "signal_name": "historical_import",
    "confidence": "MEDIUM",
    "hit_tp1": true,
    "hit_sl": false,
    "candles_to_result": 1,
    "max_favorable_pct": 15.123821806205301,
    "max_adverse_pct": -3.297583661395942,
    "outcome_tracked": true
  },
  {
    "symbol": "SHOP",
    "timeframe": "historical_1w",
    "timestamp": "2025-10-19",
    "congress_score": 100.0,
    "insider_score": 50,
    "short_interest_pct": 0,
    "combined_score": 62.5,
    "price": 157.75999450683594,
    "price_change_24h": 2.668222534825807,
    "rsi": 50,
    "position_pct": 90.31717799973518,
    "ta_score": 50,
    "signal_direction": "WAIT",
    "signal_name": "historical_import",
    "confidence": "MEDIUM",
    "hit_tp1": true,
    "hit_sl": false,
    "candles_to_result": 1,
    "max_favorable_pct": 10.205379477759802,
    "max_adverse_pct": -7.429007117641147,
    "outcome_tracked": true
  },
  {
    "symbol": "SHOP",
    "timeframe": "historical_1w",
    "timestamp": "2025-10-26",
    "congress_score": 100.0,
    "insider_score": 50,
    "short_interest_pct": 0,
    "combined_score": 62.5,
    "price": 172.9499969482422,
    "price_change_24h": 5.002725941654195,
    "rsi": 50,
    "position_pct": 100.0,
    "ta_score": 50,
    "signal_direction": "WAIT",
    "signal_name": "historical_import",
    "confidence": "MEDIUM",
    "hit_tp1": false,
    "hit_sl": false,
    "candles_to_result": 0,
    "max_favorable_pct": 0,
    "max_adverse_pct": 0,
    "outcome_tracked": false
  },
  {
    "symbol": "SHOP",
    "timeframe": "historical_1w",
    "timestamp": "2025-11-02",
    "congress_score": 100.0,
    "insider_score": 50,
    "short_interest_pct": 0,
    "combined_score": 62.5,
    "price": 173.86000061035156,
    "price_change_24h": -0.6854775305480856,
    "rsi": 50,
    "position_pct": 94.95691917084945,
    "ta_score": 50,
    "signal_direction": "WAIT",
    "signal_name": "historical_import",
    "confidence": "MEDIUM",
    "hit_tp1": false,
    "hit_sl": false,
    "candles_to_result": 0,
    "max_favorable_pct": 0,
    "max_adverse_pct": 0,
    "outcome_tracked": false
  },
  {
    "symbol": "SHOP",
    "timeframe": "historical_1w",
    "timestamp": "2025-11-09",
    "congress_score": 50,
    "insider_score": 50,
    "short_interest_pct": 0,
    "combined_score": 50.0,
    "price": 152.41000366210938,
    "price_change_24h": -11.87116831818748,
    "rsi": 50,
    "position_pct": 73.95222080239837,
    "ta_score": 50,
    "signal_direction": "WAIT",
    "signal_name": "historical_import",
    "confidence": "MEDIUM",
    "hit_tp1": false,
    "hit_sl": false,
    "candles_to_result": 0,
    "max_favorable_pct": 0,
    "max_adverse_pct": 0,
    "outcome_tracked": false
  },
  {
    "symbol": "SHOP",
    "timeframe": "historical_1w",
    "timestamp": "2025-11-16",
    "congress_score": 50,
    "insider_score": 50,
    "short_interest_pct": 0,
    "combined_score": 50.0,
    "price": 146.0399932861328,
    "price_change_24h": -8.081578047628012,
    "rsi": 50,
    "position_pct": 67.71445084494128,
    "ta_score": 50,
    "signal_direction": "WAIT",
    "signal_name": "historical_import",
    "confidence": "MEDIUM",
    "hit_tp1": false,
    "hit_sl": false,
    "candles_to_result": 0,
    "max_favorable_pct": 0,
    "max_adverse_pct": 0,
    "outcome_tracked": false
  },
  {
    "symbol": "SHOP",
    "timeframe": "historical_1w",
    "timestamp": "2025-11-23",
    "congress_score": 50,
    "insider_score": 50,
    "short_interest_pct": 0,
    "combined_score": 50.0,
    "price": 147.8000030517578,
    "price_change_24h": 5.624248401278367,
    "rsi": 50,
    "position_pct": 69.43792308326768,
    "ta_score": 50,
    "signal_direction": "WAIT",
    "signal_name": "historical_import",
    "confidence": "MEDIUM",
    "hit_tp1": false,
    "hit_sl": false,
    "candles_to_result": 0,
    "max_favorable_pct": 0,
    "max_adverse_pct": 0,
    "outcome_tracked": false
  },
  {
    "symbol": "SHOP",
    "timeframe": "historical_1w",
    "timestamp": "2025-11-30",
    "congress_score": 50,
    "insider_score": 50,
    "short_interest_pct": 0,
    "combined_score": 50.0,
    "price": 158.63999938964844,
    "price_change_24h": 2.1441001116482403,
    "rsi": 50,
    "position_pct": 80.05288279360768,
    "ta_score": 50,
    "signal_direction": "WAIT",
    "signal_name": "historical_import",
    "confidence": "MEDIUM",
    "hit_tp1": false,
    "hit_sl": false,
    "candles_to_result": 0,
    "max_favorable_pct": 0,
    "max_adverse_pct": 0,
    "outcome_tracked": false
  },
  {
    "symbol": "SHOP",
    "timeframe": "historical_1w",
    "timestamp": "2025-12-07",
    "congress_score": 50,
    "insider_score": 50,
    "short_interest_pct": 0,
    "combined_score": 50.0,
    "price": 161.0800018310547,
    "price_change_24h": 7.904610897809247,
    "rsi": 50,
    "position_pct": 82.44223116618275,
    "ta_score": 50,
    "signal_direction": "WAIT",
    "signal_name": "historical_import",
    "confidence": "MEDIUM",
    "hit_tp1": false,
    "hit_sl": false,
    "candles_to_result": 0,
    "max_favorable_pct": 0,
    "max_adverse_pct": 0,
    "outcome_tracked": false
  },
  {
    "symbol": "SHOP",
    "timeframe": "historical_1w",
    "timestamp": "2025-12-14",
    "congress_score": 50,
    "insider_score": 50,
    "short_interest_pct": 0,
    "combined_score": 50.0,
    "price": 164.19000244140625,
    "price_change_24h": 3.6487586930593654,
    "rsi": 50,
    "position_pct": 85.48766865056834,
    "ta_score": 50,
    "signal_direction": "WAIT",
    "signal_name": "historical_import",
    "confidence": "MEDIUM",
    "hit_tp1": false,
    "hit_sl": false,
    "candles_to_result": 0,
    "max_favorable_pct": 0,
    "max_adverse_pct": 0,
    "outcome_tracked": false
  },
  {
    "symbol": "SHOP",
    "timeframe": "historical_1w",
    "timestamp": "2025-12-21",
    "congress_score": 50,
    "insider_score": 50,
    "short_interest_pct": 0,
    "combined_score": 50.0,
    "price": 169.57000732421875,
    "price_change_24h": 6.080701188343183,
    "rsi": 50,
    "position_pct": 90.75598547396682,
    "ta_score": 50,
    "signal_direction": "WAIT",
    "signal_name": "historical_import",
    "confidence": "MEDIUM",
    "hit_tp1": false,
    "hit_sl": false,
    "candles_to_result": 0,
    "max_favorable_pct": 0,
    "max_adverse_pct": 0,
    "outcome_tracked": false
  },
  {
    "symbol": "SHOP",
    "timeframe": "historical_1w",
    "timestamp": "2025-12-28",
    "congress_score": 50,
    "insider_score": 50,
    "short_interest_pct": 0,
    "combined_score": 50.0,
    "price": 169.8350067138672,
    "price_change_24h": 0.09725263552933573,
    "rsi": 50,
    "position_pct": 91.01548351775769,
    "ta_score": 50,
    "signal_direction": "WAIT",
    "signal_name": "historical_import",
    "confidence": "MEDIUM",
    "hit_tp1": false,
    "hit_sl": false,
    "candles_to_result": 0,
    "max_favorable_pct": 0,
    "max_adverse_pct": 0,
    "outcome_tracked": false
  }
]