[
  {
    "symbol": "SNOW",
    "timeframe": "historical_1w",
    "timestamp": "2025-06-29",
    "congress_score": 100.0,
    "insider_score": 50,
    "short_interest_pct": 0,
    "combined_score": 62.5,
    "price": 222.61000061035156,
    "price_change_24h": 4.164519029003836,
    "rsi": 50,
    "position_pct": 99.42770891285619,
    "ta_score": 50,
    "signal_direction": "WAIT",
    "signal_name": "historical_import",
    "confidence": "MEDIUM",
    "hit_tp1": false,
    "hit_sl": true,
    "candles_to_result": 2,
    "max_favorable_pct": 7.209920043013321,
    "max_adverse_pct": -13.871795875363091,
    "outcome_tracked": true
  },
  {
    "symbol": "SNOW",
    "timeframe": "historical_1w",
    "timestamp": "2025-07-06",
    "congress_score": 100.0,
    "insider_score": 50,
    "short_interest_pct": 0,
    "combined_score": 62.5,
    "price": 221.49000549316406,
    "price_change_24h": -1.0189027732782108,
    "rsi": 50,
    "position_pct": 97.55469900796602,
    "ta_score": 50,
    "signal_direction": "WAIT",
    "signal_name": "historical_import",
    "confidence": "MEDIUM",
    "hit_tp1": false,
    "hit_sl": true,
    "candles_to_result": 1,
    "max_favorable_pct": 7.752041962667809,
    "max_adverse_pct": -13.436276593773211,
    "outcome_tracked": true
  },
  {
    "symbol": "SNOW",
    "timeframe": "historical_1w",
    "timestamp": "2025-07-13",
    "congress_score": 100.0,
    "insider_score": 50,
    "short_interest_pct": 0,
    "combined_score": 62.5,
    "price": 210.83999633789062,
    "price_change_24h": -6.621195532477285,
    "rsi": 50,
    "position_pct": 84.30611189341465,
    "ta_score": 50,
    "signal_direction": "WAIT",
    "signal_name": "historical_import",
    "confidence": "MEDIUM",
    "hit_tp1": true,
    "hit_sl": false,
    "candles_to_result": 2,
    "max_favorable_pct": 13.194843391874572,
    "max_adverse_pct": -9.063745466835437,
    "outcome_tracked": true
  },
  {
    "symbol": "SNOW",
    "timeframe": "historical_1w",
    "timestamp": "2025-07-20",
    "congress_score": 50,
    "insider_score": 50,
    "short_interest_pct": 0,
    "combined_score": 50.0,
    "price": 216.88999938964844,
    "price_change_24h": 1.5783041634296886,
    "rsi": 50,
    "position_pct": 90.65715472422612,
    "ta_score": 50,
    "signal_direction": "WAIT",
    "signal_name": "historical_import",
    "confidence": "MEDIUM",
    "hit_tp1": false,
    "hit_sl": true,
    "candles_to_result": 2,
    "max_favorable_pct": 10.037348118273801,
    "max_adverse_pct": -11.60035212914948,
    "outcome_tracked": true
  },
  {
    "symbol": "SNOW",
    "timeframe": "historical_1w",
    "timestamp": "2025-07-27",
    "congress_score": 50,
    "insider_score": 50,
    "short_interest_pct": 0,
    "combined_score": 50.0,
    "price": 219.50999450683594,
    "price_change_24h": 1.7899377322516539,
    "rsi": 50,
    "position_pct": 93.40751717254591,
    "ta_score": 50,
    "signal_direction": "WAIT",
    "signal_name": "historical_import",
    "confidence": "MEDIUM",
    "hit_tp1": false,
    "hit_sl": true,
    "candles_to_result": 1,
    "max_favorable_pct": 8.723980517742245,
    "max_adverse_pct": -12.65545964852719,
    "outcome_tracked": true
  },
  {
    "symbol": "SNOW",
    "timeframe": "historical_1w",
    "timestamp": "2025-08-03",
    "congress_score": 50,
    "insider_score": 50,
    "short_interest_pct": 0,
    "combined_score": 50.0,
    "price": 205.02000427246094,
    "price_change_24h": -6.2422801531000776,
    "rsi": 50,
    "position_pct": 78.19652507729107,
    "ta_score": 50,
    "signal_direction": "WAIT",
    "signal_name": "historical_import",
    "confidence": "MEDIUM",
    "hit_tp1": false,
    "hit_sl": true,
    "candles_to_result": 1,
    "max_favorable_pct": 18.120180042096752,
    "max_adverse_pct": -6.4822984430632165,
    "outcome_tracked": true
  },
  {
    "symbol": "SNOW",
    "timeframe": "historical_1w",
    "timestamp": "2025-08-10",
    "congress_score": 50,
    "insider_score": 50,
    "short_interest_pct": 0,
    "combined_score": 50.0,
    "price": 191.72999572753906,
    "price_change_24h": -8.034343986600254,
    "rsi": 50,
    "position_pct": 64.24522409966171,
    "ta_score": 50,
    "signal_direction": "WAIT",
    "signal_name": "historical_import",
    "confidence": "MEDIUM",
    "hit_tp1": true,
    "hit_sl": false,
    "candles_to_result": 1,
    "max_favorable_pct": 26.30783057706047,
    "max_adverse_pct": 2.649560290124715,
    "outcome_tracked": true
  },
  {
    "symbol": "SNOW",
    "timeframe": "historical_1w",
    "timestamp": "2025-08-17",
    "congress_score": 50,
    "insider_score": 50,
    "short_interest_pct": 0,
    "combined_score": 50.0,
    "price": 199.0800018310547,
    "price_change_24h": 3.795619741117702,
    "rsi": 50,
    "position_pct": 71.96095633496871,
    "ta_score": 50,
    "signal_direction": "WAIT",
    "signal_name": "historical_import",
    "confidence": "MEDIUM",
    "hit_tp1": true,
    "hit_sl": false,
    "candles_to_result": 2,
    "max_favorable_pct": 29.566003651286856,
    "max_adverse_pct": -1.140247263201922,
    "outcome_tracked": true
  },
  {
    "symbol": "SNOW",
    "timeframe": "historical_1w",
    "timestamp": "2025-08-24",
    "congress_score": 50,
    "insider_score": 50,
    "short_interest_pct": 0,
    "combined_score": 50.0,
    "price": 196.80999755859375,
    "price_change_24h": -0.7213518436971713,
    "rsi": 50,
    "position_pct": 69.57799979144505,
    "ta_score": 50,
    "signal_direction": "WAIT",
    "signal_name": "historical_import",
    "confidence": "MEDIUM",
    "hit_tp1": true,
    "hit_sl": false,
    "candles_to_result": 1,
    "max_favorable_pct": 39.66770402554167,
    "max_adverse_pct": 12.367256053973675,
    "outcome_tracked": true
  },
  {
    "symbol": "SNOW",
    "timeframe": "historical_1w",
    "timestamp": "2025-08-31",
    "congress_score": 50,
    "insider_score": 50,
    "short_interest_pct": 0,
    "combined_score": 50.0,
    "price": 238.66000366210938,
    "price_change_24h": 22.590924923431725,
    "rsi": 50,
    "position_pct": 97.8817811966747,
    "ta_score": 50,
    "signal_direction": "WAIT",
    "signal_name": "historical_import",
    "confidence": "MEDIUM",
    "hit_tp1": false,
    "hit_sl": true,
    "candles_to_result": 1,
    "max_favorable_pct": 15.176401854071353,
    "max_adverse_pct": -7.336801096515259,
    "outcome_tracked": true
  },
  {
    "symbol": "SNOW",
    "timeframe": "historical_1w",
    "timestamp": "2025-09-07",
    "congress_score": 50,
    "insider_score": 50,
    "short_interest_pct": 0,
    "combined_score": 50.0,
    "price": 225.5800018310547,
    "price_change_24h": -3.43322091734322,
    "rsi": 50,
    "position_pct": 86.04146103145379,
    "ta_score": 50,
    "signal_direction": "WAIT",
    "signal_name": "historical_import",
    "confidence": "MEDIUM",
    "hit_tp1": true,
    "hit_sl": false,
    "candles_to_result": 4,
    "max_favorable_pct": 21.85477553488116,
    "max_adverse_pct": -1.963830081838598,
    "outcome_tracked": true
  },
  {
    "symbol": "SNOW",
    "timeframe": "historical_1w",
    "timestamp": "2025-09-14",
    "congress_score": 50,
    "insider_score": 50,
    "short_interest_pct": 0,
    "combined_score": 50.0,
    "price": 221.14999389648438,
    "price_change_24h": -2.370656133979872,
    "rsi": 50,
    "position_pct": 82.03131539406958,
    "ta_score": 50,
    "signal_direction": "WAIT",
    "signal_name": "historical_import",
    "confidence": "MEDIUM",
    "hit_tp1": true,
    "hit_sl": false,
    "candles_to_result": 1,
    "max_favorable_pct": 24.29573252056159,
    "max_adverse_pct": 1.5781169294527135,
    "outcome_tracked": true
  },
  {
    "symbol": "SNOW",
    "timeframe": "historical_1w",
    "timestamp": "2025-09-21",
    "congress_score": 50,
    "insider_score": 50,
    "short_interest_pct": 0,
    "combined_score": 50.0,
    "price": 230.47999572753906,
    "price_change_24h": 2.0771524783486908,
    "rsi": 50,
    "position_pct": 90.47704883116323,
    "ta_score": 50,
    "signal_direction": "WAIT",
    "signal_name": "historical_import",
    "confidence": "MEDIUM",
    "hit_tp1": false,
    "hit_sl": true,
    "candles_to_result": 1,
    "max_favorable_pct": 19.264148723675227,
    "max_adverse_pct": -2.53384087389274,
    "outcome_tracked": true
  },
  {
    "symbol": "SNOW",
    "timeframe": "historical_1w",
    "timestamp": "2025-09-28",
    "congress_score": 50,
    "insider_score": 50,
    "short_interest_pct": 0,
    "combined_score": 50.0,
    "price": 224.63999938964844,
    "price_change_24h": -2.1347015944085586,
    "rsi": 50,
    "position_pct": 85.19054908158583,
    "ta_score": 50,
    "signal_direction": "WAIT",
    "signal_name": "historical_import",
    "confidence": "MEDIUM",
    "hit_tp1": true,
    "hit_sl": false,
    "candles_to_result": 1,
    "max_favorable_pct": 22.364674870756414,
    "max_adverse_pct": 1.847397572898858,
    "outcome_tracked": true
  },
  {
    "symbol": "SNOW",
    "timeframe": "historical_1w",
    "timestamp": "2025-10-05",
    "congress_score": 50,
    "insider_score": 50,
    "short_interest_pct": 0,
    "combined_score": 50.0,
    "price": 235.08999633789062,
    "price_change_24h": 4.368477841460877,
    "rsi": 50,
    "position_pct": 94.65012800144535,
    "ta_score": 50,
    "signal_direction": "WAIT",
    "signal_name": "historical_import",
    "confidence": "MEDIUM",
    "hit_tp1": true,
    "hit_sl": false,
    "candles_to_result": 1,
    "max_favorable_pct": 16.92543671136581,
    "max_adverse_pct": -7.299333842111092,
    "outcome_tracked": true
  },
  {
    "symbol": "SNOW",
    "timeframe": "historical_1w",
    "timestamp": "2025-10-12",
    "congress_score": 50,
    "insider_score": 50,
    "short_interest_pct": 0,
    "combined_score": 50.0,
    "price": 242.1699981689453,
    "price_change_24h": -0.14432050855582534,
    "rsi": 50,
    "position_pct": 92.92492088964303,
    "ta_score": 50,
    "signal_direction": "WAIT",
    "signal_name": "historical_import",
    "confidence": "MEDIUM",
    "hit_tp1": true,
    "hit_sl": false,
    "candles_to_result": 2,
    "max_favorable_pct": 13.507043383238443,
    "max_adverse_pct": -10.009499804452854,
    "outcome_tracked": true
  },
  {
    "symbol": "SNOW",
    "timeframe": "historical_1w",
    "timestamp": "2025-10-19",
    "congress_score": 50,
    "insider_score": 50,
    "short_interest_pct": 0,
    "combined_score": 50.0,
    "price": 240.74000549316406,
    "price_change_24h": -2.640837411116645,
    "rsi": 50,
    "position_pct": 91.7346489710097,
    "ta_score": 50,
    "signal_direction": "WAIT",
    "signal_name": "historical_import",
    "confidence": "MEDIUM",
    "hit_tp1": true,
    "hit_sl": false,
    "candles_to_result": 1,
    "max_favorable_pct": 14.181273826803938,
    "max_adverse_pct": -9.474957338584307,
    "outcome_tracked": true
  },
  {
    "symbol": "SNOW",
    "timeframe": "historical_1w",
    "timestamp": "2025-10-26",
    "congress_score": 50,
    "insider_score": 50,
    "short_interest_pct": 0,
    "combined_score": 50.0,
    "price": 257.94000244140625,
    "price_change_24h": 4.99450659987507,
    "rsi": 50,
    "position_pct": 100.0,
    "ta_score": 50,
    "signal_direction": "WAIT",
    "signal_name": "historical_import",
    "confidence": "MEDIUM",
    "hit_tp1": false,
    "hit_sl": false,
    "candles_to_result": 0,
    "max_favorable_pct": 0,
    "max_adverse_pct": 0,
    "outcome_tracked": false
  },
  {
    "symbol": "SNOW",
    "timeframe": "historical_1w",
    "timestamp": "2025-11-02",
    "congress_score": 50,
    "insider_score": 50,
    "short_interest_pct": 0,
    "combined_score": 50.0,
    "price": 274.8800048828125,
    "price_change_24h": 3.3500032414241385,
    "rsi": 50,
    "position_pct": 100.0,
    "ta_score": 50,
    "signal_direction": "WAIT",
    "signal_name": "historical_import",
    "confidence": "MEDIUM",
    "hit_tp1": false,
    "hit_sl": false,
    "candles_to_result": 0,
    "max_favorable_pct": 0,
    "max_adverse_pct": 0,
    "outcome_tracked": false
  },
  {
    "symbol": "SNOW",
    "timeframe": "historical_1w",
    "timestamp": "2025-11-09",
    "congress_score": 50,
    "insider_score": 50,
    "short_interest_pct": 0,
    "combined_score": 50.0,
    "price": 262.8599853515625,
    "price_change_24h": -5.152640738288823,
    "rsi": 50,
    "position_pct": 90.25985420421692,
    "ta_score": 50,
    "signal_direction": "WAIT",
    "signal_name": "historical_import",
    "confidence": "MEDIUM",
    "hit_tp1": false,
    "hit_sl": false,
    "candles_to_result": 0,
    "max_favorable_pct": 0,
    "max_adverse_pct": 0,
    "outcome_tracked": false
  },
  {
    "symbol": "SNOW",
    "timeframe": "historical_1w",
    "timestamp": "2025-11-16",
    "congress_score": 50,
    "insider_score": 50,
    "short_interest_pct": 0,
    "combined_score": 50.0,
    "price": 257.0199890136719,
    "price_change_24h": -4.279177808671807,
    "rsi": 50,
    "position_pct": 86.27649992704174,
    "ta_score": 50,
    "signal_direction": "WAIT",
    "signal_name": "historical_import",
    "confidence": "MEDIUM",
    "hit_tp1": false,
    "hit_sl": false,
    "candles_to_result": 0,
    "max_favorable_pct": 0,
    "max_adverse_pct": 0,
    "outcome_tracked": false
  },
  {
    "symbol": "SNOW",
    "timeframe": "historical_1w",
    "timestamp": "2025-11-23",
    "congress_score": 50,
    "insider_score": 50,
    "short_interest_pct": 0,
    "combined_score": 50.0,
    "price": 234.02999877929688,
    "price_change_24h": -7.421177659355176,
    "rsi": 50,
    "position_pct": 70.59544969450161,
    "ta_score": 50,
    "signal_direction": "WAIT",
    "signal_name": "historical_import",
    "confidence": "MEDIUM",
    "hit_tp1": false,
    "hit_sl": false,
    "candles_to_result": 0,
    "max_favorable_pct": 0,
    "max_adverse_pct": 0,
    "outcome_tracked": false
  },
  {
    "symbol": "SNOW",
    "timeframe": "historical_1w",
    "timestamp": "2025-11-30",
    "congress_score": 50,
    "insider_score": 50,
    "short_interest_pct": 0,
    "combined_score": 50.0,
    "price": 251.24000549316406,
    "price_change_24h": 3.8224719162053584,
    "rsi": 50,
    "position_pct": 82.33407929074167,
    "ta_score": 50,
    "signal_direction": "WAIT",
    "signal_name": "historical_import",
    "confidence": "MEDIUM",
    "hit_tp1": false,
    "hit_sl": false,
    "candles_to_result": 0,
    "max_favorable_pct": 0,
    "max_adverse_pct": 0,
    "outcome_tracked": false
  },
  {
    "symbol": "SNOW",
    "timeframe": "historical_1w",
    "timestamp": "2025-12-07",
    "congress_score": 50,
    "insider_score": 50,
    "short_interest_pct": 0,
    "combined_score": 50.0,
    "price": 228.7899932861328,
    "price_change_24h": -9.21032012455047,
    "rsi": 50,
    "position_pct": 67.02133815641875,
    "ta_score": 50,
    "signal_direction": "WAIT",
    "signal_name": "historical_import",
    "confidence": "MEDIUM",
    "hit_tp1": false,
    "hit_sl": false,
    "candles_to_result": 0,
    "max_favorable_pct": 0,
    "max_adverse_pct": 0,
    "outcome_tracked": false
  },
  {
    "symbol": "SNOW",
    "timeframe": "historical_1w",
    "timestamp": "2025-12-14",
    "congress_score": 50,
    "insider_score": 50,
    "short_interest_pct": 0,
    "combined_score": 50.0,
    "price": 217.92999267578125,
    "price_change_24h": -3.2754893092985222,
    "rsi": 50,
    "position_pct": 59.61393113448319,
    "ta_score": 50,
    "signal_direction": "WAIT",
    "signal_name": "historical_import",
    "confidence": "MEDIUM",
    "hit_tp1": false,
    "hit_sl": false,
    "candles_to_result": 0,
    "max_favorable_pct": 0,
    "max_adverse_pct": 0,
    "outcome_tracked": false
  },
  {
    "symbol": "SNOW",
    "timeframe": "historical_1w",
    "timestamp": "2025-12-21",
    "congress_score": 50,
    "insider_score": 50,
    "short_interest_pct": 0,
    "combined_score": 50.0,
    "price": 222.4600067138672,
    "price_change_24h": 3.3351950832790522,
    "rsi": 50,
    "position_pct": 62.703770536812485,
    "ta_score": 50,
    "signal_direction": "WAIT",
    "signal_name": "historical_import",
    "confidence": "MEDIUM",
    "hit_tp1": false,
    "hit_sl": false,
    "candles_to_result": 0,
    "max_favorable_pct": 0,
    "max_adverse_pct": 0,
    "outcome_tracked": false
  },
  {
    "symbol": "SNOW",
    "timeframe": "historical_1w",
    "timestamp": "2025-12-28",
    "congress_score": 50,
    "insider_score": 50,
    "short_interest_pct": 0,
    "combined_score": 50.0,
    "price": 222.82000732421875,
    "price_change_24h": -1.7721694051184345,
    "rsi": 50,
    "position_pct": 62.94932034336382,
    "ta_score": 50,
    "signal_direction": "WAIT",
    "signal_name": "historical_import",
    "confidence": "MEDIUM",
    "hit_tp1": false,
    "hit_sl": false,
    "candles_to_result": 0,
    "max_favorable_pct": 0,
    "max_adverse_pct": 0,
    "outcome_tracked": false
  }
]