[
  {
    "symbol": "SOFI",
    "timeframe": "historical_1w",
    "timestamp": "2025-06-29",
    "congress_score": 50,
    "insider_score": 50,
    "short_interest_pct": 0,
    "combined_score": 50.0,
    "price": 17.18000030517578,
    "price_change_24h": 11.848962820173963,
    "rsi": 50,
    "position_pct": 90.03516631832774,
    "ta_score": 50,
    "signal_direction": "WAIT",
    "signal_name": "historical_import",
    "confidence": "MEDIUM",
    "hit_tp1": true,
    "hit_sl": false,
    "candles_to_result": 1,
    "max_favorable_pct": 49.0104768726766,
    "max_adverse_pct": 8.090799563197187,
    "outcome_tracked": true
  },
  {
    "symbol": "SOFI",
    "timeframe": "historical_1w",
    "timestamp": "2025-07-06",
    "congress_score": 50,
    "insider_score": 50,
    "short_interest_pct": 0,
    "combined_score": 50.0,
    "price": 18.56999969482422,
    "price_change_24h": 1.976939200719283,
    "rsi": 50,
    "position_pct": 100.0,
    "ta_score": 50,
    "signal_direction": "WAIT",
    "signal_name": "historical_import",
    "confidence": "MEDIUM",
    "hit_tp1": true,
    "hit_sl": false,
    "candles_to_result": 1,
    "max_favorable_pct": 42.972534590081295,
    "max_adverse_pct": 14.162633879031572,
    "outcome_tracked": true
  },
  {
    "symbol": "SOFI",
    "timeframe": "historical_1w",
    "timestamp": "2025-07-13",
    "congress_score": 50,
    "insider_score": 50,
    "short_interest_pct": 0,
    "combined_score": 50.0,
    "price": 21.200000762939453,
    "price_change_24h": 10.187115463293898,
    "rsi": 50,
    "position_pct": 100.0,
    "ta_score": 50,
    "signal_direction": "WAIT",
    "signal_name": "historical_import",
    "confidence": "MEDIUM",
    "hit_tp1": true,
    "hit_sl": false,
    "candles_to_result": 4,
    "max_favorable_pct": 39.198109277757275,
    "max_adverse_pct": 0.0,
    "outcome_tracked": true
  },
  {
    "symbol": "SOFI",
    "timeframe": "historical_1w",
    "timestamp": "2025-07-20",
    "congress_score": 50,
    "insider_score": 50,
    "short_interest_pct": 0,
    "combined_score": 50.0,
    "price": 21.809999465942383,
    "price_change_24h": 2.250349479386819,
    "rsi": 50,
    "position_pct": 97.77600728155707,
    "ta_score": 50,
    "signal_direction": "WAIT",
    "signal_name": "historical_import",
    "confidence": "MEDIUM",
    "hit_tp1": false,
    "hit_sl": true,
    "candles_to_result": 1,
    "max_favorable_pct": 35.3049103690418,
    "max_adverse_pct": -2.7968762858315475,
    "outcome_tracked": true
  },
  {
    "symbol": "SOFI",
    "timeframe": "historical_1w",
    "timestamp": "2025-07-27",
    "congress_score": 50,
    "insider_score": 50,
    "short_interest_pct": 0,
    "combined_score": 50.0,
    "price": 21.200000762939453,
    "price_change_24h": 0.18904024487616386,
    "rsi": 50,
    "position_pct": 92.93090247131175,
    "ta_score": 50,
    "signal_direction": "WAIT",
    "signal_name": "historical_import",
    "confidence": "MEDIUM",
    "hit_tp1": true,
    "hit_sl": false,
    "candles_to_result": 2,
    "max_favorable_pct": 39.198109277757275,
    "max_adverse_pct": 0.14150367083626259,
    "outcome_tracked": true
  },
  {
    "symbol": "SOFI",
    "timeframe": "historical_1w",
    "timestamp": "2025-08-03",
    "congress_score": 50,
    "insider_score": 50,
    "short_interest_pct": 0,
    "combined_score": 50.0,
    "price": 21.229999542236328,
    "price_change_24h": 0.9990441479514514,
    "rsi": 50,
    "position_pct": 89.67889610593193,
    "ta_score": 50,
    "signal_direction": "WAIT",
    "signal_name": "historical_import",
    "confidence": "MEDIUM",
    "hit_tp1": true,
    "hit_sl": false,
    "candles_to_result": 1,
    "max_favorable_pct": 39.00141716994737,
    "max_adverse_pct": 4.09797860571105,
    "outcome_tracked": true
  },
  {
    "symbol": "SOFI",
    "timeframe": "historical_1w",
    "timestamp": "2025-08-10",
    "congress_score": 50,
    "insider_score": 50,
    "short_interest_pct": 0,
    "combined_score": 50.0,
    "price": 22.100000381469727,
    "price_change_24h": 1.329669521451376,
    "rsi": 50,
    "position_pct": 96.33027870767505,
    "ta_score": 50,
    "signal_direction": "WAIT",
    "signal_name": "historical_import",
    "confidence": "MEDIUM",
    "hit_tp1": true,
    "hit_sl": false,
    "candles_to_result": 1,
    "max_favorable_pct": 33.52941049550932,
    "max_adverse_pct": 7.556561300759962,
    "outcome_tracked": true
  },
  {
    "symbol": "SOFI",
    "timeframe": "historical_1w",
    "timestamp": "2025-08-17",
    "congress_score": 50,
    "insider_score": 50,
    "short_interest_pct": 0,
    "combined_score": 50.0,
    "price": 23.770000457763672,
    "price_change_24h": 6.021411136823169,
    "rsi": 50,
    "position_pct": 99.72048211270791,
    "ta_score": 50,
    "signal_direction": "WAIT",
    "signal_name": "historical_import",
    "confidence": "MEDIUM",
    "hit_tp1": true,
    "hit_sl": false,
    "candles_to_result": 1,
    "max_favorable_pct": 24.148084394518328,
    "max_adverse_pct": 5.25872938968215,
    "outcome_tracked": true
  },
  {
    "symbol": "SOFI",
    "timeframe": "historical_1w",
    "timestamp": "2025-08-24",
    "congress_score": 50,
    "insider_score": 50,
    "short_interest_pct": 0,
    "combined_score": 50.0,
    "price": 25.020000457763672,
    "price_change_24h": 3.2604248058290715,
    "rsi": 50,
    "position_pct": 100.0,
    "ta_score": 50,
    "signal_direction": "WAIT",
    "signal_name": "historical_import",
    "confidence": "MEDIUM",
    "hit_tp1": true,
    "hit_sl": false,
    "candles_to_result": 3,
    "max_favorable_pct": 18.62509896943714,
    "max_adverse_pct": 0.8792938022757978,
    "outcome_tracked": true
  },
  {
    "symbol": "SOFI",
    "timeframe": "historical_1w",
    "timestamp": "2025-08-31",
    "congress_score": 50,
    "insider_score": 50,
    "short_interest_pct": 0,
    "combined_score": 50.0,
    "price": 25.540000915527344,
    "price_change_24h": -2.3326910588965197,
    "rsi": 50,
    "position_pct": 96.33634404217017,
    "ta_score": 50,
    "signal_direction": "WAIT",
    "signal_name": "historical_import",
    "confidence": "MEDIUM",
    "hit_tp1": true,
    "hit_sl": false,
    "candles_to_result": 2,
    "max_favorable_pct": 16.20986390463078,
    "max_adverse_pct": -1.174632473199288,
    "outcome_tracked": true
  },
  {
    "symbol": "SOFI",
    "timeframe": "historical_1w",
    "timestamp": "2025-09-07",
    "congress_score": 50,
    "insider_score": 50,
    "short_interest_pct": 0,
    "combined_score": 50.0,
    "price": 25.600000381469727,
    "price_change_24h": 2.7699740597521565,
    "rsi": 50,
    "position_pct": 96.69670120323345,
    "ta_score": 50,
    "signal_direction": "WAIT",
    "signal_name": "historical_import",
    "confidence": "MEDIUM",
    "hit_tp1": true,
    "hit_sl": false,
    "candles_to_result": 1,
    "max_favorable_pct": 15.937499464489527,
    "max_adverse_pct": -1.406252363230998,
    "outcome_tracked": true
  },
  {
    "symbol": "SOFI",
    "timeframe": "historical_1w",
    "timestamp": "2025-09-14",
    "congress_score": 50,
    "insider_score": 50,
    "short_interest_pct": 0,
    "combined_score": 50.0,
    "price": 26.549999237060547,
    "price_change_24h": 2.272727940660001,
    "rsi": 50,
    "position_pct": 100.0,
    "ta_score": 50,
    "signal_direction": "WAIT",
    "signal_name": "historical_import",
    "confidence": "MEDIUM",
    "hit_tp1": true,
    "hit_sl": false,
    "candles_to_result": 1,
    "max_favorable_pct": 11.789081574609375,
    "max_adverse_pct": -5.122405808225177,
    "outcome_tracked": true
  },
  {
    "symbol": "SOFI",
    "timeframe": "historical_1w",
    "timestamp": "2025-09-21",
    "congress_score": 50,
    "insider_score": 50,
    "short_interest_pct": 0,
    "combined_score": 50.0,
    "price": 29.510000228881836,
    "price_change_24h": 6.649801761888306,
    "rsi": 50,
    "position_pct": 100.0,
    "ta_score": 50,
    "signal_direction": "WAIT",
    "signal_name": "historical_import",
    "confidence": "MEDIUM",
    "hit_tp1": false,
    "hit_sl": true,
    "candles_to_result": 1,
    "max_favorable_pct": 0.7116200706333011,
    "max_adverse_pct": -14.63910424031843,
    "outcome_tracked": true
  },
  {
    "symbol": "SOFI",
    "timeframe": "historical_1w",
    "timestamp": "2025-09-28",
    "congress_score": 50,
    "insider_score": 50,
    "short_interest_pct": 0,
    "combined_score": 50.0,
    "price": 27.979999542236328,
    "price_change_24h": -6.138879424660208,
    "rsi": 50,
    "position_pct": 90.98966040459646,
    "ta_score": 50,
    "signal_direction": "WAIT",
    "signal_name": "historical_import",
    "confidence": "MEDIUM",
    "hit_tp1": false,
    "hit_sl": true,
    "candles_to_result": 1,
    "max_favorable_pct": 6.218726946337515,
    "max_adverse_pct": -9.971404767062829,
    "outcome_tracked": true
  },
  {
    "symbol": "SOFI",
    "timeframe": "historical_1w",
    "timestamp": "2025-10-05",
    "congress_score": 50,
    "insider_score": 50,
    "short_interest_pct": 0,
    "combined_score": 50.0,
    "price": 25.239999771118164,
    "price_change_24h": -8.384753284620594,
    "rsi": 50,
    "position_pct": 77.4987699901834,
    "ta_score": 50,
    "signal_direction": "WAIT",
    "signal_name": "historical_import",
    "confidence": "MEDIUM",
    "hit_tp1": true,
    "hit_sl": false,
    "candles_to_result": 1,
    "max_favorable_pct": 17.749602150800094,
    "max_adverse_pct": -0.19809523579219843,
    "outcome_tracked": true
  },
  {
    "symbol": "SOFI",
    "timeframe": "historical_1w",
    "timestamp": "2025-10-12",
    "congress_score": 50,
    "insider_score": 50,
    "short_interest_pct": 0,
    "combined_score": 50.0,
    "price": 26.190000534057617,
    "price_change_24h": -0.6449168147104911,
    "rsi": 50,
    "position_pct": 82.17627263873098,
    "ta_score": 50,
    "signal_direction": "WAIT",
    "signal_name": "historical_import",
    "confidence": "MEDIUM",
    "hit_tp1": true,
    "hit_sl": false,
    "candles_to_result": 2,
    "max_favorable_pct": 13.478421944690094,
    "max_adverse_pct": -3.818251163071168,
    "outcome_tracked": true
  },
  {
    "symbol": "SOFI",
    "timeframe": "historical_1w",
    "timestamp": "2025-10-19",
    "congress_score": 50,
    "insider_score": 50,
    "short_interest_pct": 0,
    "combined_score": 50.0,
    "price": 26.540000915527344,
    "price_change_24h": -2.2107534547327266,
    "rsi": 50,
    "position_pct": 83.8995635824685,
    "ta_score": 50,
    "signal_direction": "WAIT",
    "signal_name": "historical_import",
    "confidence": "MEDIUM",
    "hit_tp1": true,
    "hit_sl": false,
    "candles_to_result": 1,
    "max_favorable_pct": 11.98190764178413,
    "max_adverse_pct": -5.086662904671955,
    "outcome_tracked": true
  },
  {
    "symbol": "SOFI",
    "timeframe": "historical_1w",
    "timestamp": "2025-10-26",
    "congress_score": 50,
    "insider_score": 50,
    "short_interest_pct": 0,
    "combined_score": 50.0,
    "price": 29.010000228881836,
    "price_change_24h": 1.1506273368013207,
    "rsi": 50,
    "position_pct": 96.06105732104004,
    "ta_score": 50,
    "signal_direction": "WAIT",
    "signal_name": "historical_import",
    "confidence": "MEDIUM",
    "hit_tp1": false,
    "hit_sl": false,
    "candles_to_result": 0,
    "max_favorable_pct": 0,
    "max_adverse_pct": 0,
    "outcome_tracked": false
  },
  {
    "symbol": "SOFI",
    "timeframe": "historical_1w",
    "timestamp": "2025-11-02",
    "congress_score": 50,
    "insider_score": 50,
    "short_interest_pct": 0,
    "combined_score": 50.0,
    "price": 29.68000030517578,
    "price_change_24h": -1.0666656494140625,
    "rsi": 50,
    "position_pct": 91.06498395365486,
    "ta_score": 50,
    "signal_direction": "WAIT",
    "signal_name": "historical_import",
    "confidence": "MEDIUM",
    "hit_tp1": false,
    "hit_sl": false,
    "candles_to_result": 0,
    "max_favorable_pct": 0,
    "max_adverse_pct": 0,
    "outcome_tracked": false
  },
  {
    "symbol": "SOFI",
    "timeframe": "historical_1w",
    "timestamp": "2025-11-09",
    "congress_score": 50,
    "insider_score": 50,
    "short_interest_pct": 0,
    "combined_score": 50.0,
    "price": 28.209999084472656,
    "price_change_24h": -7.900751363368232,
    "rsi": 50,
    "position_pct": 84.43140439216947,
    "ta_score": 50,
    "signal_direction": "WAIT",
    "signal_name": "historical_import",
    "confidence": "MEDIUM",
    "hit_tp1": false,
    "hit_sl": false,
    "candles_to_result": 0,
    "max_favorable_pct": 0,
    "max_adverse_pct": 0,
    "outcome_tracked": false
  },
  {
    "symbol": "SOFI",
    "timeframe": "historical_1w",
    "timestamp": "2025-11-16",
    "congress_score": 50,
    "insider_score": 50,
    "short_interest_pct": 0,
    "combined_score": 50.0,
    "price": 27.81999969482422,
    "price_change_24h": -8.90635605488867,
    "rsi": 50,
    "position_pct": 80.66931058288777,
    "ta_score": 50,
    "signal_direction": "WAIT",
    "signal_name": "historical_import",
    "confidence": "MEDIUM",
    "hit_tp1": false,
    "hit_sl": false,
    "candles_to_result": 0,
    "max_favorable_pct": 0,
    "max_adverse_pct": 0,
    "outcome_tracked": false
  },
  {
    "symbol": "SOFI",
    "timeframe": "historical_1w",
    "timestamp": "2025-11-23",
    "congress_score": 50,
    "insider_score": 50,
    "short_interest_pct": 0,
    "combined_score": 50.0,
    "price": 25.190000534057617,
    "price_change_24h": -6.841717155443547,
    "rsi": 50,
    "position_pct": 69.0885124023859,
    "ta_score": 50,
    "signal_direction": "WAIT",
    "signal_name": "historical_import",
    "confidence": "MEDIUM",
    "hit_tp1": false,
    "hit_sl": false,
    "candles_to_result": 0,
    "max_favorable_pct": 0,
    "max_adverse_pct": 0,
    "outcome_tracked": false
  },
  {
    "symbol": "SOFI",
    "timeframe": "historical_1w",
    "timestamp": "2025-11-30",
    "congress_score": 50,
    "insider_score": 50,
    "short_interest_pct": 0,
    "combined_score": 50.0,
    "price": 29.719999313354492,
    "price_change_24h": 8.467152288773145,
    "rsi": 50,
    "position_pct": 89.03566767283301,
    "ta_score": 50,
    "signal_direction": "WAIT",
    "signal_name": "historical_import",
    "confidence": "MEDIUM",
    "hit_tp1": false,
    "hit_sl": false,
    "candles_to_result": 0,
    "max_favorable_pct": 0,
    "max_adverse_pct": 0,
    "outcome_tracked": false
  },
  {
    "symbol": "SOFI",
    "timeframe": "historical_1w",
    "timestamp": "2025-12-07",
    "congress_score": 50,
    "insider_score": 50,
    "short_interest_pct": 0,
    "combined_score": 50.0,
    "price": 27.780000686645508,
    "price_change_24h": -4.30589035629968,
    "rsi": 50,
    "position_pct": 80.49318108138525,
    "ta_score": 50,
    "signal_direction": "WAIT",
    "signal_name": "historical_import",
    "confidence": "MEDIUM",
    "hit_tp1": false,
    "hit_sl": false,
    "candles_to_result": 0,
    "max_favorable_pct": 0,
    "max_adverse_pct": 0,
    "outcome_tracked": false
  },
  {
    "symbol": "SOFI",
    "timeframe": "historical_1w",
    "timestamp": "2025-12-14",
    "congress_score": 50,
    "insider_score": 50,
    "short_interest_pct": 0,
    "combined_score": 50.0,
    "price": 27.280000686645508,
    "price_change_24h": -1.1952188207570371,
    "rsi": 50,
    "position_pct": 78.29150772094086,
    "ta_score": 50,
    "signal_direction": "WAIT",
    "signal_name": "historical_import",
    "confidence": "MEDIUM",
    "hit_tp1": false,
    "hit_sl": false,
    "candles_to_result": 0,
    "max_favorable_pct": 0,
    "max_adverse_pct": 0,
    "outcome_tracked": false
  },
  {
    "symbol": "SOFI",
    "timeframe": "historical_1w",
    "timestamp": "2025-12-21",
    "congress_score": 50,
    "insider_score": 50,
    "short_interest_pct": 0,
    "combined_score": 50.0,
    "price": 27.239999771118164,
    "price_change_24h": 5.499613063816547,
    "rsi": 50,
    "position_pct": 78.11536982072099,
    "ta_score": 50,
    "signal_direction": "WAIT",
    "signal_name": "historical_import",
    "confidence": "MEDIUM",
    "hit_tp1": false,
    "hit_sl": false,
    "candles_to_result": 0,
    "max_favorable_pct": 0,
    "max_adverse_pct": 0,
    "outcome_tracked": false
  },
  {
    "symbol": "SOFI",
    "timeframe": "historical_1w",
    "timestamp": "2025-12-28",
    "congress_score": 50,
    "insider_score": 50,
    "short_interest_pct": 0,
    "combined_score": 50.0,
    "price": 27.30500030517578,
    "price_change_24h": -0.16453409750017384,
    "rsi": 50,
    "position_pct": 78.4015897092196,
    "ta_score": 50,
    "signal_direction": "WAIT",
    "signal_name": "historical_import",
    "confidence": "MEDIUM",
    "hit_tp1": false,
    "hit_sl": false,
    "candles_to_result": 0,
    "max_favorable_pct": 0,
    "max_adverse_pct": 0,
    "outcome_tracked": false
  }
]