[
  {
    "symbol": "SPY",
    "timeframe": "historical_1w",
    "timestamp": "2025-06-29",
    "congress_score": 50,
    "insider_score": 50,
    "short_interest_pct": 0,
    "combined_score": 50.0,
    "price": 614.9099731445312,
    "price_change_24h": 2.4593765108781187,
    "rsi": 50,
    "position_pct": 100.0,
    "ta_score": 50,
    "signal_direction": "WAIT",
    "signal_name": "historical_import",
    "confidence": "MEDIUM",
    "hit_tp1": true,
    "hit_sl": false,
    "candles_to_result": 4,
    "max_favorable_pct": 5.257682994555165,
    "max_adverse_pct": 1.1074787946223628,
    "outcome_tracked": true
  },
  {
    "symbol": "SPY",
    "timeframe": "historical_1w",
    "timestamp": "2025-07-06",
    "congress_score": 50,
    "insider_score": 50,
    "short_interest_pct": 0,
    "combined_score": 50.0,
    "price": 625.3400268554688,
    "price_change_24h": 1.2122766958804305,
    "rsi": 50,
    "position_pct": 100.0,
    "ta_score": 50,
    "signal_direction": "WAIT",
    "signal_name": "historical_import",
    "confidence": "MEDIUM",
    "hit_tp1": true,
    "hit_sl": false,
    "candles_to_result": 7,
    "max_favorable_pct": 5.128401335562459,
    "max_adverse_pct": -0.5788940411422653,
    "outcome_tracked": true
  },
  {
    "symbol": "SPY",
    "timeframe": "historical_1w",
    "timestamp": "2025-07-13",
    "congress_score": 50,
    "insider_score": 50,
    "short_interest_pct": 0,
    "combined_score": 50.0,
    "price": 623.6199951171875,
    "price_change_24h": 0.47367443386273145,
    "rsi": 50,
    "position_pct": 98.29904726355187,
    "ta_score": 50,
    "signal_direction": "WAIT",
    "signal_name": "historical_import",
    "confidence": "MEDIUM",
    "hit_tp1": true,
    "hit_sl": false,
    "candles_to_result": 5,
    "max_favorable_pct": 6.426993586424714,
    "max_adverse_pct": -0.30467663463957034,
    "outcome_tracked": true
  },
  {
    "symbol": "SPY",
    "timeframe": "historical_1w",
    "timestamp": "2025-07-20",
    "congress_score": 50,
    "insider_score": 50,
    "short_interest_pct": 0,
    "combined_score": 50.0,
    "price": 627.5800170898438,
    "price_change_24h": 0.4433379014538307,
    "rsi": 50,
    "position_pct": 99.65037925453676,
    "ta_score": 50,
    "signal_direction": "WAIT",
    "signal_name": "historical_import",
    "confidence": "MEDIUM",
    "hit_tp1": true,
    "hit_sl": false,
    "candles_to_result": 7,
    "max_favorable_pct": 5.755440602567273,
    "max_adverse_pct": -0.9337528645179649,
    "outcome_tracked": true
  },
  {
    "symbol": "SPY",
    "timeframe": "historical_1w",
    "timestamp": "2025-07-27",
    "congress_score": 50,
    "insider_score": 50,
    "short_interest_pct": 0,
    "combined_score": 50.0,
    "price": 637.0999755859375,
    "price_change_24h": 1.3248017233546707,
    "rsi": 50,
    "position_pct": 100.0,
    "ta_score": 50,
    "signal_direction": "WAIT",
    "signal_name": "historical_import",
    "confidence": "MEDIUM",
    "hit_tp1": false,
    "hit_sl": true,
    "candles_to_result": 1,
    "max_favorable_pct": 5.0400325878504875,
    "max_adverse_pct": -2.414064585180307,
    "outcome_tracked": true
  },
  {
    "symbol": "SPY",
    "timeframe": "historical_1w",
    "timestamp": "2025-08-03",
    "congress_score": 50,
    "insider_score": 50,
    "short_interest_pct": 0,
    "combined_score": 50.0,
    "price": 621.719970703125,
    "price_change_24h": -2.389555009882015,
    "rsi": 50,
    "position_pct": 89.06271600437081,
    "ta_score": 50,
    "signal_direction": "WAIT",
    "signal_name": "historical_import",
    "confidence": "MEDIUM",
    "hit_tp1": true,
    "hit_sl": false,
    "candles_to_result": 2,
    "max_favorable_pct": 7.6384953849597395,
    "max_adverse_pct": 2.4866535902284057,
    "outcome_tracked": true
  },
  {
    "symbol": "SPY",
    "timeframe": "historical_1w",
    "timestamp": "2025-08-10",
    "congress_score": 50,
    "insider_score": 50,
    "short_interest_pct": 0,
    "combined_score": 50.0,
    "price": 637.1799926757812,
    "price_change_24h": 0.9522014557654421,
    "rsi": 50,
    "position_pct": 100.0,
    "ta_score": 50,
    "signal_direction": "WAIT",
    "signal_name": "historical_import",
    "confidence": "MEDIUM",
    "hit_tp1": true,
    "hit_sl": false,
    "candles_to_result": 5,
    "max_favorable_pct": 5.02684165621204,
    "max_adverse_pct": 0.9824554815879639,
    "outcome_tracked": true
  },
  {
    "symbol": "SPY",
    "timeframe": "historical_1w",
    "timestamp": "2025-08-17",
    "congress_score": 50,
    "insider_score": 50,
    "short_interest_pct": 0,
    "combined_score": 50.0,
    "price": 643.4400024414062,
    "price_change_24h": 1.1825417872286677,
    "rsi": 50,
    "position_pct": 98.98295295129664,
    "ta_score": 50,
    "signal_direction": "WAIT",
    "signal_name": "historical_import",
    "confidence": "MEDIUM",
    "hit_tp1": true,
    "hit_sl": false,
    "candles_to_result": 5,
    "max_favorable_pct": 5.254568791232808,
    "max_adverse_pct": 0.25021530297366157,
    "outcome_tracked": true
  },
  {
    "symbol": "SPY",
    "timeframe": "historical_1w",
    "timestamp": "2025-08-24",
    "congress_score": 50,
    "insider_score": 50,
    "short_interest_pct": 0,
    "combined_score": 50.0,
    "price": 645.3099975585938,
    "price_change_24h": 0.31245294633393883,
    "rsi": 50,
    "position_pct": 100.0,
    "ta_score": 50,
    "signal_direction": "WAIT",
    "signal_name": "historical_import",
    "confidence": "MEDIUM",
    "hit_tp1": true,
    "hit_sl": false,
    "candles_to_result": 6,
    "max_favorable_pct": 5.694937338494143,
    "max_adverse_pct": -0.04029222646614758,
    "outcome_tracked": true
  },
  {
    "symbol": "SPY",
    "timeframe": "historical_1w",
    "timestamp": "2025-08-31",
    "congress_score": 50,
    "insider_score": 50,
    "short_interest_pct": 0,
    "combined_score": 50.0,
    "price": 645.0499877929688,
    "price_change_24h": 0.40157784915926203,
    "rsi": 50,
    "position_pct": 97.46129898323434,
    "ta_score": 50,
    "signal_direction": "WAIT",
    "signal_name": "historical_import",
    "confidence": "MEDIUM",
    "hit_tp1": true,
    "hit_sl": false,
    "candles_to_result": 5,
    "max_favorable_pct": 5.7375413481138615,
    "max_adverse_pct": 0.3395089501356815,
    "outcome_tracked": true
  },
  {
    "symbol": "SPY",
    "timeframe": "historical_1w",
    "timestamp": "2025-09-07",
    "congress_score": 50,
    "insider_score": 50,
    "short_interest_pct": 0,
    "combined_score": 50.0,
    "price": 647.239990234375,
    "price_change_24h": 1.088598636592075,
    "rsi": 50,
    "position_pct": 98.7683404885572,
    "ta_score": 50,
    "signal_direction": "WAIT",
    "signal_name": "historical_import",
    "confidence": "MEDIUM",
    "hit_tp1": true,
    "hit_sl": false,
    "candles_to_result": 4,
    "max_favorable_pct": 5.379767605461139,
    "max_adverse_pct": 0.8930272208276203,
    "outcome_tracked": true
  },
  {
    "symbol": "SPY",
    "timeframe": "historical_1w",
    "timestamp": "2025-09-14",
    "congress_score": 50,
    "insider_score": 50,
    "short_interest_pct": 0,
    "combined_score": 50.0,
    "price": 657.4099731445312,
    "price_change_24h": 1.3223734766727708,
    "rsi": 50,
    "position_pct": 99.86346152862868,
    "ta_score": 50,
    "signal_direction": "WAIT",
    "signal_name": "historical_import",
    "confidence": "MEDIUM",
    "hit_tp1": true,
    "hit_sl": false,
    "candles_to_result": 6,
    "max_favorable_pct": 3.7495665446260587,
    "max_adverse_pct": -0.6677649857186029,
    "outcome_tracked": true
  },
  {
    "symbol": "SPY",
    "timeframe": "historical_1w",
    "timestamp": "2025-09-21",
    "congress_score": 66.66666666666666,
    "insider_score": 50,
    "short_interest_pct": 0,
    "combined_score": 54.166666666666664,
    "price": 663.7000122070312,
    "price_change_24h": 0.42215115157444594,
    "rsi": 50,
    "position_pct": 100.0,
    "ta_score": 50,
    "signal_direction": "WAIT",
    "signal_name": "historical_import",
    "confidence": "MEDIUM",
    "hit_tp1": false,
    "hit_sl": false,
    "candles_to_result": 0,
    "max_favorable_pct": 2.966702136395961,
    "max_adverse_pct": -1.6091596322661792,
    "outcome_tracked": true
  },
  {
    "symbol": "SPY",
    "timeframe": "historical_1w",
    "timestamp": "2025-09-28",
    "congress_score": 66.66666666666666,
    "insider_score": 50,
    "short_interest_pct": 0,
    "combined_score": 54.166666666666664,
    "price": 661.8200073242188,
    "price_change_24h": -0.7528071694979465,
    "rsi": 50,
    "position_pct": 97.05328770625025,
    "ta_score": 50,
    "signal_direction": "WAIT",
    "signal_name": "historical_import",
    "confidence": "MEDIUM",
    "hit_tp1": true,
    "hit_sl": false,
    "candles_to_result": 5,
    "max_favorable_pct": 3.606720082956609,
    "max_adverse_pct": -1.3296648175608459,
    "outcome_tracked": true
  },
  {
    "symbol": "SPY",
    "timeframe": "historical_1w",
    "timestamp": "2025-10-05",
    "congress_score": 66.66666666666666,
    "insider_score": 50,
    "short_interest_pct": 0,
    "combined_score": 54.166666666666664,
    "price": 669.2100219726562,
    "price_change_24h": 0.8332373068200222,
    "rsi": 50,
    "position_pct": 99.9942406317073,
    "ta_score": 50,
    "signal_direction": "WAIT",
    "signal_name": "historical_import",
    "confidence": "MEDIUM",
    "hit_tp1": false,
    "hit_sl": true,
    "candles_to_result": 1,
    "max_favorable_pct": 2.4626021618999854,
    "max_adverse_pct": -2.419270768492431,
    "outcome_tracked": true
  },
  {
    "symbol": "SPY",
    "timeframe": "historical_1w",
    "timestamp": "2025-10-12",
    "congress_score": 66.66666666666666,
    "insider_score": 50,
    "short_interest_pct": 0,
    "combined_score": 54.166666666666664,
    "price": 653.02001953125,
    "price_change_24h": -2.767970433105064,
    "rsi": 50,
    "position_pct": 88.62595893335148,
    "ta_score": 50,
    "signal_direction": "WAIT",
    "signal_name": "historical_import",
    "confidence": "MEDIUM",
    "hit_tp1": true,
    "hit_sl": false,
    "candles_to_result": 2,
    "max_favorable_pct": 5.002906791985853,
    "max_adverse_pct": 0.9203408143503927,
    "outcome_tracked": true
  },
  {
    "symbol": "SPY",
    "timeframe": "historical_1w",
    "timestamp": "2025-10-19",
    "congress_score": 50,
    "insider_score": 50,
    "short_interest_pct": 0,
    "combined_score": 50.0,
    "price": 664.3900146484375,
    "price_change_24h": 0.20361315544054187,
    "rsi": 50,
    "position_pct": 95.06314217931443,
    "ta_score": 50,
    "signal_direction": "WAIT",
    "signal_name": "historical_import",
    "confidence": "MEDIUM",
    "hit_tp1": true,
    "hit_sl": false,
    "candles_to_result": 7,
    "max_favorable_pct": 3.884370998641663,
    "max_adverse_pct": -0.8067528459768831,
    "outcome_tracked": true
  },
  {
    "symbol": "SPY",
    "timeframe": "historical_1w",
    "timestamp": "2025-10-26",
    "congress_score": 50,
    "insider_score": 50,
    "short_interest_pct": 0,
    "combined_score": 50.0,
    "price": 677.25,
    "price_change_24h": 0.8863417719689062,
    "rsi": 50,
    "position_pct": 100.0,
    "ta_score": 50,
    "signal_direction": "WAIT",
    "signal_name": "historical_import",
    "confidence": "MEDIUM",
    "hit_tp1": false,
    "hit_sl": false,
    "candles_to_result": 0,
    "max_favorable_pct": 0,
    "max_adverse_pct": 0,
    "outcome_tracked": false
  },
  {
    "symbol": "SPY",
    "timeframe": "historical_1w",
    "timestamp": "2025-11-02",
    "congress_score": 50,
    "insider_score": 50,
    "short_interest_pct": 0,
    "combined_score": 50.0,
    "price": 682.0599975585938,
    "price_change_24h": -0.46406992018863147,
    "rsi": 50,
    "position_pct": 97.20809963459153,
    "ta_score": 50,
    "signal_direction": "WAIT",
    "signal_name": "historical_import",
    "confidence": "MEDIUM",
    "hit_tp1": false,
    "hit_sl": false,
    "candles_to_result": 0,
    "max_favorable_pct": 0,
    "max_adverse_pct": 0,
    "outcome_tracked": false
  },
  {
    "symbol": "SPY",
    "timeframe": "historical_1w",
    "timestamp": "2025-11-09",
    "congress_score": 50,
    "insider_score": 50,
    "short_interest_pct": 0,
    "combined_score": 50.0,
    "price": 670.969970703125,
    "price_change_24h": -1.8102343878884333,
    "rsi": 50,
    "position_pct": 91.39906572189153,
    "ta_score": 50,
    "signal_direction": "WAIT",
    "signal_name": "historical_import",
    "confidence": "MEDIUM",
    "hit_tp1": false,
    "hit_sl": false,
    "candles_to_result": 0,
    "max_favorable_pct": 0,
    "max_adverse_pct": 0,
    "outcome_tracked": false
  },
  {
    "symbol": "SPY",
    "timeframe": "historical_1w",
    "timestamp": "2025-11-16",
    "congress_score": 50,
    "insider_score": 50,
    "short_interest_pct": 0,
    "combined_score": 50.0,
    "price": 671.9299926757812,
    "price_change_24h": -1.3955755065087656,
    "rsi": 50,
    "position_pct": 91.90193196998788,
    "ta_score": 50,
    "signal_direction": "WAIT",
    "signal_name": "historical_import",
    "confidence": "MEDIUM",
    "hit_tp1": false,
    "hit_sl": false,
    "candles_to_result": 0,
    "max_favorable_pct": 0,
    "max_adverse_pct": 0,
    "outcome_tracked": false
  },
  {
    "symbol": "SPY",
    "timeframe": "historical_1w",
    "timestamp": "2025-11-23",
    "congress_score": 50,
    "insider_score": 50,
    "short_interest_pct": 0,
    "combined_score": 50.0,
    "price": 659.030029296875,
    "price_change_24h": -0.9974843066008321,
    "rsi": 50,
    "position_pct": 85.14484060156602,
    "ta_score": 50,
    "signal_direction": "WAIT",
    "signal_name": "historical_import",
    "confidence": "MEDIUM",
    "hit_tp1": false,
    "hit_sl": false,
    "candles_to_result": 0,
    "max_favorable_pct": 0,
    "max_adverse_pct": 0,
    "outcome_tracked": false
  },
  {
    "symbol": "SPY",
    "timeframe": "historical_1w",
    "timestamp": "2025-11-30",
    "congress_score": 50,
    "insider_score": 50,
    "short_interest_pct": 0,
    "combined_score": 50.0,
    "price": 683.3900146484375,
    "price_change_24h": 2.1922202694443977,
    "rsi": 50,
    "position_pct": 97.90477192223013,
    "ta_score": 50,
    "signal_direction": "WAIT",
    "signal_name": "historical_import",
    "confidence": "MEDIUM",
    "hit_tp1": false,
    "hit_sl": false,
    "candles_to_result": 0,
    "max_favorable_pct": 0,
    "max_adverse_pct": 0,
    "outcome_tracked": false
  },
  {
    "symbol": "SPY",
    "timeframe": "historical_1w",
    "timestamp": "2025-12-07",
    "congress_score": 50,
    "insider_score": 50,
    "short_interest_pct": 0,
    "combined_score": 50.0,
    "price": 685.6900024414062,
    "price_change_24h": 0.7967399348116163,
    "rsi": 50,
    "position_pct": 99.10952167281914,
    "ta_score": 50,
    "signal_direction": "WAIT",
    "signal_name": "historical_import",
    "confidence": "MEDIUM",
    "hit_tp1": false,
    "hit_sl": false,
    "candles_to_result": 0,
    "max_favorable_pct": 0,
    "max_adverse_pct": 0,
    "outcome_tracked": false
  },
  {
    "symbol": "SPY",
    "timeframe": "historical_1w",
    "timestamp": "2025-12-14",
    "congress_score": 50,
    "insider_score": 50,
    "short_interest_pct": 0,
    "combined_score": 50.0,
    "price": 681.760009765625,
    "price_change_24h": -0.2735390640889224,
    "rsi": 50,
    "position_pct": 96.15445834022931,
    "ta_score": 50,
    "signal_direction": "WAIT",
    "signal_name": "historical_import",
    "confidence": "MEDIUM",
    "hit_tp1": false,
    "hit_sl": false,
    "candles_to_result": 0,
    "max_favorable_pct": 0,
    "max_adverse_pct": 0,
    "outcome_tracked": false
  },
  {
    "symbol": "SPY",
    "timeframe": "historical_1w",
    "timestamp": "2025-12-21",
    "congress_score": 50,
    "insider_score": 50,
    "short_interest_pct": 0,
    "combined_score": 50.0,
    "price": 680.5900268554688,
    "price_change_24h": -0.020559343248681083,
    "rsi": 50,
    "position_pct": 95.54727422033191,
    "ta_score": 50,
    "signal_direction": "WAIT",
    "signal_name": "historical_import",
    "confidence": "MEDIUM",
    "hit_tp1": false,
    "hit_sl": false,
    "candles_to_result": 0,
    "max_favorable_pct": 0,
    "max_adverse_pct": 0,
    "outcome_tracked": false
  },
  {
    "symbol": "SPY",
    "timeframe": "historical_1w",
    "timestamp": "2025-12-28",
    "congress_score": 50,
    "insider_score": 50,
    "short_interest_pct": 0,
    "combined_score": 50.0,
    "price": 690.1973876953125,
    "price_change_24h": 0.7837522409250057,
    "rsi": 50,
    "position_pct": 99.90581887919116,
    "ta_score": 50,
    "signal_direction": "WAIT",
    "signal_name": "historical_import",
    "confidence": "MEDIUM",
    "hit_tp1": false,
    "hit_sl": false,
    "candles_to_result": 0,
    "max_favorable_pct": 0,
    "max_adverse_pct": 0,
    "outcome_tracked": false
  }
]