[
  {
    "symbol": "SQ",
    "timeframe": "historical_1m",
    "timestamp": "2025-08-28",
    "congress_score": 100.0,
    "insider_score": 50,
    "short_interest_pct": 0,
    "combined_score": 62.5,
    "price": 0,
    "price_change_24h": 0,
    "rsi": 50,
    "position_pct": 50,
    "ta_score": 50,
    "signal_direction": "WAIT",
    "signal_name": "quiver_only_import",
    "confidence": "LOW",
    "hit_tp1": false,
    "hit_sl": false,
    "candles_to_result": 0,
    "max_favorable_pct": 0,
    "max_adverse_pct": 0,
    "outcome_tracked": false
  },
  {
    "symbol": "SQ",
    "timeframe": "historical_1m",
    "timestamp": "2025-09-28",
    "congress_score": 100.0,
    "insider_score": 50,
    "short_interest_pct": 0,
    "combined_score": 62.5,
    "price": 0,
    "price_change_24h": 0,
    "rsi": 50,
    "position_pct": 50,
    "ta_score": 50,
    "signal_direction": "WAIT",
    "signal_name": "quiver_only_import",
    "confidence": "LOW",
    "hit_tp1": false,
    "hit_sl": false,
    "candles_to_result": 0,
    "max_favorable_pct": 0,
    "max_adverse_pct": 0,
    "outcome_tracked": false
  },
  {
    "symbol": "SQ",
    "timeframe": "historical_1m",
    "timestamp": "2025-11-28",
    "congress_score": 50.0,
    "insider_score": 50,
    "short_interest_pct": 0,
    "combined_score": 50.0,
    "price": 0,
    "price_change_24h": 0,
    "rsi": 50,
    "position_pct": 50,
    "ta_score": 50,
    "signal_direction": "WAIT",
    "signal_name": "quiver_only_import",
    "confidence": "LOW",
    "hit_tp1": false,
    "hit_sl": false,
    "candles_to_result": 0,
    "max_favorable_pct": 0,
    "max_adverse_pct": 0,
    "outcome_tracked": false
  }
]