[
  {
    "symbol": "T",
    "timeframe": "historical_1w",
    "timestamp": "2025-06-29",
    "congress_score": 33.33333333333333,
    "insider_score": 50,
    "short_interest_pct": 0,
    "combined_score": 45.83333333333333,
    "price": 28.079999923706055,
    "price_change_24h": -0.4255348793859041,
    "rsi": 50,
    "position_pct": 92.61363082188292,
    "ta_score": 50,
    "signal_direction": "WAIT",
    "signal_name": "historical_import",
    "confidence": "MEDIUM",
    "hit_tp1": true,
    "hit_sl": false,
    "candles_to_result": 2,
    "max_favorable_pct": 5.377493707209894,
    "max_adverse_pct": -4.059826897243019,
    "outcome_tracked": true
  },
  {
    "symbol": "T",
    "timeframe": "historical_1w",
    "timestamp": "2025-07-06",
    "congress_score": 40.0,
    "insider_score": 50,
    "short_interest_pct": 0,
    "combined_score": 47.5,
    "price": 28.360000610351562,
    "price_change_24h": -2.0041462094082902,
    "rsi": 50,
    "position_pct": 92.14092358045987,
    "ta_score": 50,
    "signal_direction": "WAIT",
    "signal_name": "historical_import",
    "confidence": "MEDIUM",
    "hit_tp1": true,
    "hit_sl": false,
    "candles_to_result": 1,
    "max_favorable_pct": 4.33709279183644,
    "max_adverse_pct": -5.00705234743767,
    "outcome_tracked": true
  },
  {
    "symbol": "T",
    "timeframe": "historical_1w",
    "timestamp": "2025-07-13",
    "congress_score": 33.33333333333333,
    "insider_score": 50,
    "short_interest_pct": 0,
    "combined_score": 45.83333333333333,
    "price": 26.969999313354492,
    "price_change_24h": -5.068639710636211,
    "rsi": 50,
    "position_pct": 73.30622038505693,
    "ta_score": 50,
    "signal_direction": "WAIT",
    "signal_name": "historical_import",
    "confidence": "MEDIUM",
    "hit_tp1": false,
    "hit_sl": true,
    "candles_to_result": 2,
    "max_favorable_pct": 9.714500948971386,
    "max_adverse_pct": -0.1112301819081648,
    "outcome_tracked": true
  },
  {
    "symbol": "T",
    "timeframe": "historical_1w",
    "timestamp": "2025-07-20",
    "congress_score": 42.857142857142854,
    "insider_score": 50,
    "short_interest_pct": 0,
    "combined_score": 48.214285714285715,
    "price": 26.940000534057617,
    "price_change_24h": -0.8100122039413576,
    "rsi": 50,
    "position_pct": 72.8997329195404,
    "ta_score": 50,
    "signal_direction": "WAIT",
    "signal_name": "historical_import",
    "confidence": "MEDIUM",
    "hit_tp1": true,
    "hit_sl": false,
    "candles_to_result": 1,
    "max_favorable_pct": 9.83667247957229,
    "max_adverse_pct": 3.0066794724758057,
    "outcome_tracked": true
  },
  {
    "symbol": "T",
    "timeframe": "historical_1w",
    "timestamp": "2025-07-27",
    "congress_score": 50.0,
    "insider_score": 50,
    "short_interest_pct": 0,
    "combined_score": 50.0,
    "price": 28.0,
    "price_change_24h": 2.2644297232916326,
    "rsi": 50,
    "position_pct": 87.26286723563196,
    "ta_score": 50,
    "signal_direction": "WAIT",
    "signal_name": "historical_import",
    "confidence": "MEDIUM",
    "hit_tp1": true,
    "hit_sl": false,
    "candles_to_result": 3,
    "max_favorable_pct": 5.6785719735281805,
    "max_adverse_pct": -3.3571447644914896,
    "outcome_tracked": true
  },
  {
    "symbol": "T",
    "timeframe": "historical_1w",
    "timestamp": "2025-08-03",
    "congress_score": 66.66666666666666,
    "insider_score": 50,
    "short_interest_pct": 0,
    "combined_score": 54.166666666666664,
    "price": 27.75,
    "price_change_24h": 0.5434768712212815,
    "rsi": 50,
    "position_pct": 83.8753338505745,
    "ta_score": 50,
    "signal_direction": "WAIT",
    "signal_name": "historical_import",
    "confidence": "MEDIUM",
    "hit_tp1": true,
    "hit_sl": false,
    "candles_to_result": 2,
    "max_favorable_pct": 6.630631180496903,
    "max_adverse_pct": -6.7747717505102765,
    "outcome_tracked": true
  },
  {
    "symbol": "T",
    "timeframe": "historical_1w",
    "timestamp": "2025-08-10",
    "congress_score": 100.0,
    "insider_score": 50,
    "short_interest_pct": 0,
    "combined_score": 62.5,
    "price": 28.079999923706055,
    "price_change_24h": 1.4450853111279736,
    "rsi": 50,
    "position_pct": 88.34687688505718,
    "ta_score": 50,
    "signal_direction": "WAIT",
    "signal_name": "historical_import",
    "confidence": "MEDIUM",
    "hit_tp1": true,
    "hit_sl": false,
    "candles_to_result": 3,
    "max_favorable_pct": 5.377493707209894,
    "max_adverse_pct": -7.870367131329309,
    "outcome_tracked": true
  },
  {
    "symbol": "T",
    "timeframe": "historical_1w",
    "timestamp": "2025-08-17",
    "congress_score": 100.0,
    "insider_score": 50,
    "short_interest_pct": 0,
    "combined_score": 62.5,
    "price": 28.8700008392334,
    "price_change_24h": 2.594177204756795,
    "rsi": 50,
    "position_pct": 99.0514947873565,
    "ta_score": 50,
    "signal_direction": "WAIT",
    "signal_name": "historical_import",
    "confidence": "MEDIUM",
    "hit_tp1": false,
    "hit_sl": true,
    "candles_to_result": 7,
    "max_favorable_pct": 2.4939358933998936,
    "max_adverse_pct": -12.919990790287784,
    "outcome_tracked": true
  },
  {
    "symbol": "T",
    "timeframe": "historical_1w",
    "timestamp": "2025-08-24",
    "congress_score": 0.0,
    "insider_score": 50,
    "short_interest_pct": 0,
    "combined_score": 37.5,
    "price": 28.770000457763672,
    "price_change_24h": -0.5186708787502038,
    "rsi": 50,
    "position_pct": 91.4974621132355,
    "ta_score": 50,
    "signal_direction": "WAIT",
    "signal_name": "historical_import",
    "confidence": "MEDIUM",
    "hit_tp1": false,
    "hit_sl": true,
    "candles_to_result": 2,
    "max_favorable_pct": 2.8501900652661942,
    "max_adverse_pct": -13.972889794233085,
    "outcome_tracked": true
  },
  {
    "symbol": "T",
    "timeframe": "historical_1w",
    "timestamp": "2025-08-31",
    "congress_score": 0.0,
    "insider_score": 50,
    "short_interest_pct": 0,
    "combined_score": 37.5,
    "price": 29.290000915527344,
    "price_change_24h": 1.9137131133936027,
    "rsi": 50,
    "position_pct": 98.09645179951542,
    "ta_score": 50,
    "signal_direction": "WAIT",
    "signal_name": "historical_import",
    "confidence": "MEDIUM",
    "hit_tp1": true,
    "hit_sl": false,
    "candles_to_result": 4,
    "max_favorable_pct": 1.0242377182771272,
    "max_adverse_pct": -15.500173347965237,
    "outcome_tracked": true
  },
  {
    "symbol": "T",
    "timeframe": "historical_1w",
    "timestamp": "2025-09-07",
    "congress_score": 0.0,
    "insider_score": 50,
    "short_interest_pct": 0,
    "combined_score": 37.5,
    "price": 29.59000015258789,
    "price_change_24h": 1.753783460178358,
    "rsi": 50,
    "position_pct": 100.0,
    "ta_score": 50,
    "signal_direction": "WAIT",
    "signal_name": "historical_import",
    "confidence": "MEDIUM",
    "hit_tp1": true,
    "hit_sl": false,
    "candles_to_result": 3,
    "max_favorable_pct": -0.06759194883587274,
    "max_adverse_pct": -16.35687775474578,
    "outcome_tracked": true
  },
  {
    "symbol": "T",
    "timeframe": "historical_1w",
    "timestamp": "2025-09-14",
    "congress_score": 0.0,
    "insider_score": 50,
    "short_interest_pct": 0,
    "combined_score": 37.5,
    "price": 29.56999969482422,
    "price_change_24h": 2.3183393949401667,
    "rsi": 50,
    "position_pct": 99.75092831813907,
    "ta_score": 50,
    "signal_direction": "WAIT",
    "signal_name": "historical_import",
    "confidence": "MEDIUM",
    "hit_tp1": true,
    "hit_sl": false,
    "candles_to_result": 2,
    "max_favorable_pct": -1.8938095086974325,
    "max_adverse_pct": -16.300303498710846,
    "outcome_tracked": true
  },
  {
    "symbol": "T",
    "timeframe": "historical_1w",
    "timestamp": "2025-09-21",
    "congress_score": 0.0,
    "insider_score": 50,
    "short_interest_pct": 0,
    "combined_score": 37.5,
    "price": 29.010000228881836,
    "price_change_24h": -2.05942131353211,
    "rsi": 50,
    "position_pct": 92.43175550350445,
    "ta_score": 50,
    "signal_direction": "WAIT",
    "signal_name": "historical_import",
    "confidence": "MEDIUM",
    "hit_tp1": true,
    "hit_sl": false,
    "candles_to_result": 2,
    "max_favorable_pct": -2.4129636587956487,
    "max_adverse_pct": -14.684592193283253,
    "outcome_tracked": true
  },
  {
    "symbol": "T",
    "timeframe": "historical_1w",
    "timestamp": "2025-09-28",
    "congress_score": 50,
    "insider_score": 50,
    "short_interest_pct": 0,
    "combined_score": 50.0,
    "price": 28.309999465942383,
    "price_change_24h": -2.1092690482099514,
    "rsi": 50,
    "position_pct": 83.74688399394003,
    "ta_score": 50,
    "signal_direction": "WAIT",
    "signal_name": "historical_import",
    "confidence": "MEDIUM",
    "hit_tp1": false,
    "hit_sl": true,
    "candles_to_result": 1,
    "max_favorable_pct": -4.415401001698288,
    "max_adverse_pct": -12.575060166373895,
    "outcome_tracked": true
  },
  {
    "symbol": "T",
    "timeframe": "historical_1w",
    "timestamp": "2025-10-05",
    "congress_score": 50,
    "insider_score": 50,
    "short_interest_pct": 0,
    "combined_score": 50.0,
    "price": 27.059999465942383,
    "price_change_24h": -3.598148342937347,
    "rsi": 50,
    "position_pct": 68.23820177284003,
    "ta_score": 50,
    "signal_direction": "WAIT",
    "signal_name": "historical_import",
    "confidence": "MEDIUM",
    "hit_tp1": false,
    "hit_sl": true,
    "candles_to_result": 1,
    "max_favorable_pct": -2.6607513952861703,
    "max_adverse_pct": -9.164817410132054,
    "outcome_tracked": true
  },
  {
    "symbol": "T",
    "timeframe": "historical_1w",
    "timestamp": "2025-10-12",
    "congress_score": 50,
    "insider_score": 50,
    "short_interest_pct": 0,
    "combined_score": 50.0,
    "price": 25.8700008392334,
    "price_change_24h": 0.0,
    "rsi": 50,
    "position_pct": 53.473953336699985,
    "ta_score": 50,
    "signal_direction": "WAIT",
    "signal_name": "historical_import",
    "confidence": "MEDIUM",
    "hit_tp1": false,
    "hit_sl": true,
    "candles_to_result": 2,
    "max_favorable_pct": 1.8167734754832718,
    "max_adverse_pct": -6.648632257076083,
    "outcome_tracked": true
  },
  {
    "symbol": "T",
    "timeframe": "historical_1w",
    "timestamp": "2025-10-19",
    "congress_score": 50,
    "insider_score": 50,
    "short_interest_pct": 0,
    "combined_score": 50.0,
    "price": 26.34000015258789,
    "price_change_24h": 2.930832338913266,
    "rsi": 50,
    "position_pct": 59.305209332660006,
    "ta_score": 50,
    "signal_direction": "WAIT",
    "signal_name": "historical_import",
    "confidence": "MEDIUM",
    "hit_tp1": false,
    "hit_sl": true,
    "candles_to_result": 1,
    "max_favorable_pct": -1.214881142636512,
    "max_adverse_pct": -8.31435277665498,
    "outcome_tracked": true
  },
  {
    "symbol": "T",
    "timeframe": "historical_1w",
    "timestamp": "2025-10-26",
    "congress_score": 50,
    "insider_score": 50,
    "short_interest_pct": 0,
    "combined_score": 50.0,
    "price": 25.139999389648438,
    "price_change_24h": -3.678164665862852,
    "rsi": 50,
    "position_pct": 44.41686493465557,
    "ta_score": 50,
    "signal_direction": "WAIT",
    "signal_name": "historical_import",
    "confidence": "MEDIUM",
    "hit_tp1": false,
    "hit_sl": false,
    "candles_to_result": 0,
    "max_favorable_pct": 0,
    "max_adverse_pct": 0,
    "outcome_tracked": false
  },
  {
    "symbol": "T",
    "timeframe": "historical_1w",
    "timestamp": "2025-11-02",
    "congress_score": 66.66666666666666,
    "insider_score": 50,
    "short_interest_pct": 0,
    "combined_score": 54.166666666666664,
    "price": 24.75,
    "price_change_24h": -3.0552317495765617,
    "rsi": 50,
    "position_pct": 39.57816365427111,
    "ta_score": 50,
    "signal_direction": "WAIT",
    "signal_name": "historical_import",
    "confidence": "MEDIUM",
    "hit_tp1": false,
    "hit_sl": false,
    "candles_to_result": 0,
    "max_favorable_pct": 0,
    "max_adverse_pct": 0,
    "outcome_tracked": false
  },
  {
    "symbol": "T",
    "timeframe": "historical_1w",
    "timestamp": "2025-11-09",
    "congress_score": 66.66666666666666,
    "insider_score": 50,
    "short_interest_pct": 0,
    "combined_score": 54.166666666666664,
    "price": 24.829999923706055,
    "price_change_24h": 1.2229891099182515,
    "rsi": 50,
    "position_pct": 40.570718369846674,
    "ta_score": 50,
    "signal_direction": "WAIT",
    "signal_name": "historical_import",
    "confidence": "MEDIUM",
    "hit_tp1": false,
    "hit_sl": false,
    "candles_to_result": 0,
    "max_favorable_pct": 0,
    "max_adverse_pct": 0,
    "outcome_tracked": false
  },
  {
    "symbol": "T",
    "timeframe": "historical_1w",
    "timestamp": "2025-11-16",
    "congress_score": 66.66666666666666,
    "insider_score": 50,
    "short_interest_pct": 0,
    "combined_score": 54.166666666666664,
    "price": 25.59000015258789,
    "price_change_24h": 3.060814463218091,
    "rsi": 50,
    "position_pct": 50.0,
    "ta_score": 50,
    "signal_direction": "WAIT",
    "signal_name": "historical_import",
    "confidence": "MEDIUM",
    "hit_tp1": false,
    "hit_sl": false,
    "candles_to_result": 0,
    "max_favorable_pct": 0,
    "max_adverse_pct": 0,
    "outcome_tracked": false
  },
  {
    "symbol": "T",
    "timeframe": "historical_1w",
    "timestamp": "2025-11-23",
    "congress_score": 66.66666666666666,
    "insider_score": 50,
    "short_interest_pct": 0,
    "combined_score": 54.166666666666664,
    "price": 25.93000030517578,
    "price_change_24h": 1.8060502717803382,
    "rsi": 50,
    "position_pct": 54.21836345728889,
    "ta_score": 50,
    "signal_direction": "WAIT",
    "signal_name": "historical_import",
    "confidence": "MEDIUM",
    "hit_tp1": false,
    "hit_sl": false,
    "candles_to_result": 0,
    "max_favorable_pct": 0,
    "max_adverse_pct": 0,
    "outcome_tracked": false
  },
  {
    "symbol": "T",
    "timeframe": "historical_1w",
    "timestamp": "2025-11-30",
    "congress_score": 50,
    "insider_score": 50,
    "short_interest_pct": 0,
    "combined_score": 50.0,
    "price": 26.020000457763672,
    "price_change_24h": 1.5612787097092156,
    "rsi": 50,
    "position_pct": 55.334990470357766,
    "ta_score": 50,
    "signal_direction": "WAIT",
    "signal_name": "historical_import",
    "confidence": "MEDIUM",
    "hit_tp1": false,
    "hit_sl": false,
    "candles_to_result": 0,
    "max_favorable_pct": 0,
    "max_adverse_pct": 0,
    "outcome_tracked": false
  },
  {
    "symbol": "T",
    "timeframe": "historical_1w",
    "timestamp": "2025-12-07",
    "congress_score": 50,
    "insider_score": 50,
    "short_interest_pct": 0,
    "combined_score": 50.0,
    "price": 25.280000686645508,
    "price_change_24h": -1.9775114803302736,
    "rsi": 50,
    "position_pct": 46.153853435191095,
    "ta_score": 50,
    "signal_direction": "WAIT",
    "signal_name": "historical_import",
    "confidence": "MEDIUM",
    "hit_tp1": false,
    "hit_sl": false,
    "candles_to_result": 0,
    "max_favorable_pct": 0,
    "max_adverse_pct": 0,
    "outcome_tracked": false
  },
  {
    "symbol": "T",
    "timeframe": "historical_1w",
    "timestamp": "2025-12-14",
    "congress_score": 0.0,
    "insider_score": 50,
    "short_interest_pct": 0,
    "combined_score": 37.5,
    "price": 24.579999923706055,
    "price_change_24h": -1.046699787780591,
    "rsi": 50,
    "position_pct": 37.468981925626665,
    "ta_score": 50,
    "signal_direction": "WAIT",
    "signal_name": "historical_import",
    "confidence": "MEDIUM",
    "hit_tp1": false,
    "hit_sl": false,
    "candles_to_result": 0,
    "max_favorable_pct": 0,
    "max_adverse_pct": 0,
    "outcome_tracked": false
  },
  {
    "symbol": "T",
    "timeframe": "historical_1w",
    "timestamp": "2025-12-21",
    "congress_score": 0.0,
    "insider_score": 50,
    "short_interest_pct": 0,
    "combined_score": 37.5,
    "price": 24.149999618530273,
    "price_change_24h": -0.6581647508312973,
    "rsi": 50,
    "position_pct": 32.1339914552689,
    "ta_score": 50,
    "signal_direction": "WAIT",
    "signal_name": "historical_import",
    "confidence": "MEDIUM",
    "hit_tp1": false,
    "hit_sl": false,
    "candles_to_result": 0,
    "max_favorable_pct": 0,
    "max_adverse_pct": 0,
    "outcome_tracked": false
  },
  {
    "symbol": "T",
    "timeframe": "historical_1w",
    "timestamp": "2025-12-28",
    "congress_score": 0.0,
    "insider_score": 50,
    "short_interest_pct": 0,
    "combined_score": 37.5,
    "price": 24.665000915527344,
    "price_change_24h": 1.5020645675993418,
    "rsi": 50,
    "position_pct": 38.52358462213442,
    "ta_score": 50,
    "signal_direction": "WAIT",
    "signal_name": "historical_import",
    "confidence": "MEDIUM",
    "hit_tp1": false,
    "hit_sl": false,
    "candles_to_result": 0,
    "max_favorable_pct": 0,
    "max_adverse_pct": 0,
    "outcome_tracked": false
  }
]