[
  {
    "symbol": "TLT",
    "timeframe": "historical_1w",
    "timestamp": "2025-06-29",
    "congress_score": 50,
    "insider_score": 50,
    "short_interest_pct": 0,
    "combined_score": 50.0,
    "price": 87.38999938964844,
    "price_change_24h": 0.7145358655854855,
    "rsi": 50,
    "position_pct": 38.51350480574679,
    "ta_score": 50,
    "signal_direction": "WAIT",
    "signal_name": "historical_import",
    "confidence": "MEDIUM",
    "hit_tp1": false,
    "hit_sl": true,
    "candles_to_result": 3,
    "max_favorable_pct": 1.3388238667088281,
    "max_adverse_pct": -2.460237488150823,
    "outcome_tracked": true
  },
  {
    "symbol": "TLT",
    "timeframe": "historical_1w",
    "timestamp": "2025-07-06",
    "congress_score": 50,
    "insider_score": 50,
    "short_interest_pct": 0,
    "combined_score": 50.0,
    "price": 86.97000122070312,
    "price_change_24h": -1.4504235459454675,
    "rsi": 50,
    "position_pct": 33.78379423310385,
    "ta_score": 50,
    "signal_direction": "WAIT",
    "signal_name": "historical_import",
    "confidence": "MEDIUM",
    "hit_tp1": true,
    "hit_sl": false,
    "candles_to_result": 10,
    "max_favorable_pct": 3.426463936658745,
    "max_adverse_pct": -1.989195507245512,
    "outcome_tracked": true
  },
  {
    "symbol": "TLT",
    "timeframe": "historical_1w",
    "timestamp": "2025-07-13",
    "congress_score": 50,
    "insider_score": 50,
    "short_interest_pct": 0,
    "combined_score": 50.0,
    "price": 85.79000091552734,
    "price_change_24h": -0.406313532158155,
    "rsi": 50,
    "position_pct": 20.495498398084404,
    "ta_score": 50,
    "signal_direction": "WAIT",
    "signal_name": "historical_import",
    "confidence": "MEDIUM",
    "hit_tp1": true,
    "hit_sl": false,
    "candles_to_result": 8,
    "max_favorable_pct": 4.849045329666054,
    "max_adverse_pct": -0.6411039117476756,
    "outcome_tracked": true
  },
  {
    "symbol": "TLT",
    "timeframe": "historical_1w",
    "timestamp": "2025-07-20",
    "congress_score": 50,
    "insider_score": 50,
    "short_interest_pct": 0,
    "combined_score": 50.0,
    "price": 85.23999786376953,
    "price_change_24h": -0.43219570604382435,
    "rsi": 50,
    "position_pct": 14.301768422029367,
    "ta_score": 50,
    "signal_direction": "WAIT",
    "signal_name": "historical_import",
    "confidence": "MEDIUM",
    "hit_tp1": true,
    "hit_sl": false,
    "candles_to_result": 2,
    "max_favorable_pct": 5.525573911909491,
    "max_adverse_pct": 1.3608677747309328,
    "outcome_tracked": true
  },
  {
    "symbol": "TLT",
    "timeframe": "historical_1w",
    "timestamp": "2025-07-27",
    "congress_score": 50,
    "insider_score": 50,
    "short_interest_pct": 0,
    "combined_score": 50.0,
    "price": 86.43000030517578,
    "price_change_24h": 0.5000003548555596,
    "rsi": 50,
    "position_pct": 27.702700961149358,
    "ta_score": 50,
    "signal_direction": "WAIT",
    "signal_name": "historical_import",
    "confidence": "MEDIUM",
    "hit_tp1": true,
    "hit_sl": false,
    "candles_to_result": 7,
    "max_favorable_pct": 4.0726560576624395,
    "max_adverse_pct": -0.03470875759684401,
    "outcome_tracked": true
  },
  {
    "symbol": "TLT",
    "timeframe": "historical_1w",
    "timestamp": "2025-08-03",
    "congress_score": 100.0,
    "insider_score": 50,
    "short_interest_pct": 0,
    "combined_score": 62.5,
    "price": 87.81999969482422,
    "price_change_24h": 2.270870951287823,
    "rsi": 50,
    "position_pct": 43.35585208249027,
    "ta_score": 50,
    "signal_direction": "WAIT",
    "signal_name": "historical_import",
    "confidence": "MEDIUM",
    "hit_tp1": true,
    "hit_sl": false,
    "candles_to_result": 10,
    "max_favorable_pct": 3.1883432720198863,
    "max_adverse_pct": -1.6169416691867764,
    "outcome_tracked": true
  },
  {
    "symbol": "TLT",
    "timeframe": "historical_1w",
    "timestamp": "2025-08-10",
    "congress_score": 100.0,
    "insider_score": 50,
    "short_interest_pct": 0,
    "combined_score": 62.5,
    "price": 87.29000091552734,
    "price_change_24h": -0.8744000277243505,
    "rsi": 50,
    "position_pct": 37.38739551463633,
    "ta_score": 50,
    "signal_direction": "WAIT",
    "signal_name": "historical_import",
    "confidence": "MEDIUM",
    "hit_tp1": true,
    "hit_sl": false,
    "candles_to_result": 5,
    "max_favorable_pct": 4.47931720896491,
    "max_adverse_pct": -1.0195891629210907,
    "outcome_tracked": true
  },
  {
    "symbol": "TLT",
    "timeframe": "historical_1w",
    "timestamp": "2025-08-17",
    "congress_score": 100.0,
    "insider_score": 50,
    "short_interest_pct": 0,
    "combined_score": 62.5,
    "price": 86.4000015258789,
    "price_change_24h": -1.1328502925779846,
    "rsi": 50,
    "position_pct": 27.364876765479384,
    "ta_score": 50,
    "signal_direction": "WAIT",
    "signal_name": "historical_import",
    "confidence": "MEDIUM",
    "hit_tp1": true,
    "hit_sl": false,
    "candles_to_result": 4,
    "max_favorable_pct": 5.868055098709264,
    "max_adverse_pct": 0.23147794526633605,
    "outcome_tracked": true
  },
  {
    "symbol": "TLT",
    "timeframe": "historical_1w",
    "timestamp": "2025-08-24",
    "congress_score": 100.0,
    "insider_score": 50,
    "short_interest_pct": 0,
    "combined_score": 62.5,
    "price": 87.05000305175781,
    "price_change_24h": 1.0446912477518082,
    "rsi": 50,
    "position_pct": 34.684716032644886,
    "ta_score": 50,
    "signal_direction": "WAIT",
    "signal_name": "historical_import",
    "confidence": "MEDIUM",
    "hit_tp1": true,
    "hit_sl": false,
    "candles_to_result": 3,
    "max_favorable_pct": 5.077539361276402,
    "max_adverse_pct": -0.5169495253999669,
    "outcome_tracked": true
  },
  {
    "symbol": "TLT",
    "timeframe": "historical_1w",
    "timestamp": "2025-08-31",
    "congress_score": 100.0,
    "insider_score": 50,
    "short_interest_pct": 0,
    "combined_score": 62.5,
    "price": 86.5999984741211,
    "price_change_24h": -0.23042001221757835,
    "rsi": 50,
    "position_pct": 29.61709534770031,
    "ta_score": 50,
    "signal_direction": "WAIT",
    "signal_name": "historical_import",
    "confidence": "MEDIUM",
    "hit_tp1": true,
    "hit_sl": false,
    "candles_to_result": 2,
    "max_favorable_pct": 5.623559852645202,
    "max_adverse_pct": 2.263278428415178,
    "outcome_tracked": true
  },
  {
    "symbol": "TLT",
    "timeframe": "historical_1w",
    "timestamp": "2025-09-07",
    "congress_score": 50,
    "insider_score": 50,
    "short_interest_pct": 0,
    "combined_score": 50.0,
    "price": 88.55999755859375,
    "price_change_24h": 3.4216984691761496,
    "rsi": 50,
    "position_pct": 51.68916393666569,
    "ta_score": 50,
    "signal_direction": "WAIT",
    "signal_name": "historical_import",
    "confidence": "MEDIUM",
    "hit_tp1": true,
    "hit_sl": false,
    "candles_to_result": 7,
    "max_favorable_pct": 3.2859120848372156,
    "max_adverse_pct": 0.3500510349304981,
    "outcome_tracked": true
  },
  {
    "symbol": "TLT",
    "timeframe": "historical_1w",
    "timestamp": "2025-09-14",
    "congress_score": 50,
    "insider_score": 50,
    "short_interest_pct": 0,
    "combined_score": 50.0,
    "price": 89.94999694824219,
    "price_change_24h": 0.23400834574505663,
    "rsi": 50,
    "position_pct": 67.34231505800662,
    "ta_score": 50,
    "signal_direction": "WAIT",
    "signal_name": "historical_import",
    "confidence": "MEDIUM",
    "hit_tp1": false,
    "hit_sl": false,
    "candles_to_result": 0,
    "max_favorable_pct": 1.6898324891945888,
    "max_adverse_pct": -1.2006606317970105,
    "outcome_tracked": true
  },
  {
    "symbol": "TLT",
    "timeframe": "historical_1w",
    "timestamp": "2025-09-21",
    "congress_score": 0.0,
    "insider_score": 50,
    "short_interest_pct": 0,
    "combined_score": 37.5,
    "price": 89.0199966430664,
    "price_change_24h": -1.2644265447407783,
    "rsi": 50,
    "position_pct": 56.869335409079156,
    "ta_score": 50,
    "signal_direction": "WAIT",
    "signal_name": "historical_import",
    "confidence": "MEDIUM",
    "hit_tp1": false,
    "hit_sl": true,
    "candles_to_result": 4,
    "max_favorable_pct": 2.7521957650259528,
    "max_adverse_pct": -0.16849461035792762,
    "outcome_tracked": true
  },
  {
    "symbol": "TLT",
    "timeframe": "historical_1w",
    "timestamp": "2025-09-28",
    "congress_score": 0.0,
    "insider_score": 50,
    "short_interest_pct": 0,
    "combined_score": 37.5,
    "price": 88.9000015258789,
    "price_change_24h": 0.22548431174515654,
    "rsi": 50,
    "position_pct": 55.51803862639926,
    "ta_score": 50,
    "signal_direction": "WAIT",
    "signal_name": "historical_import",
    "confidence": "MEDIUM",
    "hit_tp1": false,
    "hit_sl": true,
    "candles_to_result": 3,
    "max_favorable_pct": 2.890888246021108,
    "max_adverse_pct": -0.8211511185644792,
    "outcome_tracked": true
  },
  {
    "symbol": "TLT",
    "timeframe": "historical_1w",
    "timestamp": "2025-10-05",
    "congress_score": 0.0,
    "insider_score": 50,
    "short_interest_pct": 0,
    "combined_score": 37.5,
    "price": 89.37999725341797,
    "price_change_24h": -0.2789244758015057,
    "rsi": 50,
    "position_pct": 60.923397590382145,
    "ta_score": 50,
    "signal_direction": "WAIT",
    "signal_name": "historical_import",
    "confidence": "MEDIUM",
    "hit_tp1": false,
    "hit_sl": true,
    "candles_to_result": 2,
    "max_favorable_pct": 2.3383352332842375,
    "max_adverse_pct": -2.2823908908201855,
    "outcome_tracked": true
  },
  {
    "symbol": "TLT",
    "timeframe": "historical_1w",
    "timestamp": "2025-10-12",
    "congress_score": 0.0,
    "insider_score": 50,
    "short_interest_pct": 0,
    "combined_score": 37.5,
    "price": 90.62000274658203,
    "price_change_24h": 2.199170652875534,
    "rsi": 50,
    "position_pct": 74.8874277333732,
    "ta_score": 50,
    "signal_direction": "WAIT",
    "signal_name": "historical_import",
    "confidence": "MEDIUM",
    "hit_tp1": true,
    "hit_sl": false,
    "candles_to_result": 9,
    "max_favorable_pct": 0.9379810730067029,
    "max_adverse_pct": -3.6195170042798526,
    "outcome_tracked": true
  },
  {
    "symbol": "TLT",
    "timeframe": "historical_1w",
    "timestamp": "2025-10-19",
    "congress_score": 50,
    "insider_score": 50,
    "short_interest_pct": 0,
    "combined_score": 50.0,
    "price": 91.19999694824219,
    "price_change_24h": 0.6955915375298064,
    "rsi": 50,
    "position_pct": 81.41889598846656,
    "ta_score": 50,
    "signal_direction": "WAIT",
    "signal_name": "historical_import",
    "confidence": "MEDIUM",
    "hit_tp1": false,
    "hit_sl": true,
    "candles_to_result": 4,
    "max_favorable_pct": 0.29605732620163383,
    "max_adverse_pct": -4.232456951223573,
    "outcome_tracked": true
  },
  {
    "symbol": "TLT",
    "timeframe": "historical_1w",
    "timestamp": "2025-10-26",
    "congress_score": 50,
    "insider_score": 50,
    "short_interest_pct": 0,
    "combined_score": 50.0,
    "price": 91.47000122070312,
    "price_change_24h": -0.08738594034722036,
    "rsi": 50,
    "position_pct": 84.45948558275963,
    "ta_score": 50,
    "signal_direction": "WAIT",
    "signal_name": "historical_import",
    "confidence": "MEDIUM",
    "hit_tp1": false,
    "hit_sl": false,
    "candles_to_result": 0,
    "max_favorable_pct": 0,
    "max_adverse_pct": 0,
    "outcome_tracked": false
  },
  {
    "symbol": "TLT",
    "timeframe": "historical_1w",
    "timestamp": "2025-11-02",
    "congress_score": 50,
    "insider_score": 50,
    "short_interest_pct": 0,
    "combined_score": 50.0,
    "price": 90.29000091552734,
    "price_change_24h": -1.6234450681923904,
    "rsi": 50,
    "position_pct": 71.17118974774019,
    "ta_score": 50,
    "signal_direction": "WAIT",
    "signal_name": "historical_import",
    "confidence": "MEDIUM",
    "hit_tp1": false,
    "hit_sl": false,
    "candles_to_result": 0,
    "max_favorable_pct": 0,
    "max_adverse_pct": 0,
    "outcome_tracked": false
  },
  {
    "symbol": "TLT",
    "timeframe": "historical_1w",
    "timestamp": "2025-11-09",
    "congress_score": 50,
    "insider_score": 50,
    "short_interest_pct": 0,
    "combined_score": 50.0,
    "price": 89.56999969482422,
    "price_change_24h": -0.1894341129842453,
    "rsi": 50,
    "position_pct": 63.06306538513419,
    "ta_score": 50,
    "signal_direction": "WAIT",
    "signal_name": "historical_import",
    "confidence": "MEDIUM",
    "hit_tp1": false,
    "hit_sl": false,
    "candles_to_result": 0,
    "max_favorable_pct": 0,
    "max_adverse_pct": 0,
    "outcome_tracked": false
  },
  {
    "symbol": "TLT",
    "timeframe": "historical_1w",
    "timestamp": "2025-11-16",
    "congress_score": 50,
    "insider_score": 50,
    "short_interest_pct": 0,
    "combined_score": 50.0,
    "price": 88.87000274658203,
    "price_change_24h": -0.7593526320515667,
    "rsi": 50,
    "position_pct": 55.18021443072929,
    "ta_score": 50,
    "signal_direction": "WAIT",
    "signal_name": "historical_import",
    "confidence": "MEDIUM",
    "hit_tp1": false,
    "hit_sl": false,
    "candles_to_result": 0,
    "max_favorable_pct": 0,
    "max_adverse_pct": 0,
    "outcome_tracked": false
  },
  {
    "symbol": "TLT",
    "timeframe": "historical_1w",
    "timestamp": "2025-11-23",
    "congress_score": 50,
    "insider_score": 50,
    "short_interest_pct": 0,
    "combined_score": 50.0,
    "price": 89.5,
    "price_change_24h": 0.46021290713085083,
    "rsi": 50,
    "position_pct": 62.2747802896937,
    "ta_score": 50,
    "signal_direction": "WAIT",
    "signal_name": "historical_import",
    "confidence": "MEDIUM",
    "hit_tp1": false,
    "hit_sl": false,
    "candles_to_result": 0,
    "max_favorable_pct": 0,
    "max_adverse_pct": 0,
    "outcome_tracked": false
  },
  {
    "symbol": "TLT",
    "timeframe": "historical_1w",
    "timestamp": "2025-11-30",
    "congress_score": 50,
    "insider_score": 50,
    "short_interest_pct": 0,
    "combined_score": 50.0,
    "price": 90.20999908447266,
    "price_change_24h": 0.22219413786869086,
    "rsi": 50,
    "position_pct": 70.27026794819915,
    "ta_score": 50,
    "signal_direction": "WAIT",
    "signal_name": "historical_import",
    "confidence": "MEDIUM",
    "hit_tp1": false,
    "hit_sl": false,
    "candles_to_result": 0,
    "max_favorable_pct": 0,
    "max_adverse_pct": 0,
    "outcome_tracked": false
  },
  {
    "symbol": "TLT",
    "timeframe": "historical_1w",
    "timestamp": "2025-12-07",
    "congress_score": 50,
    "insider_score": 50,
    "short_interest_pct": 0,
    "combined_score": 50.0,
    "price": 88.16999816894531,
    "price_change_24h": -0.6759023282760911,
    "rsi": 50,
    "position_pct": 47.29727755969273,
    "ta_score": 50,
    "signal_direction": "WAIT",
    "signal_name": "historical_import",
    "confidence": "MEDIUM",
    "hit_tp1": false,
    "hit_sl": false,
    "candles_to_result": 0,
    "max_favorable_pct": 0,
    "max_adverse_pct": 0,
    "outcome_tracked": false
  },
  {
    "symbol": "TLT",
    "timeframe": "historical_1w",
    "timestamp": "2025-12-14",
    "congress_score": 50,
    "insider_score": 50,
    "short_interest_pct": 0,
    "combined_score": 50.0,
    "price": 87.33999633789062,
    "price_change_24h": -0.6144753441106203,
    "rsi": 50,
    "position_pct": 37.95040720187573,
    "ta_score": 50,
    "signal_direction": "WAIT",
    "signal_name": "historical_import",
    "confidence": "MEDIUM",
    "hit_tp1": false,
    "hit_sl": false,
    "candles_to_result": 0,
    "max_favorable_pct": 0,
    "max_adverse_pct": 0,
    "outcome_tracked": false
  },
  {
    "symbol": "TLT",
    "timeframe": "historical_1w",
    "timestamp": "2025-12-21",
    "congress_score": 50,
    "insider_score": 50,
    "short_interest_pct": 0,
    "combined_score": 50.0,
    "price": 87.55000305175781,
    "price_change_24h": 0.17162645681932992,
    "rsi": 50,
    "position_pct": 40.31534840482886,
    "ta_score": 50,
    "signal_direction": "WAIT",
    "signal_name": "historical_import",
    "confidence": "MEDIUM",
    "hit_tp1": false,
    "hit_sl": false,
    "candles_to_result": 0,
    "max_favorable_pct": 0,
    "max_adverse_pct": 0,
    "outcome_tracked": false
  },
  {
    "symbol": "TLT",
    "timeframe": "historical_1w",
    "timestamp": "2025-12-28",
    "congress_score": 50,
    "insider_score": 50,
    "short_interest_pct": 0,
    "combined_score": 50.0,
    "price": 87.63500213623047,
    "price_change_24h": 0.3147911217463069,
    "rsi": 50,
    "position_pct": 41.27254559810434,
    "ta_score": 50,
    "signal_direction": "WAIT",
    "signal_name": "historical_import",
    "confidence": "MEDIUM",
    "hit_tp1": false,
    "hit_sl": false,
    "candles_to_result": 0,
    "max_favorable_pct": 0,
    "max_adverse_pct": 0,
    "outcome_tracked": false
  }
]