[
  {
    "symbol": "TMO",
    "timeframe": "historical_1w",
    "timestamp": "2025-06-29",
    "congress_score": 80.0,
    "insider_score": 50,
    "short_interest_pct": 0,
    "combined_score": 57.5,
    "price": 408.2799987792969,
    "price_change_24h": 2.0164432414288123,
    "rsi": 50,
    "position_pct": 8.324090280612879,
    "ta_score": 50,
    "signal_direction": "WAIT",
    "signal_name": "historical_import",
    "confidence": "MEDIUM",
    "hit_tp1": true,
    "hit_sl": false,
    "candles_to_result": 1,
    "max_favorable_pct": 22.462523691897438,
    "max_adverse_pct": 1.5846970804466474,
    "outcome_tracked": true
  },
  {
    "symbol": "TMO",
    "timeframe": "historical_1w",
    "timestamp": "2025-07-06",
    "congress_score": 85.71428571428571,
    "insider_score": 50,
    "short_interest_pct": 0,
    "combined_score": 58.92857142857143,
    "price": 429.3299865722656,
    "price_change_24h": 5.887139451546137,
    "rsi": 50,
    "position_pct": 18.047847529384168,
    "ta_score": 50,
    "signal_direction": "WAIT",
    "signal_name": "historical_import",
    "confidence": "MEDIUM",
    "hit_tp1": false,
    "hit_sl": true,
    "candles_to_result": 2,
    "max_favorable_pct": 16.45820368296491,
    "max_adverse_pct": -3.395986077905018,
    "outcome_tracked": true
  },
  {
    "symbol": "TMO",
    "timeframe": "historical_1w",
    "timestamp": "2025-07-13",
    "congress_score": 100.0,
    "insider_score": 50,
    "short_interest_pct": 0,
    "combined_score": 62.5,
    "price": 434.8599853515625,
    "price_change_24h": 3.8595587946963703,
    "rsi": 50,
    "position_pct": 20.6023556956001,
    "ta_score": 50,
    "signal_direction": "WAIT",
    "signal_name": "historical_import",
    "confidence": "MEDIUM",
    "hit_tp1": false,
    "hit_sl": true,
    "candles_to_result": 1,
    "max_favorable_pct": 14.977235679700021,
    "max_adverse_pct": -4.6244736303581915,
    "outcome_tracked": true
  },
  {
    "symbol": "TMO",
    "timeframe": "historical_1w",
    "timestamp": "2025-07-20",
    "congress_score": 100.0,
    "insider_score": 50,
    "short_interest_pct": 0,
    "combined_score": 62.5,
    "price": 414.75,
    "price_change_24h": -2.4897720480248275,
    "rsi": 50,
    "position_pct": 11.312819865073045,
    "ta_score": 50,
    "signal_direction": "WAIT",
    "signal_name": "historical_import",
    "confidence": "MEDIUM",
    "hit_tp1": true,
    "hit_sl": false,
    "candles_to_result": 1,
    "max_favorable_pct": 20.552137488698012,
    "max_adverse_pct": 11.08378570722197,
    "outcome_tracked": true
  },
  {
    "symbol": "TMO",
    "timeframe": "historical_1w",
    "timestamp": "2025-07-27",
    "congress_score": 75.0,
    "insider_score": 50,
    "short_interest_pct": 0,
    "combined_score": 56.25,
    "price": 478.32000732421875,
    "price_change_24h": 18.121204237763692,
    "rsi": 50,
    "position_pct": 40.67812523260351,
    "ta_score": 50,
    "signal_direction": "WAIT",
    "signal_name": "historical_import",
    "confidence": "MEDIUM",
    "hit_tp1": false,
    "hit_sl": true,
    "candles_to_result": 1,
    "max_favorable_pct": 4.530436230627444,
    "max_adverse_pct": -3.6795462941164083,
    "outcome_tracked": true
  },
  {
    "symbol": "TMO",
    "timeframe": "historical_1m",
    "timestamp": "2025-07-28",
    "congress_score": 77.77777777777779,
    "insider_score": 50,
    "short_interest_pct": 0,
    "combined_score": 56.94444444444444,
    "price": 0,
    "price_change_24h": 0,
    "rsi": 50,
    "position_pct": 50,
    "ta_score": 50,
    "signal_direction": "WAIT",
    "signal_name": "quiver_only_import",
    "confidence": "LOW",
    "hit_tp1": false,
    "hit_sl": false,
    "candles_to_result": 0,
    "max_favorable_pct": 0,
    "max_adverse_pct": 0,
    "outcome_tracked": false
  },
  {
    "symbol": "TMO",
    "timeframe": "historical_1w",
    "timestamp": "2025-08-03",
    "congress_score": 87.5,
    "insider_score": 50,
    "short_interest_pct": 0,
    "combined_score": 59.375,
    "price": 463.0400085449219,
    "price_change_24h": -4.519956964777103,
    "rsi": 50,
    "position_pct": 33.619736393963244,
    "ta_score": 50,
    "signal_direction": "WAIT",
    "signal_name": "historical_import",
    "confidence": "MEDIUM",
    "hit_tp1": true,
    "hit_sl": false,
    "candles_to_result": 2,
    "max_favorable_pct": 7.979868047594081,
    "max_adverse_pct": -0.5010382000270878,
    "outcome_tracked": true
  },
  {
    "symbol": "TMO",
    "timeframe": "historical_1w",
    "timestamp": "2025-08-10",
    "congress_score": 92.3076923076923,
    "insider_score": 50,
    "short_interest_pct": 0,
    "combined_score": 60.57692307692308,
    "price": 460.7200012207031,
    "price_change_24h": -1.2538324392228806,
    "rsi": 50,
    "position_pct": 32.548040378842046,
    "ta_score": 50,
    "signal_direction": "WAIT",
    "signal_name": "historical_import",
    "confidence": "MEDIUM",
    "hit_tp1": true,
    "hit_sl": false,
    "candles_to_result": 1,
    "max_favorable_pct": 17.928461079324176,
    "max_adverse_pct": 0.7640191448917931,
    "outcome_tracked": true
  },
  {
    "symbol": "TMO",
    "timeframe": "historical_1w",
    "timestamp": "2025-08-17",
    "congress_score": 92.3076923076923,
    "insider_score": 50,
    "short_interest_pct": 0,
    "combined_score": 60.57692307692308,
    "price": 489.010009765625,
    "price_change_24h": 5.757043680414921,
    "rsi": 50,
    "position_pct": 45.61622732327208,
    "ta_score": 50,
    "signal_direction": "WAIT",
    "signal_name": "historical_import",
    "confidence": "MEDIUM",
    "hit_tp1": false,
    "hit_sl": true,
    "candles_to_result": 6,
    "max_favorable_pct": 11.106111628394622,
    "max_adverse_pct": -5.065339980079731,
    "outcome_tracked": true
  },
  {
    "symbol": "TMO",
    "timeframe": "historical_1w",
    "timestamp": "2025-08-24",
    "congress_score": 73.33333333333333,
    "insider_score": 50,
    "short_interest_pct": 0,
    "combined_score": 55.83333333333333,
    "price": 499.989990234375,
    "price_change_24h": 2.5536328242292314,
    "rsi": 50,
    "position_pct": 50.688280842943854,
    "ta_score": 50,
    "signal_direction": "WAIT",
    "signal_name": "historical_import",
    "confidence": "MEDIUM",
    "hit_tp1": false,
    "hit_sl": true,
    "candles_to_result": 3,
    "max_favorable_pct": 8.666176910768234,
    "max_adverse_pct": -7.150143142514083,
    "outcome_tracked": true
  },
  {
    "symbol": "TMO",
    "timeframe": "historical_1m",
    "timestamp": "2025-08-28",
    "congress_score": 73.68421052631578,
    "insider_score": 50,
    "short_interest_pct": 0,
    "combined_score": 55.921052631578945,
    "price": 0,
    "price_change_24h": 0,
    "rsi": 50,
    "position_pct": 50,
    "ta_score": 50,
    "signal_direction": "WAIT",
    "signal_name": "quiver_only_import",
    "confidence": "LOW",
    "hit_tp1": false,
    "hit_sl": false,
    "candles_to_result": 0,
    "max_favorable_pct": 0,
    "max_adverse_pct": 0,
    "outcome_tracked": false
  },
  {
    "symbol": "TMO",
    "timeframe": "historical_1w",
    "timestamp": "2025-08-31",
    "congress_score": 55.55555555555556,
    "insider_score": 50,
    "short_interest_pct": 0,
    "combined_score": 51.388888888888886,
    "price": 492.7200012207031,
    "price_change_24h": 0.4014266369237137,
    "rsi": 50,
    "position_pct": 47.33000771397832,
    "ta_score": 50,
    "signal_direction": "WAIT",
    "signal_name": "historical_import",
    "confidence": "MEDIUM",
    "hit_tp1": false,
    "hit_sl": true,
    "candles_to_result": 2,
    "max_favorable_pct": 16.19175161991469,
    "max_adverse_pct": -5.780161332150007,
    "outcome_tracked": true
  },
  {
    "symbol": "TMO",
    "timeframe": "historical_1w",
    "timestamp": "2025-09-07",
    "congress_score": 0.0,
    "insider_score": 50,
    "short_interest_pct": 0,
    "combined_score": 37.5,
    "price": 492.6000061035156,
    "price_change_24h": 1.0399375088534655,
    "rsi": 50,
    "position_pct": 47.27457759202077,
    "ta_score": 50,
    "signal_direction": "WAIT",
    "signal_name": "historical_import",
    "confidence": "MEDIUM",
    "hit_tp1": true,
    "hit_sl": false,
    "candles_to_result": 3,
    "max_favorable_pct": 16.22005540123645,
    "max_adverse_pct": -5.757209808718722,
    "outcome_tracked": true
  },
  {
    "symbol": "TMO",
    "timeframe": "historical_1w",
    "timestamp": "2025-09-14",
    "congress_score": 20.0,
    "insider_score": 50,
    "short_interest_pct": 0,
    "combined_score": 42.5,
    "price": 479.4599914550781,
    "price_change_24h": -1.6794837575953663,
    "rsi": 50,
    "position_pct": 41.20472548838279,
    "ta_score": 50,
    "signal_direction": "WAIT",
    "signal_name": "historical_import",
    "confidence": "MEDIUM",
    "hit_tp1": true,
    "hit_sl": false,
    "candles_to_result": 2,
    "max_favorable_pct": 19.40516627102953,
    "max_adverse_pct": -3.174404849612802,
    "outcome_tracked": true
  },
  {
    "symbol": "TMO",
    "timeframe": "historical_1w",
    "timestamp": "2025-09-21",
    "congress_score": 100.0,
    "insider_score": 50,
    "short_interest_pct": 0,
    "combined_score": 62.5,
    "price": 479.5799865722656,
    "price_change_24h": 1.0791205179356544,
    "rsi": 50,
    "position_pct": 41.26015561034034,
    "ta_score": 50,
    "signal_direction": "WAIT",
    "signal_name": "historical_import",
    "confidence": "MEDIUM",
    "hit_tp1": false,
    "hit_sl": true,
    "candles_to_result": 1,
    "max_favorable_pct": 20.67017769213211,
    "max_adverse_pct": -3.198631462403428,
    "outcome_tracked": true
  },
  {
    "symbol": "TMO",
    "timeframe": "historical_1m",
    "timestamp": "2025-09-28",
    "congress_score": 70.58823529411765,
    "insider_score": 50,
    "short_interest_pct": 0,
    "combined_score": 55.14705882352941,
    "price": 0,
    "price_change_24h": 0,
    "rsi": 50,
    "position_pct": 50,
    "ta_score": 50,
    "signal_direction": "WAIT",
    "signal_name": "quiver_only_import",
    "confidence": "LOW",
    "hit_tp1": false,
    "hit_sl": false,
    "candles_to_result": 0,
    "max_favorable_pct": 0,
    "max_adverse_pct": 0,
    "outcome_tracked": false
  },
  {
    "symbol": "TMO",
    "timeframe": "historical_1w",
    "timestamp": "2025-09-28",
    "congress_score": 50.0,
    "insider_score": 50,
    "short_interest_pct": 0,
    "combined_score": 50.0,
    "price": 464.239990234375,
    "price_change_24h": -2.2632055876999875,
    "rsi": 50,
    "position_pct": 34.1740517107213,
    "ta_score": 50,
    "signal_direction": "WAIT",
    "signal_name": "historical_import",
    "confidence": "MEDIUM",
    "hit_tp1": true,
    "hit_sl": false,
    "candles_to_result": 1,
    "max_favorable_pct": 26.546612275292436,
    "max_adverse_pct": 13.044976484688359,
    "outcome_tracked": true
  },
  {
    "symbol": "TMO",
    "timeframe": "historical_1w",
    "timestamp": "2025-10-05",
    "congress_score": 66.66666666666666,
    "insider_score": 50,
    "short_interest_pct": 0,
    "combined_score": 54.166666666666664,
    "price": 543.3200073242188,
    "price_change_24h": 17.591549925571957,
    "rsi": 50,
    "position_pct": 70.70399638209905,
    "ta_score": 50,
    "signal_direction": "WAIT",
    "signal_name": "historical_import",
    "confidence": "MEDIUM",
    "hit_tp1": false,
    "hit_sl": true,
    "candles_to_result": 1,
    "max_favorable_pct": 8.744388044829362,
    "max_adverse_pct": -3.4086761543088975,
    "outcome_tracked": true
  },
  {
    "symbol": "TMO",
    "timeframe": "historical_1w",
    "timestamp": "2025-10-12",
    "congress_score": 66.66666666666666,
    "insider_score": 50,
    "short_interest_pct": 0,
    "combined_score": 54.166666666666664,
    "price": 524.7999877929688,
    "price_change_24h": -3.520548576947888,
    "rsi": 50,
    "position_pct": 62.148923764692086,
    "ta_score": 50,
    "signal_direction": "WAIT",
    "signal_name": "historical_import",
    "confidence": "MEDIUM",
    "hit_tp1": true,
    "hit_sl": false,
    "candles_to_result": 2,
    "max_favorable_pct": 12.58194185075392,
    "max_adverse_pct": 2.6905479126569216,
    "outcome_tracked": true
  },
  {
    "symbol": "TMO",
    "timeframe": "historical_1w",
    "timestamp": "2025-10-19",
    "congress_score": 50.0,
    "insider_score": 50,
    "short_interest_pct": 0,
    "combined_score": 50.0,
    "price": 538.9199829101562,
    "price_change_24h": 2.7336088591145327,
    "rsi": 50,
    "position_pct": 68.67146459577175,
    "ta_score": 50,
    "signal_direction": "WAIT",
    "signal_name": "historical_import",
    "confidence": "MEDIUM",
    "hit_tp1": true,
    "hit_sl": false,
    "candles_to_result": 1,
    "max_favorable_pct": 9.632234065505317,
    "max_adverse_pct": 5.282793854579987,
    "outcome_tracked": true
  },
  {
    "symbol": "TMO",
    "timeframe": "historical_1w",
    "timestamp": "2025-10-26",
    "congress_score": 100.0,
    "insider_score": 50,
    "short_interest_pct": 0,
    "combined_score": 62.5,
    "price": 572.5,
    "price_change_24h": 5.269927134684395,
    "rsi": 50,
    "position_pct": 84.18329946250263,
    "ta_score": 50,
    "signal_direction": "WAIT",
    "signal_name": "historical_import",
    "confidence": "MEDIUM",
    "hit_tp1": true,
    "hit_sl": false,
    "candles_to_result": 5,
    "max_favorable_pct": 3.201749710016376,
    "max_adverse_pct": -0.8925738605349345,
    "outcome_tracked": true
  },
  {
    "symbol": "TMO",
    "timeframe": "historical_1m",
    "timestamp": "2025-10-28",
    "congress_score": 66.66666666666666,
    "insider_score": 50,
    "short_interest_pct": 0,
    "combined_score": 54.166666666666664,
    "price": 0,
    "price_change_24h": 0,
    "rsi": 50,
    "position_pct": 50,
    "ta_score": 50,
    "signal_direction": "WAIT",
    "signal_name": "quiver_only_import",
    "confidence": "LOW",
    "hit_tp1": false,
    "hit_sl": false,
    "candles_to_result": 0,
    "max_favorable_pct": 0,
    "max_adverse_pct": 0,
    "outcome_tracked": false
  },
  {
    "symbol": "TMO",
    "timeframe": "historical_1w",
    "timestamp": "2025-11-02",
    "congress_score": 33.33333333333333,
    "insider_score": 50,
    "short_interest_pct": 0,
    "combined_score": 45.83333333333333,
    "price": 567.3900146484375,
    "price_change_24h": 0.6403180609403168,
    "rsi": 50,
    "position_pct": 81.8228108203207,
    "ta_score": 50,
    "signal_direction": "WAIT",
    "signal_name": "historical_import",
    "confidence": "MEDIUM",
    "hit_tp1": false,
    "hit_sl": false,
    "candles_to_result": 0,
    "max_favorable_pct": 0,
    "max_adverse_pct": 0,
    "outcome_tracked": false
  },
  {
    "symbol": "TMO",
    "timeframe": "historical_1w",
    "timestamp": "2025-11-09",
    "congress_score": 50.0,
    "insider_score": 50,
    "short_interest_pct": 0,
    "combined_score": 50.0,
    "price": 572.4099731445312,
    "price_change_24h": 1.3330208533900723,
    "rsi": 50,
    "position_pct": 84.14171277385188,
    "ta_score": 50,
    "signal_direction": "WAIT",
    "signal_name": "historical_import",
    "confidence": "MEDIUM",
    "hit_tp1": false,
    "hit_sl": false,
    "candles_to_result": 0,
    "max_favorable_pct": 0,
    "max_adverse_pct": 0,
    "outcome_tracked": false
  },
  {
    "symbol": "TMO",
    "timeframe": "historical_1w",
    "timestamp": "2025-11-16",
    "congress_score": 50.0,
    "insider_score": 50,
    "short_interest_pct": 0,
    "combined_score": 50.0,
    "price": 578.7100219726562,
    "price_change_24h": 0.4094814759590203,
    "rsi": 50,
    "position_pct": 87.05193514844896,
    "ta_score": 50,
    "signal_direction": "WAIT",
    "signal_name": "historical_import",
    "confidence": "MEDIUM",
    "hit_tp1": false,
    "hit_sl": false,
    "candles_to_result": 0,
    "max_favorable_pct": 0,
    "max_adverse_pct": 0,
    "outcome_tracked": false
  },
  {
    "symbol": "TMO",
    "timeframe": "historical_1w",
    "timestamp": "2025-11-23",
    "congress_score": 50.0,
    "insider_score": 50,
    "short_interest_pct": 0,
    "combined_score": 50.0,
    "price": 587.47998046875,
    "price_change_24h": 3.58276470244499,
    "rsi": 50,
    "position_pct": 91.10309889906642,
    "ta_score": 50,
    "signal_direction": "WAIT",
    "signal_name": "historical_import",
    "confidence": "MEDIUM",
    "hit_tp1": false,
    "hit_sl": false,
    "candles_to_result": 0,
    "max_favorable_pct": 0,
    "max_adverse_pct": 0,
    "outcome_tracked": false
  },
  {
    "symbol": "TMO",
    "timeframe": "historical_1m",
    "timestamp": "2025-11-28",
    "congress_score": 60.0,
    "insider_score": 50,
    "short_interest_pct": 0,
    "combined_score": 52.5,
    "price": 0,
    "price_change_24h": 0,
    "rsi": 50,
    "position_pct": 50,
    "ta_score": 50,
    "signal_direction": "WAIT",
    "signal_name": "quiver_only_import",
    "confidence": "LOW",
    "hit_tp1": false,
    "hit_sl": false,
    "candles_to_result": 0,
    "max_favorable_pct": 0,
    "max_adverse_pct": 0,
    "outcome_tracked": false
  },
  {
    "symbol": "TMO",
    "timeframe": "historical_1w",
    "timestamp": "2025-11-30",
    "congress_score": 50.0,
    "insider_score": 50,
    "short_interest_pct": 0,
    "combined_score": 50.0,
    "price": 590.8300170898438,
    "price_change_24h": 0.8121913263156841,
    "rsi": 50,
    "position_pct": 92.65060302108262,
    "ta_score": 50,
    "signal_direction": "WAIT",
    "signal_name": "historical_import",
    "confidence": "MEDIUM",
    "hit_tp1": false,
    "hit_sl": false,
    "candles_to_result": 0,
    "max_favorable_pct": 0,
    "max_adverse_pct": 0,
    "outcome_tracked": false
  },
  {
    "symbol": "TMO",
    "timeframe": "historical_1w",
    "timestamp": "2025-12-07",
    "congress_score": 100.0,
    "insider_score": 50,
    "short_interest_pct": 0,
    "combined_score": 62.5,
    "price": 572.77001953125,
    "price_change_24h": -2.115697576054819,
    "rsi": 50,
    "position_pct": 84.30803133408969,
    "ta_score": 50,
    "signal_direction": "WAIT",
    "signal_name": "historical_import",
    "confidence": "MEDIUM",
    "hit_tp1": false,
    "hit_sl": false,
    "candles_to_result": 0,
    "max_favorable_pct": 0,
    "max_adverse_pct": 0,
    "outcome_tracked": false
  },
  {
    "symbol": "TMO",
    "timeframe": "historical_1w",
    "timestamp": "2025-12-14",
    "congress_score": 50,
    "insider_score": 50,
    "short_interest_pct": 0,
    "combined_score": 50.0,
    "price": 572.280029296875,
    "price_change_24h": 0.7162857335900016,
    "rsi": 50,
    "position_pct": 84.08168697036885,
    "ta_score": 50,
    "signal_direction": "WAIT",
    "signal_name": "historical_import",
    "confidence": "MEDIUM",
    "hit_tp1": false,
    "hit_sl": false,
    "candles_to_result": 0,
    "max_favorable_pct": 0,
    "max_adverse_pct": 0,
    "outcome_tracked": false
  },
  {
    "symbol": "TMO",
    "timeframe": "historical_1w",
    "timestamp": "2025-12-21",
    "congress_score": 50,
    "insider_score": 50,
    "short_interest_pct": 0,
    "combined_score": 50.0,
    "price": 567.8300170898438,
    "price_change_24h": -1.402989430894912,
    "rsi": 50,
    "position_pct": 82.02606399895342,
    "ta_score": 50,
    "signal_direction": "WAIT",
    "signal_name": "historical_import",
    "confidence": "MEDIUM",
    "hit_tp1": false,
    "hit_sl": false,
    "candles_to_result": 0,
    "max_favorable_pct": 0,
    "max_adverse_pct": 0,
    "outcome_tracked": false
  },
  {
    "symbol": "TMO",
    "timeframe": "historical_1w",
    "timestamp": "2025-12-28",
    "congress_score": 50,
    "insider_score": 50,
    "short_interest_pct": 0,
    "combined_score": 50.0,
    "price": 577.9650268554688,
    "price_change_24h": 0.3934366163645248,
    "rsi": 50,
    "position_pct": 86.70779472697706,
    "ta_score": 50,
    "signal_direction": "WAIT",
    "signal_name": "historical_import",
    "confidence": "MEDIUM",
    "hit_tp1": false,
    "hit_sl": false,
    "candles_to_result": 0,
    "max_favorable_pct": 0,
    "max_adverse_pct": 0,
    "outcome_tracked": false
  }
]