[
  {
    "symbol": "TMUS",
    "timeframe": "historical_1w",
    "timestamp": "2025-06-29",
    "congress_score": 100.0,
    "insider_score": 50,
    "short_interest_pct": 0,
    "combined_score": 62.5,
    "price": 235.25,
    "price_change_24h": 3.64349476963954,
    "rsi": 50,
    "position_pct": 38.92410752923362,
    "ta_score": 50,
    "signal_direction": "WAIT",
    "signal_name": "historical_import",
    "confidence": "MEDIUM",
    "hit_tp1": false,
    "hit_sl": true,
    "candles_to_result": 2,
    "max_favorable_pct": 8.238046708953242,
    "max_adverse_pct": -3.4176379537227684,
    "outcome_tracked": true
  },
  {
    "symbol": "TMUS",
    "timeframe": "historical_1w",
    "timestamp": "2025-07-06",
    "congress_score": 100.0,
    "insider_score": 50,
    "short_interest_pct": 0,
    "combined_score": 62.5,
    "price": 240.75,
    "price_change_24h": 1.0450791364777865,
    "rsi": 50,
    "position_pct": 47.86283899852917,
    "ta_score": 50,
    "signal_direction": "WAIT",
    "signal_name": "historical_import",
    "confidence": "MEDIUM",
    "hit_tp1": false,
    "hit_sl": true,
    "candles_to_result": 1,
    "max_favorable_pct": 5.765318746754932,
    "max_adverse_pct": -5.624088592370846,
    "outcome_tracked": true
  },
  {
    "symbol": "TMUS",
    "timeframe": "historical_1w",
    "timestamp": "2025-07-13",
    "congress_score": 66.66666666666666,
    "insider_score": 50,
    "short_interest_pct": 0,
    "combined_score": 54.166666666666664,
    "price": 227.75999450683594,
    "price_change_24h": -4.153520251301585,
    "rsi": 50,
    "position_pct": 26.751171564335046,
    "ta_score": 50,
    "signal_direction": "WAIT",
    "signal_name": "historical_import",
    "confidence": "MEDIUM",
    "hit_tp1": true,
    "hit_sl": false,
    "candles_to_result": 2,
    "max_favorable_pct": 11.79751098701844,
    "max_adverse_pct": -0.24147690825143692,
    "outcome_tracked": true
  },
  {
    "symbol": "TMUS",
    "timeframe": "historical_1w",
    "timestamp": "2025-07-20",
    "congress_score": 50.0,
    "insider_score": 50,
    "short_interest_pct": 0,
    "combined_score": 50.0,
    "price": 227.2100067138672,
    "price_change_24h": -0.4120040358377901,
    "rsi": 50,
    "position_pct": 25.857318256564465,
    "ta_score": 50,
    "signal_direction": "WAIT",
    "signal_name": "historical_import",
    "confidence": "MEDIUM",
    "hit_tp1": true,
    "hit_sl": false,
    "candles_to_result": 1,
    "max_favorable_pct": 12.068129641612217,
    "max_adverse_pct": 4.396809092548337,
    "outcome_tracked": true
  },
  {
    "symbol": "TMUS",
    "timeframe": "historical_1w",
    "timestamp": "2025-07-27",
    "congress_score": 0.0,
    "insider_score": 50,
    "short_interest_pct": 0,
    "combined_score": 37.5,
    "price": 243.5500030517578,
    "price_change_24h": 4.6986536686427485,
    "rsi": 50,
    "position_pct": 52.41347088814211,
    "ta_score": 50,
    "signal_direction": "WAIT",
    "signal_name": "historical_import",
    "confidence": "MEDIUM",
    "hit_tp1": false,
    "hit_sl": true,
    "candles_to_result": 3,
    "max_favorable_pct": 4.549374540020034,
    "max_adverse_pct": -5.452678551794018,
    "outcome_tracked": true
  },
  {
    "symbol": "TMUS",
    "timeframe": "historical_1w",
    "timestamp": "2025-08-03",
    "congress_score": 0.0,
    "insider_score": 50,
    "short_interest_pct": 0,
    "combined_score": 37.5,
    "price": 237.1999969482422,
    "price_change_24h": -0.41563687938900784,
    "rsi": 50,
    "position_pct": 42.09328918128502,
    "ta_score": 50,
    "signal_direction": "WAIT",
    "signal_name": "historical_import",
    "confidence": "MEDIUM",
    "hit_tp1": false,
    "hit_sl": true,
    "candles_to_result": 1,
    "max_favorable_pct": 7.348232781964832,
    "max_adverse_pct": -3.5455327868087894,
    "outcome_tracked": true
  },
  {
    "symbol": "TMUS",
    "timeframe": "historical_1w",
    "timestamp": "2025-08-10",
    "congress_score": 0.0,
    "insider_score": 50,
    "short_interest_pct": 0,
    "combined_score": 37.5,
    "price": 244.97999572753906,
    "price_change_24h": 1.6472350986218212,
    "rsi": 50,
    "position_pct": 54.73752916666357,
    "ta_score": 50,
    "signal_direction": "WAIT",
    "signal_name": "historical_import",
    "confidence": "MEDIUM",
    "hit_tp1": false,
    "hit_sl": true,
    "candles_to_result": 1,
    "max_favorable_pct": 3.939100874997952,
    "max_adverse_pct": -6.608703863074758,
    "outcome_tracked": true
  },
  {
    "symbol": "TMUS",
    "timeframe": "historical_1w",
    "timestamp": "2025-08-17",
    "congress_score": 50,
    "insider_score": 50,
    "short_interest_pct": 0,
    "combined_score": 50.0,
    "price": 254.6300048828125,
    "price_change_24h": 2.3144653347675503,
    "rsi": 50,
    "position_pct": 70.42095471488773,
    "ta_score": 50,
    "signal_direction": "WAIT",
    "signal_name": "historical_import",
    "confidence": "MEDIUM",
    "hit_tp1": false,
    "hit_sl": true,
    "candles_to_result": 4,
    "max_favorable_pct": -0.7344029926234307,
    "max_adverse_pct": -14.475906178973494,
    "outcome_tracked": true
  },
  {
    "symbol": "TMUS",
    "timeframe": "historical_1w",
    "timestamp": "2025-08-24",
    "congress_score": 50,
    "insider_score": 50,
    "short_interest_pct": 0,
    "combined_score": 50.0,
    "price": 251.9499969482422,
    "price_change_24h": -1.2657715417536404,
    "rsi": 50,
    "position_pct": 66.06534175803219,
    "ta_score": 50,
    "signal_direction": "WAIT",
    "signal_name": "historical_import",
    "confidence": "MEDIUM",
    "hit_tp1": false,
    "hit_sl": true,
    "candles_to_result": 3,
    "max_favorable_pct": 0.3214913944849727,
    "max_adverse_pct": -16.630281565390074,
    "outcome_tracked": true
  },
  {
    "symbol": "TMUS",
    "timeframe": "historical_1w",
    "timestamp": "2025-08-31",
    "congress_score": 50,
    "insider_score": 50,
    "short_interest_pct": 0,
    "combined_score": 50.0,
    "price": 251.99000549316406,
    "price_change_24h": 0.0993088085106873,
    "rsi": 50,
    "position_pct": 66.1303646015838,
    "ta_score": 50,
    "signal_direction": "WAIT",
    "signal_name": "historical_import",
    "confidence": "MEDIUM",
    "hit_tp1": false,
    "hit_sl": true,
    "candles_to_result": 2,
    "max_favorable_pct": 0.3055633147691499,
    "max_adverse_pct": -17.8538848813131,
    "outcome_tracked": true
  },
  {
    "symbol": "TMUS",
    "timeframe": "historical_1w",
    "timestamp": "2025-09-07",
    "congress_score": 50.0,
    "insider_score": 50,
    "short_interest_pct": 0,
    "combined_score": 50.0,
    "price": 252.75999450683594,
    "price_change_24h": -1.2231837470312326,
    "rsi": 50,
    "position_pct": 67.3817691520421,
    "ta_score": 50,
    "signal_direction": "WAIT",
    "signal_name": "historical_import",
    "confidence": "MEDIUM",
    "hit_tp1": false,
    "hit_sl": true,
    "candles_to_result": 1,
    "max_favorable_pct": -4.36777715068127,
    "max_adverse_pct": -18.104128620559194,
    "outcome_tracked": true
  },
  {
    "symbol": "TMUS",
    "timeframe": "historical_1w",
    "timestamp": "2025-09-14",
    "congress_score": 50.0,
    "insider_score": 50,
    "short_interest_pct": 0,
    "combined_score": 50.0,
    "price": 241.72000122070312,
    "price_change_24h": -0.48579362100936174,
    "rsi": 50,
    "position_pct": 49.43930816884811,
    "ta_score": 50,
    "signal_direction": "WAIT",
    "signal_name": "historical_import",
    "confidence": "MEDIUM",
    "hit_tp1": false,
    "hit_sl": true,
    "candles_to_result": 3,
    "max_favorable_pct": -1.4686426583774803,
    "max_adverse_pct": -14.363727058317336,
    "outcome_tracked": true
  },
  {
    "symbol": "TMUS",
    "timeframe": "historical_1w",
    "timestamp": "2025-09-21",
    "congress_score": 50.0,
    "insider_score": 50,
    "short_interest_pct": 0,
    "combined_score": 50.0,
    "price": 238.1699981689453,
    "price_change_24h": -0.654879155854327,
    "rsi": 50,
    "position_pct": 43.66975835160396,
    "ta_score": 50,
    "signal_direction": "WAIT",
    "signal_name": "historical_import",
    "confidence": "MEDIUM",
    "hit_tp1": false,
    "hit_sl": true,
    "candles_to_result": 2,
    "max_favorable_pct": -0.29390643390174037,
    "max_adverse_pct": -13.087289922568226,
    "outcome_tracked": true
  },
  {
    "symbol": "TMUS",
    "timeframe": "historical_1w",
    "timestamp": "2025-09-28",
    "congress_score": 50.0,
    "insider_score": 50,
    "short_interest_pct": 0,
    "combined_score": 50.0,
    "price": 237.47000122070312,
    "price_change_24h": 0.012634256649436263,
    "rsi": 50,
    "position_pct": 42.532106578937906,
    "ta_score": 50,
    "signal_direction": "WAIT",
    "signal_name": "historical_import",
    "confidence": "MEDIUM",
    "hit_tp1": false,
    "hit_sl": true,
    "candles_to_result": 1,
    "max_favorable_pct": -3.031960631334884,
    "max_adverse_pct": -12.83109490212387,
    "outcome_tracked": true
  },
  {
    "symbol": "TMUS",
    "timeframe": "historical_1w",
    "timestamp": "2025-10-05",
    "congress_score": 50.0,
    "insider_score": 50,
    "short_interest_pct": 0,
    "combined_score": 50.0,
    "price": 230.27000427246094,
    "price_change_24h": -3.2316365037983137,
    "rsi": 50,
    "position_pct": 30.830499433468017,
    "ta_score": 50,
    "signal_direction": "WAIT",
    "signal_name": "historical_import",
    "confidence": "MEDIUM",
    "hit_tp1": false,
    "hit_sl": true,
    "candles_to_result": 3,
    "max_favorable_pct": -0.40821749423082343,
    "max_adverse_pct": -15.24731834755541,
    "outcome_tracked": true
  },
  {
    "symbol": "TMUS",
    "timeframe": "historical_1w",
    "timestamp": "2025-10-12",
    "congress_score": 100.0,
    "insider_score": 50,
    "short_interest_pct": 0,
    "combined_score": 62.5,
    "price": 228.7899932861328,
    "price_change_24h": 1.7025188735600858,
    "rsi": 50,
    "position_pct": 28.42515020103268,
    "ta_score": 50,
    "signal_direction": "WAIT",
    "signal_name": "historical_import",
    "confidence": "MEDIUM",
    "hit_tp1": false,
    "hit_sl": true,
    "candles_to_result": 2,
    "max_favorable_pct": 0.23602804351959628,
    "max_adverse_pct": -14.699064911446799,
    "outcome_tracked": true
  },
  {
    "symbol": "TMUS",
    "timeframe": "historical_1w",
    "timestamp": "2025-10-19",
    "congress_score": 100.0,
    "insider_score": 50,
    "short_interest_pct": 0,
    "combined_score": 62.5,
    "price": 229.3300018310547,
    "price_change_24h": 1.8972737575673588,
    "rsi": 50,
    "position_pct": 29.30278499633844,
    "ta_score": 50,
    "signal_direction": "WAIT",
    "signal_name": "historical_import",
    "confidence": "MEDIUM",
    "hit_tp1": false,
    "hit_sl": true,
    "candles_to_result": 1,
    "max_favorable_pct": -5.0407698366085985,
    "max_adverse_pct": -14.899924953612498,
    "outcome_tracked": true
  },
  {
    "symbol": "TMUS",
    "timeframe": "historical_1w",
    "timestamp": "2025-10-26",
    "congress_score": 100.0,
    "insider_score": 50,
    "short_interest_pct": 0,
    "combined_score": 62.5,
    "price": 217.77000427246094,
    "price_change_24h": -5.354423165506767,
    "rsi": 50,
    "position_pct": 10.515200639614486,
    "ta_score": 50,
    "signal_direction": "WAIT",
    "signal_name": "historical_import",
    "confidence": "MEDIUM",
    "hit_tp1": false,
    "hit_sl": false,
    "candles_to_result": 0,
    "max_favorable_pct": 0,
    "max_adverse_pct": 0,
    "outcome_tracked": false
  },
  {
    "symbol": "TMUS",
    "timeframe": "historical_1w",
    "timestamp": "2025-11-02",
    "congress_score": 50.0,
    "insider_score": 50,
    "short_interest_pct": 0,
    "combined_score": 50.0,
    "price": 210.0500030517578,
    "price_change_24h": -4.816924948715587,
    "rsi": 50,
    "position_pct": 0.0,
    "ta_score": 50,
    "signal_direction": "WAIT",
    "signal_name": "historical_import",
    "confidence": "MEDIUM",
    "hit_tp1": false,
    "hit_sl": false,
    "candles_to_result": 0,
    "max_favorable_pct": 0,
    "max_adverse_pct": 0,
    "outcome_tracked": false
  },
  {
    "symbol": "TMUS",
    "timeframe": "historical_1w",
    "timestamp": "2025-11-09",
    "congress_score": 20.0,
    "insider_score": 50,
    "short_interest_pct": 0,
    "combined_score": 42.5,
    "price": 207.0,
    "price_change_24h": 1.8099510836201422,
    "rsi": 50,
    "position_pct": 8.34030375234103,
    "ta_score": 50,
    "signal_direction": "WAIT",
    "signal_name": "historical_import",
    "confidence": "MEDIUM",
    "hit_tp1": false,
    "hit_sl": false,
    "candles_to_result": 0,
    "max_favorable_pct": 0,
    "max_adverse_pct": 0,
    "outcome_tracked": false
  },
  {
    "symbol": "TMUS",
    "timeframe": "historical_1w",
    "timestamp": "2025-11-16",
    "congress_score": 14.285714285714285,
    "insider_score": 50,
    "short_interest_pct": 0,
    "combined_score": 41.07142857142857,
    "price": 216.0800018310547,
    "price_change_24h": 4.959443802412944,
    "rsi": 50,
    "position_pct": 20.983025604471834,
    "ta_score": 50,
    "signal_direction": "WAIT",
    "signal_name": "historical_import",
    "confidence": "MEDIUM",
    "hit_tp1": false,
    "hit_sl": false,
    "candles_to_result": 0,
    "max_favorable_pct": 0,
    "max_adverse_pct": 0,
    "outcome_tracked": false
  },
  {
    "symbol": "TMUS",
    "timeframe": "historical_1w",
    "timestamp": "2025-11-23",
    "congress_score": 14.285714285714285,
    "insider_score": 50,
    "short_interest_pct": 0,
    "combined_score": 41.07142857142857,
    "price": 209.47999572753906,
    "price_change_24h": -2.946627463982711,
    "rsi": 50,
    "position_pct": 11.793375322273436,
    "ta_score": 50,
    "signal_direction": "WAIT",
    "signal_name": "historical_import",
    "confidence": "MEDIUM",
    "hit_tp1": false,
    "hit_sl": false,
    "candles_to_result": 0,
    "max_favorable_pct": 0,
    "max_adverse_pct": 0,
    "outcome_tracked": false
  },
  {
    "symbol": "TMUS",
    "timeframe": "historical_1w",
    "timestamp": "2025-11-30",
    "congress_score": 0.0,
    "insider_score": 50,
    "short_interest_pct": 0,
    "combined_score": 37.5,
    "price": 209.00999450683594,
    "price_change_24h": 0.8054394706479149,
    "rsi": 50,
    "position_pct": 11.138959737995812,
    "ta_score": 50,
    "signal_direction": "WAIT",
    "signal_name": "historical_import",
    "confidence": "MEDIUM",
    "hit_tp1": false,
    "hit_sl": false,
    "candles_to_result": 0,
    "max_favorable_pct": 0,
    "max_adverse_pct": 0,
    "outcome_tracked": false
  },
  {
    "symbol": "TMUS",
    "timeframe": "historical_1w",
    "timestamp": "2025-12-07",
    "congress_score": 0.0,
    "insider_score": 50,
    "short_interest_pct": 0,
    "combined_score": 37.5,
    "price": 209.6300048828125,
    "price_change_24h": 1.4518704588432887,
    "rsi": 50,
    "position_pct": 12.002243564888634,
    "ta_score": 50,
    "signal_direction": "WAIT",
    "signal_name": "historical_import",
    "confidence": "MEDIUM",
    "hit_tp1": false,
    "hit_sl": false,
    "candles_to_result": 0,
    "max_favorable_pct": 0,
    "max_adverse_pct": 0,
    "outcome_tracked": false
  },
  {
    "symbol": "TMUS",
    "timeframe": "historical_1w",
    "timestamp": "2025-12-14",
    "congress_score": 50,
    "insider_score": 50,
    "short_interest_pct": 0,
    "combined_score": 50.0,
    "price": 195.16000366210938,
    "price_change_24h": -4.539228462373248,
    "rsi": 50,
    "position_pct": 0.0,
    "ta_score": 50,
    "signal_direction": "WAIT",
    "signal_name": "historical_import",
    "confidence": "MEDIUM",
    "hit_tp1": false,
    "hit_sl": false,
    "candles_to_result": 0,
    "max_favorable_pct": 0,
    "max_adverse_pct": 0,
    "outcome_tracked": false
  },
  {
    "symbol": "TMUS",
    "timeframe": "historical_1w",
    "timestamp": "2025-12-21",
    "congress_score": 50,
    "insider_score": 50,
    "short_interest_pct": 0,
    "combined_score": 50.0,
    "price": 196.72999572753906,
    "price_change_24h": 0.2905750687135556,
    "rsi": 50,
    "position_pct": 2.021362702301294,
    "ta_score": 50,
    "signal_direction": "WAIT",
    "signal_name": "historical_import",
    "confidence": "MEDIUM",
    "hit_tp1": false,
    "hit_sl": false,
    "candles_to_result": 0,
    "max_favorable_pct": 0,
    "max_adverse_pct": 0,
    "outcome_tracked": false
  },
  {
    "symbol": "TMUS",
    "timeframe": "historical_1w",
    "timestamp": "2025-12-28",
    "congress_score": 50,
    "insider_score": 50,
    "short_interest_pct": 0,
    "combined_score": 50.0,
    "price": 200.33999633789062,
    "price_change_24h": 2.3396005106113513,
    "rsi": 50,
    "position_pct": 6.669233700969317,
    "ta_score": 50,
    "signal_direction": "WAIT",
    "signal_name": "historical_import",
    "confidence": "MEDIUM",
    "hit_tp1": false,
    "hit_sl": false,
    "candles_to_result": 0,
    "max_favorable_pct": 0,
    "max_adverse_pct": 0,
    "outcome_tracked": false
  }
]