[
  {
    "symbol": "TSLA",
    "timeframe": "historical_1w",
    "timestamp": "2025-06-29",
    "congress_score": 75.0,
    "insider_score": 50,
    "short_interest_pct": 0,
    "combined_score": 56.25,
    "price": 323.6300048828125,
    "price_change_24h": -7.1842343464373615,
    "rsi": 50,
    "position_pct": 43.8153882983018,
    "ta_score": 50,
    "signal_direction": "WAIT",
    "signal_name": "historical_import",
    "confidence": "MEDIUM",
    "hit_tp1": false,
    "hit_sl": true,
    "candles_to_result": 1,
    "max_favorable_pct": 5.0613369080977995,
    "max_adverse_pct": -6.4888915376076355,
    "outcome_tracked": true
  },
  {
    "symbol": "TSLA",
    "timeframe": "historical_1w",
    "timestamp": "2025-07-06",
    "congress_score": 100.0,
    "insider_score": 50,
    "short_interest_pct": 0,
    "combined_score": 62.5,
    "price": 315.3500061035156,
    "price_change_24h": -0.7271918189143078,
    "rsi": 50,
    "position_pct": 40.250572081402716,
    "ta_score": 50,
    "signal_direction": "WAIT",
    "signal_name": "historical_import",
    "confidence": "MEDIUM",
    "hit_tp1": true,
    "hit_sl": false,
    "candles_to_result": 2,
    "max_favorable_pct": 7.819883679981466,
    "max_adverse_pct": -4.033613754403323,
    "outcome_tracked": true
  },
  {
    "symbol": "TSLA",
    "timeframe": "historical_1w",
    "timestamp": "2025-07-13",
    "congress_score": 50.0,
    "insider_score": 50,
    "short_interest_pct": 0,
    "combined_score": 50.0,
    "price": 313.510009765625,
    "price_change_24h": 6.657823760520591,
    "rsi": 50,
    "position_pct": 39.458392159740406,
    "ta_score": 50,
    "signal_direction": "WAIT",
    "signal_name": "historical_import",
    "confidence": "MEDIUM",
    "hit_tp1": true,
    "hit_sl": false,
    "candles_to_result": 1,
    "max_favorable_pct": 11.907111546509446,
    "max_adverse_pct": -3.4703851691836616,
    "outcome_tracked": true
  },
  {
    "symbol": "TSLA",
    "timeframe": "historical_1w",
    "timestamp": "2025-07-20",
    "congress_score": 0.0,
    "insider_score": 50,
    "short_interest_pct": 0,
    "combined_score": 37.5,
    "price": 329.6499938964844,
    "price_change_24h": 4.0233512923843096,
    "rsi": 50,
    "position_pct": 46.40719477478949,
    "ta_score": 50,
    "signal_direction": "WAIT",
    "signal_name": "historical_import",
    "confidence": "MEDIUM",
    "hit_tp1": true,
    "hit_sl": false,
    "candles_to_result": 1,
    "max_favorable_pct": 20.109209698859587,
    "max_adverse_pct": -8.196568940983086,
    "outcome_tracked": true
  },
  {
    "symbol": "TSLA",
    "timeframe": "historical_1w",
    "timestamp": "2025-07-27",
    "congress_score": 0.0,
    "insider_score": 50,
    "short_interest_pct": 0,
    "combined_score": 37.5,
    "price": 316.05999755859375,
    "price_change_24h": -3.783979130357229,
    "rsi": 50,
    "position_pct": 40.55624713285933,
    "ta_score": 50,
    "signal_direction": "WAIT",
    "signal_name": "historical_import",
    "confidence": "MEDIUM",
    "hit_tp1": true,
    "hit_sl": false,
    "candles_to_result": 1,
    "max_favorable_pct": 34.80668563418262,
    "max_adverse_pct": -4.24919090663838,
    "outcome_tracked": true
  },
  {
    "symbol": "TSLA",
    "timeframe": "historical_1m",
    "timestamp": "2025-07-28",
    "congress_score": 66.66666666666666,
    "insider_score": 50,
    "short_interest_pct": 0,
    "combined_score": 54.166666666666664,
    "price": 0,
    "price_change_24h": 0,
    "rsi": 50,
    "position_pct": 50,
    "ta_score": 50,
    "signal_direction": "WAIT",
    "signal_name": "quiver_only_import",
    "confidence": "LOW",
    "hit_tp1": false,
    "hit_sl": false,
    "candles_to_result": 0,
    "max_favorable_pct": 0,
    "max_adverse_pct": 0,
    "outcome_tracked": false
  },
  {
    "symbol": "TSLA",
    "timeframe": "historical_1w",
    "timestamp": "2025-08-03",
    "congress_score": 0.0,
    "insider_score": 50,
    "short_interest_pct": 0,
    "combined_score": 37.5,
    "price": 302.6300048828125,
    "price_change_24h": -7.051811085513425,
    "rsi": 50,
    "position_pct": 34.7741864152699,
    "ta_score": 50,
    "signal_direction": "WAIT",
    "signal_name": "historical_import",
    "confidence": "MEDIUM",
    "hit_tp1": false,
    "hit_sl": true,
    "candles_to_result": 1,
    "max_favorable_pct": 45.524233152962005,
    "max_adverse_pct": 8.928390634674454,
    "outcome_tracked": true
  },
  {
    "symbol": "TSLA",
    "timeframe": "historical_1w",
    "timestamp": "2025-08-10",
    "congress_score": 25.0,
    "insider_score": 50,
    "short_interest_pct": 0,
    "combined_score": 43.75,
    "price": 329.6499938964844,
    "price_change_24h": 6.593152521178563,
    "rsi": 50,
    "position_pct": 46.40719477478949,
    "ta_score": 50,
    "signal_direction": "WAIT",
    "signal_name": "historical_import",
    "confidence": "MEDIUM",
    "hit_tp1": false,
    "hit_sl": true,
    "candles_to_result": 2,
    "max_favorable_pct": 33.59623905674252,
    "max_adverse_pct": 0.2760514724581282,
    "outcome_tracked": true
  },
  {
    "symbol": "TSLA",
    "timeframe": "historical_1w",
    "timestamp": "2025-08-17",
    "congress_score": 25.0,
    "insider_score": 50,
    "short_interest_pct": 0,
    "combined_score": 43.75,
    "price": 330.55999755859375,
    "price_change_24h": -2.4983043539509793,
    "rsi": 50,
    "position_pct": 46.79898176638135,
    "ta_score": 50,
    "signal_direction": "WAIT",
    "signal_name": "historical_import",
    "confidence": "MEDIUM",
    "hit_tp1": false,
    "hit_sl": true,
    "candles_to_result": 1,
    "max_favorable_pct": 33.22845993136869,
    "max_adverse_pct": 1.001330343368917,
    "outcome_tracked": true
  },
  {
    "symbol": "TSLA",
    "timeframe": "historical_1w",
    "timestamp": "2025-08-24",
    "congress_score": 25.0,
    "insider_score": 50,
    "short_interest_pct": 0,
    "combined_score": 43.75,
    "price": 340.010009765625,
    "price_change_24h": 1.447071861356448,
    "rsi": 50,
    "position_pct": 50.86752786928066,
    "ta_score": 50,
    "signal_direction": "WAIT",
    "signal_name": "historical_import",
    "confidence": "MEDIUM",
    "hit_tp1": false,
    "hit_sl": true,
    "candles_to_result": 2,
    "max_favorable_pct": 29.525596672892068,
    "max_adverse_pct": -1.8058334966873246,
    "outcome_tracked": true
  },
  {
    "symbol": "TSLA",
    "timeframe": "historical_1m",
    "timestamp": "2025-08-28",
    "congress_score": 14.285714285714285,
    "insider_score": 50,
    "short_interest_pct": 0,
    "combined_score": 41.07142857142857,
    "price": 0,
    "price_change_24h": 0,
    "rsi": 50,
    "position_pct": 50,
    "ta_score": 50,
    "signal_direction": "WAIT",
    "signal_name": "quiver_only_import",
    "confidence": "LOW",
    "hit_tp1": false,
    "hit_sl": false,
    "candles_to_result": 0,
    "max_favorable_pct": 0,
    "max_adverse_pct": 0,
    "outcome_tracked": false
  },
  {
    "symbol": "TSLA",
    "timeframe": "historical_1w",
    "timestamp": "2025-08-31",
    "congress_score": 16.666666666666664,
    "insider_score": 50,
    "short_interest_pct": 0,
    "combined_score": 41.666666666666664,
    "price": 333.8699951171875,
    "price_change_24h": -3.672824801545496,
    "rsi": 50,
    "position_pct": 48.22404634540939,
    "ta_score": 50,
    "signal_direction": "WAIT",
    "signal_name": "historical_import",
    "confidence": "MEDIUM",
    "hit_tp1": false,
    "hit_sl": true,
    "candles_to_result": 1,
    "max_favorable_pct": 31.90762881878772,
    "max_adverse_pct": 5.0828171051270115,
    "outcome_tracked": true
  },
  {
    "symbol": "TSLA",
    "timeframe": "historical_1w",
    "timestamp": "2025-09-07",
    "congress_score": 25.0,
    "insider_score": 50,
    "short_interest_pct": 0,
    "combined_score": 43.75,
    "price": 350.8399963378906,
    "price_change_24h": 6.52174275615179,
    "rsi": 50,
    "position_pct": 55.53019905929866,
    "ta_score": 50,
    "signal_direction": "WAIT",
    "signal_name": "historical_import",
    "confidence": "MEDIUM",
    "hit_tp1": false,
    "hit_sl": true,
    "candles_to_result": 1,
    "max_favorable_pct": 30.133394802252024,
    "max_adverse_pct": 12.854864489304191,
    "outcome_tracked": true
  },
  {
    "symbol": "TSLA",
    "timeframe": "historical_1w",
    "timestamp": "2025-09-14",
    "congress_score": 50.0,
    "insider_score": 50,
    "short_interest_pct": 0,
    "combined_score": 50.0,
    "price": 395.94000244140625,
    "price_change_24h": 14.301388400060436,
    "rsi": 50,
    "position_pct": 74.94725906443463,
    "ta_score": 50,
    "signal_direction": "WAIT",
    "signal_name": "historical_import",
    "confidence": "MEDIUM",
    "hit_tp1": true,
    "hit_sl": false,
    "candles_to_result": 1,
    "max_favorable_pct": 15.310399238116496,
    "max_adverse_pct": 4.43248666079551,
    "outcome_tracked": true
  },
  {
    "symbol": "TSLA",
    "timeframe": "historical_1w",
    "timestamp": "2025-09-21",
    "congress_score": 50.0,
    "insider_score": 50,
    "short_interest_pct": 0,
    "combined_score": 50.0,
    "price": 426.07000732421875,
    "price_change_24h": 3.9093743159798784,
    "rsi": 50,
    "position_pct": 87.91923320168438,
    "ta_score": 50,
    "signal_direction": "WAIT",
    "signal_name": "historical_import",
    "confidence": "MEDIUM",
    "hit_tp1": true,
    "hit_sl": false,
    "candles_to_result": 1,
    "max_favorable_pct": 7.156098695108006,
    "max_adverse_pct": -5.09775408907749,
    "outcome_tracked": true
  },
  {
    "symbol": "TSLA",
    "timeframe": "historical_1m",
    "timestamp": "2025-09-28",
    "congress_score": 33.33333333333333,
    "insider_score": 50,
    "short_interest_pct": 0,
    "combined_score": 45.83333333333333,
    "price": 0,
    "price_change_24h": 0,
    "rsi": 50,
    "position_pct": 50,
    "ta_score": 50,
    "signal_direction": "WAIT",
    "signal_name": "quiver_only_import",
    "confidence": "LOW",
    "hit_tp1": false,
    "hit_sl": false,
    "candles_to_result": 0,
    "max_favorable_pct": 0,
    "max_adverse_pct": 0,
    "outcome_tracked": false
  },
  {
    "symbol": "TSLA",
    "timeframe": "historical_1w",
    "timestamp": "2025-09-28",
    "congress_score": 66.66666666666666,
    "insider_score": 50,
    "short_interest_pct": 0,
    "combined_score": 54.166666666666664,
    "price": 440.3999938964844,
    "price_change_24h": 1.4255780758666965,
    "rsi": 50,
    "position_pct": 94.08877137220769,
    "ta_score": 50,
    "signal_direction": "WAIT",
    "signal_name": "historical_import",
    "confidence": "MEDIUM",
    "hit_tp1": false,
    "hit_sl": true,
    "candles_to_result": 1,
    "max_favorable_pct": 3.6693923447028403,
    "max_adverse_pct": -11.196639019523696,
    "outcome_tracked": true
  },
  {
    "symbol": "TSLA",
    "timeframe": "historical_1w",
    "timestamp": "2025-10-05",
    "congress_score": 75.0,
    "insider_score": 50,
    "short_interest_pct": 0,
    "combined_score": 56.25,
    "price": 429.8299865722656,
    "price_change_24h": -3.018886112852589,
    "rsi": 50,
    "position_pct": 87.52945874388693,
    "ta_score": 50,
    "signal_direction": "WAIT",
    "signal_name": "historical_import",
    "confidence": "MEDIUM",
    "hit_tp1": false,
    "hit_sl": true,
    "candles_to_result": 1,
    "max_favorable_pct": 6.218740390704247,
    "max_adverse_pct": -9.012863561081911,
    "outcome_tracked": true
  },
  {
    "symbol": "TSLA",
    "timeframe": "historical_1w",
    "timestamp": "2025-10-12",
    "congress_score": 50.0,
    "insider_score": 50,
    "short_interest_pct": 0,
    "combined_score": 50.0,
    "price": 413.489990234375,
    "price_change_24h": -8.77220292677882,
    "rsi": 50,
    "position_pct": 80.65235564308381,
    "ta_score": 50,
    "signal_direction": "WAIT",
    "signal_name": "historical_import",
    "confidence": "MEDIUM",
    "hit_tp1": true,
    "hit_sl": false,
    "candles_to_result": 1,
    "max_favorable_pct": 10.41621522683191,
    "max_adverse_pct": -5.417300158532877,
    "outcome_tracked": true
  },
  {
    "symbol": "TSLA",
    "timeframe": "historical_1w",
    "timestamp": "2025-10-19",
    "congress_score": 75.0,
    "insider_score": 50,
    "short_interest_pct": 0,
    "combined_score": 56.25,
    "price": 439.30999755859375,
    "price_change_24h": 0.7822903670237645,
    "rsi": 50,
    "position_pct": 91.51936251140155,
    "ta_score": 50,
    "signal_direction": "WAIT",
    "signal_name": "historical_import",
    "confidence": "MEDIUM",
    "hit_tp1": true,
    "hit_sl": false,
    "candles_to_result": 2,
    "max_favorable_pct": 4.472922083650856,
    "max_adverse_pct": -10.976304087928638,
    "outcome_tracked": true
  },
  {
    "symbol": "TSLA",
    "timeframe": "historical_1w",
    "timestamp": "2025-10-26",
    "congress_score": 100.0,
    "insider_score": 50,
    "short_interest_pct": 0,
    "combined_score": 62.5,
    "price": 433.7200012207031,
    "price_change_24h": -3.0641646021733555,
    "rsi": 50,
    "position_pct": 89.16667035934513,
    "ta_score": 50,
    "signal_direction": "WAIT",
    "signal_name": "historical_import",
    "confidence": "MEDIUM",
    "hit_tp1": true,
    "hit_sl": false,
    "candles_to_result": 1,
    "max_favorable_pct": 10.947157348680216,
    "max_adverse_pct": -9.828922983222016,
    "outcome_tracked": true
  },
  {
    "symbol": "TSLA",
    "timeframe": "historical_1m",
    "timestamp": "2025-10-28",
    "congress_score": 83.33333333333334,
    "insider_score": 50,
    "short_interest_pct": 0,
    "combined_score": 58.333333333333336,
    "price": 0,
    "price_change_24h": 0,
    "rsi": 50,
    "position_pct": 50,
    "ta_score": 50,
    "signal_direction": "WAIT",
    "signal_name": "quiver_only_import",
    "confidence": "LOW",
    "hit_tp1": false,
    "hit_sl": false,
    "candles_to_result": 0,
    "max_favorable_pct": 0,
    "max_adverse_pct": 0,
    "outcome_tracked": false
  },
  {
    "symbol": "TSLA",
    "timeframe": "historical_1w",
    "timestamp": "2025-11-02",
    "congress_score": 60.0,
    "insider_score": 50,
    "short_interest_pct": 0,
    "combined_score": 52.5,
    "price": 456.55999755859375,
    "price_change_24h": 0.9150753742065967,
    "rsi": 50,
    "position_pct": 97.93448277991759,
    "ta_score": 50,
    "signal_direction": "WAIT",
    "signal_name": "historical_import",
    "confidence": "MEDIUM",
    "hit_tp1": false,
    "hit_sl": false,
    "candles_to_result": 0,
    "max_favorable_pct": 0,
    "max_adverse_pct": 0,
    "outcome_tracked": false
  },
  {
    "symbol": "TSLA",
    "timeframe": "historical_1w",
    "timestamp": "2025-11-09",
    "congress_score": 60.0,
    "insider_score": 50,
    "short_interest_pct": 0,
    "combined_score": 52.5,
    "price": 429.5199890136719,
    "price_change_24h": -8.294725646077145,
    "rsi": 50,
    "position_pct": 84.23998743692387,
    "ta_score": 50,
    "signal_direction": "WAIT",
    "signal_name": "historical_import",
    "confidence": "MEDIUM",
    "hit_tp1": false,
    "hit_sl": false,
    "candles_to_result": 0,
    "max_favorable_pct": 0,
    "max_adverse_pct": 0,
    "outcome_tracked": false
  },
  {
    "symbol": "TSLA",
    "timeframe": "historical_1w",
    "timestamp": "2025-11-16",
    "congress_score": 50.0,
    "insider_score": 50,
    "short_interest_pct": 0,
    "combined_score": 50.0,
    "price": 404.3500061035156,
    "price_change_24h": -9.181772089498212,
    "rsi": 50,
    "position_pct": 74.02945501591151,
    "ta_score": 50,
    "signal_direction": "WAIT",
    "signal_name": "historical_import",
    "confidence": "MEDIUM",
    "hit_tp1": false,
    "hit_sl": false,
    "candles_to_result": 0,
    "max_favorable_pct": 0,
    "max_adverse_pct": 0,
    "outcome_tracked": false
  },
  {
    "symbol": "TSLA",
    "timeframe": "historical_1w",
    "timestamp": "2025-11-23",
    "congress_score": 50.0,
    "insider_score": 50,
    "short_interest_pct": 0,
    "combined_score": 50.0,
    "price": 391.0899963378906,
    "price_change_24h": -4.360270102797188,
    "rsi": 50,
    "position_pct": 68.6503588084118,
    "ta_score": 50,
    "signal_direction": "WAIT",
    "signal_name": "historical_import",
    "confidence": "MEDIUM",
    "hit_tp1": false,
    "hit_sl": false,
    "candles_to_result": 0,
    "max_favorable_pct": 0,
    "max_adverse_pct": 0,
    "outcome_tracked": false
  },
  {
    "symbol": "TSLA",
    "timeframe": "historical_1m",
    "timestamp": "2025-11-28",
    "congress_score": 71.42857142857143,
    "insider_score": 50,
    "short_interest_pct": 0,
    "combined_score": 55.35714285714286,
    "price": 0,
    "price_change_24h": 0,
    "rsi": 50,
    "position_pct": 50,
    "ta_score": 50,
    "signal_direction": "WAIT",
    "signal_name": "quiver_only_import",
    "confidence": "LOW",
    "hit_tp1": false,
    "hit_sl": false,
    "candles_to_result": 0,
    "max_favorable_pct": 0,
    "max_adverse_pct": 0,
    "outcome_tracked": false
  },
  {
    "symbol": "TSLA",
    "timeframe": "historical_1w",
    "timestamp": "2025-11-30",
    "congress_score": 50.0,
    "insider_score": 50,
    "short_interest_pct": 0,
    "combined_score": 50.0,
    "price": 430.1700134277344,
    "price_change_24h": 2.9656792294125234,
    "rsi": 50,
    "position_pct": 84.50367833325565,
    "ta_score": 50,
    "signal_direction": "WAIT",
    "signal_name": "historical_import",
    "confidence": "MEDIUM",
    "hit_tp1": false,
    "hit_sl": false,
    "candles_to_result": 0,
    "max_favorable_pct": 0,
    "max_adverse_pct": 0,
    "outcome_tracked": false
  },
  {
    "symbol": "TSLA",
    "timeframe": "historical_1w",
    "timestamp": "2025-12-07",
    "congress_score": 100.0,
    "insider_score": 50,
    "short_interest_pct": 0,
    "combined_score": 62.5,
    "price": 455.0,
    "price_change_24h": 5.779510044393589,
    "rsi": 50,
    "position_pct": 94.57628679764676,
    "ta_score": 50,
    "signal_direction": "WAIT",
    "signal_name": "historical_import",
    "confidence": "MEDIUM",
    "hit_tp1": false,
    "hit_sl": false,
    "candles_to_result": 0,
    "max_favorable_pct": 0,
    "max_adverse_pct": 0,
    "outcome_tracked": false
  },
  {
    "symbol": "TSLA",
    "timeframe": "historical_1w",
    "timestamp": "2025-12-14",
    "congress_score": 100.0,
    "insider_score": 50,
    "short_interest_pct": 0,
    "combined_score": 62.5,
    "price": 458.9599914550781,
    "price_change_24h": 4.408755055918927,
    "rsi": 50,
    "position_pct": 96.18270906989598,
    "ta_score": 50,
    "signal_direction": "WAIT",
    "signal_name": "historical_import",
    "confidence": "MEDIUM",
    "hit_tp1": false,
    "hit_sl": false,
    "candles_to_result": 0,
    "max_favorable_pct": 0,
    "max_adverse_pct": 0,
    "outcome_tracked": false
  },
  {
    "symbol": "TSLA",
    "timeframe": "historical_1w",
    "timestamp": "2025-12-21",
    "congress_score": 50,
    "insider_score": 50,
    "short_interest_pct": 0,
    "combined_score": 50.0,
    "price": 481.20001220703125,
    "price_change_24h": 1.2391943528836482,
    "rsi": 50,
    "position_pct": 96.76143849809156,
    "ta_score": 50,
    "signal_direction": "WAIT",
    "signal_name": "historical_import",
    "confidence": "MEDIUM",
    "hit_tp1": false,
    "hit_sl": false,
    "candles_to_result": 0,
    "max_favorable_pct": 0,
    "max_adverse_pct": 0,
    "outcome_tracked": false
  },
  {
    "symbol": "TSLA",
    "timeframe": "historical_1w",
    "timestamp": "2025-12-28",
    "congress_score": 50,
    "insider_score": 50,
    "short_interest_pct": 0,
    "combined_score": 50.0,
    "price": 478.4200134277344,
    "price_change_24h": -2.1095486929044274,
    "rsi": 50,
    "position_pct": 95.72420294291607,
    "ta_score": 50,
    "signal_direction": "WAIT",
    "signal_name": "historical_import",
    "confidence": "MEDIUM",
    "hit_tp1": false,
    "hit_sl": false,
    "candles_to_result": 0,
    "max_favorable_pct": 0,
    "max_adverse_pct": 0,
    "outcome_tracked": false
  }
]