[
  {
    "symbol": "TSM",
    "timeframe": "historical_1w",
    "timestamp": "2025-06-29",
    "congress_score": 75.0,
    "insider_score": 50,
    "short_interest_pct": 0,
    "combined_score": 56.25,
    "price": 228.57000732421875,
    "price_change_24h": 8.677253406456343,
    "rsi": 50,
    "position_pct": 100.0,
    "ta_score": 50,
    "signal_direction": "WAIT",
    "signal_name": "historical_import",
    "confidence": "MEDIUM",
    "hit_tp1": true,
    "hit_sl": false,
    "candles_to_result": 3,
    "max_favorable_pct": 7.4506707938895955,
    "max_adverse_pct": 0.8006241036120944,
    "outcome_tracked": true
  },
  {
    "symbol": "TSM",
    "timeframe": "historical_1w",
    "timestamp": "2025-07-06",
    "congress_score": 75.0,
    "insider_score": 50,
    "short_interest_pct": 0,
    "combined_score": 56.25,
    "price": 234.8000030517578,
    "price_change_24h": 3.6690349936189843,
    "rsi": 50,
    "position_pct": 100.0,
    "ta_score": 50,
    "signal_direction": "WAIT",
    "signal_name": "historical_import",
    "confidence": "MEDIUM",
    "hit_tp1": true,
    "hit_sl": false,
    "candles_to_result": 3,
    "max_favorable_pct": 10.447181942796048,
    "max_adverse_pct": -1.8739391388779187,
    "outcome_tracked": true
  },
  {
    "symbol": "TSM",
    "timeframe": "historical_1w",
    "timestamp": "2025-07-13",
    "congress_score": 66.66666666666666,
    "insider_score": 50,
    "short_interest_pct": 0,
    "combined_score": 54.166666666666664,
    "price": 230.39999389648438,
    "price_change_24h": 0.536717605867546,
    "rsi": 50,
    "position_pct": 95.29058248785037,
    "ta_score": 50,
    "signal_direction": "WAIT",
    "signal_name": "historical_import",
    "confidence": "MEDIUM",
    "hit_tp1": true,
    "hit_sl": false,
    "candles_to_result": 1,
    "max_favorable_pct": 14.960938426148584,
    "max_adverse_pct": 0.2039935907786049,
    "outcome_tracked": true
  },
  {
    "symbol": "TSM",
    "timeframe": "historical_1w",
    "timestamp": "2025-07-20",
    "congress_score": 100.0,
    "insider_score": 50,
    "short_interest_pct": 0,
    "combined_score": 62.5,
    "price": 240.39999389648438,
    "price_change_24h": 5.1296610055827,
    "rsi": 50,
    "position_pct": 95.01102210599082,
    "ta_score": 50,
    "signal_direction": "WAIT",
    "signal_name": "historical_import",
    "confidence": "MEDIUM",
    "hit_tp1": false,
    "hit_sl": true,
    "candles_to_result": 2,
    "max_favorable_pct": 13.710479322753482,
    "max_adverse_pct": -3.9642258823852,
    "outcome_tracked": true
  },
  {
    "symbol": "TSM",
    "timeframe": "historical_1w",
    "timestamp": "2025-07-27",
    "congress_score": 100.0,
    "insider_score": 50,
    "short_interest_pct": 0,
    "combined_score": 62.5,
    "price": 245.60000610351562,
    "price_change_24h": 2.826041376391929,
    "rsi": 50,
    "position_pct": 100.0,
    "ta_score": 50,
    "signal_direction": "WAIT",
    "signal_name": "historical_import",
    "confidence": "MEDIUM",
    "hit_tp1": false,
    "hit_sl": true,
    "candles_to_result": 1,
    "max_favorable_pct": 18.96986774432483,
    "max_adverse_pct": -5.997561327469883,
    "outcome_tracked": true
  },
  {
    "symbol": "TSM",
    "timeframe": "historical_1w",
    "timestamp": "2025-08-03",
    "congress_score": 100.0,
    "insider_score": 50,
    "short_interest_pct": 0,
    "combined_score": 62.5,
    "price": 235.2100067138672,
    "price_change_24h": -3.106073444338955,
    "rsi": 50,
    "position_pct": 90.03166238655457,
    "ta_score": 50,
    "signal_direction": "WAIT",
    "signal_name": "historical_import",
    "confidence": "MEDIUM",
    "hit_tp1": true,
    "hit_sl": false,
    "candles_to_result": 5,
    "max_favorable_pct": 24.22515798694534,
    "max_adverse_pct": -1.845164522255768,
    "outcome_tracked": true
  },
  {
    "symbol": "TSM",
    "timeframe": "historical_1w",
    "timestamp": "2025-08-10",
    "congress_score": 100.0,
    "insider_score": 50,
    "short_interest_pct": 0,
    "combined_score": 62.5,
    "price": 241.8300018310547,
    "price_change_24h": 1.1841011845417102,
    "rsi": 50,
    "position_pct": 96.38299541870387,
    "ta_score": 50,
    "signal_direction": "WAIT",
    "signal_name": "historical_import",
    "confidence": "MEDIUM",
    "hit_tp1": false,
    "hit_sl": true,
    "candles_to_result": 2,
    "max_favorable_pct": 22.019594069395907,
    "max_adverse_pct": -4.532112074962468,
    "outcome_tracked": true
  },
  {
    "symbol": "TSM",
    "timeframe": "historical_1w",
    "timestamp": "2025-08-17",
    "congress_score": 100.0,
    "insider_score": 50,
    "short_interest_pct": 0,
    "combined_score": 62.5,
    "price": 238.8800048828125,
    "price_change_24h": -1.32594964832742,
    "rsi": 50,
    "position_pct": 93.55271945468317,
    "ta_score": 50,
    "signal_direction": "WAIT",
    "signal_name": "historical_import",
    "confidence": "MEDIUM",
    "hit_tp1": false,
    "hit_sl": true,
    "candles_to_result": 1,
    "max_favorable_pct": 23.526448652336214,
    "max_adverse_pct": -3.353152043660781,
    "outcome_tracked": true
  },
  {
    "symbol": "TSM",
    "timeframe": "historical_1w",
    "timestamp": "2025-08-24",
    "congress_score": 100.0,
    "insider_score": 50,
    "short_interest_pct": 0,
    "combined_score": 62.5,
    "price": 232.99000549316406,
    "price_change_24h": -3.48784144866275,
    "rsi": 50,
    "position_pct": 87.90175642214446,
    "ta_score": 50,
    "signal_direction": "WAIT",
    "signal_name": "historical_import",
    "confidence": "MEDIUM",
    "hit_tp1": true,
    "hit_sl": false,
    "candles_to_result": 2,
    "max_favorable_pct": 28.945442118801907,
    "max_adverse_pct": -0.9099147285263117,
    "outcome_tracked": true
  },
  {
    "symbol": "TSM",
    "timeframe": "historical_1w",
    "timestamp": "2025-08-31",
    "congress_score": 85.71428571428571,
    "insider_score": 50,
    "short_interest_pct": 0,
    "combined_score": 58.92857142857143,
    "price": 230.8699951171875,
    "price_change_24h": -2.0034811724066373,
    "rsi": 50,
    "position_pct": 85.86778333136675,
    "ta_score": 50,
    "signal_direction": "WAIT",
    "signal_name": "historical_import",
    "confidence": "MEDIUM",
    "hit_tp1": true,
    "hit_sl": false,
    "candles_to_result": 1,
    "max_favorable_pct": 30.129509693663625,
    "max_adverse_pct": 5.431632005084368,
    "outcome_tracked": true
  },
  {
    "symbol": "TSM",
    "timeframe": "historical_1w",
    "timestamp": "2025-09-07",
    "congress_score": 80.0,
    "insider_score": 50,
    "short_interest_pct": 0,
    "combined_score": 57.5,
    "price": 243.41000366210938,
    "price_change_24h": 6.576471961382081,
    "rsi": 50,
    "position_pct": 97.89887536163312,
    "ta_score": 50,
    "signal_direction": "WAIT",
    "signal_name": "historical_import",
    "confidence": "MEDIUM",
    "hit_tp1": true,
    "hit_sl": false,
    "candles_to_result": 1,
    "max_favorable_pct": 23.425491210634224,
    "max_adverse_pct": 6.540397958440377,
    "outcome_tracked": true
  },
  {
    "symbol": "TSM",
    "timeframe": "historical_1w",
    "timestamp": "2025-09-14",
    "congress_score": 66.66666666666666,
    "insider_score": 50,
    "short_interest_pct": 0,
    "combined_score": 54.166666666666664,
    "price": 259.3299865722656,
    "price_change_24h": 4.911195441141285,
    "rsi": 50,
    "position_pct": 99.06776198802262,
    "ta_score": 50,
    "signal_direction": "WAIT",
    "signal_name": "historical_import",
    "confidence": "MEDIUM",
    "hit_tp1": true,
    "hit_sl": false,
    "candles_to_result": 2,
    "max_favorable_pct": 15.84853593167583,
    "max_adverse_pct": 2.1362776507830037,
    "outcome_tracked": true
  },
  {
    "symbol": "TSM",
    "timeframe": "historical_1w",
    "timestamp": "2025-09-21",
    "congress_score": 0.0,
    "insider_score": 50,
    "short_interest_pct": 0,
    "combined_score": 37.5,
    "price": 264.8699951171875,
    "price_change_24h": 1.335216990274259,
    "rsi": 50,
    "position_pct": 97.03777877528785,
    "ta_score": 50,
    "signal_direction": "WAIT",
    "signal_name": "historical_import",
    "confidence": "MEDIUM",
    "hit_tp1": false,
    "hit_sl": true,
    "candles_to_result": 1,
    "max_favorable_pct": 13.42545332205741,
    "max_adverse_pct": 3.2053423909411634,
    "outcome_tracked": true
  },
  {
    "symbol": "TSM",
    "timeframe": "historical_1w",
    "timestamp": "2025-09-28",
    "congress_score": 0.0,
    "insider_score": 50,
    "short_interest_pct": 0,
    "combined_score": 37.5,
    "price": 273.3599853515625,
    "price_change_24h": 0.26775499969776817,
    "rsi": 50,
    "position_pct": 93.38474151282466,
    "ta_score": 50,
    "signal_direction": "WAIT",
    "signal_name": "historical_import",
    "confidence": "MEDIUM",
    "hit_tp1": false,
    "hit_sl": true,
    "candles_to_result": 1,
    "max_favorable_pct": 9.902695630234463,
    "max_adverse_pct": 0.6218950461403121,
    "outcome_tracked": true
  },
  {
    "symbol": "TSM",
    "timeframe": "historical_1w",
    "timestamp": "2025-10-05",
    "congress_score": 0.0,
    "insider_score": 50,
    "short_interest_pct": 0,
    "combined_score": 37.5,
    "price": 292.19000244140625,
    "price_change_24h": 6.939205318857468,
    "rsi": 50,
    "position_pct": 100.0,
    "ta_score": 50,
    "signal_direction": "WAIT",
    "signal_name": "historical_import",
    "confidence": "MEDIUM",
    "hit_tp1": true,
    "hit_sl": false,
    "candles_to_result": 1,
    "max_favorable_pct": 2.820079457040078,
    "max_adverse_pct": -5.8626252574290705,
    "outcome_tracked": true
  },
  {
    "symbol": "TSM",
    "timeframe": "historical_1w",
    "timestamp": "2025-10-12",
    "congress_score": 66.66666666666666,
    "insider_score": 50,
    "short_interest_pct": 0,
    "combined_score": 54.166666666666664,
    "price": 280.6600036621094,
    "price_change_24h": -7.1891503548829085,
    "rsi": 50,
    "position_pct": 85.37542982275487,
    "ta_score": 50,
    "signal_direction": "WAIT",
    "signal_name": "historical_import",
    "confidence": "MEDIUM",
    "hit_tp1": true,
    "hit_sl": false,
    "candles_to_result": 1,
    "max_favorable_pct": 7.044106305034205,
    "max_adverse_pct": -1.995298949064917,
    "outcome_tracked": true
  },
  {
    "symbol": "TSM",
    "timeframe": "historical_1w",
    "timestamp": "2025-10-19",
    "congress_score": 50.0,
    "insider_score": 50,
    "short_interest_pct": 0,
    "combined_score": 50.0,
    "price": 295.0799865722656,
    "price_change_24h": -2.578502987375442,
    "rsi": 50,
    "position_pct": 94.10431915102315,
    "ta_score": 50,
    "signal_direction": "WAIT",
    "signal_name": "historical_import",
    "confidence": "MEDIUM",
    "hit_tp1": false,
    "hit_sl": true,
    "candles_to_result": 3,
    "max_favorable_pct": 2.5988964318694623,
    "max_adverse_pct": -6.78459737179395,
    "outcome_tracked": true
  },
  {
    "symbol": "TSM",
    "timeframe": "historical_1w",
    "timestamp": "2025-10-26",
    "congress_score": 75.0,
    "insider_score": 50,
    "short_interest_pct": 0,
    "combined_score": 56.25,
    "price": 294.9599914550781,
    "price_change_24h": -0.9203965870339356,
    "rsi": 50,
    "position_pct": 94.03085574960414,
    "ta_score": 50,
    "signal_direction": "WAIT",
    "signal_name": "historical_import",
    "confidence": "MEDIUM",
    "hit_tp1": false,
    "hit_sl": false,
    "candles_to_result": 0,
    "max_favorable_pct": 0,
    "max_adverse_pct": 0,
    "outcome_tracked": false
  },
  {
    "symbol": "TSM",
    "timeframe": "historical_1w",
    "timestamp": "2025-11-02",
    "congress_score": 57.14285714285714,
    "insider_score": 50,
    "short_interest_pct": 0,
    "combined_score": 51.785714285714285,
    "price": 300.42999267578125,
    "price_change_24h": 0.7309279717623638,
    "rsi": 50,
    "position_pct": 97.15367479393832,
    "ta_score": 50,
    "signal_direction": "WAIT",
    "signal_name": "historical_import",
    "confidence": "MEDIUM",
    "hit_tp1": false,
    "hit_sl": false,
    "candles_to_result": 0,
    "max_favorable_pct": 0,
    "max_adverse_pct": 0,
    "outcome_tracked": false
  },
  {
    "symbol": "TSM",
    "timeframe": "historical_1w",
    "timestamp": "2025-11-09",
    "congress_score": 57.14285714285714,
    "insider_score": 50,
    "short_interest_pct": 0,
    "combined_score": 51.785714285714285,
    "price": 286.5,
    "price_change_24h": -6.022432012646687,
    "rsi": 50,
    "position_pct": 88.6452503058375,
    "ta_score": 50,
    "signal_direction": "WAIT",
    "signal_name": "historical_import",
    "confidence": "MEDIUM",
    "hit_tp1": false,
    "hit_sl": false,
    "candles_to_result": 0,
    "max_favorable_pct": 0,
    "max_adverse_pct": 0,
    "outcome_tracked": false
  },
  {
    "symbol": "TSM",
    "timeframe": "historical_1w",
    "timestamp": "2025-11-16",
    "congress_score": 50.0,
    "insider_score": 50,
    "short_interest_pct": 0,
    "combined_score": 50.0,
    "price": 284.82000732421875,
    "price_change_24h": -3.539127604657871,
    "rsi": 50,
    "position_pct": 87.61911259312363,
    "ta_score": 50,
    "signal_direction": "WAIT",
    "signal_name": "historical_import",
    "confidence": "MEDIUM",
    "hit_tp1": false,
    "hit_sl": false,
    "candles_to_result": 0,
    "max_favorable_pct": 0,
    "max_adverse_pct": 0,
    "outcome_tracked": false
  },
  {
    "symbol": "TSM",
    "timeframe": "historical_1w",
    "timestamp": "2025-11-23",
    "congress_score": 50.0,
    "insider_score": 50,
    "short_interest_pct": 0,
    "combined_score": 50.0,
    "price": 275.05999755859375,
    "price_change_24h": -2.4644558584311667,
    "rsi": 50,
    "position_pct": 81.65770916479846,
    "ta_score": 50,
    "signal_direction": "WAIT",
    "signal_name": "historical_import",
    "confidence": "MEDIUM",
    "hit_tp1": false,
    "hit_sl": false,
    "candles_to_result": 0,
    "max_favorable_pct": 0,
    "max_adverse_pct": 0,
    "outcome_tracked": false
  },
  {
    "symbol": "TSM",
    "timeframe": "historical_1w",
    "timestamp": "2025-11-30",
    "congress_score": 50.0,
    "insider_score": 50,
    "short_interest_pct": 0,
    "combined_score": 50.0,
    "price": 291.510009765625,
    "price_change_24h": 2.413573202514312,
    "rsi": 50,
    "position_pct": 91.70535886207387,
    "ta_score": 50,
    "signal_direction": "WAIT",
    "signal_name": "historical_import",
    "confidence": "MEDIUM",
    "hit_tp1": false,
    "hit_sl": false,
    "candles_to_result": 0,
    "max_favorable_pct": 0,
    "max_adverse_pct": 0,
    "outcome_tracked": false
  },
  {
    "symbol": "TSM",
    "timeframe": "historical_1w",
    "timestamp": "2025-12-07",
    "congress_score": 100.0,
    "insider_score": 50,
    "short_interest_pct": 0,
    "combined_score": 62.5,
    "price": 294.7200012207031,
    "price_change_24h": 2.4471665476076563,
    "rsi": 50,
    "position_pct": 93.6660181774564,
    "ta_score": 50,
    "signal_direction": "WAIT",
    "signal_name": "historical_import",
    "confidence": "MEDIUM",
    "hit_tp1": false,
    "hit_sl": false,
    "candles_to_result": 0,
    "max_favorable_pct": 0,
    "max_adverse_pct": 0,
    "outcome_tracked": false
  },
  {
    "symbol": "TSM",
    "timeframe": "historical_1w",
    "timestamp": "2025-12-14",
    "congress_score": 100.0,
    "insider_score": 50,
    "short_interest_pct": 0,
    "combined_score": 62.5,
    "price": 292.0400085449219,
    "price_change_24h": -3.2563642399933035,
    "rsi": 50,
    "position_pct": 89.27534276894235,
    "ta_score": 50,
    "signal_direction": "WAIT",
    "signal_name": "historical_import",
    "confidence": "MEDIUM",
    "hit_tp1": false,
    "hit_sl": false,
    "candles_to_result": 0,
    "max_favorable_pct": 0,
    "max_adverse_pct": 0,
    "outcome_tracked": false
  },
  {
    "symbol": "TSM",
    "timeframe": "historical_1w",
    "timestamp": "2025-12-21",
    "congress_score": 50,
    "insider_score": 50,
    "short_interest_pct": 0,
    "combined_score": 50.0,
    "price": 288.95001220703125,
    "price_change_24h": 0.4205261742278652,
    "rsi": 50,
    "position_pct": 87.44445103445483,
    "ta_score": 50,
    "signal_direction": "WAIT",
    "signal_name": "historical_import",
    "confidence": "MEDIUM",
    "hit_tp1": false,
    "hit_sl": false,
    "candles_to_result": 0,
    "max_favorable_pct": 0,
    "max_adverse_pct": 0,
    "outcome_tracked": false
  },
  {
    "symbol": "TSM",
    "timeframe": "historical_1w",
    "timestamp": "2025-12-28",
    "congress_score": 50,
    "insider_score": 50,
    "short_interest_pct": 0,
    "combined_score": 50.0,
    "price": 302.7488098144531,
    "price_change_24h": 3.2285907919284504,
    "rsi": 50,
    "position_pct": 95.62054631828978,
    "ta_score": 50,
    "signal_direction": "WAIT",
    "signal_name": "historical_import",
    "confidence": "MEDIUM",
    "hit_tp1": false,
    "hit_sl": false,
    "candles_to_result": 0,
    "max_favorable_pct": 0,
    "max_adverse_pct": 0,
    "outcome_tracked": false
  }
]