[
  {
    "symbol": "TXN",
    "timeframe": "historical_1w",
    "timestamp": "2025-06-29",
    "congress_score": 50.0,
    "insider_score": 50,
    "short_interest_pct": 0,
    "combined_score": 50.0,
    "price": 207.0800018310547,
    "price_change_24h": 2.8253649429718006,
    "rsi": 50,
    "position_pct": 100.0,
    "ta_score": 50,
    "signal_direction": "WAIT",
    "signal_name": "historical_import",
    "confidence": "MEDIUM",
    "hit_tp1": true,
    "hit_sl": false,
    "candles_to_result": 1,
    "max_favorable_pct": 6.8427651360105,
    "max_adverse_pct": -12.661773705263244,
    "outcome_tracked": true
  },
  {
    "symbol": "TXN",
    "timeframe": "historical_1w",
    "timestamp": "2025-07-06",
    "congress_score": 50.0,
    "insider_score": 50,
    "short_interest_pct": 0,
    "combined_score": 50.0,
    "price": 216.02000427246094,
    "price_change_24h": 4.045857505454712,
    "rsi": 50,
    "position_pct": 100.0,
    "ta_score": 50,
    "signal_direction": "WAIT",
    "signal_name": "historical_import",
    "confidence": "MEDIUM",
    "hit_tp1": false,
    "hit_sl": true,
    "candles_to_result": 3,
    "max_favorable_pct": 2.421070097259415,
    "max_adverse_pct": -16.276272089025092,
    "outcome_tracked": true
  },
  {
    "symbol": "TXN",
    "timeframe": "historical_1w",
    "timestamp": "2025-07-13",
    "congress_score": 16.666666666666664,
    "insider_score": 50,
    "short_interest_pct": 0,
    "combined_score": 41.666666666666664,
    "price": 221.25,
    "price_change_24h": 3.6736779922948872,
    "rsi": 50,
    "position_pct": 100.0,
    "ta_score": 50,
    "signal_direction": "WAIT",
    "signal_name": "historical_import",
    "confidence": "MEDIUM",
    "hit_tp1": true,
    "hit_sl": false,
    "candles_to_result": 2,
    "max_favorable_pct": -2.0926575741525424,
    "max_adverse_pct": -18.928815766242938,
    "outcome_tracked": true
  },
  {
    "symbol": "TXN",
    "timeframe": "historical_1w",
    "timestamp": "2025-07-20",
    "congress_score": 0.0,
    "insider_score": 50,
    "short_interest_pct": 0,
    "combined_score": 37.5,
    "price": 216.6199951171875,
    "price_change_24h": -1.5587402349472101,
    "rsi": 50,
    "position_pct": 93.87889354815869,
    "ta_score": 50,
    "signal_direction": "WAIT",
    "signal_name": "historical_import",
    "confidence": "MEDIUM",
    "hit_tp1": true,
    "hit_sl": false,
    "candles_to_result": 1,
    "max_favorable_pct": -4.874895114313423,
    "max_adverse_pct": -17.196011836233506,
    "outcome_tracked": true
  },
  {
    "symbol": "TXN",
    "timeframe": "historical_1w",
    "timestamp": "2025-07-27",
    "congress_score": 28.57142857142857,
    "insider_score": 50,
    "short_interest_pct": 0,
    "combined_score": 44.64285714285714,
    "price": 184.99000549316406,
    "price_change_24h": -13.785711339590359,
    "rsi": 50,
    "position_pct": 52.062407721544446,
    "ta_score": 50,
    "signal_direction": "WAIT",
    "signal_name": "historical_import",
    "confidence": "MEDIUM",
    "hit_tp1": false,
    "hit_sl": true,
    "candles_to_result": 3,
    "max_favorable_pct": 11.389800226914575,
    "max_adverse_pct": -3.038007572892493,
    "outcome_tracked": true
  },
  {
    "symbol": "TXN",
    "timeframe": "historical_1w",
    "timestamp": "2025-08-03",
    "congress_score": 33.33333333333333,
    "insider_score": 50,
    "short_interest_pct": 0,
    "combined_score": 45.83333333333333,
    "price": 180.86000061035156,
    "price_change_24h": -4.433288977357167,
    "rsi": 50,
    "position_pct": 46.60232718725282,
    "ta_score": 50,
    "signal_direction": "WAIT",
    "signal_name": "historical_import",
    "confidence": "MEDIUM",
    "hit_tp1": false,
    "hit_sl": true,
    "candles_to_result": 1,
    "max_favorable_pct": 13.93342743735447,
    "max_adverse_pct": -5.064692928893588,
    "outcome_tracked": true
  },
  {
    "symbol": "TXN",
    "timeframe": "historical_1w",
    "timestamp": "2025-08-10",
    "congress_score": 40.0,
    "insider_score": 50,
    "short_interest_pct": 0,
    "combined_score": 47.5,
    "price": 187.22000122070312,
    "price_change_24h": 2.4571803196771915,
    "rsi": 50,
    "position_pct": 55.010577665401215,
    "ta_score": 50,
    "signal_direction": "WAIT",
    "signal_name": "historical_import",
    "confidence": "MEDIUM",
    "hit_tp1": false,
    "hit_sl": true,
    "candles_to_result": 1,
    "max_favorable_pct": 10.063025432673303,
    "max_adverse_pct": -8.289714865542212,
    "outcome_tracked": true
  },
  {
    "symbol": "TXN",
    "timeframe": "historical_1w",
    "timestamp": "2025-08-17",
    "congress_score": 33.33333333333333,
    "insider_score": 50,
    "short_interest_pct": 0,
    "combined_score": 45.83333333333333,
    "price": 194.57000732421875,
    "price_change_24h": 5.911491052997608,
    "rsi": 50,
    "position_pct": 64.72766672254564,
    "ta_score": 50,
    "signal_direction": "WAIT",
    "signal_name": "historical_import",
    "confidence": "MEDIUM",
    "hit_tp1": false,
    "hit_sl": true,
    "candles_to_result": 1,
    "max_favorable_pct": 5.905324460017535,
    "max_adverse_pct": -13.07498662885626,
    "outcome_tracked": true
  },
  {
    "symbol": "TXN",
    "timeframe": "historical_1w",
    "timestamp": "2025-08-24",
    "congress_score": 0.0,
    "insider_score": 50,
    "short_interest_pct": 0,
    "combined_score": 37.5,
    "price": 206.05999755859375,
    "price_change_24h": 6.036121863332666,
    "rsi": 50,
    "position_pct": 79.91802939717495,
    "ta_score": 50,
    "signal_direction": "WAIT",
    "signal_name": "historical_import",
    "confidence": "MEDIUM",
    "hit_tp1": true,
    "hit_sl": false,
    "candles_to_result": 2,
    "max_favorable_pct": -1.7373589602400648,
    "max_adverse_pct": -21.64417711984318,
    "outcome_tracked": true
  },
  {
    "symbol": "TXN",
    "timeframe": "historical_1w",
    "timestamp": "2025-08-31",
    "congress_score": 0.0,
    "insider_score": 50,
    "short_interest_pct": 0,
    "combined_score": 37.5,
    "price": 202.47999572753906,
    "price_change_24h": -1.6944241746274573,
    "rsi": 50,
    "position_pct": 75.18508140677,
    "ta_score": 50,
    "signal_direction": "WAIT",
    "signal_name": "historical_import",
    "confidence": "MEDIUM",
    "hit_tp1": true,
    "hit_sl": false,
    "candles_to_result": 1,
    "max_favorable_pct": -7.185896562017205,
    "max_adverse_pct": -20.708214915315903,
    "outcome_tracked": true
  },
  {
    "symbol": "TXN",
    "timeframe": "historical_1w",
    "timestamp": "2025-09-07",
    "congress_score": 0.0,
    "insider_score": 50,
    "short_interest_pct": 0,
    "combined_score": 37.5,
    "price": 187.92999267578125,
    "price_change_24h": -5.945650882323203,
    "rsi": 50,
    "position_pct": 55.94922317149212,
    "ta_score": 50,
    "signal_direction": "WAIT",
    "signal_name": "historical_import",
    "confidence": "MEDIUM",
    "hit_tp1": true,
    "hit_sl": false,
    "candles_to_result": 2,
    "max_favorable_pct": -1.7985365592253444,
    "max_adverse_pct": -15.218428116510152,
    "outcome_tracked": true
  },
  {
    "symbol": "TXN",
    "timeframe": "historical_1w",
    "timestamp": "2025-09-14",
    "congress_score": 50,
    "insider_score": 50,
    "short_interest_pct": 0,
    "combined_score": 50.0,
    "price": 182.60000610351562,
    "price_change_24h": -1.7328603453797453,
    "rsi": 50,
    "position_pct": 48.902704642573354,
    "ta_score": 50,
    "signal_direction": "WAIT",
    "signal_name": "historical_import",
    "confidence": "MEDIUM",
    "hit_tp1": false,
    "hit_sl": true,
    "candles_to_result": 4,
    "max_favorable_pct": 1.0679062886431328,
    "max_adverse_pct": -12.743703994877862,
    "outcome_tracked": true
  },
  {
    "symbol": "TXN",
    "timeframe": "historical_1w",
    "timestamp": "2025-09-21",
    "congress_score": 50,
    "insider_score": 50,
    "short_interest_pct": 0,
    "combined_score": 50.0,
    "price": 179.3699951171875,
    "price_change_24h": 0.6565646402817481,
    "rsi": 50,
    "position_pct": 44.63246269070712,
    "ta_score": 50,
    "signal_direction": "WAIT",
    "signal_name": "historical_import",
    "confidence": "MEDIUM",
    "hit_tp1": false,
    "hit_sl": true,
    "candles_to_result": 3,
    "max_favorable_pct": 2.8878898787871776,
    "max_adverse_pct": -11.172433423460884,
    "outcome_tracked": true
  },
  {
    "symbol": "TXN",
    "timeframe": "historical_1w",
    "timestamp": "2025-09-28",
    "congress_score": 0.0,
    "insider_score": 50,
    "short_interest_pct": 0,
    "combined_score": 37.5,
    "price": 184.5500030517578,
    "price_change_24h": 2.744687712163605,
    "rsi": 50,
    "position_pct": 51.48070168643512,
    "ta_score": 50,
    "signal_direction": "WAIT",
    "signal_name": "historical_import",
    "confidence": "MEDIUM",
    "hit_tp1": true,
    "hit_sl": false,
    "candles_to_result": 2,
    "max_favorable_pct": -1.089141009150395,
    "max_adverse_pct": -13.665673694749314,
    "outcome_tracked": true
  },
  {
    "symbol": "TXN",
    "timeframe": "historical_1w",
    "timestamp": "2025-10-05",
    "congress_score": 0.0,
    "insider_score": 50,
    "short_interest_pct": 0,
    "combined_score": 37.5,
    "price": 180.32000732421875,
    "price_change_24h": -1.588161584442447,
    "rsi": 50,
    "position_pct": 45.8884280723796,
    "ta_score": 50,
    "signal_direction": "WAIT",
    "signal_name": "historical_import",
    "confidence": "MEDIUM",
    "hit_tp1": true,
    "hit_sl": false,
    "candles_to_result": 1,
    "max_favorable_pct": 1.2311367966631046,
    "max_adverse_pct": -11.640419609912527,
    "outcome_tracked": true
  },
  {
    "symbol": "TXN",
    "timeframe": "historical_1w",
    "timestamp": "2025-10-12",
    "congress_score": 0.0,
    "insider_score": 50,
    "short_interest_pct": 0,
    "combined_score": 37.5,
    "price": 171.6999969482422,
    "price_change_24h": -5.5607506441406285,
    "rsi": 50,
    "position_pct": 34.49232753624416,
    "ta_score": 50,
    "signal_direction": "WAIT",
    "signal_name": "historical_import",
    "confidence": "MEDIUM",
    "hit_tp1": false,
    "hit_sl": true,
    "candles_to_result": 1,
    "max_favorable_pct": 6.31333519543292,
    "max_adverse_pct": -7.20442360923067,
    "outcome_tracked": true
  },
  {
    "symbol": "TXN",
    "timeframe": "historical_1w",
    "timestamp": "2025-10-19",
    "congress_score": 0.0,
    "insider_score": 50,
    "short_interest_pct": 0,
    "combined_score": 37.5,
    "price": 176.5800018310547,
    "price_change_24h": 0.8394730258576828,
    "rsi": 50,
    "position_pct": 40.94394694686032,
    "ta_score": 50,
    "signal_direction": "WAIT",
    "signal_name": "historical_import",
    "confidence": "MEDIUM",
    "hit_tp1": true,
    "hit_sl": false,
    "candles_to_result": 1,
    "max_favorable_pct": 3.375235809987378,
    "max_adverse_pct": -9.768943153882267,
    "outcome_tracked": true
  },
  {
    "symbol": "TXN",
    "timeframe": "historical_1w",
    "timestamp": "2025-10-26",
    "congress_score": 25.0,
    "insider_score": 50,
    "short_interest_pct": 0,
    "combined_score": 43.75,
    "price": 169.1300048828125,
    "price_change_24h": -5.824373110069068,
    "rsi": 50,
    "position_pct": 31.09466480995202,
    "ta_score": 50,
    "signal_direction": "WAIT",
    "signal_name": "historical_import",
    "confidence": "MEDIUM",
    "hit_tp1": false,
    "hit_sl": false,
    "candles_to_result": 0,
    "max_favorable_pct": 0,
    "max_adverse_pct": 0,
    "outcome_tracked": false
  },
  {
    "symbol": "TXN",
    "timeframe": "historical_1w",
    "timestamp": "2025-11-02",
    "congress_score": 25.0,
    "insider_score": 50,
    "short_interest_pct": 0,
    "combined_score": 43.75,
    "price": 161.4600067138672,
    "price_change_24h": -4.692755313374863,
    "rsi": 50,
    "position_pct": 20.95452965548906,
    "ta_score": 50,
    "signal_direction": "WAIT",
    "signal_name": "historical_import",
    "confidence": "MEDIUM",
    "hit_tp1": false,
    "hit_sl": false,
    "candles_to_result": 0,
    "max_favorable_pct": 0,
    "max_adverse_pct": 0,
    "outcome_tracked": false
  },
  {
    "symbol": "TXN",
    "timeframe": "historical_1w",
    "timestamp": "2025-11-09",
    "congress_score": 25.0,
    "insider_score": 50,
    "short_interest_pct": 0,
    "combined_score": 43.75,
    "price": 160.5500030517578,
    "price_change_24h": -0.5636093300318302,
    "rsi": 50,
    "position_pct": 19.751457644050213,
    "ta_score": 50,
    "signal_direction": "WAIT",
    "signal_name": "historical_import",
    "confidence": "MEDIUM",
    "hit_tp1": false,
    "hit_sl": false,
    "candles_to_result": 0,
    "max_favorable_pct": 0,
    "max_adverse_pct": 0,
    "outcome_tracked": false
  },
  {
    "symbol": "TXN",
    "timeframe": "historical_1w",
    "timestamp": "2025-11-16",
    "congress_score": 50.0,
    "insider_score": 50,
    "short_interest_pct": 0,
    "combined_score": 50.0,
    "price": 159.3300018310547,
    "price_change_24h": -0.7784281889068091,
    "rsi": 50,
    "position_pct": 18.138552791396172,
    "ta_score": 50,
    "signal_direction": "WAIT",
    "signal_name": "historical_import",
    "confidence": "MEDIUM",
    "hit_tp1": false,
    "hit_sl": false,
    "candles_to_result": 0,
    "max_favorable_pct": 0,
    "max_adverse_pct": 0,
    "outcome_tracked": false
  },
  {
    "symbol": "TXN",
    "timeframe": "historical_1w",
    "timestamp": "2025-11-23",
    "congress_score": 0.0,
    "insider_score": 50,
    "short_interest_pct": 0,
    "combined_score": 37.5,
    "price": 159.39999389648438,
    "price_change_24h": 2.845337277902618,
    "rsi": 50,
    "position_pct": 18.231085929939887,
    "ta_score": 50,
    "signal_direction": "WAIT",
    "signal_name": "historical_import",
    "confidence": "MEDIUM",
    "hit_tp1": false,
    "hit_sl": false,
    "candles_to_result": 0,
    "max_favorable_pct": 0,
    "max_adverse_pct": 0,
    "outcome_tracked": false
  },
  {
    "symbol": "TXN",
    "timeframe": "historical_1w",
    "timestamp": "2025-11-30",
    "congress_score": 50.0,
    "insider_score": 50,
    "short_interest_pct": 0,
    "combined_score": 50.0,
    "price": 168.27000427246094,
    "price_change_24h": 4.347023443144071,
    "rsi": 50,
    "position_pct": 29.95769942485016,
    "ta_score": 50,
    "signal_direction": "WAIT",
    "signal_name": "historical_import",
    "confidence": "MEDIUM",
    "hit_tp1": false,
    "hit_sl": false,
    "candles_to_result": 0,
    "max_favorable_pct": 0,
    "max_adverse_pct": 0,
    "outcome_tracked": false
  },
  {
    "symbol": "TXN",
    "timeframe": "historical_1w",
    "timestamp": "2025-12-07",
    "congress_score": 50.0,
    "insider_score": 50,
    "short_interest_pct": 0,
    "combined_score": 50.0,
    "price": 182.5399932861328,
    "price_change_24h": 8.551373281911747,
    "rsi": 50,
    "position_pct": 48.823364587222926,
    "ta_score": 50,
    "signal_direction": "WAIT",
    "signal_name": "historical_import",
    "confidence": "MEDIUM",
    "hit_tp1": false,
    "hit_sl": false,
    "candles_to_result": 0,
    "max_favorable_pct": 0,
    "max_adverse_pct": 0,
    "outcome_tracked": false
  },
  {
    "symbol": "TXN",
    "timeframe": "historical_1w",
    "timestamp": "2025-12-14",
    "congress_score": 100.0,
    "insider_score": 50,
    "short_interest_pct": 0,
    "combined_score": 62.5,
    "price": 179.4199981689453,
    "price_change_24h": -0.8400598275404357,
    "rsi": 50,
    "position_pct": 44.69856931704411,
    "ta_score": 50,
    "signal_direction": "WAIT",
    "signal_name": "historical_import",
    "confidence": "MEDIUM",
    "hit_tp1": false,
    "hit_sl": false,
    "candles_to_result": 0,
    "max_favorable_pct": 0,
    "max_adverse_pct": 0,
    "outcome_tracked": false
  },
  {
    "symbol": "TXN",
    "timeframe": "historical_1w",
    "timestamp": "2025-12-21",
    "congress_score": 100.0,
    "insider_score": 50,
    "short_interest_pct": 0,
    "combined_score": 62.5,
    "price": 176.2899932861328,
    "price_change_24h": -0.9439837742580621,
    "rsi": 50,
    "position_pct": 40.560540617851856,
    "ta_score": 50,
    "signal_direction": "WAIT",
    "signal_name": "historical_import",
    "confidence": "MEDIUM",
    "hit_tp1": false,
    "hit_sl": false,
    "candles_to_result": 0,
    "max_favorable_pct": 0,
    "max_adverse_pct": 0,
    "outcome_tracked": false
  },
  {
    "symbol": "TXN",
    "timeframe": "historical_1w",
    "timestamp": "2025-12-28",
    "congress_score": 50,
    "insider_score": 50,
    "short_interest_pct": 0,
    "combined_score": 50.0,
    "price": 176.89500427246094,
    "price_change_24h": -1.076503172414923,
    "rsi": 50,
    "position_pct": 41.36039650258223,
    "ta_score": 50,
    "signal_direction": "WAIT",
    "signal_name": "historical_import",
    "confidence": "MEDIUM",
    "hit_tp1": false,
    "hit_sl": false,
    "candles_to_result": 0,
    "max_favorable_pct": 0,
    "max_adverse_pct": 0,
    "outcome_tracked": false
  }
]