[
  {
    "symbol": "UNH",
    "timeframe": "historical_1w",
    "timestamp": "2025-06-29",
    "congress_score": 33.33333333333333,
    "insider_score": 50,
    "short_interest_pct": 0,
    "combined_score": 45.83333333333333,
    "price": 309.1099853515625,
    "price_change_24h": 2.803642703580609,
    "rsi": 50,
    "position_pct": 10.691431789141085,
    "ta_score": 50,
    "signal_direction": "WAIT",
    "signal_name": "historical_import",
    "confidence": "MEDIUM",
    "hit_tp1": true,
    "hit_sl": false,
    "candles_to_result": 3,
    "max_favorable_pct": -0.1811644997352135,
    "max_adverse_pct": -23.079157730205285,
    "outcome_tracked": true
  },
  {
    "symbol": "UNH",
    "timeframe": "historical_1w",
    "timestamp": "2025-07-06",
    "congress_score": 40.0,
    "insider_score": 50,
    "short_interest_pct": 0,
    "combined_score": 47.5,
    "price": 308.54998779296875,
    "price_change_24h": -1.0962635555829892,
    "rsi": 50,
    "position_pct": 10.519188426822994,
    "ta_score": 50,
    "signal_direction": "WAIT",
    "signal_name": "historical_import",
    "confidence": "MEDIUM",
    "hit_tp1": true,
    "hit_sl": false,
    "candles_to_result": 2,
    "max_favorable_pct": 0.4278098773105284,
    "max_adverse_pct": -22.939551554284893,
    "outcome_tracked": true
  },
  {
    "symbol": "UNH",
    "timeframe": "historical_1w",
    "timestamp": "2025-07-13",
    "congress_score": 44.44444444444444,
    "insider_score": 50,
    "short_interest_pct": 0,
    "combined_score": 48.611111111111114,
    "price": 304.1000061035156,
    "price_change_24h": 0.12841679872596068,
    "rsi": 50,
    "position_pct": 9.150468516025343,
    "ta_score": 50,
    "signal_direction": "WAIT",
    "signal_name": "historical_import",
    "confidence": "MEDIUM",
    "hit_tp1": false,
    "hit_sl": true,
    "candles_to_result": 1,
    "max_favorable_pct": 3.712597276659954,
    "max_adverse_pct": -21.811904143295532,
    "outcome_tracked": true
  },
  {
    "symbol": "UNH",
    "timeframe": "historical_1w",
    "timestamp": "2025-07-20",
    "congress_score": 44.44444444444444,
    "insider_score": 50,
    "short_interest_pct": 0,
    "combined_score": 48.611111111111114,
    "price": 282.6499938964844,
    "price_change_24h": -5.965131903906886,
    "rsi": 50,
    "position_pct": 2.552900066653957,
    "ta_score": 50,
    "signal_direction": "WAIT",
    "signal_name": "historical_import",
    "confidence": "MEDIUM",
    "hit_tp1": false,
    "hit_sl": true,
    "candles_to_result": 2,
    "max_favorable_pct": 24.716086105675146,
    "max_adverse_pct": -15.878291382684392,
    "outcome_tracked": true
  },
  {
    "symbol": "UNH",
    "timeframe": "historical_1w",
    "timestamp": "2025-07-27",
    "congress_score": 50.0,
    "insider_score": 50,
    "short_interest_pct": 0,
    "combined_score": 50.0,
    "price": 281.05999755859375,
    "price_change_24h": -0.38279472381452617,
    "rsi": 50,
    "position_pct": 2.0638509429408898,
    "ta_score": 50,
    "signal_direction": "WAIT",
    "signal_name": "historical_import",
    "confidence": "MEDIUM",
    "hit_tp1": false,
    "hit_sl": true,
    "candles_to_result": 1,
    "max_favorable_pct": 25.421622723858373,
    "max_adverse_pct": -15.402402925413805,
    "outcome_tracked": true
  },
  {
    "symbol": "UNH",
    "timeframe": "historical_1m",
    "timestamp": "2025-07-28",
    "congress_score": 41.17647058823529,
    "insider_score": 50,
    "short_interest_pct": 0,
    "combined_score": 47.794117647058826,
    "price": 0,
    "price_change_24h": 0,
    "rsi": 50,
    "position_pct": 50,
    "ta_score": 50,
    "signal_direction": "WAIT",
    "signal_name": "quiver_only_import",
    "confidence": "LOW",
    "hit_tp1": false,
    "hit_sl": false,
    "candles_to_result": 0,
    "max_favorable_pct": 0,
    "max_adverse_pct": 0,
    "outcome_tracked": false
  },
  {
    "symbol": "UNH",
    "timeframe": "historical_1w",
    "timestamp": "2025-08-03",
    "congress_score": 37.5,
    "insider_score": 50,
    "short_interest_pct": 0,
    "combined_score": 46.875,
    "price": 237.77000427246094,
    "price_change_24h": -15.7202579088038,
    "rsi": 50,
    "position_pct": 0.0,
    "ta_score": 50,
    "signal_direction": "WAIT",
    "signal_name": "historical_import",
    "confidence": "MEDIUM",
    "hit_tp1": false,
    "hit_sl": true,
    "candles_to_result": 1,
    "max_favorable_pct": 48.25672012087923,
    "max_adverse_pct": 5.517935349891015,
    "outcome_tracked": true
  },
  {
    "symbol": "UNH",
    "timeframe": "historical_1w",
    "timestamp": "2025-08-10",
    "congress_score": 38.46153846153847,
    "insider_score": 50,
    "short_interest_pct": 0,
    "combined_score": 47.11538461538461,
    "price": 250.88999938964844,
    "price_change_24h": 4.112376063494496,
    "rsi": 50,
    "position_pct": 3.6273144414854492,
    "ta_score": 50,
    "signal_direction": "WAIT",
    "signal_name": "historical_import",
    "confidence": "MEDIUM",
    "hit_tp1": false,
    "hit_sl": true,
    "candles_to_result": 1,
    "max_favorable_pct": 43.56889994950228,
    "max_adverse_pct": 21.172629640561215,
    "outcome_tracked": true
  },
  {
    "symbol": "UNH",
    "timeframe": "historical_1w",
    "timestamp": "2025-08-17",
    "congress_score": 35.714285714285715,
    "insider_score": 50,
    "short_interest_pct": 0,
    "combined_score": 46.42857142857143,
    "price": 304.010009765625,
    "price_change_24h": 20.462026250172315,
    "rsi": 50,
    "position_pct": 18.31352270967432,
    "ta_score": 50,
    "signal_direction": "WAIT",
    "signal_name": "historical_import",
    "confidence": "MEDIUM",
    "hit_tp1": false,
    "hit_sl": true,
    "candles_to_result": 3,
    "max_favorable_pct": 18.48294484932442,
    "max_adverse_pct": 1.1216747977273183,
    "outcome_tracked": true
  },
  {
    "symbol": "UNH",
    "timeframe": "historical_1w",
    "timestamp": "2025-08-24",
    "congress_score": 28.57142857142857,
    "insider_score": 50,
    "short_interest_pct": 0,
    "combined_score": 44.64285714285714,
    "price": 307.4200134277344,
    "price_change_24h": -0.3468432819579368,
    "rsi": 50,
    "position_pct": 19.256294061234026,
    "ta_score": 50,
    "signal_direction": "WAIT",
    "signal_name": "historical_import",
    "confidence": "MEDIUM",
    "hit_tp1": false,
    "hit_sl": true,
    "candles_to_result": 2,
    "max_favorable_pct": 17.168693147462875,
    "max_adverse_pct": 0.7969493144365649,
    "outcome_tracked": true
  },
  {
    "symbol": "UNH",
    "timeframe": "historical_1m",
    "timestamp": "2025-08-28",
    "congress_score": 45.83333333333333,
    "insider_score": 50,
    "short_interest_pct": 0,
    "combined_score": 48.95833333333333,
    "price": 0,
    "price_change_24h": 0,
    "rsi": 50,
    "position_pct": 50,
    "ta_score": 50,
    "signal_direction": "WAIT",
    "signal_name": "quiver_only_import",
    "confidence": "LOW",
    "hit_tp1": false,
    "hit_sl": false,
    "candles_to_result": 0,
    "max_favorable_pct": 0,
    "max_adverse_pct": 0,
    "outcome_tracked": false
  },
  {
    "symbol": "UNH",
    "timeframe": "historical_1w",
    "timestamp": "2025-08-31",
    "congress_score": 43.75,
    "insider_score": 50,
    "short_interest_pct": 0,
    "combined_score": 48.4375,
    "price": 309.8699951171875,
    "price_change_24h": 1.6433805702140574,
    "rsi": 50,
    "position_pct": 19.933645987370515,
    "ta_score": 50,
    "signal_direction": "WAIT",
    "signal_name": "historical_import",
    "confidence": "MEDIUM",
    "hit_tp1": true,
    "hit_sl": false,
    "candles_to_result": 2,
    "max_favorable_pct": 16.984543748067228,
    "max_adverse_pct": 1.7813985278446929,
    "outcome_tracked": true
  },
  {
    "symbol": "UNH",
    "timeframe": "historical_1w",
    "timestamp": "2025-09-07",
    "congress_score": 62.5,
    "insider_score": 50,
    "short_interest_pct": 0,
    "combined_score": 53.125,
    "price": 315.3900146484375,
    "price_change_24h": 2.1340761385932936,
    "rsi": 50,
    "position_pct": 21.459778153132866,
    "ta_score": 50,
    "signal_direction": "WAIT",
    "signal_name": "historical_import",
    "confidence": "MEDIUM",
    "hit_tp1": true,
    "hit_sl": false,
    "candles_to_result": 1,
    "max_favorable_pct": 14.937056711854238,
    "max_adverse_pct": 6.753539048061386,
    "outcome_tracked": true
  },
  {
    "symbol": "UNH",
    "timeframe": "historical_1w",
    "timestamp": "2025-09-14",
    "congress_score": 61.53846153846154,
    "insider_score": 50,
    "short_interest_pct": 0,
    "combined_score": 52.88461538461539,
    "price": 352.510009765625,
    "price_change_24h": 10.073383221116314,
    "rsi": 50,
    "position_pct": 31.722426359461416,
    "ta_score": 50,
    "signal_direction": "WAIT",
    "signal_name": "historical_import",
    "confidence": "MEDIUM",
    "hit_tp1": false,
    "hit_sl": true,
    "candles_to_result": 1,
    "max_favorable_pct": 2.8339593082809458,
    "max_adverse_pct": -8.028146017573471,
    "outcome_tracked": true
  },
  {
    "symbol": "UNH",
    "timeframe": "historical_1w",
    "timestamp": "2025-09-21",
    "congress_score": 72.72727272727273,
    "insider_score": 50,
    "short_interest_pct": 0,
    "combined_score": 55.68181818181819,
    "price": 336.69000244140625,
    "price_change_24h": -3.2194118070188056,
    "rsi": 50,
    "position_pct": 27.348633494525842,
    "ta_score": 50,
    "signal_direction": "WAIT",
    "signal_name": "historical_import",
    "confidence": "MEDIUM",
    "hit_tp1": true,
    "hit_sl": false,
    "candles_to_result": 2,
    "max_favorable_pct": 7.665804559517751,
    "max_adverse_pct": -4.40465026650876,
    "outcome_tracked": true
  },
  {
    "symbol": "UNH",
    "timeframe": "historical_1m",
    "timestamp": "2025-09-28",
    "congress_score": 52.0,
    "insider_score": 50,
    "short_interest_pct": 0,
    "combined_score": 50.5,
    "price": 0,
    "price_change_24h": 0,
    "rsi": 50,
    "position_pct": 50,
    "ta_score": 50,
    "signal_direction": "WAIT",
    "signal_name": "quiver_only_import",
    "confidence": "LOW",
    "hit_tp1": false,
    "hit_sl": false,
    "candles_to_result": 0,
    "max_favorable_pct": 0,
    "max_adverse_pct": 0,
    "outcome_tracked": false
  },
  {
    "symbol": "UNH",
    "timeframe": "historical_1w",
    "timestamp": "2025-09-28",
    "congress_score": 66.66666666666666,
    "insider_score": 50,
    "short_interest_pct": 0,
    "combined_score": 54.166666666666664,
    "price": 344.0799865722656,
    "price_change_24h": 0.8145323406759719,
    "rsi": 50,
    "position_pct": 29.39175896224025,
    "ta_score": 50,
    "signal_direction": "WAIT",
    "signal_name": "historical_import",
    "confidence": "MEDIUM",
    "hit_tp1": true,
    "hit_sl": false,
    "candles_to_result": 1,
    "max_favorable_pct": 5.353410296028857,
    "max_adverse_pct": -7.007087390274233,
    "outcome_tracked": true
  },
  {
    "symbol": "UNH",
    "timeframe": "historical_1w",
    "timestamp": "2025-10-05",
    "congress_score": 60.0,
    "insider_score": 50,
    "short_interest_pct": 0,
    "combined_score": 52.5,
    "price": 360.20001220703125,
    "price_change_24h": 4.351358667927756,
    "rsi": 50,
    "position_pct": 33.848498561594276,
    "ta_score": 50,
    "signal_direction": "WAIT",
    "signal_name": "historical_import",
    "confidence": "MEDIUM",
    "hit_tp1": false,
    "hit_sl": true,
    "candles_to_result": 4,
    "max_favorable_pct": 0.6385307370969193,
    "max_adverse_pct": -11.16879778538298,
    "outcome_tracked": true
  },
  {
    "symbol": "UNH",
    "timeframe": "historical_1w",
    "timestamp": "2025-10-12",
    "congress_score": 50.0,
    "insider_score": 50,
    "short_interest_pct": 0,
    "combined_score": 50.0,
    "price": 354.5,
    "price_change_24h": -1.19017452530266,
    "rsi": 50,
    "position_pct": 32.27260341753876,
    "ta_score": 50,
    "signal_direction": "WAIT",
    "signal_name": "historical_import",
    "confidence": "MEDIUM",
    "hit_tp1": false,
    "hit_sl": true,
    "candles_to_result": 3,
    "max_favorable_pct": 2.2566995768688294,
    "max_adverse_pct": -9.740479204315058,
    "outcome_tracked": true
  },
  {
    "symbol": "UNH",
    "timeframe": "historical_1w",
    "timestamp": "2025-10-19",
    "congress_score": 66.66666666666666,
    "insider_score": 50,
    "short_interest_pct": 0,
    "combined_score": 54.166666666666664,
    "price": 356.6000061035156,
    "price_change_24h": -0.5743594316511681,
    "rsi": 50,
    "position_pct": 32.853196809415174,
    "ta_score": 50,
    "signal_direction": "WAIT",
    "signal_name": "historical_import",
    "confidence": "MEDIUM",
    "hit_tp1": false,
    "hit_sl": true,
    "candles_to_result": 2,
    "max_favorable_pct": 1.654513122686738,
    "max_adverse_pct": -10.272014653914324,
    "outcome_tracked": true
  },
  {
    "symbol": "UNH",
    "timeframe": "historical_1w",
    "timestamp": "2025-10-26",
    "congress_score": 100.0,
    "insider_score": 50,
    "short_interest_pct": 0,
    "combined_score": 62.5,
    "price": 362.5,
    "price_change_24h": -0.5432426818057785,
    "rsi": 50,
    "position_pct": 34.48438133915313,
    "ta_score": 50,
    "signal_direction": "WAIT",
    "signal_name": "historical_import",
    "confidence": "MEDIUM",
    "hit_tp1": false,
    "hit_sl": true,
    "candles_to_result": 1,
    "max_favorable_pct": -5.699311355064656,
    "max_adverse_pct": -11.732413456357758,
    "outcome_tracked": true
  },
  {
    "symbol": "UNH",
    "timeframe": "historical_1m",
    "timestamp": "2025-10-28",
    "congress_score": 63.63636363636363,
    "insider_score": 50,
    "short_interest_pct": 0,
    "combined_score": 53.40909090909091,
    "price": 0,
    "price_change_24h": 0,
    "rsi": 50,
    "position_pct": 50,
    "ta_score": 50,
    "signal_direction": "WAIT",
    "signal_name": "quiver_only_import",
    "confidence": "LOW",
    "hit_tp1": false,
    "hit_sl": false,
    "candles_to_result": 0,
    "max_favorable_pct": 0,
    "max_adverse_pct": 0,
    "outcome_tracked": false
  },
  {
    "symbol": "UNH",
    "timeframe": "historical_1w",
    "timestamp": "2025-11-02",
    "congress_score": 40.0,
    "insider_score": 50,
    "short_interest_pct": 0,
    "combined_score": 47.5,
    "price": 341.55999755859375,
    "price_change_24h": -6.6724992334749755,
    "rsi": 50,
    "position_pct": 28.695051954346475,
    "ta_score": 50,
    "signal_direction": "WAIT",
    "signal_name": "historical_import",
    "confidence": "MEDIUM",
    "hit_tp1": false,
    "hit_sl": false,
    "candles_to_result": 0,
    "max_favorable_pct": 0,
    "max_adverse_pct": 0,
    "outcome_tracked": false
  },
  {
    "symbol": "UNH",
    "timeframe": "historical_1w",
    "timestamp": "2025-11-09",
    "congress_score": 50.0,
    "insider_score": 50,
    "short_interest_pct": 0,
    "combined_score": 50.0,
    "price": 324.2099914550781,
    "price_change_24h": -2.8700730532964585,
    "rsi": 50,
    "position_pct": 23.89825689939268,
    "ta_score": 50,
    "signal_direction": "WAIT",
    "signal_name": "historical_import",
    "confidence": "MEDIUM",
    "hit_tp1": false,
    "hit_sl": false,
    "candles_to_result": 0,
    "max_favorable_pct": 0,
    "max_adverse_pct": 0,
    "outcome_tracked": false
  },
  {
    "symbol": "UNH",
    "timeframe": "historical_1w",
    "timestamp": "2025-11-16",
    "congress_score": 44.44444444444444,
    "insider_score": 50,
    "short_interest_pct": 0,
    "combined_score": 48.611111111111114,
    "price": 321.8599853515625,
    "price_change_24h": 0.08706971546376177,
    "rsi": 50,
    "position_pct": 23.248545447465823,
    "ta_score": 50,
    "signal_direction": "WAIT",
    "signal_name": "historical_import",
    "confidence": "MEDIUM",
    "hit_tp1": false,
    "hit_sl": false,
    "candles_to_result": 0,
    "max_favorable_pct": 0,
    "max_adverse_pct": 0,
    "outcome_tracked": false
  },
  {
    "symbol": "UNH",
    "timeframe": "historical_1w",
    "timestamp": "2025-11-23",
    "congress_score": 44.44444444444444,
    "insider_score": 50,
    "short_interest_pct": 0,
    "combined_score": 48.611111111111114,
    "price": 319.9700012207031,
    "price_change_24h": -0.171592353619259,
    "rsi": 50,
    "position_pct": 22.72601730086129,
    "ta_score": 50,
    "signal_direction": "WAIT",
    "signal_name": "historical_import",
    "confidence": "MEDIUM",
    "hit_tp1": false,
    "hit_sl": false,
    "candles_to_result": 0,
    "max_favorable_pct": 0,
    "max_adverse_pct": 0,
    "outcome_tracked": false
  },
  {
    "symbol": "UNH",
    "timeframe": "historical_1m",
    "timestamp": "2025-11-28",
    "congress_score": 50.0,
    "insider_score": 50,
    "short_interest_pct": 0,
    "combined_score": 50.0,
    "price": 0,
    "price_change_24h": 0,
    "rsi": 50,
    "position_pct": 50,
    "ta_score": 50,
    "signal_direction": "WAIT",
    "signal_name": "quiver_only_import",
    "confidence": "LOW",
    "hit_tp1": false,
    "hit_sl": false,
    "candles_to_result": 0,
    "max_favorable_pct": 0,
    "max_adverse_pct": 0,
    "outcome_tracked": false
  },
  {
    "symbol": "UNH",
    "timeframe": "historical_1w",
    "timestamp": "2025-11-30",
    "congress_score": 50.0,
    "insider_score": 50,
    "short_interest_pct": 0,
    "combined_score": 50.0,
    "price": 329.7699890136719,
    "price_change_24h": 3.359975436720381,
    "rsi": 50,
    "position_pct": 25.435441879933613,
    "ta_score": 50,
    "signal_direction": "WAIT",
    "signal_name": "historical_import",
    "confidence": "MEDIUM",
    "hit_tp1": false,
    "hit_sl": false,
    "candles_to_result": 0,
    "max_favorable_pct": 0,
    "max_adverse_pct": 0,
    "outcome_tracked": false
  },
  {
    "symbol": "UNH",
    "timeframe": "historical_1w",
    "timestamp": "2025-12-07",
    "congress_score": 33.33333333333333,
    "insider_score": 50,
    "short_interest_pct": 0,
    "combined_score": 45.83333333333333,
    "price": 330.9100036621094,
    "price_change_24h": 2.38235587098224,
    "rsi": 50,
    "position_pct": 25.750624283649987,
    "ta_score": 50,
    "signal_direction": "WAIT",
    "signal_name": "historical_import",
    "confidence": "MEDIUM",
    "hit_tp1": false,
    "hit_sl": false,
    "candles_to_result": 0,
    "max_favorable_pct": 0,
    "max_adverse_pct": 0,
    "outcome_tracked": false
  },
  {
    "symbol": "UNH",
    "timeframe": "historical_1w",
    "timestamp": "2025-12-14",
    "congress_score": 50,
    "insider_score": 50,
    "short_interest_pct": 0,
    "combined_score": 50.0,
    "price": 341.8399963378906,
    "price_change_24h": 5.630060409000809,
    "rsi": 50,
    "position_pct": 28.77246384411245,
    "ta_score": 50,
    "signal_direction": "WAIT",
    "signal_name": "historical_import",
    "confidence": "MEDIUM",
    "hit_tp1": false,
    "hit_sl": false,
    "candles_to_result": 0,
    "max_favorable_pct": 0,
    "max_adverse_pct": 0,
    "outcome_tracked": false
  },
  {
    "symbol": "UNH",
    "timeframe": "historical_1w",
    "timestamp": "2025-12-21",
    "congress_score": 50,
    "insider_score": 50,
    "short_interest_pct": 0,
    "combined_score": 50.0,
    "price": 327.4200134277344,
    "price_change_24h": -4.010551870711401,
    "rsi": 50,
    "position_pct": 24.785738865269945,
    "ta_score": 50,
    "signal_direction": "WAIT",
    "signal_name": "historical_import",
    "confidence": "MEDIUM",
    "hit_tp1": false,
    "hit_sl": false,
    "candles_to_result": 0,
    "max_favorable_pct": 0,
    "max_adverse_pct": 0,
    "outcome_tracked": false
  },
  {
    "symbol": "UNH",
    "timeframe": "historical_1w",
    "timestamp": "2025-12-28",
    "congress_score": 50,
    "insider_score": 50,
    "short_interest_pct": 0,
    "combined_score": 50.0,
    "price": 330.07000732421875,
    "price_change_24h": 1.5100269426776163,
    "rsi": 50,
    "position_pct": 25.518388614352062,
    "ta_score": 50,
    "signal_direction": "WAIT",
    "signal_name": "historical_import",
    "confidence": "MEDIUM",
    "hit_tp1": false,
    "hit_sl": false,
    "candles_to_result": 0,
    "max_favorable_pct": 0,
    "max_adverse_pct": 0,
    "outcome_tracked": false
  }
]