[
  {
    "symbol": "UPS",
    "timeframe": "historical_1w",
    "timestamp": "2025-06-29",
    "congress_score": 20.0,
    "insider_score": 50,
    "short_interest_pct": 0,
    "combined_score": 42.5,
    "price": 101.18000030517578,
    "price_change_24h": 0.7768912026319283,
    "rsi": 50,
    "position_pct": 20.884084125007828,
    "ta_score": 50,
    "signal_direction": "WAIT",
    "signal_name": "historical_import",
    "confidence": "MEDIUM",
    "hit_tp1": false,
    "hit_sl": true,
    "candles_to_result": 1,
    "max_favorable_pct": 2.9155929426215694,
    "max_adverse_pct": -16.485471688936663,
    "outcome_tracked": true
  },
  {
    "symbol": "UPS",
    "timeframe": "historical_1w",
    "timestamp": "2025-07-06",
    "congress_score": 50.0,
    "insider_score": 50,
    "short_interest_pct": 0,
    "combined_score": 50.0,
    "price": 104.12999725341797,
    "price_change_24h": 3.1602880273987015,
    "rsi": 50,
    "position_pct": 27.53721265880808,
    "ta_score": 50,
    "signal_direction": "WAIT",
    "signal_name": "historical_import",
    "confidence": "MEDIUM",
    "hit_tp1": false,
    "hit_sl": true,
    "candles_to_result": 1,
    "max_favorable_pct": -0.547392403590512,
    "max_adverse_pct": -18.995485739963,
    "outcome_tracked": true
  },
  {
    "symbol": "UPS",
    "timeframe": "historical_1w",
    "timestamp": "2025-07-13",
    "congress_score": 50.0,
    "insider_score": 50,
    "short_interest_pct": 0,
    "combined_score": 50.0,
    "price": 101.2699966430664,
    "price_change_24h": 0.41645827992063617,
    "rsi": 50,
    "position_pct": 21.087052878556687,
    "ta_score": 50,
    "signal_direction": "WAIT",
    "signal_name": "historical_import",
    "confidence": "MEDIUM",
    "hit_tp1": false,
    "hit_sl": true,
    "candles_to_result": 1,
    "max_favorable_pct": 2.2612827011327172,
    "max_adverse_pct": -16.994173649605788,
    "outcome_tracked": true
  },
  {
    "symbol": "UPS",
    "timeframe": "historical_1w",
    "timestamp": "2025-07-20",
    "congress_score": 0.0,
    "insider_score": 50,
    "short_interest_pct": 0,
    "combined_score": 37.5,
    "price": 99.22000122070312,
    "price_change_24h": -0.8989227938366503,
    "rsi": 50,
    "position_pct": 16.463697913117812,
    "ta_score": 50,
    "signal_direction": "WAIT",
    "signal_name": "historical_import",
    "confidence": "MEDIUM",
    "hit_tp1": false,
    "hit_sl": true,
    "candles_to_result": 1,
    "max_favorable_pct": 4.374114376633415,
    "max_adverse_pct": -15.621850241184829,
    "outcome_tracked": true
  },
  {
    "symbol": "UPS",
    "timeframe": "historical_1w",
    "timestamp": "2025-07-27",
    "congress_score": 0.0,
    "insider_score": 50,
    "short_interest_pct": 0,
    "combined_score": 37.5,
    "price": 103.55999755859375,
    "price_change_24h": 4.7118260473388105,
    "rsi": 50,
    "position_pct": 26.251692266608302,
    "ta_score": 50,
    "signal_direction": "WAIT",
    "signal_name": "historical_import",
    "confidence": "MEDIUM",
    "hit_tp1": true,
    "hit_sl": false,
    "candles_to_result": 1,
    "max_favorable_pct": -14.233292981133678,
    "max_adverse_pct": -19.157972967955363,
    "outcome_tracked": true
  },
  {
    "symbol": "UPS",
    "timeframe": "historical_1w",
    "timestamp": "2025-08-03",
    "congress_score": 0.0,
    "insider_score": 50,
    "short_interest_pct": 0,
    "combined_score": 37.5,
    "price": 84.5,
    "price_change_24h": -16.814335029705667,
    "rsi": 50,
    "position_pct": 0.0,
    "ta_score": 50,
    "signal_direction": "WAIT",
    "signal_name": "historical_import",
    "confidence": "MEDIUM",
    "hit_tp1": false,
    "hit_sl": true,
    "candles_to_result": 1,
    "max_favorable_pct": 5.112425674348188,
    "max_adverse_pct": -1.9289908324473002,
    "outcome_tracked": true
  },
  {
    "symbol": "UPS",
    "timeframe": "historical_1w",
    "timestamp": "2025-08-10",
    "congress_score": 22.22222222222222,
    "insider_score": 50,
    "short_interest_pct": 0,
    "combined_score": 43.05555555555556,
    "price": 86.66999816894531,
    "price_change_24h": 1.9407217019849976,
    "rsi": 50,
    "position_pct": 4.192423491580397,
    "ta_score": 50,
    "signal_direction": "WAIT",
    "signal_name": "historical_import",
    "confidence": "MEDIUM",
    "hit_tp1": false,
    "hit_sl": true,
    "candles_to_result": 1,
    "max_favorable_pct": 2.4806756332080693,
    "max_adverse_pct": -4.384441562991582,
    "outcome_tracked": true
  },
  {
    "symbol": "UPS",
    "timeframe": "historical_1w",
    "timestamp": "2025-08-17",
    "congress_score": 25.0,
    "insider_score": 50,
    "short_interest_pct": 0,
    "combined_score": 43.75,
    "price": 88.4800033569336,
    "price_change_24h": 2.514199814299241,
    "rsi": 50,
    "position_pct": 7.689342695753097,
    "ta_score": 50,
    "signal_direction": "WAIT",
    "signal_name": "historical_import",
    "confidence": "MEDIUM",
    "hit_tp1": true,
    "hit_sl": false,
    "candles_to_result": 3,
    "max_favorable_pct": 0.38426347761206514,
    "max_adverse_pct": -6.340416362463828,
    "outcome_tracked": true
  },
  {
    "symbol": "UPS",
    "timeframe": "historical_1w",
    "timestamp": "2025-08-24",
    "congress_score": 50.0,
    "insider_score": 50,
    "short_interest_pct": 0,
    "combined_score": 50.0,
    "price": 88.81999969482422,
    "price_change_24h": 2.6702086481932024,
    "rsi": 50,
    "position_pct": 8.346213588283277,
    "ta_score": 50,
    "signal_direction": "WAIT",
    "signal_name": "historical_import",
    "confidence": "MEDIUM",
    "hit_tp1": false,
    "hit_sl": true,
    "candles_to_result": 2,
    "max_favorable_pct": 8.556629700781194,
    "max_adverse_pct": -6.69893826692831,
    "outcome_tracked": true
  },
  {
    "symbol": "UPS",
    "timeframe": "historical_1w",
    "timestamp": "2025-08-31",
    "congress_score": 44.44444444444444,
    "insider_score": 50,
    "short_interest_pct": 0,
    "combined_score": 48.611111111111114,
    "price": 87.44000244140625,
    "price_change_24h": -0.3419140980936339,
    "rsi": 50,
    "position_pct": 5.680067143395783,
    "ta_score": 50,
    "signal_direction": "WAIT",
    "signal_name": "historical_import",
    "confidence": "MEDIUM",
    "hit_tp1": false,
    "hit_sl": true,
    "candles_to_result": 1,
    "max_favorable_pct": 10.269894186652818,
    "max_adverse_pct": -5.2264404931674,
    "outcome_tracked": true
  },
  {
    "symbol": "UPS",
    "timeframe": "historical_1w",
    "timestamp": "2025-09-07",
    "congress_score": 60.0,
    "insider_score": 50,
    "short_interest_pct": 0,
    "combined_score": 52.5,
    "price": 85.04000091552734,
    "price_change_24h": -0.2229290554061594,
    "rsi": 50,
    "position_pct": 1.081494118012815,
    "ta_score": 50,
    "signal_direction": "WAIT",
    "signal_name": "historical_import",
    "confidence": "MEDIUM",
    "hit_tp1": false,
    "hit_sl": true,
    "candles_to_result": 5,
    "max_favorable_pct": 13.381934537750118,
    "max_adverse_pct": -2.55173817683849,
    "outcome_tracked": true
  },
  {
    "symbol": "UPS",
    "timeframe": "historical_1w",
    "timestamp": "2025-09-14",
    "congress_score": 50.0,
    "insider_score": 50,
    "short_interest_pct": 0,
    "combined_score": 50.0,
    "price": 84.3499984741211,
    "price_change_24h": 0.035577300053899794,
    "rsi": 50,
    "position_pct": 0.9540164812985199,
    "ta_score": 50,
    "signal_direction": "WAIT",
    "signal_name": "historical_import",
    "confidence": "MEDIUM",
    "hit_tp1": true,
    "hit_sl": false,
    "candles_to_result": 6,
    "max_favorable_pct": 14.309424911877553,
    "max_adverse_pct": -1.7545889203461347,
    "outcome_tracked": true
  },
  {
    "symbol": "UPS",
    "timeframe": "historical_1w",
    "timestamp": "2025-09-21",
    "congress_score": 40.0,
    "insider_score": 50,
    "short_interest_pct": 0,
    "combined_score": 47.5,
    "price": 84.05999755859375,
    "price_change_24h": 0.04760880400564114,
    "rsi": 50,
    "position_pct": 0.40068517528902825,
    "ta_score": 50,
    "signal_direction": "WAIT",
    "signal_name": "historical_import",
    "confidence": "MEDIUM",
    "hit_tp1": false,
    "hit_sl": true,
    "candles_to_result": 2,
    "max_favorable_pct": 14.703784165275598,
    "max_adverse_pct": -1.4156493535254229,
    "outcome_tracked": true
  },
  {
    "symbol": "UPS",
    "timeframe": "historical_1w",
    "timestamp": "2025-09-28",
    "congress_score": 33.33333333333333,
    "insider_score": 50,
    "short_interest_pct": 0,
    "combined_score": 45.83333333333333,
    "price": 83.72000122070312,
    "price_change_24h": -0.6054874936538711,
    "rsi": 50,
    "position_pct": 2.1236951288981265,
    "ta_score": 50,
    "signal_direction": "WAIT",
    "signal_name": "historical_import",
    "confidence": "MEDIUM",
    "hit_tp1": false,
    "hit_sl": true,
    "candles_to_result": 1,
    "max_favorable_pct": 15.169609129319511,
    "max_adverse_pct": -1.0152872213658037,
    "outcome_tracked": true
  },
  {
    "symbol": "UPS",
    "timeframe": "historical_1w",
    "timestamp": "2025-10-05",
    "congress_score": 50.0,
    "insider_score": 50,
    "short_interest_pct": 0,
    "combined_score": 50.0,
    "price": 86.77999877929688,
    "price_change_24h": 2.6982234074519234,
    "rsi": 50,
    "position_pct": 7.824138452494791,
    "ta_score": 50,
    "signal_direction": "WAIT",
    "signal_name": "historical_import",
    "confidence": "MEDIUM",
    "hit_tp1": false,
    "hit_sl": true,
    "candles_to_result": 1,
    "max_favorable_pct": 16.29407650213268,
    "max_adverse_pct": -4.505641954039359,
    "outcome_tracked": true
  },
  {
    "symbol": "UPS",
    "timeframe": "historical_1w",
    "timestamp": "2025-10-12",
    "congress_score": 66.66666666666666,
    "insider_score": 50,
    "short_interest_pct": 0,
    "combined_score": 54.166666666666664,
    "price": 82.87000274658203,
    "price_change_24h": -4.329254076533694,
    "rsi": 50,
    "position_pct": 0.5402402293139342,
    "ta_score": 50,
    "signal_direction": "WAIT",
    "signal_name": "historical_import",
    "confidence": "MEDIUM",
    "hit_tp1": true,
    "hit_sl": false,
    "candles_to_result": 1,
    "max_favorable_pct": 22.987805950264672,
    "max_adverse_pct": 4.271751898395286,
    "outcome_tracked": true
  },
  {
    "symbol": "UPS",
    "timeframe": "historical_1w",
    "timestamp": "2025-10-19",
    "congress_score": 66.66666666666666,
    "insider_score": 50,
    "short_interest_pct": 0,
    "combined_score": 54.166666666666664,
    "price": 86.41000366210938,
    "price_change_24h": 3.883149008275022,
    "rsi": 50,
    "position_pct": 7.134877707952195,
    "ta_score": 50,
    "signal_direction": "WAIT",
    "signal_name": "historical_import",
    "confidence": "MEDIUM",
    "hit_tp1": true,
    "hit_sl": false,
    "candles_to_result": 2,
    "max_favorable_pct": 17.94930430449344,
    "max_adverse_pct": 0.9373886405109974,
    "outcome_tracked": true
  },
  {
    "symbol": "UPS",
    "timeframe": "historical_1w",
    "timestamp": "2025-10-26",
    "congress_score": 100.0,
    "insider_score": 50,
    "short_interest_pct": 0,
    "combined_score": 62.5,
    "price": 87.22000122070312,
    "price_change_24h": 0.3566880054440745,
    "rsi": 50,
    "position_pct": 8.643815243555093,
    "ta_score": 50,
    "signal_direction": "WAIT",
    "signal_name": "historical_import",
    "confidence": "MEDIUM",
    "hit_tp1": false,
    "hit_sl": false,
    "candles_to_result": 0,
    "max_favorable_pct": 0,
    "max_adverse_pct": 0,
    "outcome_tracked": false
  },
  {
    "symbol": "UPS",
    "timeframe": "historical_1w",
    "timestamp": "2025-11-02",
    "congress_score": 50.0,
    "insider_score": 50,
    "short_interest_pct": 0,
    "combined_score": 50.0,
    "price": 96.41999816894531,
    "price_change_24h": 8.069935944555287,
    "rsi": 50,
    "position_pct": 25.782411002702695,
    "ta_score": 50,
    "signal_direction": "WAIT",
    "signal_name": "historical_import",
    "confidence": "MEDIUM",
    "hit_tp1": false,
    "hit_sl": false,
    "candles_to_result": 0,
    "max_favorable_pct": 0,
    "max_adverse_pct": 0,
    "outcome_tracked": false
  },
  {
    "symbol": "UPS",
    "timeframe": "historical_1w",
    "timestamp": "2025-11-09",
    "congress_score": 0.0,
    "insider_score": 50,
    "short_interest_pct": 0,
    "combined_score": 37.5,
    "price": 95.94999694824219,
    "price_change_24h": 1.976831419646393,
    "rsi": 50,
    "position_pct": 24.906849741839903,
    "ta_score": 50,
    "signal_direction": "WAIT",
    "signal_name": "historical_import",
    "confidence": "MEDIUM",
    "hit_tp1": false,
    "hit_sl": false,
    "candles_to_result": 0,
    "max_favorable_pct": 0,
    "max_adverse_pct": 0,
    "outcome_tracked": false
  },
  {
    "symbol": "UPS",
    "timeframe": "historical_1w",
    "timestamp": "2025-11-16",
    "congress_score": 0.0,
    "insider_score": 50,
    "short_interest_pct": 0,
    "combined_score": 37.5,
    "price": 95.9800033569336,
    "price_change_24h": 3.1377668976418236,
    "rsi": 50,
    "position_pct": 24.962748424376315,
    "ta_score": 50,
    "signal_direction": "WAIT",
    "signal_name": "historical_import",
    "confidence": "MEDIUM",
    "hit_tp1": false,
    "hit_sl": false,
    "candles_to_result": 0,
    "max_favorable_pct": 0,
    "max_adverse_pct": 0,
    "outcome_tracked": false
  },
  {
    "symbol": "UPS",
    "timeframe": "historical_1w",
    "timestamp": "2025-11-23",
    "congress_score": 50.0,
    "insider_score": 50,
    "short_interest_pct": 0,
    "combined_score": 50.0,
    "price": 94.66000366210938,
    "price_change_24h": 0.4989926834278442,
    "rsi": 50,
    "position_pct": 22.503732263929333,
    "ta_score": 50,
    "signal_direction": "WAIT",
    "signal_name": "historical_import",
    "confidence": "MEDIUM",
    "hit_tp1": false,
    "hit_sl": false,
    "candles_to_result": 0,
    "max_favorable_pct": 0,
    "max_adverse_pct": 0,
    "outcome_tracked": false
  },
  {
    "symbol": "UPS",
    "timeframe": "historical_1w",
    "timestamp": "2025-11-30",
    "congress_score": 100.0,
    "insider_score": 50,
    "short_interest_pct": 0,
    "combined_score": 62.5,
    "price": 95.79000091552734,
    "price_change_24h": 2.383500871231865,
    "rsi": 50,
    "position_pct": 24.608794498648653,
    "ta_score": 50,
    "signal_direction": "WAIT",
    "signal_name": "historical_import",
    "confidence": "MEDIUM",
    "hit_tp1": false,
    "hit_sl": false,
    "candles_to_result": 0,
    "max_favorable_pct": 0,
    "max_adverse_pct": 0,
    "outcome_tracked": false
  },
  {
    "symbol": "UPS",
    "timeframe": "historical_1w",
    "timestamp": "2025-12-07",
    "congress_score": 100.0,
    "insider_score": 50,
    "short_interest_pct": 0,
    "combined_score": 62.5,
    "price": 94.87000274658203,
    "price_change_24h": -0.36756823107979086,
    "rsi": 50,
    "position_pct": 22.89493776528068,
    "ta_score": 50,
    "signal_direction": "WAIT",
    "signal_name": "historical_import",
    "confidence": "MEDIUM",
    "hit_tp1": false,
    "hit_sl": false,
    "candles_to_result": 0,
    "max_favorable_pct": 0,
    "max_adverse_pct": 0,
    "outcome_tracked": false
  },
  {
    "symbol": "UPS",
    "timeframe": "historical_1w",
    "timestamp": "2025-12-14",
    "congress_score": 100.0,
    "insider_score": 50,
    "short_interest_pct": 0,
    "combined_score": 62.5,
    "price": 100.91999816894531,
    "price_change_24h": 5.6200889018063815,
    "rsi": 50,
    "position_pct": 34.165422578690226,
    "ta_score": 50,
    "signal_direction": "WAIT",
    "signal_name": "historical_import",
    "confidence": "MEDIUM",
    "hit_tp1": false,
    "hit_sl": false,
    "candles_to_result": 0,
    "max_favorable_pct": 0,
    "max_adverse_pct": 0,
    "outcome_tracked": false
  },
  {
    "symbol": "UPS",
    "timeframe": "historical_1w",
    "timestamp": "2025-12-21",
    "congress_score": 50,
    "insider_score": 50,
    "short_interest_pct": 0,
    "combined_score": 50.0,
    "price": 101.91999816894531,
    "price_change_24h": 1.8487043866922075,
    "rsi": 50,
    "position_pct": 36.02831404002079,
    "ta_score": 50,
    "signal_direction": "WAIT",
    "signal_name": "historical_import",
    "confidence": "MEDIUM",
    "hit_tp1": false,
    "hit_sl": false,
    "candles_to_result": 0,
    "max_favorable_pct": 0,
    "max_adverse_pct": 0,
    "outcome_tracked": false
  },
  {
    "symbol": "UPS",
    "timeframe": "historical_1w",
    "timestamp": "2025-12-28",
    "congress_score": 50,
    "insider_score": 50,
    "short_interest_pct": 0,
    "combined_score": 50.0,
    "price": 100.4000015258789,
    "price_change_24h": -0.3276102651216405,
    "rsi": 50,
    "position_pct": 33.19672527240126,
    "ta_score": 50,
    "signal_direction": "WAIT",
    "signal_name": "historical_import",
    "confidence": "MEDIUM",
    "hit_tp1": false,
    "hit_sl": false,
    "candles_to_result": 0,
    "max_favorable_pct": 0,
    "max_adverse_pct": 0,
    "outcome_tracked": false
  }
]