[
  {
    "symbol": "V",
    "timeframe": "historical_1w",
    "timestamp": "2025-06-29",
    "congress_score": 0.0,
    "insider_score": 50,
    "short_interest_pct": 0,
    "combined_score": 37.5,
    "price": 348.6099853515625,
    "price_change_24h": 1.4138139204545455,
    "rsi": 50,
    "position_pct": 62.79557446745917,
    "ta_score": 50,
    "signal_direction": "WAIT",
    "signal_name": "historical_import",
    "confidence": "MEDIUM",
    "hit_tp1": false,
    "hit_sl": true,
    "candles_to_result": 1,
    "max_favorable_pct": 2.94024853868233,
    "max_adverse_pct": -3.3934732421205447,
    "outcome_tracked": true
  },
  {
    "symbol": "V",
    "timeframe": "historical_1w",
    "timestamp": "2025-07-06",
    "congress_score": 0.0,
    "insider_score": 50,
    "short_interest_pct": 0,
    "combined_score": 37.5,
    "price": 358.8599853515625,
    "price_change_24h": 1.0730876466936754,
    "rsi": 50,
    "position_pct": 78.23465030726736,
    "ta_score": 50,
    "signal_direction": "WAIT",
    "signal_name": "historical_import",
    "confidence": "MEDIUM",
    "hit_tp1": true,
    "hit_sl": false,
    "candles_to_result": 1,
    "max_favorable_pct": -0.5071551248205224,
    "max_adverse_pct": -6.152813764018476,
    "outcome_tracked": true
  },
  {
    "symbol": "V",
    "timeframe": "historical_1w",
    "timestamp": "2025-07-13",
    "congress_score": 0.0,
    "insider_score": 50,
    "short_interest_pct": 0,
    "combined_score": 37.5,
    "price": 347.92999267578125,
    "price_change_24h": -2.442244732757278,
    "rsi": 50,
    "position_pct": 61.7713346145908,
    "ta_score": 50,
    "signal_direction": "WAIT",
    "signal_name": "historical_import",
    "confidence": "MEDIUM",
    "hit_tp1": false,
    "hit_sl": true,
    "candles_to_result": 2,
    "max_favorable_pct": 2.6183473862311715,
    "max_adverse_pct": -3.2046659187770867,
    "outcome_tracked": true
  },
  {
    "symbol": "V",
    "timeframe": "historical_1w",
    "timestamp": "2025-07-20",
    "congress_score": 0.0,
    "insider_score": 50,
    "short_interest_pct": 0,
    "combined_score": 37.5,
    "price": 349.04998779296875,
    "price_change_24h": -0.4136982045738231,
    "rsi": 50,
    "position_pct": 63.45832871746618,
    "ta_score": 50,
    "signal_direction": "WAIT",
    "signal_name": "historical_import",
    "confidence": "MEDIUM",
    "hit_tp1": false,
    "hit_sl": true,
    "candles_to_result": 1,
    "max_favorable_pct": 2.2890763590836247,
    "max_adverse_pct": -3.5152526694685196,
    "outcome_tracked": true
  },
  {
    "symbol": "V",
    "timeframe": "historical_1w",
    "timestamp": "2025-07-27",
    "congress_score": 0.0,
    "insider_score": 50,
    "short_interest_pct": 0,
    "combined_score": 37.5,
    "price": 357.0400085449219,
    "price_change_24h": 1.7381905912917681,
    "rsi": 50,
    "position_pct": 75.49330787366574,
    "ta_score": 50,
    "signal_direction": "WAIT",
    "signal_name": "historical_import",
    "confidence": "MEDIUM",
    "hit_tp1": true,
    "hit_sl": false,
    "candles_to_result": 1,
    "max_favorable_pct": -1.4732269884995812,
    "max_adverse_pct": -5.674436836418554,
    "outcome_tracked": true
  },
  {
    "symbol": "V",
    "timeframe": "historical_1m",
    "timestamp": "2025-07-28",
    "congress_score": 0.0,
    "insider_score": 50,
    "short_interest_pct": 0,
    "combined_score": 37.5,
    "price": 0,
    "price_change_24h": 0,
    "rsi": 50,
    "position_pct": 50,
    "ta_score": 50,
    "signal_direction": "WAIT",
    "signal_name": "quiver_only_import",
    "confidence": "LOW",
    "hit_tp1": false,
    "hit_sl": false,
    "candles_to_result": 0,
    "max_favorable_pct": 0,
    "max_adverse_pct": 0,
    "outcome_tracked": false
  },
  {
    "symbol": "V",
    "timeframe": "historical_1w",
    "timestamp": "2025-08-03",
    "congress_score": 0.0,
    "insider_score": 50,
    "short_interest_pct": 0,
    "combined_score": 37.5,
    "price": 339.3500061035156,
    "price_change_24h": -4.5348398069683995,
    "rsi": 50,
    "position_pct": 48.84771867373764,
    "ta_score": 50,
    "signal_direction": "WAIT",
    "signal_name": "historical_import",
    "confidence": "MEDIUM",
    "hit_tp1": false,
    "hit_sl": true,
    "candles_to_result": 3,
    "max_favorable_pct": 3.6628827028780413,
    "max_adverse_pct": -0.7573323347561081,
    "outcome_tracked": true
  },
  {
    "symbol": "V",
    "timeframe": "historical_1w",
    "timestamp": "2025-08-10",
    "congress_score": 0.0,
    "insider_score": 50,
    "short_interest_pct": 0,
    "combined_score": 37.5,
    "price": 336.7799987792969,
    "price_change_24h": -1.5694856679764149,
    "rsi": 50,
    "position_pct": 44.976641796910734,
    "ta_score": 50,
    "signal_direction": "WAIT",
    "signal_name": "historical_import",
    "confidence": "MEDIUM",
    "hit_tp1": false,
    "hit_sl": true,
    "candles_to_result": 1,
    "max_favorable_pct": 4.453946212473858,
    "max_adverse_pct": 0.17518746363475973,
    "outcome_tracked": true
  },
  {
    "symbol": "V",
    "timeframe": "historical_1w",
    "timestamp": "2025-08-17",
    "congress_score": 66.66666666666666,
    "insider_score": 50,
    "short_interest_pct": 0,
    "combined_score": 54.166666666666664,
    "price": 344.4700012207031,
    "price_change_24h": 2.551356796648172,
    "rsi": 50,
    "position_pct": 56.559717982391824,
    "ta_score": 50,
    "signal_direction": "WAIT",
    "signal_name": "historical_import",
    "confidence": "MEDIUM",
    "hit_tp1": false,
    "hit_sl": true,
    "candles_to_result": 6,
    "max_favorable_pct": 2.122099902078326,
    "max_adverse_pct": -2.0611391640361236,
    "outcome_tracked": true
  },
  {
    "symbol": "V",
    "timeframe": "historical_1w",
    "timestamp": "2025-08-24",
    "congress_score": 50.0,
    "insider_score": 50,
    "short_interest_pct": 0,
    "combined_score": 50.0,
    "price": 350.0400085449219,
    "price_change_24h": 2.1298997836683493,
    "rsi": 50,
    "position_pct": 64.94954876355283,
    "ta_score": 50,
    "signal_direction": "WAIT",
    "signal_name": "historical_import",
    "confidence": "MEDIUM",
    "hit_tp1": false,
    "hit_sl": true,
    "candles_to_result": 3,
    "max_favorable_pct": 0.49708324531471404,
    "max_adverse_pct": -3.619590080688844,
    "outcome_tracked": true
  },
  {
    "symbol": "V",
    "timeframe": "historical_1m",
    "timestamp": "2025-08-28",
    "congress_score": 44.44444444444444,
    "insider_score": 50,
    "short_interest_pct": 0,
    "combined_score": 48.611111111111114,
    "price": 0,
    "price_change_24h": 0,
    "rsi": 50,
    "position_pct": 50,
    "ta_score": 50,
    "signal_direction": "WAIT",
    "signal_name": "quiver_only_import",
    "confidence": "LOW",
    "hit_tp1": false,
    "hit_sl": false,
    "candles_to_result": 0,
    "max_favorable_pct": 0,
    "max_adverse_pct": 0,
    "outcome_tracked": false
  },
  {
    "symbol": "V",
    "timeframe": "historical_1w",
    "timestamp": "2025-08-31",
    "congress_score": 50.0,
    "insider_score": 50,
    "short_interest_pct": 0,
    "combined_score": 50.0,
    "price": 351.7799987792969,
    "price_change_24h": 0.848572728893642,
    "rsi": 50,
    "position_pct": 67.57041131858125,
    "ta_score": 50,
    "signal_direction": "WAIT",
    "signal_name": "historical_import",
    "confidence": "MEDIUM",
    "hit_tp1": false,
    "hit_sl": true,
    "candles_to_result": 1,
    "max_favorable_pct": -0.551481735214681,
    "max_adverse_pct": -4.096311249108299,
    "outcome_tracked": true
  },
  {
    "symbol": "V",
    "timeframe": "historical_1w",
    "timestamp": "2025-09-07",
    "congress_score": 57.14285714285714,
    "insider_score": 50,
    "short_interest_pct": 0,
    "combined_score": 51.785714285714285,
    "price": 343.2200012207031,
    "price_change_24h": -1.9567532094148996,
    "rsi": 50,
    "position_pct": 54.67690385558595,
    "ta_score": 50,
    "signal_direction": "WAIT",
    "signal_name": "historical_import",
    "confidence": "MEDIUM",
    "hit_tp1": false,
    "hit_sl": false,
    "candles_to_result": 0,
    "max_favorable_pct": 1.9287905989285858,
    "max_adverse_pct": -1.7044479000959665,
    "outcome_tracked": true
  },
  {
    "symbol": "V",
    "timeframe": "historical_1w",
    "timestamp": "2025-09-14",
    "congress_score": 50.0,
    "insider_score": 50,
    "short_interest_pct": 0,
    "combined_score": 50.0,
    "price": 339.42999267578125,
    "price_change_24h": -0.8384444111997286,
    "rsi": 50,
    "position_pct": 48.96819855231084,
    "ta_score": 50,
    "signal_direction": "WAIT",
    "signal_name": "historical_import",
    "confidence": "MEDIUM",
    "hit_tp1": true,
    "hit_sl": false,
    "candles_to_result": 3,
    "max_favorable_pct": 3.0669074291419096,
    "max_adverse_pct": -1.004626501985805,
    "outcome_tracked": true
  },
  {
    "symbol": "V",
    "timeframe": "historical_1w",
    "timestamp": "2025-09-21",
    "congress_score": 50,
    "insider_score": 50,
    "short_interest_pct": 0,
    "combined_score": 50.0,
    "price": 341.6099853515625,
    "price_change_24h": 0.7550501845636225,
    "rsi": 50,
    "position_pct": 52.25181535734627,
    "ta_score": 50,
    "signal_direction": "WAIT",
    "signal_name": "historical_import",
    "confidence": "MEDIUM",
    "hit_tp1": false,
    "hit_sl": true,
    "candles_to_result": 8,
    "max_favorable_pct": 2.4091833784830206,
    "max_adverse_pct": -3.3927568967174553,
    "outcome_tracked": true
  },
  {
    "symbol": "V",
    "timeframe": "historical_1m",
    "timestamp": "2025-09-28",
    "congress_score": 44.44444444444444,
    "insider_score": 50,
    "short_interest_pct": 0,
    "combined_score": 48.611111111111114,
    "price": 0,
    "price_change_24h": 0,
    "rsi": 50,
    "position_pct": 50,
    "ta_score": 50,
    "signal_direction": "WAIT",
    "signal_name": "quiver_only_import",
    "confidence": "LOW",
    "hit_tp1": false,
    "hit_sl": false,
    "candles_to_result": 0,
    "max_favorable_pct": 0,
    "max_adverse_pct": 0,
    "outcome_tracked": false
  },
  {
    "symbol": "V",
    "timeframe": "historical_1w",
    "timestamp": "2025-09-28",
    "congress_score": 0.0,
    "insider_score": 50,
    "short_interest_pct": 0,
    "combined_score": 37.5,
    "price": 337.3699951171875,
    "price_change_24h": -2.029849730432184,
    "rsi": 50,
    "position_pct": 45.86532454870609,
    "ta_score": 50,
    "signal_direction": "WAIT",
    "signal_name": "historical_import",
    "confidence": "MEDIUM",
    "hit_tp1": false,
    "hit_sl": true,
    "candles_to_result": 1,
    "max_favorable_pct": 3.696238966471098,
    "max_adverse_pct": -2.7832896424584845,
    "outcome_tracked": true
  },
  {
    "symbol": "V",
    "timeframe": "historical_1w",
    "timestamp": "2025-10-05",
    "congress_score": 0.0,
    "insider_score": 50,
    "short_interest_pct": 0,
    "combined_score": 37.5,
    "price": 349.8399963378906,
    "price_change_24h": 2.845717477530563,
    "rsi": 50,
    "position_pct": 64.6482801164072,
    "ta_score": 50,
    "signal_direction": "WAIT",
    "signal_name": "historical_import",
    "confidence": "MEDIUM",
    "hit_tp1": true,
    "hit_sl": false,
    "candles_to_result": 5,
    "max_favorable_pct": -0.7031761607675524,
    "max_adverse_pct": -6.248566653439243,
    "outcome_tracked": true
  },
  {
    "symbol": "V",
    "timeframe": "historical_1w",
    "timestamp": "2025-10-12",
    "congress_score": 0.0,
    "insider_score": 50,
    "short_interest_pct": 0,
    "combined_score": 37.5,
    "price": 343.6499938964844,
    "price_change_24h": -1.6118887146383636,
    "rsi": 50,
    "position_pct": 55.32458088309314,
    "ta_score": 50,
    "signal_direction": "WAIT",
    "signal_name": "historical_import",
    "confidence": "MEDIUM",
    "hit_tp1": true,
    "hit_sl": false,
    "candles_to_result": 5,
    "max_favorable_pct": 1.0854098799872796,
    "max_adverse_pct": -4.559867070702298,
    "outcome_tracked": true
  },
  {
    "symbol": "V",
    "timeframe": "historical_1w",
    "timestamp": "2025-10-19",
    "congress_score": 0.0,
    "insider_score": 50,
    "short_interest_pct": 0,
    "combined_score": 37.5,
    "price": 341.8900146484375,
    "price_change_24h": -0.410711679192238,
    "rsi": 50,
    "position_pct": 52.67360985020687,
    "ta_score": 50,
    "signal_direction": "WAIT",
    "signal_name": "historical_import",
    "confidence": "MEDIUM",
    "hit_tp1": true,
    "hit_sl": false,
    "candles_to_result": 4,
    "max_favorable_pct": 1.7373926319363686,
    "max_adverse_pct": -4.068560959995544,
    "outcome_tracked": true
  },
  {
    "symbol": "V",
    "timeframe": "historical_1w",
    "timestamp": "2025-10-26",
    "congress_score": 100.0,
    "insider_score": 50,
    "short_interest_pct": 0,
    "combined_score": 62.5,
    "price": 347.3800048828125,
    "price_change_24h": 0.8623446442098432,
    "rsi": 50,
    "position_pct": 60.942914785652924,
    "ta_score": 50,
    "signal_direction": "WAIT",
    "signal_name": "historical_import",
    "confidence": "MEDIUM",
    "hit_tp1": false,
    "hit_sl": true,
    "candles_to_result": 2,
    "max_favorable_pct": 0.5383139763091248,
    "max_adverse_pct": -5.584660493924773,
    "outcome_tracked": true
  },
  {
    "symbol": "V",
    "timeframe": "historical_1m",
    "timestamp": "2025-10-28",
    "congress_score": 33.33333333333333,
    "insider_score": 50,
    "short_interest_pct": 0,
    "combined_score": 45.83333333333333,
    "price": 0,
    "price_change_24h": 0,
    "rsi": 50,
    "position_pct": 50,
    "ta_score": 50,
    "signal_direction": "WAIT",
    "signal_name": "quiver_only_import",
    "confidence": "LOW",
    "hit_tp1": false,
    "hit_sl": false,
    "candles_to_result": 0,
    "max_favorable_pct": 0,
    "max_adverse_pct": 0,
    "outcome_tracked": false
  },
  {
    "symbol": "V",
    "timeframe": "historical_1w",
    "timestamp": "2025-11-02",
    "congress_score": 40.0,
    "insider_score": 50,
    "short_interest_pct": 0,
    "combined_score": 47.5,
    "price": 340.739990234375,
    "price_change_24h": -2.035540492426057,
    "rsi": 50,
    "position_pct": 50.941384079832055,
    "ta_score": 50,
    "signal_direction": "WAIT",
    "signal_name": "historical_import",
    "confidence": "MEDIUM",
    "hit_tp1": true,
    "hit_sl": false,
    "candles_to_result": 2,
    "max_favorable_pct": 4.074957493564027,
    "max_adverse_pct": -3.744784766610469,
    "outcome_tracked": true
  },
  {
    "symbol": "V",
    "timeframe": "historical_1w",
    "timestamp": "2025-11-09",
    "congress_score": 50.0,
    "insider_score": 50,
    "short_interest_pct": 0,
    "combined_score": 50.0,
    "price": 336.0199890136719,
    "price_change_24h": -0.26120655944057086,
    "rsi": 50,
    "position_pct": 43.83187609832739,
    "ta_score": 50,
    "signal_direction": "WAIT",
    "signal_name": "historical_import",
    "confidence": "MEDIUM",
    "hit_tp1": false,
    "hit_sl": false,
    "candles_to_result": 0,
    "max_favorable_pct": 0,
    "max_adverse_pct": 0,
    "outcome_tracked": false
  },
  {
    "symbol": "V",
    "timeframe": "historical_1w",
    "timestamp": "2025-11-16",
    "congress_score": 57.14285714285714,
    "insider_score": 50,
    "short_interest_pct": 0,
    "combined_score": 51.785714285714285,
    "price": 330.0199890136719,
    "price_change_24h": -1.4424419894890481,
    "rsi": 50,
    "position_pct": 34.79436828965918,
    "ta_score": 50,
    "signal_direction": "WAIT",
    "signal_name": "historical_import",
    "confidence": "MEDIUM",
    "hit_tp1": false,
    "hit_sl": false,
    "candles_to_result": 0,
    "max_favorable_pct": 0,
    "max_adverse_pct": 0,
    "outcome_tracked": false
  },
  {
    "symbol": "V",
    "timeframe": "historical_1w",
    "timestamp": "2025-11-23",
    "congress_score": 57.14285714285714,
    "insider_score": 50,
    "short_interest_pct": 0,
    "combined_score": 51.785714285714285,
    "price": 327.9800109863281,
    "price_change_24h": 0.6845774324875288,
    "rsi": 50,
    "position_pct": 31.72164873105407,
    "ta_score": 50,
    "signal_direction": "WAIT",
    "signal_name": "historical_import",
    "confidence": "MEDIUM",
    "hit_tp1": false,
    "hit_sl": false,
    "candles_to_result": 0,
    "max_favorable_pct": 0,
    "max_adverse_pct": 0,
    "outcome_tracked": false
  },
  {
    "symbol": "V",
    "timeframe": "historical_1m",
    "timestamp": "2025-11-28",
    "congress_score": 57.14285714285714,
    "insider_score": 50,
    "short_interest_pct": 0,
    "combined_score": 51.785714285714285,
    "price": 0,
    "price_change_24h": 0,
    "rsi": 50,
    "position_pct": 50,
    "ta_score": 50,
    "signal_direction": "WAIT",
    "signal_name": "quiver_only_import",
    "confidence": "LOW",
    "hit_tp1": false,
    "hit_sl": false,
    "candles_to_result": 0,
    "max_favorable_pct": 0,
    "max_adverse_pct": 0,
    "outcome_tracked": false
  },
  {
    "symbol": "V",
    "timeframe": "historical_1w",
    "timestamp": "2025-11-30",
    "congress_score": 66.66666666666666,
    "insider_score": 50,
    "short_interest_pct": 0,
    "combined_score": 54.166666666666664,
    "price": 334.44000244140625,
    "price_change_24h": 1.5608912356440878,
    "rsi": 50,
    "position_pct": 41.45201926758714,
    "ta_score": 50,
    "signal_direction": "WAIT",
    "signal_name": "historical_import",
    "confidence": "MEDIUM",
    "hit_tp1": false,
    "hit_sl": false,
    "candles_to_result": 0,
    "max_favorable_pct": 0,
    "max_adverse_pct": 0,
    "outcome_tracked": false
  },
  {
    "symbol": "V",
    "timeframe": "historical_1w",
    "timestamp": "2025-12-07",
    "congress_score": 100.0,
    "insider_score": 50,
    "short_interest_pct": 0,
    "combined_score": 62.5,
    "price": 331.239990234375,
    "price_change_24h": 0.25726430831813873,
    "rsi": 50,
    "position_pct": 36.63199671610739,
    "ta_score": 50,
    "signal_direction": "WAIT",
    "signal_name": "historical_import",
    "confidence": "MEDIUM",
    "hit_tp1": false,
    "hit_sl": false,
    "candles_to_result": 0,
    "max_favorable_pct": 0,
    "max_adverse_pct": 0,
    "outcome_tracked": false
  },
  {
    "symbol": "V",
    "timeframe": "historical_1w",
    "timestamp": "2025-12-14",
    "congress_score": 100.0,
    "insider_score": 50,
    "short_interest_pct": 0,
    "combined_score": 62.5,
    "price": 347.8299865722656,
    "price_change_24h": 6.4220996418918475,
    "rsi": 50,
    "position_pct": 61.62070029101797,
    "ta_score": 50,
    "signal_direction": "WAIT",
    "signal_name": "historical_import",
    "confidence": "MEDIUM",
    "hit_tp1": false,
    "hit_sl": false,
    "candles_to_result": 0,
    "max_favorable_pct": 0,
    "max_adverse_pct": 0,
    "outcome_tracked": false
  },
  {
    "symbol": "V",
    "timeframe": "historical_1w",
    "timestamp": "2025-12-21",
    "congress_score": 100.0,
    "insider_score": 50,
    "short_interest_pct": 0,
    "combined_score": 62.5,
    "price": 349.25,
    "price_change_24h": 0.6803266891248725,
    "rsi": 50,
    "position_pct": 63.75959736461183,
    "ta_score": 50,
    "signal_direction": "WAIT",
    "signal_name": "historical_import",
    "confidence": "MEDIUM",
    "hit_tp1": false,
    "hit_sl": false,
    "candles_to_result": 0,
    "max_favorable_pct": 0,
    "max_adverse_pct": 0,
    "outcome_tracked": false
  },
  {
    "symbol": "V",
    "timeframe": "historical_1m",
    "timestamp": "2025-12-28",
    "congress_score": 66.66666666666666,
    "insider_score": 50,
    "short_interest_pct": 0,
    "combined_score": 54.166666666666664,
    "price": 0,
    "price_change_24h": 0,
    "rsi": 50,
    "position_pct": 50,
    "ta_score": 50,
    "signal_direction": "WAIT",
    "signal_name": "quiver_only_import",
    "confidence": "LOW",
    "hit_tp1": false,
    "hit_sl": false,
    "candles_to_result": 0,
    "max_favorable_pct": 0,
    "max_adverse_pct": 0,
    "outcome_tracked": false
  },
  {
    "symbol": "V",
    "timeframe": "historical_1w",
    "timestamp": "2025-12-28",
    "congress_score": 100.0,
    "insider_score": 50,
    "short_interest_pct": 0,
    "combined_score": 62.5,
    "price": 354.625,
    "price_change_24h": 0.7199874147167207,
    "rsi": 50,
    "position_pct": 71.8556981098771,
    "ta_score": 50,
    "signal_direction": "WAIT",
    "signal_name": "historical_import",
    "confidence": "MEDIUM",
    "hit_tp1": false,
    "hit_sl": false,
    "candles_to_result": 0,
    "max_favorable_pct": 0,
    "max_adverse_pct": 0,
    "outcome_tracked": false
  }
]