[
  {
    "symbol": "VRTX",
    "timeframe": "historical_1w",
    "timestamp": "2025-06-29",
    "congress_score": 0.0,
    "insider_score": 50,
    "short_interest_pct": 0,
    "combined_score": 37.5,
    "price": 441.29998779296875,
    "price_change_24h": -0.5050324004145063,
    "rsi": 50,
    "position_pct": 36.66635813887858,
    "ta_score": 50,
    "signal_direction": "WAIT",
    "signal_name": "historical_import",
    "confidence": "MEDIUM",
    "hit_tp1": false,
    "hit_sl": true,
    "candles_to_result": 1,
    "max_favorable_pct": 6.424202784436906,
    "max_adverse_pct": -16.94085232631362,
    "outcome_tracked": true
  },
  {
    "symbol": "VRTX",
    "timeframe": "historical_1w",
    "timestamp": "2025-07-06",
    "congress_score": 0.0,
    "insider_score": 50,
    "short_interest_pct": 0,
    "combined_score": 37.5,
    "price": 459.6199951171875,
    "price_change_24h": 3.238989783192218,
    "rsi": 50,
    "position_pct": 52.67895034045197,
    "ta_score": 50,
    "signal_direction": "WAIT",
    "signal_name": "historical_import",
    "confidence": "MEDIUM",
    "hit_tp1": false,
    "hit_sl": true,
    "candles_to_result": 1,
    "max_favorable_pct": 2.1822372581374676,
    "max_adverse_pct": -20.251509412364314,
    "outcome_tracked": true
  },
  {
    "symbol": "VRTX",
    "timeframe": "historical_1w",
    "timestamp": "2025-07-13",
    "congress_score": 50,
    "insider_score": 50,
    "short_interest_pct": 0,
    "combined_score": 50.0,
    "price": 468.8500061035156,
    "price_change_24h": 2.0548099445281696,
    "rsi": 50,
    "position_pct": 60.74643630399359,
    "ta_score": 50,
    "signal_direction": "WAIT",
    "signal_name": "historical_import",
    "confidence": "MEDIUM",
    "hit_tp1": false,
    "hit_sl": true,
    "candles_to_result": 4,
    "max_favorable_pct": 0.1706276597108807,
    "max_adverse_pct": -21.821477279879804,
    "outcome_tracked": true
  },
  {
    "symbol": "VRTX",
    "timeframe": "historical_1w",
    "timestamp": "2025-07-20",
    "congress_score": 50,
    "insider_score": 50,
    "short_interest_pct": 0,
    "combined_score": 50.0,
    "price": 459.80999755859375,
    "price_change_24h": -2.654812825846292,
    "rsi": 50,
    "position_pct": 52.845021868574094,
    "ta_score": 50,
    "signal_direction": "WAIT",
    "signal_name": "historical_import",
    "confidence": "MEDIUM",
    "hit_tp1": false,
    "hit_sl": true,
    "candles_to_result": 3,
    "max_favorable_pct": 2.1400135686777255,
    "max_adverse_pct": -20.28446304101651,
    "outcome_tracked": true
  },
  {
    "symbol": "VRTX",
    "timeframe": "historical_1w",
    "timestamp": "2025-07-27",
    "congress_score": 50,
    "insider_score": 50,
    "short_interest_pct": 0,
    "combined_score": 50.0,
    "price": 469.6499938964844,
    "price_change_24h": 2.4340779296849,
    "rsi": 50,
    "position_pct": 61.44566518902306,
    "ta_score": 50,
    "signal_direction": "WAIT",
    "signal_name": "historical_import",
    "confidence": "MEDIUM",
    "hit_tp1": false,
    "hit_sl": true,
    "candles_to_result": 2,
    "max_favorable_pct": -1.6011900588524988,
    "max_adverse_pct": -21.95464424391944,
    "outcome_tracked": true
  },
  {
    "symbol": "VRTX",
    "timeframe": "historical_1w",
    "timestamp": "2025-08-03",
    "congress_score": 50,
    "insider_score": 50,
    "short_interest_pct": 0,
    "combined_score": 50.0,
    "price": 462.1300048828125,
    "price_change_24h": 0.282103671294622,
    "rsi": 50,
    "position_pct": 54.872822978580615,
    "ta_score": 50,
    "signal_direction": "WAIT",
    "signal_name": "historical_import",
    "confidence": "MEDIUM",
    "hit_tp1": false,
    "hit_sl": true,
    "candles_to_result": 1,
    "max_favorable_pct": -11.758595149360671,
    "max_adverse_pct": -20.684654821781255,
    "outcome_tracked": true
  },
  {
    "symbol": "VRTX",
    "timeframe": "historical_1w",
    "timestamp": "2025-08-10",
    "congress_score": 100.0,
    "insider_score": 50,
    "short_interest_pct": 0,
    "combined_score": 62.5,
    "price": 366.5400085449219,
    "price_change_24h": -22.38761363803051,
    "rsi": 50,
    "position_pct": 0.0,
    "ta_score": 50,
    "signal_direction": "WAIT",
    "signal_name": "historical_import",
    "confidence": "MEDIUM",
    "hit_tp1": true,
    "hit_sl": false,
    "candles_to_result": 1,
    "max_favorable_pct": 13.714734501489204,
    "max_adverse_pct": 4.523377035452227,
    "outcome_tracked": true
  },
  {
    "symbol": "VRTX",
    "timeframe": "historical_1w",
    "timestamp": "2025-08-17",
    "congress_score": 100.0,
    "insider_score": 50,
    "short_interest_pct": 0,
    "combined_score": 62.5,
    "price": 392.7900085449219,
    "price_change_24h": 4.895053545938753,
    "rsi": 50,
    "position_pct": 17.830457670386526,
    "ta_score": 50,
    "signal_direction": "WAIT",
    "signal_name": "historical_import",
    "confidence": "MEDIUM",
    "hit_tp1": false,
    "hit_sl": true,
    "candles_to_result": 5,
    "max_favorable_pct": 7.281245826354758,
    "max_adverse_pct": -2.4618786673206463,
    "outcome_tracked": true
  },
  {
    "symbol": "VRTX",
    "timeframe": "historical_1w",
    "timestamp": "2025-08-24",
    "congress_score": 100.0,
    "insider_score": 50,
    "short_interest_pct": 0,
    "combined_score": 62.5,
    "price": 395.1199951171875,
    "price_change_24h": 1.3440007614522322,
    "rsi": 50,
    "position_pct": 19.413113935123718,
    "ta_score": 50,
    "signal_direction": "WAIT",
    "signal_name": "historical_import",
    "confidence": "MEDIUM",
    "hit_tp1": false,
    "hit_sl": true,
    "candles_to_result": 4,
    "max_favorable_pct": 7.706522723052821,
    "max_adverse_pct": -3.0370520723561345,
    "outcome_tracked": true
  },
  {
    "symbol": "VRTX",
    "timeframe": "historical_1w",
    "timestamp": "2025-08-31",
    "congress_score": 100.0,
    "insider_score": 50,
    "short_interest_pct": 0,
    "combined_score": 62.5,
    "price": 391.0199890136719,
    "price_change_24h": 0.5347834008354475,
    "rsi": 50,
    "position_pct": 16.628162115045175,
    "ta_score": 50,
    "signal_direction": "WAIT",
    "signal_name": "historical_import",
    "confidence": "MEDIUM",
    "hit_tp1": false,
    "hit_sl": true,
    "candles_to_result": 3,
    "max_favorable_pct": 8.835870104159522,
    "max_adverse_pct": -2.0203555108299476,
    "outcome_tracked": true
  },
  {
    "symbol": "VRTX",
    "timeframe": "historical_1w",
    "timestamp": "2025-09-07",
    "congress_score": 50,
    "insider_score": 50,
    "short_interest_pct": 0,
    "combined_score": 50.0,
    "price": 396.1199951171875,
    "price_change_24h": -1.216958823644015,
    "rsi": 50,
    "position_pct": 20.092369465424156,
    "ta_score": 50,
    "signal_direction": "WAIT",
    "signal_name": "historical_import",
    "confidence": "MEDIUM",
    "hit_tp1": false,
    "hit_sl": true,
    "candles_to_result": 2,
    "max_favorable_pct": 10.357972151130273,
    "max_adverse_pct": -3.281833828194939,
    "outcome_tracked": true
  },
  {
    "symbol": "VRTX",
    "timeframe": "historical_1w",
    "timestamp": "2025-09-14",
    "congress_score": 50,
    "insider_score": 50,
    "short_interest_pct": 0,
    "combined_score": 50.0,
    "price": 394.5299987792969,
    "price_change_24h": -0.18216349669908286,
    "rsi": 50,
    "position_pct": 19.012355659754505,
    "ta_score": 50,
    "signal_direction": "WAIT",
    "signal_name": "historical_import",
    "confidence": "MEDIUM",
    "hit_tp1": false,
    "hit_sl": true,
    "candles_to_result": 1,
    "max_favorable_pct": 10.802726091566349,
    "max_adverse_pct": -2.892049704056147,
    "outcome_tracked": true
  },
  {
    "symbol": "VRTX",
    "timeframe": "historical_1w",
    "timestamp": "2025-09-21",
    "congress_score": 50,
    "insider_score": 50,
    "short_interest_pct": 0,
    "combined_score": 50.0,
    "price": 383.1199951171875,
    "price_change_24h": -2.566057973387827,
    "rsi": 50,
    "position_pct": 11.262047571518448,
    "ta_score": 50,
    "signal_direction": "WAIT",
    "signal_name": "historical_import",
    "confidence": "MEDIUM",
    "hit_tp1": true,
    "hit_sl": false,
    "candles_to_result": 2,
    "max_favorable_pct": 14.10263089055698,
    "max_adverse_pct": 0.6838575774115117,
    "outcome_tracked": true
  },
  {
    "symbol": "VRTX",
    "timeframe": "historical_1w",
    "timestamp": "2025-09-28",
    "congress_score": 50,
    "insider_score": 50,
    "short_interest_pct": 0,
    "combined_score": 50.0,
    "price": 385.739990234375,
    "price_change_24h": 0.6812270817475684,
    "rsi": 50,
    "position_pct": 13.041693744228203,
    "ta_score": 50,
    "signal_direction": "WAIT",
    "signal_name": "historical_import",
    "confidence": "MEDIUM",
    "hit_tp1": true,
    "hit_sl": false,
    "candles_to_result": 1,
    "max_favorable_pct": 18.079541275868028,
    "max_adverse_pct": 4.5522885889856335,
    "outcome_tracked": true
  },
  {
    "symbol": "VRTX",
    "timeframe": "historical_1w",
    "timestamp": "2025-10-05",
    "congress_score": 50,
    "insider_score": 50,
    "short_interest_pct": 0,
    "combined_score": 50.0,
    "price": 403.29998779296875,
    "price_change_24h": 2.021196095145736,
    "rsi": 50,
    "position_pct": 24.969419197965216,
    "ta_score": 50,
    "signal_direction": "WAIT",
    "signal_name": "historical_import",
    "confidence": "MEDIUM",
    "hit_tp1": true,
    "hit_sl": false,
    "candles_to_result": 2,
    "max_favorable_pct": 12.938265502786383,
    "max_adverse_pct": 1.1133203292478269,
    "outcome_tracked": true
  },
  {
    "symbol": "VRTX",
    "timeframe": "historical_1w",
    "timestamp": "2025-10-12",
    "congress_score": 50,
    "insider_score": 50,
    "short_interest_pct": 0,
    "combined_score": 50.0,
    "price": 407.7900085449219,
    "price_change_24h": 1.2137043242780177,
    "rsi": 50,
    "position_pct": 28.019290624893117,
    "ta_score": 50,
    "signal_direction": "WAIT",
    "signal_name": "historical_import",
    "confidence": "MEDIUM",
    "hit_tp1": true,
    "hit_sl": false,
    "candles_to_result": 2,
    "max_favorable_pct": 11.871306958904208,
    "max_adverse_pct": 0.4119749480316615,
    "outcome_tracked": true
  },
  {
    "symbol": "VRTX",
    "timeframe": "historical_1w",
    "timestamp": "2025-10-19",
    "congress_score": 50,
    "insider_score": 50,
    "short_interest_pct": 0,
    "combined_score": 50.0,
    "price": 416.80999755859375,
    "price_change_24h": 2.3173043067864287,
    "rsi": 50,
    "position_pct": 34.146168045678934,
    "ta_score": 50,
    "signal_direction": "WAIT",
    "signal_name": "historical_import",
    "confidence": "MEDIUM",
    "hit_tp1": true,
    "hit_sl": false,
    "candles_to_result": 4,
    "max_favorable_pct": 10.66433446111921,
    "max_adverse_pct": -1.7609933496997736,
    "outcome_tracked": true
  },
  {
    "symbol": "VRTX",
    "timeframe": "historical_1w",
    "timestamp": "2025-10-26",
    "congress_score": 50,
    "insider_score": 50,
    "short_interest_pct": 0,
    "combined_score": 50.0,
    "price": 421.3900146484375,
    "price_change_24h": 0.5464110025224514,
    "rsi": 50,
    "position_pct": 37.25716998282583,
    "ta_score": 50,
    "signal_direction": "WAIT",
    "signal_name": "historical_import",
    "confidence": "MEDIUM",
    "hit_tp1": false,
    "hit_sl": false,
    "candles_to_result": 0,
    "max_favorable_pct": 0,
    "max_adverse_pct": 0,
    "outcome_tracked": false
  },
  {
    "symbol": "VRTX",
    "timeframe": "historical_1w",
    "timestamp": "2025-11-02",
    "congress_score": 50,
    "insider_score": 50,
    "short_interest_pct": 0,
    "combined_score": 50.0,
    "price": 425.57000732421875,
    "price_change_24h": 1.2851925944051519,
    "rsi": 50,
    "position_pct": 40.096453124465576,
    "ta_score": 50,
    "signal_direction": "WAIT",
    "signal_name": "historical_import",
    "confidence": "MEDIUM",
    "hit_tp1": false,
    "hit_sl": false,
    "candles_to_result": 0,
    "max_favorable_pct": 0,
    "max_adverse_pct": 0,
    "outcome_tracked": false
  },
  {
    "symbol": "VRTX",
    "timeframe": "historical_1w",
    "timestamp": "2025-11-09",
    "congress_score": 50,
    "insider_score": 50,
    "short_interest_pct": 0,
    "combined_score": 50.0,
    "price": 409.4700012207031,
    "price_change_24h": -3.8802814035908155,
    "rsi": 50,
    "position_pct": 29.16043494078176,
    "ta_score": 50,
    "signal_direction": "WAIT",
    "signal_name": "historical_import",
    "confidence": "MEDIUM",
    "hit_tp1": false,
    "hit_sl": false,
    "candles_to_result": 0,
    "max_favorable_pct": 0,
    "max_adverse_pct": 0,
    "outcome_tracked": false
  },
  {
    "symbol": "VRTX",
    "timeframe": "historical_1w",
    "timestamp": "2025-11-16",
    "congress_score": 50,
    "insider_score": 50,
    "short_interest_pct": 0,
    "combined_score": 50.0,
    "price": 437.1499938964844,
    "price_change_24h": 3.7867951631523873,
    "rsi": 50,
    "position_pct": 47.962223044481824,
    "ta_score": 50,
    "signal_direction": "WAIT",
    "signal_name": "historical_import",
    "confidence": "MEDIUM",
    "hit_tp1": false,
    "hit_sl": false,
    "candles_to_result": 0,
    "max_favorable_pct": 0,
    "max_adverse_pct": 0,
    "outcome_tracked": false
  },
  {
    "symbol": "VRTX",
    "timeframe": "historical_1w",
    "timestamp": "2025-11-23",
    "congress_score": 50,
    "insider_score": 50,
    "short_interest_pct": 0,
    "combined_score": 50.0,
    "price": 426.760009765625,
    "price_change_24h": -1.672729236398875,
    "rsi": 50,
    "position_pct": 40.9047688638618,
    "ta_score": 50,
    "signal_direction": "WAIT",
    "signal_name": "historical_import",
    "confidence": "MEDIUM",
    "hit_tp1": false,
    "hit_sl": false,
    "candles_to_result": 0,
    "max_favorable_pct": 0,
    "max_adverse_pct": 0,
    "outcome_tracked": false
  },
  {
    "symbol": "VRTX",
    "timeframe": "historical_1w",
    "timestamp": "2025-11-30",
    "congress_score": 50,
    "insider_score": 50,
    "short_interest_pct": 0,
    "combined_score": 50.0,
    "price": 433.6099853515625,
    "price_change_24h": 2.266505979142099,
    "rsi": 50,
    "position_pct": 45.55765266303283,
    "ta_score": 50,
    "signal_direction": "WAIT",
    "signal_name": "historical_import",
    "confidence": "MEDIUM",
    "hit_tp1": false,
    "hit_sl": false,
    "candles_to_result": 0,
    "max_favorable_pct": 0,
    "max_adverse_pct": 0,
    "outcome_tracked": false
  },
  {
    "symbol": "VRTX",
    "timeframe": "historical_1w",
    "timestamp": "2025-12-07",
    "congress_score": 50,
    "insider_score": 50,
    "short_interest_pct": 0,
    "combined_score": 50.0,
    "price": 455.4800109863281,
    "price_change_24h": 7.020677738323387,
    "rsi": 50,
    "position_pct": 60.412988523259756,
    "ta_score": 50,
    "signal_direction": "WAIT",
    "signal_name": "historical_import",
    "confidence": "MEDIUM",
    "hit_tp1": false,
    "hit_sl": false,
    "candles_to_result": 0,
    "max_favorable_pct": 0,
    "max_adverse_pct": 0,
    "outcome_tracked": false
  },
  {
    "symbol": "VRTX",
    "timeframe": "historical_1w",
    "timestamp": "2025-12-14",
    "congress_score": 50,
    "insider_score": 50,
    "short_interest_pct": 0,
    "combined_score": 50.0,
    "price": 452.0400085449219,
    "price_change_24h": 2.262238667698279,
    "rsi": 50,
    "position_pct": 58.076347840687546,
    "ta_score": 50,
    "signal_direction": "WAIT",
    "signal_name": "historical_import",
    "confidence": "MEDIUM",
    "hit_tp1": false,
    "hit_sl": false,
    "candles_to_result": 0,
    "max_favorable_pct": 0,
    "max_adverse_pct": 0,
    "outcome_tracked": false
  },
  {
    "symbol": "VRTX",
    "timeframe": "historical_1w",
    "timestamp": "2025-12-21",
    "congress_score": 50,
    "insider_score": 50,
    "short_interest_pct": 0,
    "combined_score": 50.0,
    "price": 456.20001220703125,
    "price_change_24h": 0.10752907795339157,
    "rsi": 50,
    "position_pct": 60.90205333424542,
    "ta_score": 50,
    "signal_direction": "WAIT",
    "signal_name": "historical_import",
    "confidence": "MEDIUM",
    "hit_tp1": false,
    "hit_sl": false,
    "candles_to_result": 0,
    "max_favorable_pct": 0,
    "max_adverse_pct": 0,
    "outcome_tracked": false
  },
  {
    "symbol": "VRTX",
    "timeframe": "historical_1w",
    "timestamp": "2025-12-28",
    "congress_score": 50,
    "insider_score": 50,
    "short_interest_pct": 0,
    "combined_score": 50.0,
    "price": 461.260009765625,
    "price_change_24h": 0.206385308177088,
    "rsi": 50,
    "position_pct": 64.33908465922694,
    "ta_score": 50,
    "signal_direction": "WAIT",
    "signal_name": "historical_import",
    "confidence": "MEDIUM",
    "hit_tp1": false,
    "hit_sl": false,
    "candles_to_result": 0,
    "max_favorable_pct": 0,
    "max_adverse_pct": 0,
    "outcome_tracked": false
  }
]