[
  {
    "symbol": "VZ",
    "timeframe": "historical_1w",
    "timestamp": "2025-06-29",
    "congress_score": 33.33333333333333,
    "insider_score": 50,
    "short_interest_pct": 0,
    "combined_score": 45.83333333333333,
    "price": 42.310001373291016,
    "price_change_24h": -0.1180340801230501,
    "rsi": 50,
    "position_pct": 51.84331614961699,
    "ta_score": 50,
    "signal_direction": "WAIT",
    "signal_name": "historical_import",
    "confidence": "MEDIUM",
    "hit_tp1": false,
    "hit_sl": true,
    "candles_to_result": 1,
    "max_favorable_pct": 5.034264202984804,
    "max_adverse_pct": -3.4743587165919854,
    "outcome_tracked": true
  },
  {
    "symbol": "VZ",
    "timeframe": "historical_1w",
    "timestamp": "2025-07-06",
    "congress_score": 33.33333333333333,
    "insider_score": 50,
    "short_interest_pct": 0,
    "combined_score": 45.83333333333333,
    "price": 43.54999923706055,
    "price_change_24h": 0.6470967791419021,
    "rsi": 50,
    "position_pct": 66.12900532211778,
    "ta_score": 50,
    "signal_direction": "WAIT",
    "signal_name": "historical_import",
    "confidence": "MEDIUM",
    "hit_tp1": true,
    "hit_sl": false,
    "candles_to_result": 1,
    "max_favorable_pct": 2.043626648082828,
    "max_adverse_pct": -6.222730498159178,
    "outcome_tracked": true
  },
  {
    "symbol": "VZ",
    "timeframe": "historical_1w",
    "timestamp": "2025-07-13",
    "congress_score": 20.0,
    "insider_score": 50,
    "short_interest_pct": 0,
    "combined_score": 42.5,
    "price": 41.619998931884766,
    "price_change_24h": -2.7570101079675213,
    "rsi": 50,
    "position_pct": 43.893979546543264,
    "ta_score": 50,
    "signal_direction": "WAIT",
    "signal_name": "historical_import",
    "confidence": "MEDIUM",
    "hit_tp1": false,
    "hit_sl": true,
    "candles_to_result": 2,
    "max_favorable_pct": 6.775588099940672,
    "max_adverse_pct": -1.8740961059932268,
    "outcome_tracked": true
  },
  {
    "symbol": "VZ",
    "timeframe": "historical_1w",
    "timestamp": "2025-07-20",
    "congress_score": 20.0,
    "insider_score": 50,
    "short_interest_pct": 0,
    "combined_score": 42.5,
    "price": 40.84000015258789,
    "price_change_24h": -1.7797057380457226,
    "rsi": 50,
    "position_pct": 34.90781881067588,
    "ta_score": 50,
    "signal_direction": "WAIT",
    "signal_name": "historical_import",
    "confidence": "MEDIUM",
    "hit_tp1": false,
    "hit_sl": true,
    "candles_to_result": 1,
    "max_favorable_pct": 8.814883596157317,
    "max_adverse_pct": 4.995105063431485,
    "outcome_tracked": true
  },
  {
    "symbol": "VZ",
    "timeframe": "historical_1w",
    "timestamp": "2025-07-27",
    "congress_score": 0.0,
    "insider_score": 50,
    "short_interest_pct": 0,
    "combined_score": 37.5,
    "price": 43.08000183105469,
    "price_change_24h": 1.388562318854632,
    "rsi": 50,
    "position_pct": 60.7142888534374,
    "ta_score": 50,
    "signal_direction": "WAIT",
    "signal_name": "historical_import",
    "confidence": "MEDIUM",
    "hit_tp1": false,
    "hit_sl": true,
    "candles_to_result": 3,
    "max_favorable_pct": 3.1569097907371217,
    "max_adverse_pct": -0.4642543046395146,
    "outcome_tracked": true
  },
  {
    "symbol": "VZ",
    "timeframe": "historical_1w",
    "timestamp": "2025-08-03",
    "congress_score": 25.0,
    "insider_score": 50,
    "short_interest_pct": 0,
    "combined_score": 43.75,
    "price": 42.880001068115234,
    "price_change_24h": 1.2275742452104657,
    "rsi": 50,
    "position_pct": 58.41013267938525,
    "ta_score": 50,
    "signal_direction": "WAIT",
    "signal_name": "historical_import",
    "confidence": "MEDIUM",
    "hit_tp1": false,
    "hit_sl": true,
    "candles_to_result": 2,
    "max_favorable_pct": 3.6380539172927753,
    "max_adverse_pct": -7.06623721669446,
    "outcome_tracked": true
  },
  {
    "symbol": "VZ",
    "timeframe": "historical_1w",
    "timestamp": "2025-08-10",
    "congress_score": 60.0,
    "insider_score": 50,
    "short_interest_pct": 0,
    "combined_score": 52.5,
    "price": 43.150001525878906,
    "price_change_24h": 0.46565950963155534,
    "rsi": 50,
    "position_pct": 61.52073692213711,
    "ta_score": 50,
    "signal_direction": "WAIT",
    "signal_name": "historical_import",
    "confidence": "MEDIUM",
    "hit_tp1": false,
    "hit_sl": true,
    "candles_to_result": 9,
    "max_favorable_pct": 2.9895644385004516,
    "max_adverse_pct": -7.647747242323176,
    "outcome_tracked": true
  },
  {
    "symbol": "VZ",
    "timeframe": "historical_1w",
    "timestamp": "2025-08-17",
    "congress_score": 60.0,
    "insider_score": 50,
    "short_interest_pct": 0,
    "combined_score": 52.5,
    "price": 44.2400016784668,
    "price_change_24h": 2.454843366835174,
    "rsi": 50,
    "position_pct": 74.07834192519151,
    "ta_score": 50,
    "signal_direction": "WAIT",
    "signal_name": "historical_import",
    "confidence": "MEDIUM",
    "hit_tp1": false,
    "hit_sl": true,
    "candles_to_result": 8,
    "max_favorable_pct": 0.45207265066523095,
    "max_adverse_pct": -12.25136025770245,
    "outcome_tracked": true
  },
  {
    "symbol": "VZ",
    "timeframe": "historical_1w",
    "timestamp": "2025-08-24",
    "congress_score": 50.0,
    "insider_score": 50,
    "short_interest_pct": 0,
    "combined_score": 50.0,
    "price": 44.439998626708984,
    "price_change_24h": 0.11263626435689135,
    "rsi": 50,
    "position_pct": 76.38245415112002,
    "ta_score": 50,
    "signal_direction": "WAIT",
    "signal_name": "historical_import",
    "confidence": "MEDIUM",
    "hit_tp1": false,
    "hit_sl": true,
    "candles_to_result": 4,
    "max_favorable_pct": -0.1350080118087374,
    "max_adverse_pct": -12.646262613759573,
    "outcome_tracked": true
  },
  {
    "symbol": "VZ",
    "timeframe": "historical_1w",
    "timestamp": "2025-08-31",
    "congress_score": 40.0,
    "insider_score": 50,
    "short_interest_pct": 0,
    "combined_score": 47.5,
    "price": 44.22999954223633,
    "price_change_24h": 0.0,
    "rsi": 50,
    "position_pct": 73.9631099450209,
    "ta_score": 50,
    "signal_direction": "WAIT",
    "signal_name": "historical_import",
    "confidence": "MEDIUM",
    "hit_tp1": true,
    "hit_sl": false,
    "candles_to_result": 6,
    "max_favorable_pct": 0.3391397861889328,
    "max_adverse_pct": -12.231516851466312,
    "outcome_tracked": true
  },
  {
    "symbol": "VZ",
    "timeframe": "historical_1w",
    "timestamp": "2025-09-07",
    "congress_score": 25.0,
    "insider_score": 50,
    "short_interest_pct": 0,
    "combined_score": 43.75,
    "price": 44.380001068115234,
    "price_change_24h": 1.3242051167981068,
    "rsi": 50,
    "position_pct": 75.69123806259091,
    "ta_score": 50,
    "signal_direction": "WAIT",
    "signal_name": "historical_import",
    "confidence": "MEDIUM",
    "hit_tp1": true,
    "hit_sl": false,
    "candles_to_result": 5,
    "max_favorable_pct": -0.9238392013169043,
    "max_adverse_pct": -12.528168633338751,
    "outcome_tracked": true
  },
  {
    "symbol": "VZ",
    "timeframe": "historical_1w",
    "timestamp": "2025-09-14",
    "congress_score": 33.33333333333333,
    "insider_score": 50,
    "short_interest_pct": 0,
    "combined_score": 45.83333333333333,
    "price": 43.970001220703125,
    "price_change_24h": 1.5004652134302001,
    "rsi": 50,
    "position_pct": 70.96773768243965,
    "ta_score": 50,
    "signal_direction": "WAIT",
    "signal_name": "historical_import",
    "confidence": "MEDIUM",
    "hit_tp1": true,
    "hit_sl": false,
    "candles_to_result": 4,
    "max_favorable_pct": -0.6822902966319616,
    "max_adverse_pct": -11.712534416428548,
    "outcome_tracked": true
  },
  {
    "symbol": "VZ",
    "timeframe": "historical_1w",
    "timestamp": "2025-09-21",
    "congress_score": 50.0,
    "insider_score": 50,
    "short_interest_pct": 0,
    "combined_score": 50.0,
    "price": 43.47999954223633,
    "price_change_24h": -0.8889888286844372,
    "rsi": 50,
    "position_pct": 65.32255725341807,
    "ta_score": 50,
    "signal_direction": "WAIT",
    "signal_name": "historical_import",
    "confidence": "MEDIUM",
    "hit_tp1": false,
    "hit_sl": true,
    "candles_to_result": 3,
    "max_favorable_pct": 0.4369793668567552,
    "max_adverse_pct": -10.717571059046128,
    "outcome_tracked": true
  },
  {
    "symbol": "VZ",
    "timeframe": "historical_1w",
    "timestamp": "2025-09-28",
    "congress_score": 50.0,
    "insider_score": 50,
    "short_interest_pct": 0,
    "combined_score": 50.0,
    "price": 43.61000061035156,
    "price_change_24h": 1.042633838114889,
    "rsi": 50,
    "position_pct": 66.8202653587705,
    "ta_score": 50,
    "signal_direction": "WAIT",
    "signal_name": "historical_import",
    "confidence": "MEDIUM",
    "hit_tp1": false,
    "hit_sl": true,
    "candles_to_result": 2,
    "max_favorable_pct": 0.13757752293979236,
    "max_adverse_pct": -10.983721276056018,
    "outcome_tracked": true
  },
  {
    "symbol": "VZ",
    "timeframe": "historical_1w",
    "timestamp": "2025-10-05",
    "congress_score": 100.0,
    "insider_score": 50,
    "short_interest_pct": 0,
    "combined_score": 62.5,
    "price": 43.66999816894531,
    "price_change_24h": 0.9710940322434971,
    "rsi": 50,
    "position_pct": 67.5114814472996,
    "ta_score": 50,
    "signal_direction": "WAIT",
    "signal_name": "historical_import",
    "confidence": "MEDIUM",
    "hit_tp1": false,
    "hit_sl": true,
    "candles_to_result": 1,
    "max_favorable_pct": -4.534004179657486,
    "max_adverse_pct": -11.106019412590754,
    "outcome_tracked": true
  },
  {
    "symbol": "VZ",
    "timeframe": "historical_1w",
    "timestamp": "2025-10-12",
    "congress_score": 66.66666666666666,
    "insider_score": 50,
    "short_interest_pct": 0,
    "combined_score": 54.166666666666664,
    "price": 39.849998474121094,
    "price_change_24h": -3.836873082237751,
    "rsi": 50,
    "position_pct": 23.502269920585743,
    "ta_score": 50,
    "signal_direction": "WAIT",
    "signal_name": "historical_import",
    "confidence": "MEDIUM",
    "hit_tp1": false,
    "hit_sl": true,
    "candles_to_result": 2,
    "max_favorable_pct": 4.617315490696447,
    "max_adverse_pct": -2.584689632963887,
    "outcome_tracked": true
  },
  {
    "symbol": "VZ",
    "timeframe": "historical_1w",
    "timestamp": "2025-10-19",
    "congress_score": 66.66666666666666,
    "insider_score": 50,
    "short_interest_pct": 0,
    "combined_score": 54.166666666666664,
    "price": 40.54999923706055,
    "price_change_24h": 2.012576697007665,
    "rsi": 50,
    "position_pct": 31.566794555706444,
    "ta_score": 50,
    "signal_direction": "WAIT",
    "signal_name": "historical_import",
    "confidence": "MEDIUM",
    "hit_tp1": false,
    "hit_sl": true,
    "candles_to_result": 1,
    "max_favorable_pct": 2.8113425674408856,
    "max_adverse_pct": -4.266336805883834,
    "outcome_tracked": true
  },
  {
    "symbol": "VZ",
    "timeframe": "historical_1w",
    "timestamp": "2025-10-26",
    "congress_score": 66.66666666666666,
    "insider_score": 50,
    "short_interest_pct": 0,
    "combined_score": 54.166666666666664,
    "price": 38.81999969482422,
    "price_change_24h": -4.852940145248342,
    "rsi": 50,
    "position_pct": 11.63592495418408,
    "ta_score": 50,
    "signal_direction": "WAIT",
    "signal_name": "historical_import",
    "confidence": "MEDIUM",
    "hit_tp1": false,
    "hit_sl": false,
    "candles_to_result": 0,
    "max_favorable_pct": 0,
    "max_adverse_pct": 0,
    "outcome_tracked": false
  },
  {
    "symbol": "VZ",
    "timeframe": "historical_1w",
    "timestamp": "2025-11-02",
    "congress_score": 83.33333333333334,
    "insider_score": 50,
    "short_interest_pct": 0,
    "combined_score": 58.333333333333336,
    "price": 39.7400016784668,
    "price_change_24h": 1.3000309512657104,
    "rsi": 50,
    "position_pct": 22.235025775574513,
    "ta_score": 50,
    "signal_direction": "WAIT",
    "signal_name": "historical_import",
    "confidence": "MEDIUM",
    "hit_tp1": false,
    "hit_sl": false,
    "candles_to_result": 0,
    "max_favorable_pct": 0,
    "max_adverse_pct": 0,
    "outcome_tracked": false
  },
  {
    "symbol": "VZ",
    "timeframe": "historical_1w",
    "timestamp": "2025-11-09",
    "congress_score": 83.33333333333334,
    "insider_score": 50,
    "short_interest_pct": 0,
    "combined_score": 58.333333333333336,
    "price": 40.029998779296875,
    "price_change_24h": 1.4187928585622023,
    "rsi": 50,
    "position_pct": 25.57600608242031,
    "ta_score": 50,
    "signal_direction": "WAIT",
    "signal_name": "historical_import",
    "confidence": "MEDIUM",
    "hit_tp1": false,
    "hit_sl": false,
    "candles_to_result": 0,
    "max_favorable_pct": 0,
    "max_adverse_pct": 0,
    "outcome_tracked": false
  },
  {
    "symbol": "VZ",
    "timeframe": "historical_1w",
    "timestamp": "2025-11-16",
    "congress_score": 71.42857142857143,
    "insider_score": 50,
    "short_interest_pct": 0,
    "combined_score": 55.35714285714286,
    "price": 41.060001373291016,
    "price_change_24h": 3.0363938406564994,
    "rsi": 50,
    "position_pct": 37.4423949969456,
    "ta_score": 50,
    "signal_direction": "WAIT",
    "signal_name": "historical_import",
    "confidence": "MEDIUM",
    "hit_tp1": false,
    "hit_sl": false,
    "candles_to_result": 0,
    "max_favorable_pct": 0,
    "max_adverse_pct": 0,
    "outcome_tracked": false
  },
  {
    "symbol": "VZ",
    "timeframe": "historical_1w",
    "timestamp": "2025-11-23",
    "congress_score": 62.5,
    "insider_score": 50,
    "short_interest_pct": 0,
    "combined_score": 53.125,
    "price": 41.22999954223633,
    "price_change_24h": 0.5364575218419565,
    "rsi": 50,
    "position_pct": 39.40089917860957,
    "ta_score": 50,
    "signal_direction": "WAIT",
    "signal_name": "historical_import",
    "confidence": "MEDIUM",
    "hit_tp1": false,
    "hit_sl": false,
    "candles_to_result": 0,
    "max_favorable_pct": 0,
    "max_adverse_pct": 0,
    "outcome_tracked": false
  },
  {
    "symbol": "VZ",
    "timeframe": "historical_1w",
    "timestamp": "2025-11-30",
    "congress_score": 50.0,
    "insider_score": 50,
    "short_interest_pct": 0,
    "combined_score": 50.0,
    "price": 41.11000061035156,
    "price_change_24h": 2.2382530374800416,
    "rsi": 50,
    "position_pct": 38.01842305342774,
    "ta_score": 50,
    "signal_direction": "WAIT",
    "signal_name": "historical_import",
    "confidence": "MEDIUM",
    "hit_tp1": false,
    "hit_sl": false,
    "candles_to_result": 0,
    "max_favorable_pct": 0,
    "max_adverse_pct": 0,
    "outcome_tracked": false
  },
  {
    "symbol": "VZ",
    "timeframe": "historical_1w",
    "timestamp": "2025-12-07",
    "congress_score": 33.33333333333333,
    "insider_score": 50,
    "short_interest_pct": 0,
    "combined_score": 45.83333333333333,
    "price": 41.689998626708984,
    "price_change_24h": 2.3318529923976663,
    "rsi": 50,
    "position_pct": 44.700427615242965,
    "ta_score": 50,
    "signal_direction": "WAIT",
    "signal_name": "historical_import",
    "confidence": "MEDIUM",
    "hit_tp1": false,
    "hit_sl": false,
    "candles_to_result": 0,
    "max_favorable_pct": 0,
    "max_adverse_pct": 0,
    "outcome_tracked": false
  },
  {
    "symbol": "VZ",
    "timeframe": "historical_1w",
    "timestamp": "2025-12-14",
    "congress_score": 50.0,
    "insider_score": 50,
    "short_interest_pct": 0,
    "combined_score": 50.0,
    "price": 40.88999938964844,
    "price_change_24h": -0.9927357263585518,
    "rsi": 50,
    "position_pct": 35.48384686715801,
    "ta_score": 50,
    "signal_direction": "WAIT",
    "signal_name": "historical_import",
    "confidence": "MEDIUM",
    "hit_tp1": false,
    "hit_sl": false,
    "candles_to_result": 0,
    "max_favorable_pct": 0,
    "max_adverse_pct": 0,
    "outcome_tracked": false
  },
  {
    "symbol": "VZ",
    "timeframe": "historical_1w",
    "timestamp": "2025-12-21",
    "congress_score": 100.0,
    "insider_score": 50,
    "short_interest_pct": 0,
    "combined_score": 62.5,
    "price": 39.81999969482422,
    "price_change_24h": -2.4019597072593784,
    "rsi": 50,
    "position_pct": 23.15666187632119,
    "ta_score": 50,
    "signal_direction": "WAIT",
    "signal_name": "historical_import",
    "confidence": "MEDIUM",
    "hit_tp1": false,
    "hit_sl": false,
    "candles_to_result": 0,
    "max_favorable_pct": 0,
    "max_adverse_pct": 0,
    "outcome_tracked": false
  },
  {
    "symbol": "VZ",
    "timeframe": "historical_1w",
    "timestamp": "2025-12-28",
    "congress_score": 100.0,
    "insider_score": 50,
    "short_interest_pct": 0,
    "combined_score": 62.5,
    "price": 40.369998931884766,
    "price_change_24h": 0.9754862283988471,
    "rsi": 50,
    "position_pct": 29.493058393871873,
    "ta_score": 50,
    "signal_direction": "WAIT",
    "signal_name": "historical_import",
    "confidence": "MEDIUM",
    "hit_tp1": false,
    "hit_sl": false,
    "candles_to_result": 0,
    "max_favorable_pct": 0,
    "max_adverse_pct": 0,
    "outcome_tracked": false
  }
]