[
  {
    "symbol": "WFC",
    "timeframe": "historical_1w",
    "timestamp": "2025-06-29",
    "congress_score": 62.5,
    "insider_score": 50,
    "short_interest_pct": 0,
    "combined_score": 53.125,
    "price": 79.5,
    "price_change_24h": 3.233343455003069,
    "rsi": 50,
    "position_pct": 90.60666194744041,
    "ta_score": 50,
    "signal_direction": "WAIT",
    "signal_name": "historical_import",
    "confidence": "MEDIUM",
    "hit_tp1": true,
    "hit_sl": false,
    "candles_to_result": 1,
    "max_favorable_pct": 6.062892697892099,
    "max_adverse_pct": -3.018869843872838,
    "outcome_tracked": true
  },
  {
    "symbol": "WFC",
    "timeframe": "historical_1w",
    "timestamp": "2025-07-06",
    "congress_score": 40.0,
    "insider_score": 50,
    "short_interest_pct": 0,
    "combined_score": 47.5,
    "price": 83.5999984741211,
    "price_change_24h": 4.343479291365253,
    "rsi": 50,
    "position_pct": 100.0,
    "ta_score": 50,
    "signal_direction": "WAIT",
    "signal_name": "historical_import",
    "confidence": "MEDIUM",
    "hit_tp1": true,
    "hit_sl": false,
    "candles_to_result": 2,
    "max_favorable_pct": 0.8612454950295315,
    "max_adverse_pct": -7.775119759137455,
    "outcome_tracked": true
  },
  {
    "symbol": "WFC",
    "timeframe": "historical_1w",
    "timestamp": "2025-07-13",
    "congress_score": 27.27272727272727,
    "insider_score": 50,
    "short_interest_pct": 0,
    "combined_score": 44.31818181818181,
    "price": 82.55000305175781,
    "price_change_24h": 0.255048242904218,
    "rsi": 50,
    "position_pct": 95.35811020360737,
    "ta_score": 50,
    "signal_direction": "WAIT",
    "signal_name": "historical_import",
    "confidence": "MEDIUM",
    "hit_tp1": false,
    "hit_sl": true,
    "candles_to_result": 2,
    "max_favorable_pct": 2.1441509117287865,
    "max_adverse_pct": -6.602064659185578,
    "outcome_tracked": true
  },
  {
    "symbol": "WFC",
    "timeframe": "historical_1w",
    "timestamp": "2025-07-20",
    "congress_score": 14.285714285714285,
    "insider_score": 50,
    "short_interest_pct": 0,
    "combined_score": 41.07142857142857,
    "price": 80.63999938964844,
    "price_change_24h": -3.3441219049765,
    "rsi": 50,
    "position_pct": 86.91423861961243,
    "ta_score": 50,
    "signal_direction": "WAIT",
    "signal_name": "historical_import",
    "confidence": "MEDIUM",
    "hit_tp1": false,
    "hit_sl": true,
    "candles_to_result": 1,
    "max_favorable_pct": 4.5634924764746145,
    "max_adverse_pct": -4.389882120933851,
    "outcome_tracked": true
  },
  {
    "symbol": "WFC",
    "timeframe": "historical_1w",
    "timestamp": "2025-07-27",
    "congress_score": 0.0,
    "insider_score": 50,
    "short_interest_pct": 0,
    "combined_score": 37.5,
    "price": 84.31999969482422,
    "price_change_24h": 5.0323878636744634,
    "rsi": 50,
    "position_pct": 100.0,
    "ta_score": 50,
    "signal_direction": "WAIT",
    "signal_name": "historical_import",
    "confidence": "MEDIUM",
    "hit_tp1": true,
    "hit_sl": false,
    "candles_to_result": 1,
    "max_favorable_pct": 0.37950628081401805,
    "max_adverse_pct": -8.5626200745187,
    "outcome_tracked": true
  },
  {
    "symbol": "WFC",
    "timeframe": "historical_1m",
    "timestamp": "2025-07-28",
    "congress_score": 38.46153846153847,
    "insider_score": 50,
    "short_interest_pct": 0,
    "combined_score": 47.11538461538461,
    "price": 0,
    "price_change_24h": 0,
    "rsi": 50,
    "position_pct": 50,
    "ta_score": 50,
    "signal_direction": "WAIT",
    "signal_name": "quiver_only_import",
    "confidence": "LOW",
    "hit_tp1": false,
    "hit_sl": false,
    "candles_to_result": 0,
    "max_favorable_pct": 0,
    "max_adverse_pct": 0,
    "outcome_tracked": false
  },
  {
    "symbol": "WFC",
    "timeframe": "historical_1w",
    "timestamp": "2025-08-03",
    "congress_score": 0.0,
    "insider_score": 50,
    "short_interest_pct": 0,
    "combined_score": 37.5,
    "price": 77.77999877929688,
    "price_change_24h": -6.368124395041913,
    "rsi": 50,
    "position_pct": 71.97943070792053,
    "ta_score": 50,
    "signal_direction": "WAIT",
    "signal_name": "historical_import",
    "confidence": "MEDIUM",
    "hit_tp1": false,
    "hit_sl": true,
    "candles_to_result": 4,
    "max_favorable_pct": 9.295453163285524,
    "max_adverse_pct": -0.874261141486133,
    "outcome_tracked": true
  },
  {
    "symbol": "WFC",
    "timeframe": "historical_1w",
    "timestamp": "2025-08-10",
    "congress_score": 50,
    "insider_score": 50,
    "short_interest_pct": 0,
    "combined_score": 50.0,
    "price": 77.8499984741211,
    "price_change_24h": 0.34802350695270107,
    "rsi": 50,
    "position_pct": 72.27934370863427,
    "ta_score": 50,
    "signal_direction": "WAIT",
    "signal_name": "historical_import",
    "confidence": "MEDIUM",
    "hit_tp1": true,
    "hit_sl": false,
    "candles_to_result": 3,
    "max_favorable_pct": 9.197178936990607,
    "max_adverse_pct": -0.9633911556842419,
    "outcome_tracked": true
  },
  {
    "symbol": "WFC",
    "timeframe": "historical_1w",
    "timestamp": "2025-08-17",
    "congress_score": 0.0,
    "insider_score": 50,
    "short_interest_pct": 0,
    "combined_score": 37.5,
    "price": 77.0999984741211,
    "price_change_24h": -0.6315219575931899,
    "rsi": 50,
    "position_pct": 69.06597612038753,
    "ta_score": 50,
    "signal_direction": "WAIT",
    "signal_name": "historical_import",
    "confidence": "MEDIUM",
    "hit_tp1": false,
    "hit_sl": true,
    "candles_to_result": 1,
    "max_favorable_pct": 10.25940832510444,
    "max_adverse_pct": 0.6744543226359192,
    "outcome_tracked": true
  },
  {
    "symbol": "WFC",
    "timeframe": "historical_1w",
    "timestamp": "2025-08-24",
    "congress_score": 0.0,
    "insider_score": 50,
    "short_interest_pct": 0,
    "combined_score": 37.5,
    "price": 79.0999984741211,
    "price_change_24h": 2.143589850698744,
    "rsi": 50,
    "position_pct": 77.63495635571218,
    "ta_score": 50,
    "signal_direction": "WAIT",
    "signal_name": "historical_import",
    "confidence": "MEDIUM",
    "hit_tp1": false,
    "hit_sl": true,
    "candles_to_result": 1,
    "max_favorable_pct": 7.471559767530126,
    "max_adverse_pct": -1.8710439394297438,
    "outcome_tracked": true
  },
  {
    "symbol": "WFC",
    "timeframe": "historical_1m",
    "timestamp": "2025-08-28",
    "congress_score": 0.0,
    "insider_score": 50,
    "short_interest_pct": 0,
    "combined_score": 37.5,
    "price": 0,
    "price_change_24h": 0,
    "rsi": 50,
    "position_pct": 50,
    "ta_score": 50,
    "signal_direction": "WAIT",
    "signal_name": "quiver_only_import",
    "confidence": "LOW",
    "hit_tp1": false,
    "hit_sl": false,
    "candles_to_result": 0,
    "max_favorable_pct": 0,
    "max_adverse_pct": 0,
    "outcome_tracked": false
  },
  {
    "symbol": "WFC",
    "timeframe": "historical_1w",
    "timestamp": "2025-08-31",
    "congress_score": 0.0,
    "insider_score": 50,
    "short_interest_pct": 0,
    "combined_score": 37.5,
    "price": 82.18000030517578,
    "price_change_24h": 2.4816034457956224,
    "rsi": 50,
    "position_pct": 90.83119376324787,
    "ta_score": 50,
    "signal_direction": "WAIT",
    "signal_name": "historical_import",
    "confidence": "MEDIUM",
    "hit_tp1": true,
    "hit_sl": false,
    "candles_to_result": 1,
    "max_favorable_pct": 5.147241836487537,
    "max_adverse_pct": -5.548792335921368,
    "outcome_tracked": true
  },
  {
    "symbol": "WFC",
    "timeframe": "historical_1w",
    "timestamp": "2025-09-07",
    "congress_score": 25.0,
    "insider_score": 50,
    "short_interest_pct": 0,
    "combined_score": 43.75,
    "price": 78.95999908447266,
    "price_change_24h": -3.448275540373473,
    "rsi": 50,
    "position_pct": 77.0351303542847,
    "ta_score": 50,
    "signal_direction": "WAIT",
    "signal_name": "historical_import",
    "confidence": "MEDIUM",
    "hit_tp1": false,
    "hit_sl": true,
    "candles_to_result": 1,
    "max_favorable_pct": 10.144379722777405,
    "max_adverse_pct": -1.6970571851920562,
    "outcome_tracked": true
  },
  {
    "symbol": "WFC",
    "timeframe": "historical_1w",
    "timestamp": "2025-09-14",
    "congress_score": 33.33333333333333,
    "insider_score": 50,
    "short_interest_pct": 0,
    "combined_score": 45.83333333333333,
    "price": 81.45999908447266,
    "price_change_24h": 2.9315134100540265,
    "rsi": 50,
    "position_pct": 87.74635564844051,
    "ta_score": 50,
    "signal_direction": "WAIT",
    "signal_name": "historical_import",
    "confidence": "MEDIUM",
    "hit_tp1": false,
    "hit_sl": true,
    "candles_to_result": 1,
    "max_favorable_pct": 6.764058676844188,
    "max_adverse_pct": -4.713965604036667,
    "outcome_tracked": true
  },
  {
    "symbol": "WFC",
    "timeframe": "historical_1w",
    "timestamp": "2025-09-21",
    "congress_score": 100.0,
    "insider_score": 50,
    "short_interest_pct": 0,
    "combined_score": 62.5,
    "price": 84.63999938964844,
    "price_change_24h": 3.9675661248525382,
    "rsi": 50,
    "position_pct": 100.0,
    "ta_score": 50,
    "signal_direction": "WAIT",
    "signal_name": "historical_import",
    "confidence": "MEDIUM",
    "hit_tp1": false,
    "hit_sl": true,
    "candles_to_result": 2,
    "max_favorable_pct": 2.752837721947868,
    "max_adverse_pct": -8.293946944339131,
    "outcome_tracked": true
  },
  {
    "symbol": "WFC",
    "timeframe": "historical_1m",
    "timestamp": "2025-09-28",
    "congress_score": 33.33333333333333,
    "insider_score": 50,
    "short_interest_pct": 0,
    "combined_score": 45.83333333333333,
    "price": 0,
    "price_change_24h": 0,
    "rsi": 50,
    "position_pct": 50,
    "ta_score": 50,
    "signal_direction": "WAIT",
    "signal_name": "quiver_only_import",
    "confidence": "LOW",
    "hit_tp1": false,
    "hit_sl": false,
    "candles_to_result": 0,
    "max_favorable_pct": 0,
    "max_adverse_pct": 0,
    "outcome_tracked": false
  },
  {
    "symbol": "WFC",
    "timeframe": "historical_1w",
    "timestamp": "2025-09-28",
    "congress_score": 66.66666666666666,
    "insider_score": 50,
    "short_interest_pct": 0,
    "combined_score": 54.166666666666664,
    "price": 85.01000213623047,
    "price_change_24h": -0.17614081661394657,
    "rsi": 50,
    "position_pct": 99.37964640065705,
    "ta_score": 50,
    "signal_direction": "WAIT",
    "signal_name": "historical_import",
    "confidence": "MEDIUM",
    "hit_tp1": false,
    "hit_sl": true,
    "candles_to_result": 1,
    "max_favorable_pct": 2.305609969673584,
    "max_adverse_pct": -8.693093993581831,
    "outcome_tracked": true
  },
  {
    "symbol": "WFC",
    "timeframe": "historical_1w",
    "timestamp": "2025-10-05",
    "congress_score": 50.0,
    "insider_score": 50,
    "short_interest_pct": 0,
    "combined_score": 50.0,
    "price": 80.66999816894531,
    "price_change_24h": -4.701716816528161,
    "rsi": 50,
    "position_pct": 81.4309151028067,
    "ta_score": 50,
    "signal_direction": "WAIT",
    "signal_name": "historical_import",
    "confidence": "MEDIUM",
    "hit_tp1": false,
    "hit_sl": true,
    "candles_to_result": 1,
    "max_favorable_pct": 7.809598605126855,
    "max_adverse_pct": -3.780829913961007,
    "outcome_tracked": true
  },
  {
    "symbol": "WFC",
    "timeframe": "historical_1w",
    "timestamp": "2025-10-12",
    "congress_score": 33.33333333333333,
    "insider_score": 50,
    "short_interest_pct": 0,
    "combined_score": 45.83333333333333,
    "price": 77.62000274658203,
    "price_change_24h": -3.8046841020404303,
    "rsi": 50,
    "position_pct": 68.81720582780888,
    "ta_score": 50,
    "signal_direction": "WAIT",
    "signal_name": "historical_import",
    "confidence": "MEDIUM",
    "hit_tp1": false,
    "hit_sl": true,
    "candles_to_result": 1,
    "max_favorable_pct": 15.730480098456734,
    "max_adverse_pct": 7.072916348242826,
    "outcome_tracked": true
  },
  {
    "symbol": "WFC",
    "timeframe": "historical_1w",
    "timestamp": "2025-10-19",
    "congress_score": 33.33333333333333,
    "insider_score": 50,
    "short_interest_pct": 0,
    "combined_score": 45.83333333333333,
    "price": 83.27999877929688,
    "price_change_24h": 5.524582756601235,
    "rsi": 50,
    "position_pct": 87.51962181198422,
    "ta_score": 50,
    "signal_direction": "WAIT",
    "signal_name": "historical_import",
    "confidence": "MEDIUM",
    "hit_tp1": false,
    "hit_sl": true,
    "candles_to_result": 1,
    "max_favorable_pct": 11.38328950034794,
    "max_adverse_pct": -0.20412844793121376,
    "outcome_tracked": true
  },
  {
    "symbol": "WFC",
    "timeframe": "historical_1w",
    "timestamp": "2025-10-26",
    "congress_score": 0.0,
    "insider_score": 50,
    "short_interest_pct": 0,
    "combined_score": 37.5,
    "price": 86.41000366210938,
    "price_change_24h": 0.4533911116752003,
    "rsi": 50,
    "position_pct": 99.80378562299262,
    "ta_score": 50,
    "signal_direction": "WAIT",
    "signal_name": "historical_import",
    "confidence": "MEDIUM",
    "hit_tp1": true,
    "hit_sl": false,
    "candles_to_result": 4,
    "max_favorable_pct": 7.6380027709860885,
    "max_adverse_pct": -3.8190058001407743,
    "outcome_tracked": true
  },
  {
    "symbol": "WFC",
    "timeframe": "historical_1m",
    "timestamp": "2025-10-28",
    "congress_score": 50.0,
    "insider_score": 50,
    "short_interest_pct": 0,
    "combined_score": 50.0,
    "price": 0,
    "price_change_24h": 0,
    "rsi": 50,
    "position_pct": 50,
    "ta_score": 50,
    "signal_direction": "WAIT",
    "signal_name": "quiver_only_import",
    "confidence": "LOW",
    "hit_tp1": false,
    "hit_sl": false,
    "candles_to_result": 0,
    "max_favorable_pct": 0,
    "max_adverse_pct": 0,
    "outcome_tracked": false
  },
  {
    "symbol": "WFC",
    "timeframe": "historical_1w",
    "timestamp": "2025-11-02",
    "congress_score": 0.0,
    "insider_score": 50,
    "short_interest_pct": 0,
    "combined_score": 37.5,
    "price": 86.97000122070312,
    "price_change_24h": -0.04597277846829014,
    "rsi": 50,
    "position_pct": 99.84632765447141,
    "ta_score": 50,
    "signal_direction": "WAIT",
    "signal_name": "historical_import",
    "confidence": "MEDIUM",
    "hit_tp1": true,
    "hit_sl": false,
    "candles_to_result": 3,
    "max_favorable_pct": 9.072092996326452,
    "max_adverse_pct": -4.438312701130206,
    "outcome_tracked": true
  },
  {
    "symbol": "WFC",
    "timeframe": "historical_1w",
    "timestamp": "2025-11-09",
    "congress_score": 50,
    "insider_score": 50,
    "short_interest_pct": 0,
    "combined_score": 50.0,
    "price": 86.04000091552734,
    "price_change_24h": -1.4433013656178768,
    "rsi": 50,
    "position_pct": 95.21275847940274,
    "ta_score": 50,
    "signal_direction": "WAIT",
    "signal_name": "historical_import",
    "confidence": "MEDIUM",
    "hit_tp1": false,
    "hit_sl": false,
    "candles_to_result": 0,
    "max_favorable_pct": 0,
    "max_adverse_pct": 0,
    "outcome_tracked": false
  },
  {
    "symbol": "WFC",
    "timeframe": "historical_1w",
    "timestamp": "2025-11-16",
    "congress_score": 0.0,
    "insider_score": 50,
    "short_interest_pct": 0,
    "combined_score": 37.5,
    "price": 85.05000305175781,
    "price_change_24h": -1.2195069000830194,
    "rsi": 50,
    "position_pct": 91.4513689210336,
    "ta_score": 50,
    "signal_direction": "WAIT",
    "signal_name": "historical_import",
    "confidence": "MEDIUM",
    "hit_tp1": false,
    "hit_sl": false,
    "candles_to_result": 0,
    "max_favorable_pct": 0,
    "max_adverse_pct": 0,
    "outcome_tracked": false
  },
  {
    "symbol": "WFC",
    "timeframe": "historical_1w",
    "timestamp": "2025-11-23",
    "congress_score": 50.0,
    "insider_score": 50,
    "short_interest_pct": 0,
    "combined_score": 50.0,
    "price": 83.11000061035156,
    "price_change_24h": -0.3716106034501839,
    "rsi": 50,
    "position_pct": 84.08053995931087,
    "ta_score": 50,
    "signal_direction": "WAIT",
    "signal_name": "historical_import",
    "confidence": "MEDIUM",
    "hit_tp1": false,
    "hit_sl": false,
    "candles_to_result": 0,
    "max_favorable_pct": 0,
    "max_adverse_pct": 0,
    "outcome_tracked": false
  },
  {
    "symbol": "WFC",
    "timeframe": "historical_1m",
    "timestamp": "2025-11-28",
    "congress_score": 33.33333333333333,
    "insider_score": 50,
    "short_interest_pct": 0,
    "combined_score": 45.83333333333333,
    "price": 0,
    "price_change_24h": 0,
    "rsi": 50,
    "position_pct": 50,
    "ta_score": 50,
    "signal_direction": "WAIT",
    "signal_name": "quiver_only_import",
    "confidence": "LOW",
    "hit_tp1": false,
    "hit_sl": false,
    "candles_to_result": 0,
    "max_favorable_pct": 0,
    "max_adverse_pct": 0,
    "outcome_tracked": false
  },
  {
    "symbol": "WFC",
    "timeframe": "historical_1w",
    "timestamp": "2025-11-30",
    "congress_score": 50.0,
    "insider_score": 50,
    "short_interest_pct": 0,
    "combined_score": 50.0,
    "price": 85.8499984741211,
    "price_change_24h": 1.405616301129828,
    "rsi": 50,
    "position_pct": 94.49086480132054,
    "ta_score": 50,
    "signal_direction": "WAIT",
    "signal_name": "historical_import",
    "confidence": "MEDIUM",
    "hit_tp1": false,
    "hit_sl": false,
    "candles_to_result": 0,
    "max_favorable_pct": 0,
    "max_adverse_pct": 0,
    "outcome_tracked": false
  },
  {
    "symbol": "WFC",
    "timeframe": "historical_1w",
    "timestamp": "2025-12-07",
    "congress_score": 66.66666666666666,
    "insider_score": 50,
    "short_interest_pct": 0,
    "combined_score": 54.166666666666664,
    "price": 89.83000183105469,
    "price_change_24h": 5.187353894640564,
    "rsi": 50,
    "position_pct": 98.69997516466297,
    "ta_score": 50,
    "signal_direction": "WAIT",
    "signal_name": "historical_import",
    "confidence": "MEDIUM",
    "hit_tp1": false,
    "hit_sl": false,
    "candles_to_result": 0,
    "max_favorable_pct": 0,
    "max_adverse_pct": 0,
    "outcome_tracked": false
  },
  {
    "symbol": "WFC",
    "timeframe": "historical_1w",
    "timestamp": "2025-12-14",
    "congress_score": 100.0,
    "insider_score": 50,
    "short_interest_pct": 0,
    "combined_score": 62.5,
    "price": 92.76000213623047,
    "price_change_24h": 2.998006496591424,
    "rsi": 50,
    "position_pct": 100.0,
    "ta_score": 50,
    "signal_direction": "WAIT",
    "signal_name": "historical_import",
    "confidence": "MEDIUM",
    "hit_tp1": false,
    "hit_sl": false,
    "candles_to_result": 0,
    "max_favorable_pct": 0,
    "max_adverse_pct": 0,
    "outcome_tracked": false
  },
  {
    "symbol": "WFC",
    "timeframe": "historical_1w",
    "timestamp": "2025-12-21",
    "congress_score": 100.0,
    "insider_score": 50,
    "short_interest_pct": 0,
    "combined_score": 62.5,
    "price": 93.01000213623047,
    "price_change_24h": 0.11840754418170803,
    "rsi": 50,
    "position_pct": 100.0,
    "ta_score": 50,
    "signal_direction": "WAIT",
    "signal_name": "historical_import",
    "confidence": "MEDIUM",
    "hit_tp1": false,
    "hit_sl": false,
    "candles_to_result": 0,
    "max_favorable_pct": 0,
    "max_adverse_pct": 0,
    "outcome_tracked": false
  },
  {
    "symbol": "WFC",
    "timeframe": "historical_1m",
    "timestamp": "2025-12-28",
    "congress_score": 66.66666666666666,
    "insider_score": 50,
    "short_interest_pct": 0,
    "combined_score": 54.166666666666664,
    "price": 0,
    "price_change_24h": 0,
    "rsi": 50,
    "position_pct": 50,
    "ta_score": 50,
    "signal_direction": "WAIT",
    "signal_name": "quiver_only_import",
    "confidence": "LOW",
    "hit_tp1": false,
    "hit_sl": false,
    "candles_to_result": 0,
    "max_favorable_pct": 0,
    "max_adverse_pct": 0,
    "outcome_tracked": false
  },
  {
    "symbol": "WFC",
    "timeframe": "historical_1w",
    "timestamp": "2025-12-28",
    "congress_score": 100.0,
    "insider_score": 50,
    "short_interest_pct": 0,
    "combined_score": 62.5,
    "price": 94.86000061035156,
    "price_change_24h": 0.6151907494318415,
    "rsi": 50,
    "position_pct": 98.71794173539587,
    "ta_score": 50,
    "signal_direction": "WAIT",
    "signal_name": "historical_import",
    "confidence": "MEDIUM",
    "hit_tp1": false,
    "hit_sl": false,
    "candles_to_result": 0,
    "max_favorable_pct": 0,
    "max_adverse_pct": 0,
    "outcome_tracked": false
  }
]