[
  {
    "symbol": "WMT",
    "timeframe": "historical_1w",
    "timestamp": "2025-06-29",
    "congress_score": 50.0,
    "insider_score": 50,
    "short_interest_pct": 0,
    "combined_score": 50.0,
    "price": 97.2699966430664,
    "price_change_24h": -0.6130643574918867,
    "rsi": 50,
    "position_pct": 66.55199615578265,
    "ta_score": 50,
    "signal_direction": "WAIT",
    "signal_name": "historical_import",
    "confidence": "MEDIUM",
    "hit_tp1": false,
    "hit_sl": true,
    "candles_to_result": 2,
    "max_favorable_pct": 6.641314831717607,
    "max_adverse_pct": -2.950545097394201,
    "outcome_tracked": true
  },
  {
    "symbol": "WMT",
    "timeframe": "historical_1w",
    "timestamp": "2025-07-06",
    "congress_score": 50.0,
    "insider_score": 50,
    "short_interest_pct": 0,
    "combined_score": 50.0,
    "price": 98.36000061035156,
    "price_change_24h": 0.5931702171154989,
    "rsi": 50,
    "position_pct": 71.23816927348557,
    "ta_score": 50,
    "signal_direction": "WAIT",
    "signal_name": "historical_import",
    "confidence": "MEDIUM",
    "hit_tp1": false,
    "hit_sl": true,
    "candles_to_result": 1,
    "max_favorable_pct": 5.459539155408345,
    "max_adverse_pct": -4.026025884403969,
    "outcome_tracked": true
  },
  {
    "symbol": "WMT",
    "timeframe": "historical_1w",
    "timestamp": "2025-07-13",
    "congress_score": 33.33333333333333,
    "insider_score": 50,
    "short_interest_pct": 0,
    "combined_score": 45.83333333333333,
    "price": 94.4000015258789,
    "price_change_24h": -4.982382510586121,
    "rsi": 50,
    "position_pct": 54.21323926152978,
    "ta_score": 50,
    "signal_direction": "WAIT",
    "signal_name": "historical_import",
    "confidence": "MEDIUM",
    "hit_tp1": false,
    "hit_sl": true,
    "candles_to_result": 2,
    "max_favorable_pct": 9.883476356191533,
    "max_adverse_pct": 0.6885609273011656,
    "outcome_tracked": true
  },
  {
    "symbol": "WMT",
    "timeframe": "historical_1w",
    "timestamp": "2025-07-20",
    "congress_score": 0.0,
    "insider_score": 50,
    "short_interest_pct": 0,
    "combined_score": 37.5,
    "price": 95.05000305175781,
    "price_change_24h": -0.7621588398859462,
    "rsi": 50,
    "position_pct": 57.007742555518924,
    "ta_score": 50,
    "signal_direction": "WAIT",
    "signal_name": "historical_import",
    "confidence": "MEDIUM",
    "hit_tp1": false,
    "hit_sl": true,
    "candles_to_result": 1,
    "max_favorable_pct": 9.13203579851464,
    "max_adverse_pct": 1.8726972352937306,
    "outcome_tracked": true
  },
  {
    "symbol": "WMT",
    "timeframe": "historical_1w",
    "timestamp": "2025-07-27",
    "congress_score": 0.0,
    "insider_score": 50,
    "short_interest_pct": 0,
    "combined_score": 37.5,
    "price": 97.47000122070312,
    "price_change_24h": 1.8814707705744445,
    "rsi": 50,
    "position_pct": 67.4118609849659,
    "ta_score": 50,
    "signal_direction": "WAIT",
    "signal_name": "historical_import",
    "confidence": "MEDIUM",
    "hit_tp1": false,
    "hit_sl": true,
    "candles_to_result": 2,
    "max_favorable_pct": 6.422491082210854,
    "max_adverse_pct": -0.6566116565437145,
    "outcome_tracked": true
  },
  {
    "symbol": "WMT",
    "timeframe": "historical_1w",
    "timestamp": "2025-08-03",
    "congress_score": 20.0,
    "insider_score": 50,
    "short_interest_pct": 0,
    "combined_score": 42.5,
    "price": 98.48999786376953,
    "price_change_24h": 0.9015441531762933,
    "rsi": 50,
    "position_pct": 71.79705681208763,
    "ta_score": 50,
    "signal_direction": "WAIT",
    "signal_name": "historical_import",
    "confidence": "MEDIUM",
    "hit_tp1": false,
    "hit_sl": true,
    "candles_to_result": 1,
    "max_favorable_pct": 5.320342782839726,
    "max_adverse_pct": -1.6854463079702116,
    "outcome_tracked": true
  },
  {
    "symbol": "WMT",
    "timeframe": "historical_1w",
    "timestamp": "2025-08-10",
    "congress_score": 20.0,
    "insider_score": 50,
    "short_interest_pct": 0,
    "combined_score": 42.5,
    "price": 103.7300033569336,
    "price_change_24h": 4.1570510807096355,
    "rsi": 50,
    "position_pct": 94.32502332934808,
    "ta_score": 50,
    "signal_direction": "WAIT",
    "signal_name": "historical_import",
    "confidence": "MEDIUM",
    "hit_tp1": true,
    "hit_sl": false,
    "candles_to_result": 1,
    "max_favorable_pct": 3.856164919069801,
    "max_adverse_pct": -6.651885956405584,
    "outcome_tracked": true
  },
  {
    "symbol": "WMT",
    "timeframe": "historical_1w",
    "timestamp": "2025-08-17",
    "congress_score": 20.0,
    "insider_score": 50,
    "short_interest_pct": 0,
    "combined_score": 42.5,
    "price": 100.0,
    "price_change_24h": -3.781391603613865,
    "rsi": 50,
    "position_pct": 78.2888968703413,
    "ta_score": 50,
    "signal_direction": "WAIT",
    "signal_name": "historical_import",
    "confidence": "MEDIUM",
    "hit_tp1": true,
    "hit_sl": false,
    "candles_to_result": 1,
    "max_favorable_pct": 7.730003356933595,
    "max_adverse_pct": -3.169998168945312,
    "outcome_tracked": true
  },
  {
    "symbol": "WMT",
    "timeframe": "historical_1w",
    "timestamp": "2025-08-24",
    "congress_score": 20.0,
    "insider_score": 50,
    "short_interest_pct": 0,
    "combined_score": 42.5,
    "price": 96.83000183105469,
    "price_change_24h": -3.8430935794135137,
    "rsi": 50,
    "position_pct": 64.66035913255826,
    "ta_score": 50,
    "signal_direction": "WAIT",
    "signal_name": "historical_import",
    "confidence": "MEDIUM",
    "hit_tp1": false,
    "hit_sl": true,
    "candles_to_result": 2,
    "max_favorable_pct": 11.256843250810649,
    "max_adverse_pct": 0.15491224108476548,
    "outcome_tracked": true
  },
  {
    "symbol": "WMT",
    "timeframe": "historical_1w",
    "timestamp": "2025-08-31",
    "congress_score": 0.0,
    "insider_score": 50,
    "short_interest_pct": 0,
    "combined_score": 37.5,
    "price": 96.9800033569336,
    "price_change_24h": 0.947229795982191,
    "rsi": 50,
    "position_pct": 65.30524955432335,
    "ta_score": 50,
    "signal_direction": "WAIT",
    "signal_name": "historical_import",
    "confidence": "MEDIUM",
    "hit_tp1": false,
    "hit_sl": true,
    "candles_to_result": 1,
    "max_favorable_pct": 11.084759360581552,
    "max_adverse_pct": 3.6399243731769753,
    "outcome_tracked": true
  },
  {
    "symbol": "WMT",
    "timeframe": "historical_1w",
    "timestamp": "2025-09-07",
    "congress_score": 0.0,
    "insider_score": 50,
    "short_interest_pct": 0,
    "combined_score": 37.5,
    "price": 100.51000213623047,
    "price_change_24h": 2.7184503869081613,
    "rsi": 50,
    "position_pct": 80.48151118414687,
    "ta_score": 50,
    "signal_direction": "WAIT",
    "signal_name": "historical_import",
    "confidence": "MEDIUM",
    "hit_tp1": false,
    "hit_sl": true,
    "candles_to_result": 1,
    "max_favorable_pct": 7.183365901153989,
    "max_adverse_pct": 0.6665985023432814,
    "outcome_tracked": true
  },
  {
    "symbol": "WMT",
    "timeframe": "historical_1w",
    "timestamp": "2025-09-14",
    "congress_score": 50,
    "insider_score": 50,
    "short_interest_pct": 0,
    "combined_score": 50.0,
    "price": 103.48999786376953,
    "price_change_24h": 1.1830261037484286,
    "rsi": 50,
    "position_pct": 93.29318553432817,
    "ta_score": 50,
    "signal_direction": "WAIT",
    "signal_name": "historical_import",
    "confidence": "MEDIUM",
    "hit_tp1": true,
    "hit_sl": false,
    "candles_to_result": 5,
    "max_favorable_pct": 4.0970195967589556,
    "max_adverse_pct": -2.232097406779877,
    "outcome_tracked": true
  },
  {
    "symbol": "WMT",
    "timeframe": "historical_1w",
    "timestamp": "2025-09-21",
    "congress_score": 50,
    "insider_score": 50,
    "short_interest_pct": 0,
    "combined_score": 50.0,
    "price": 102.33000183105469,
    "price_change_24h": -1.3116024479988604,
    "rsi": 50,
    "position_pct": 88.30610072702285,
    "ta_score": 50,
    "signal_direction": "WAIT",
    "signal_name": "historical_import",
    "confidence": "MEDIUM",
    "hit_tp1": true,
    "hit_sl": false,
    "candles_to_result": 4,
    "max_favorable_pct": 7.993745879806433,
    "max_adverse_pct": -1.1238165790102708,
    "outcome_tracked": true
  },
  {
    "symbol": "WMT",
    "timeframe": "historical_1w",
    "timestamp": "2025-09-28",
    "congress_score": 50,
    "insider_score": 50,
    "short_interest_pct": 0,
    "combined_score": 50.0,
    "price": 103.16000366210938,
    "price_change_24h": 0.3306788254175335,
    "rsi": 50,
    "position_pct": 91.87446596703222,
    "ta_score": 50,
    "signal_direction": "WAIT",
    "signal_name": "historical_import",
    "confidence": "MEDIUM",
    "hit_tp1": true,
    "hit_sl": false,
    "candles_to_result": 3,
    "max_favorable_pct": 11.583943896883959,
    "max_adverse_pct": -1.9193517706909973,
    "outcome_tracked": true
  },
  {
    "symbol": "WMT",
    "timeframe": "historical_1w",
    "timestamp": "2025-10-05",
    "congress_score": 50,
    "insider_score": 50,
    "short_interest_pct": 0,
    "combined_score": 50.0,
    "price": 102.06999969482422,
    "price_change_24h": -0.9798235528612375,
    "rsi": 50,
    "position_pct": 87.1882928493293,
    "ta_score": 50,
    "signal_direction": "WAIT",
    "signal_name": "historical_import",
    "confidence": "MEDIUM",
    "hit_tp1": true,
    "hit_sl": false,
    "candles_to_result": 2,
    "max_favorable_pct": 14.333298027980526,
    "max_adverse_pct": -0.8719500267555774,
    "outcome_tracked": true
  },
  {
    "symbol": "WMT",
    "timeframe": "historical_1w",
    "timestamp": "2025-10-12",
    "congress_score": 100.0,
    "insider_score": 50,
    "short_interest_pct": 0,
    "combined_score": 62.5,
    "price": 101.83999633789062,
    "price_change_24h": -0.8373910768322397,
    "rsi": 50,
    "position_pct": 86.19945649589091,
    "ta_score": 50,
    "signal_direction": "WAIT",
    "signal_name": "historical_import",
    "confidence": "MEDIUM",
    "hit_tp1": true,
    "hit_sl": false,
    "candles_to_result": 1,
    "max_favorable_pct": 14.591517227718857,
    "max_adverse_pct": -0.6480715401099101,
    "outcome_tracked": true
  },
  {
    "symbol": "WMT",
    "timeframe": "historical_1w",
    "timestamp": "2025-10-19",
    "congress_score": 75.0,
    "insider_score": 50,
    "short_interest_pct": 0,
    "combined_score": 56.25,
    "price": 107.7300033569336,
    "price_change_24h": 5.49353746520471,
    "rsi": 50,
    "position_pct": 95.2276228916584,
    "ta_score": 50,
    "signal_direction": "WAIT",
    "signal_name": "historical_import",
    "confidence": "MEDIUM",
    "hit_tp1": false,
    "hit_sl": true,
    "candles_to_result": 2,
    "max_favorable_pct": 8.326365275965879,
    "max_adverse_pct": -6.080017495271199,
    "outcome_tracked": true
  },
  {
    "symbol": "WMT",
    "timeframe": "historical_1w",
    "timestamp": "2025-10-26",
    "congress_score": 75.0,
    "insider_score": 50,
    "short_interest_pct": 0,
    "combined_score": 56.25,
    "price": 106.16999816894531,
    "price_change_24h": -0.8220503108131858,
    "rsi": 50,
    "position_pct": 89.50073115036659,
    "ta_score": 50,
    "signal_direction": "WAIT",
    "signal_name": "historical_import",
    "confidence": "MEDIUM",
    "hit_tp1": false,
    "hit_sl": false,
    "candles_to_result": 0,
    "max_favorable_pct": 0,
    "max_adverse_pct": 0,
    "outcome_tracked": false
  },
  {
    "symbol": "WMT",
    "timeframe": "historical_1w",
    "timestamp": "2025-11-02",
    "congress_score": 57.14285714285714,
    "insider_score": 50,
    "short_interest_pct": 0,
    "combined_score": 51.785714285714285,
    "price": 101.18000030517578,
    "price_change_24h": -3.1492302834159007,
    "rsi": 50,
    "position_pct": 71.18208851050625,
    "ta_score": 50,
    "signal_direction": "WAIT",
    "signal_name": "historical_import",
    "confidence": "MEDIUM",
    "hit_tp1": false,
    "hit_sl": false,
    "candles_to_result": 0,
    "max_favorable_pct": 0,
    "max_adverse_pct": 0,
    "outcome_tracked": false
  },
  {
    "symbol": "WMT",
    "timeframe": "historical_1w",
    "timestamp": "2025-11-09",
    "congress_score": 50.0,
    "insider_score": 50,
    "short_interest_pct": 0,
    "combined_score": 50.0,
    "price": 102.58999633789062,
    "price_change_24h": 0.9843488887173275,
    "rsi": 50,
    "position_pct": 76.3582858059921,
    "ta_score": 50,
    "signal_direction": "WAIT",
    "signal_name": "historical_import",
    "confidence": "MEDIUM",
    "hit_tp1": false,
    "hit_sl": false,
    "candles_to_result": 0,
    "max_favorable_pct": 0,
    "max_adverse_pct": 0,
    "outcome_tracked": false
  },
  {
    "symbol": "WMT",
    "timeframe": "historical_1w",
    "timestamp": "2025-11-16",
    "congress_score": 42.857142857142854,
    "insider_score": 50,
    "short_interest_pct": 0,
    "combined_score": 48.214285714285715,
    "price": 102.4800033569336,
    "price_change_24h": 0.05858737459582906,
    "rsi": 50,
    "position_pct": 75.95449362690634,
    "ta_score": 50,
    "signal_direction": "WAIT",
    "signal_name": "historical_import",
    "confidence": "MEDIUM",
    "hit_tp1": false,
    "hit_sl": false,
    "candles_to_result": 0,
    "max_favorable_pct": 0,
    "max_adverse_pct": 0,
    "outcome_tracked": false
  },
  {
    "symbol": "WMT",
    "timeframe": "historical_1w",
    "timestamp": "2025-11-23",
    "congress_score": 42.857142857142854,
    "insider_score": 50,
    "short_interest_pct": 0,
    "combined_score": 48.214285714285715,
    "price": 105.31999969482422,
    "price_change_24h": 2.3020911285442227,
    "rsi": 50,
    "position_pct": 86.3803253472089,
    "ta_score": 50,
    "signal_direction": "WAIT",
    "signal_name": "historical_import",
    "confidence": "MEDIUM",
    "hit_tp1": false,
    "hit_sl": false,
    "candles_to_result": 0,
    "max_favorable_pct": 0,
    "max_adverse_pct": 0,
    "outcome_tracked": false
  },
  {
    "symbol": "WMT",
    "timeframe": "historical_1w",
    "timestamp": "2025-11-30",
    "congress_score": 40.0,
    "insider_score": 50,
    "short_interest_pct": 0,
    "combined_score": 47.5,
    "price": 110.51000213623047,
    "price_change_24h": 6.198351651896659,
    "rsi": 50,
    "position_pct": 100.0,
    "ta_score": 50,
    "signal_direction": "WAIT",
    "signal_name": "historical_import",
    "confidence": "MEDIUM",
    "hit_tp1": false,
    "hit_sl": false,
    "candles_to_result": 0,
    "max_favorable_pct": 0,
    "max_adverse_pct": 0,
    "outcome_tracked": false
  },
  {
    "symbol": "WMT",
    "timeframe": "historical_1w",
    "timestamp": "2025-12-07",
    "congress_score": 33.33333333333333,
    "insider_score": 50,
    "short_interest_pct": 0,
    "combined_score": 45.83333333333333,
    "price": 115.11000061035156,
    "price_change_24h": 3.2099003588613297,
    "rsi": 50,
    "position_pct": 100.0,
    "ta_score": 50,
    "signal_direction": "WAIT",
    "signal_name": "historical_import",
    "confidence": "MEDIUM",
    "hit_tp1": false,
    "hit_sl": false,
    "candles_to_result": 0,
    "max_favorable_pct": 0,
    "max_adverse_pct": 0,
    "outcome_tracked": false
  },
  {
    "symbol": "WMT",
    "timeframe": "historical_1w",
    "timestamp": "2025-12-14",
    "congress_score": 100.0,
    "insider_score": 50,
    "short_interest_pct": 0,
    "combined_score": 62.5,
    "price": 116.69999694824219,
    "price_change_24h": 2.7650576410309333,
    "rsi": 50,
    "position_pct": 100.0,
    "ta_score": 50,
    "signal_direction": "WAIT",
    "signal_name": "historical_import",
    "confidence": "MEDIUM",
    "hit_tp1": false,
    "hit_sl": false,
    "candles_to_result": 0,
    "max_favorable_pct": 0,
    "max_adverse_pct": 0,
    "outcome_tracked": false
  },
  {
    "symbol": "WMT",
    "timeframe": "historical_1w",
    "timestamp": "2025-12-21",
    "congress_score": 50,
    "insider_score": 50,
    "short_interest_pct": 0,
    "combined_score": 50.0,
    "price": 114.36000061035156,
    "price_change_24h": -2.080657835539678,
    "rsi": 50,
    "position_pct": 93.05714198521206,
    "ta_score": 50,
    "signal_direction": "WAIT",
    "signal_name": "historical_import",
    "confidence": "MEDIUM",
    "hit_tp1": false,
    "hit_sl": false,
    "candles_to_result": 0,
    "max_favorable_pct": 0,
    "max_adverse_pct": 0,
    "outcome_tracked": false
  },
  {
    "symbol": "WMT",
    "timeframe": "historical_1w",
    "timestamp": "2025-12-28",
    "congress_score": 50,
    "insider_score": 50,
    "short_interest_pct": 0,
    "combined_score": 50.0,
    "price": 111.87999725341797,
    "price_change_24h": -0.6394327091119838,
    "rsi": 50,
    "position_pct": 85.97141810825892,
    "ta_score": 50,
    "signal_direction": "WAIT",
    "signal_name": "historical_import",
    "confidence": "MEDIUM",
    "hit_tp1": false,
    "hit_sl": false,
    "candles_to_result": 0,
    "max_favorable_pct": 0,
    "max_adverse_pct": 0,
    "outcome_tracked": false
  }
]