[
  {
    "symbol": "XOM",
    "timeframe": "historical_1w",
    "timestamp": "2025-06-29",
    "congress_score": 50.0,
    "insider_score": 50,
    "short_interest_pct": 0,
    "combined_score": 50.0,
    "price": 109.37999725341797,
    "price_change_24h": -2.1120464072576888,
    "rsi": 50,
    "position_pct": 49.45053190172734,
    "ta_score": 50,
    "signal_direction": "WAIT",
    "signal_name": "historical_import",
    "confidence": "MEDIUM",
    "hit_tp1": true,
    "hit_sl": false,
    "candles_to_result": 2,
    "max_favorable_pct": 5.53117864662294,
    "max_adverse_pct": -2.6421644379389755,
    "outcome_tracked": true
  },
  {
    "symbol": "XOM",
    "timeframe": "historical_1w",
    "timestamp": "2025-07-06",
    "congress_score": 50.0,
    "insider_score": 50,
    "short_interest_pct": 0,
    "combined_score": 50.0,
    "price": 112.19999694824219,
    "price_change_24h": 4.081626875624312,
    "rsi": 50,
    "position_pct": 64.20720173300234,
    "ta_score": 50,
    "signal_direction": "WAIT",
    "signal_name": "historical_import",
    "confidence": "MEDIUM",
    "hit_tp1": false,
    "hit_sl": true,
    "candles_to_result": 2,
    "max_favorable_pct": 2.878790949008308,
    "max_adverse_pct": -5.0891258821572665,
    "outcome_tracked": true
  },
  {
    "symbol": "XOM",
    "timeframe": "historical_1w",
    "timestamp": "2025-07-13",
    "congress_score": 50.0,
    "insider_score": 50,
    "short_interest_pct": 0,
    "combined_score": 50.0,
    "price": 115.43000030517578,
    "price_change_24h": 3.8880385843700065,
    "rsi": 50,
    "position_pct": 81.10936423311213,
    "ta_score": 50,
    "signal_direction": "WAIT",
    "signal_name": "historical_import",
    "confidence": "MEDIUM",
    "hit_tp1": false,
    "hit_sl": true,
    "candles_to_result": 1,
    "max_favorable_pct": -0.9876110080867088,
    "max_adverse_pct": -7.744955746140969,
    "outcome_tracked": true
  },
  {
    "symbol": "XOM",
    "timeframe": "historical_1w",
    "timestamp": "2025-07-20",
    "congress_score": 100.0,
    "insider_score": 50,
    "short_interest_pct": 0,
    "combined_score": 62.5,
    "price": 107.7699966430664,
    "price_change_24h": -5.398526707100494,
    "rsi": 50,
    "position_pct": 41.025620552015226,
    "ta_score": 50,
    "signal_direction": "WAIT",
    "signal_name": "historical_import",
    "confidence": "MEDIUM",
    "hit_tp1": true,
    "hit_sl": false,
    "candles_to_result": 5,
    "max_favorable_pct": 8.768678548757014,
    "max_adverse_pct": -1.1877134816438972,
    "outcome_tracked": true
  },
  {
    "symbol": "XOM",
    "timeframe": "historical_1w",
    "timestamp": "2025-07-27",
    "congress_score": 66.66666666666666,
    "insider_score": 50,
    "short_interest_pct": 0,
    "combined_score": 54.166666666666664,
    "price": 110.4000015258789,
    "price_change_24h": 2.174917545347411,
    "rsi": 50,
    "position_pct": 54.788073711686344,
    "ta_score": 50,
    "signal_direction": "WAIT",
    "signal_name": "historical_import",
    "confidence": "MEDIUM",
    "hit_tp1": false,
    "hit_sl": true,
    "candles_to_result": 2,
    "max_favorable_pct": 6.17753587007473,
    "max_adverse_pct": -3.541669934844004,
    "outcome_tracked": true
  },
  {
    "symbol": "XOM",
    "timeframe": "historical_1w",
    "timestamp": "2025-08-03",
    "congress_score": 66.66666666666666,
    "insider_score": 50,
    "short_interest_pct": 0,
    "combined_score": 54.166666666666664,
    "price": 109.63999938964844,
    "price_change_24h": -1.615221654992543,
    "rsi": 50,
    "position_pct": 50.81108725455987,
    "ta_score": 50,
    "signal_direction": "WAIT",
    "signal_name": "historical_import",
    "confidence": "MEDIUM",
    "hit_tp1": false,
    "hit_sl": true,
    "candles_to_result": 1,
    "max_favorable_pct": 6.9135369146767305,
    "max_adverse_pct": -2.87304044455906,
    "outcome_tracked": true
  },
  {
    "symbol": "XOM",
    "timeframe": "historical_1w",
    "timestamp": "2025-08-10",
    "congress_score": 66.66666666666666,
    "insider_score": 50,
    "short_interest_pct": 0,
    "combined_score": 54.166666666666664,
    "price": 106.80000305175781,
    "price_change_24h": -0.5308742481543467,
    "rsi": 50,
    "position_pct": 35.94977774548405,
    "ta_score": 50,
    "signal_direction": "WAIT",
    "signal_name": "historical_import",
    "confidence": "MEDIUM",
    "hit_tp1": true,
    "hit_sl": false,
    "candles_to_result": 2,
    "max_favorable_pct": 9.756552313856709,
    "max_adverse_pct": -0.2902670216573359,
    "outcome_tracked": true
  },
  {
    "symbol": "XOM",
    "timeframe": "historical_1w",
    "timestamp": "2025-08-17",
    "congress_score": 50.0,
    "insider_score": 50,
    "short_interest_pct": 0,
    "combined_score": 50.0,
    "price": 106.48999786376953,
    "price_change_24h": 0.6236379299779762,
    "rsi": 50,
    "position_pct": 34.327563312793984,
    "ta_score": 50,
    "signal_direction": "WAIT",
    "signal_name": "historical_import",
    "confidence": "MEDIUM",
    "hit_tp1": true,
    "hit_sl": false,
    "candles_to_result": 1,
    "max_favorable_pct": 10.076066834615084,
    "max_adverse_pct": 2.5730167603809093,
    "outcome_tracked": true
  },
  {
    "symbol": "XOM",
    "timeframe": "historical_1w",
    "timestamp": "2025-08-24",
    "congress_score": 33.33333333333333,
    "insider_score": 50,
    "short_interest_pct": 0,
    "combined_score": 45.83333333333333,
    "price": 111.27999877929688,
    "price_change_24h": 4.272861231666791,
    "rsi": 50,
    "position_pct": 59.39297808275836,
    "ta_score": 50,
    "signal_direction": "WAIT",
    "signal_name": "historical_import",
    "confidence": "MEDIUM",
    "hit_tp1": false,
    "hit_sl": true,
    "candles_to_result": 1,
    "max_favorable_pct": 5.3378886651384105,
    "max_adverse_pct": -1.8421957628064545,
    "outcome_tracked": true
  },
  {
    "symbol": "XOM",
    "timeframe": "historical_1w",
    "timestamp": "2025-08-31",
    "congress_score": 50.0,
    "insider_score": 50,
    "short_interest_pct": 0,
    "combined_score": 50.0,
    "price": 114.29000091552734,
    "price_change_24h": 2.2820861826637127,
    "rsi": 50,
    "position_pct": 75.14390450920757,
    "ta_score": 50,
    "signal_direction": "WAIT",
    "signal_name": "historical_import",
    "confidence": "MEDIUM",
    "hit_tp1": false,
    "hit_sl": true,
    "candles_to_result": 1,
    "max_favorable_pct": 2.5636541094626186,
    "max_adverse_pct": -4.4273318033601505,
    "outcome_tracked": true
  },
  {
    "symbol": "XOM",
    "timeframe": "historical_1w",
    "timestamp": "2025-09-07",
    "congress_score": 50.0,
    "insider_score": 50,
    "short_interest_pct": 0,
    "combined_score": 50.0,
    "price": 109.2300033569336,
    "price_change_24h": -4.760658268589806,
    "rsi": 50,
    "position_pct": 48.6656345092954,
    "ta_score": 50,
    "signal_direction": "WAIT",
    "signal_name": "historical_import",
    "confidence": "MEDIUM",
    "hit_tp1": true,
    "hit_sl": false,
    "candles_to_result": 2,
    "max_favorable_pct": 9.209921495397602,
    "max_adverse_pct": 1.373249065184419,
    "outcome_tracked": true
  },
  {
    "symbol": "XOM",
    "timeframe": "historical_1w",
    "timestamp": "2025-09-14",
    "congress_score": 100.0,
    "insider_score": 50,
    "short_interest_pct": 0,
    "combined_score": 62.5,
    "price": 112.16000366210938,
    "price_change_24h": 2.1028722986577755,
    "rsi": 50,
    "position_pct": 63.997922377400705,
    "ta_score": 50,
    "signal_direction": "WAIT",
    "signal_name": "historical_import",
    "confidence": "MEDIUM",
    "hit_tp1": true,
    "hit_sl": false,
    "candles_to_result": 2,
    "max_favorable_pct": 6.35698735789777,
    "max_adverse_pct": -1.2749645671230245,
    "outcome_tracked": true
  },
  {
    "symbol": "XOM",
    "timeframe": "historical_1w",
    "timestamp": "2025-09-21",
    "congress_score": 0.0,
    "insider_score": 50,
    "short_interest_pct": 0,
    "combined_score": 37.5,
    "price": 112.81999969482422,
    "price_change_24h": 0.4183366507222392,
    "rsi": 50,
    "position_pct": 67.45159067481214,
    "ta_score": 50,
    "signal_direction": "WAIT",
    "signal_name": "historical_import",
    "confidence": "MEDIUM",
    "hit_tp1": false,
    "hit_sl": true,
    "candles_to_result": 1,
    "max_favorable_pct": 5.73479989204427,
    "max_adverse_pct": -1.8525051795284722,
    "outcome_tracked": true
  },
  {
    "symbol": "XOM",
    "timeframe": "historical_1w",
    "timestamp": "2025-09-28",
    "congress_score": 0.0,
    "insider_score": 50,
    "short_interest_pct": 0,
    "combined_score": 37.5,
    "price": 117.22000122070312,
    "price_change_24h": 4.6420324348033075,
    "rsi": 50,
    "position_pct": 90.47619237731287,
    "ta_score": 50,
    "signal_direction": "WAIT",
    "signal_name": "historical_import",
    "confidence": "MEDIUM",
    "hit_tp1": true,
    "hit_sl": false,
    "candles_to_result": 1,
    "max_favorable_pct": 1.765909975488569,
    "max_adverse_pct": -5.536595970128076,
    "outcome_tracked": true
  },
  {
    "symbol": "XOM",
    "timeframe": "historical_1w",
    "timestamp": "2025-10-05",
    "congress_score": 0.0,
    "insider_score": 50,
    "short_interest_pct": 0,
    "combined_score": 37.5,
    "price": 113.26000213623047,
    "price_change_24h": -0.840482467354982,
    "rsi": 50,
    "position_pct": 69.7540628221333,
    "ta_score": 50,
    "signal_direction": "WAIT",
    "signal_name": "historical_import",
    "confidence": "MEDIUM",
    "hit_tp1": false,
    "hit_sl": true,
    "candles_to_result": 5,
    "max_favorable_pct": 5.324032019745083,
    "max_adverse_pct": -2.233797220181722,
    "outcome_tracked": true
  },
  {
    "symbol": "XOM",
    "timeframe": "historical_1w",
    "timestamp": "2025-10-12",
    "congress_score": 0.0,
    "insider_score": 50,
    "short_interest_pct": 0,
    "combined_score": 37.5,
    "price": 110.7300033569336,
    "price_change_24h": -3.0385233660568898,
    "rsi": 50,
    "position_pct": 56.51492782217722,
    "ta_score": 50,
    "signal_direction": "WAIT",
    "signal_name": "historical_import",
    "confidence": "MEDIUM",
    "hit_tp1": false,
    "hit_sl": true,
    "candles_to_result": 2,
    "max_favorable_pct": 7.73051322955437,
    "max_adverse_pct": 1.3636724113233634,
    "outcome_tracked": true
  },
  {
    "symbol": "XOM",
    "timeframe": "historical_1w",
    "timestamp": "2025-10-19",
    "congress_score": 0.0,
    "insider_score": 50,
    "short_interest_pct": 0,
    "combined_score": 37.5,
    "price": 112.23999786376953,
    "price_change_24h": 0.0,
    "rsi": 50,
    "position_pct": 64.41652101217429,
    "ta_score": 50,
    "signal_direction": "WAIT",
    "signal_name": "historical_import",
    "confidence": "MEDIUM",
    "hit_tp1": false,
    "hit_sl": true,
    "candles_to_result": 1,
    "max_favorable_pct": 6.281186017407718,
    "max_adverse_pct": 1.8888121765247794,
    "outcome_tracked": true
  },
  {
    "symbol": "XOM",
    "timeframe": "historical_1w",
    "timestamp": "2025-10-26",
    "congress_score": 50,
    "insider_score": 50,
    "short_interest_pct": 0,
    "combined_score": 50.0,
    "price": 115.38999938964844,
    "price_change_24h": 2.3868700215152994,
    "rsi": 50,
    "position_pct": 80.90004495394018,
    "ta_score": 50,
    "signal_direction": "WAIT",
    "signal_name": "historical_import",
    "confidence": "MEDIUM",
    "hit_tp1": false,
    "hit_sl": false,
    "candles_to_result": 0,
    "max_favorable_pct": 0,
    "max_adverse_pct": 0,
    "outcome_tracked": false
  },
  {
    "symbol": "XOM",
    "timeframe": "historical_1w",
    "timestamp": "2025-11-02",
    "congress_score": 33.33333333333333,
    "insider_score": 50,
    "short_interest_pct": 0,
    "combined_score": 45.83333333333333,
    "price": 114.36000061035156,
    "price_change_24h": -1.362775399158016,
    "rsi": 50,
    "position_pct": 75.51020326686591,
    "ta_score": 50,
    "signal_direction": "WAIT",
    "signal_name": "historical_import",
    "confidence": "MEDIUM",
    "hit_tp1": false,
    "hit_sl": false,
    "candles_to_result": 0,
    "max_favorable_pct": 0,
    "max_adverse_pct": 0,
    "outcome_tracked": false
  },
  {
    "symbol": "XOM",
    "timeframe": "historical_1w",
    "timestamp": "2025-11-09",
    "congress_score": 33.33333333333333,
    "insider_score": 50,
    "short_interest_pct": 0,
    "combined_score": 45.83333333333333,
    "price": 117.22000122070312,
    "price_change_24h": 3.0414899960437944,
    "rsi": 50,
    "position_pct": 90.47619237731287,
    "ta_score": 50,
    "signal_direction": "WAIT",
    "signal_name": "historical_import",
    "confidence": "MEDIUM",
    "hit_tp1": false,
    "hit_sl": false,
    "candles_to_result": 0,
    "max_favorable_pct": 0,
    "max_adverse_pct": 0,
    "outcome_tracked": false
  },
  {
    "symbol": "XOM",
    "timeframe": "historical_1w",
    "timestamp": "2025-11-16",
    "congress_score": 33.33333333333333,
    "insider_score": 50,
    "short_interest_pct": 0,
    "combined_score": 45.83333333333333,
    "price": 119.29000091552734,
    "price_change_24h": 0.905091933493261,
    "rsi": 50,
    "position_pct": 97.53149671820705,
    "ta_score": 50,
    "signal_direction": "WAIT",
    "signal_name": "historical_import",
    "confidence": "MEDIUM",
    "hit_tp1": false,
    "hit_sl": false,
    "candles_to_result": 0,
    "max_favorable_pct": 0,
    "max_adverse_pct": 0,
    "outcome_tracked": false
  },
  {
    "symbol": "XOM",
    "timeframe": "historical_1w",
    "timestamp": "2025-11-23",
    "congress_score": 33.33333333333333,
    "insider_score": 50,
    "short_interest_pct": 0,
    "combined_score": 45.83333333333333,
    "price": 117.08000183105469,
    "price_change_24h": -0.5098559420166018,
    "rsi": 50,
    "position_pct": 86.3979992151524,
    "ta_score": 50,
    "signal_direction": "WAIT",
    "signal_name": "historical_import",
    "confidence": "MEDIUM",
    "hit_tp1": false,
    "hit_sl": false,
    "candles_to_result": 0,
    "max_favorable_pct": 0,
    "max_adverse_pct": 0,
    "outcome_tracked": false
  },
  {
    "symbol": "XOM",
    "timeframe": "historical_1w",
    "timestamp": "2025-11-30",
    "congress_score": 0.0,
    "insider_score": 50,
    "short_interest_pct": 0,
    "combined_score": 37.5,
    "price": 115.91999816894531,
    "price_change_24h": -0.04311722965549636,
    "rsi": 50,
    "position_pct": 80.5541516016541,
    "ta_score": 50,
    "signal_direction": "WAIT",
    "signal_name": "historical_import",
    "confidence": "MEDIUM",
    "hit_tp1": false,
    "hit_sl": false,
    "candles_to_result": 0,
    "max_favorable_pct": 0,
    "max_adverse_pct": 0,
    "outcome_tracked": false
  },
  {
    "symbol": "XOM",
    "timeframe": "historical_1w",
    "timestamp": "2025-12-07",
    "congress_score": 50,
    "insider_score": 50,
    "short_interest_pct": 0,
    "combined_score": 50.0,
    "price": 116.54000091552734,
    "price_change_24h": -0.07716397154248202,
    "rsi": 50,
    "position_pct": 83.67759137113491,
    "ta_score": 50,
    "signal_direction": "WAIT",
    "signal_name": "historical_import",
    "confidence": "MEDIUM",
    "hit_tp1": false,
    "hit_sl": false,
    "candles_to_result": 0,
    "max_favorable_pct": 0,
    "max_adverse_pct": 0,
    "outcome_tracked": false
  },
  {
    "symbol": "XOM",
    "timeframe": "historical_1w",
    "timestamp": "2025-12-14",
    "congress_score": 50,
    "insider_score": 50,
    "short_interest_pct": 0,
    "combined_score": 50.0,
    "price": 118.81999969482422,
    "price_change_24h": 2.4486948229777252,
    "rsi": 50,
    "position_pct": 95.16373220015997,
    "ta_score": 50,
    "signal_direction": "WAIT",
    "signal_name": "historical_import",
    "confidence": "MEDIUM",
    "hit_tp1": false,
    "hit_sl": false,
    "candles_to_result": 0,
    "max_favorable_pct": 0,
    "max_adverse_pct": 0,
    "outcome_tracked": false
  },
  {
    "symbol": "XOM",
    "timeframe": "historical_1w",
    "timestamp": "2025-12-21",
    "congress_score": 50,
    "insider_score": 50,
    "short_interest_pct": 0,
    "combined_score": 50.0,
    "price": 116.69000244140625,
    "price_change_24h": -0.9086274417576787,
    "rsi": 50,
    "position_pct": 84.43326662256864,
    "ta_score": 50,
    "signal_direction": "WAIT",
    "signal_name": "historical_import",
    "confidence": "MEDIUM",
    "hit_tp1": false,
    "hit_sl": false,
    "candles_to_result": 0,
    "max_favorable_pct": 0,
    "max_adverse_pct": 0,
    "outcome_tracked": false
  },
  {
    "symbol": "XOM",
    "timeframe": "historical_1w",
    "timestamp": "2025-12-28",
    "congress_score": 50,
    "insider_score": 50,
    "short_interest_pct": 0,
    "combined_score": 50.0,
    "price": 118.69499969482422,
    "price_change_24h": 0.46127648066592636,
    "rsi": 50,
    "position_pct": 94.53400922983852,
    "ta_score": 50,
    "signal_direction": "WAIT",
    "signal_name": "historical_import",
    "confidence": "MEDIUM",
    "hit_tp1": false,
    "hit_sl": false,
    "candles_to_result": 0,
    "max_favorable_pct": 0,
    "max_adverse_pct": 0,
    "outcome_tracked": false
  }
]