[
  {
    "symbol": "AVNTUSDT",
    "entry": 0.3929,
    "stop_loss": 0.38426899999999997,
    "tp1": 0.4058465000000001,
    "tp2": 0.41447750000000017,
    "tp3": 0.42742400000000025,
    "direction": "LONG",
    "timeframe": "15m",
    "score": 31,
    "grade": "C",
    "market": "\ud83e\ude99 Crypto",
    "mode": "swing",
    "action": "WAIT",
    "status": "LOSS",
    "added_at": "2025-12-30T21:32:06.678126",
    "created_at": "2025-12-30T21:32:06.678143",
    "phase": "",
    "position_pct": 14.003590664272936,
    "predictive_score": 31,
    "whale_pct": 0,
    "trade_direction": "WAIT",
    "limit_entry": null,
    "limit_entry_reason": "",
    "limit_entry_rr": 0,
    "id": "trade_20251230_213206_AVNTUSDT",
    "blended_pnl": -2.196742173581078,
    "outcome_type": "FULL_LOSS",
    "r_multiple": -1.0,
    "closed": true,
    "closed_at": "2025-12-31T18:59:52.636174",
    "close_reason": "SL_HIT",
    "final_pnl": -2.196742173581078,
    "tp1_hit": false,
    "tp2_hit": false,
    "tp3_hit": false
  },
  {
    "symbol": "CITYUSDT",
    "entry": 0.703,
    "stop_loss": 0.69828128782969,
    "tp1": 0.7100780682554648,
    "tp2": 0.7147967804257749,
    "tp3": 0.7218748486812397,
    "direction": "LONG",
    "timeframe": "15m",
    "score": 57,
    "grade": "B",
    "market": "\ud83e\ude99 Crypto",
    "mode": "swing",
    "action": "STRONG BUY",
    "status": "active",
    "added_at": "2025-12-31T17:55:33.656427",
    "created_at": "2025-12-31T17:55:33.656438",
    "phase": "",
    "position_pct": 38.09523809523793,
    "predictive_score": 57,
    "whale_pct": 0,
    "trade_direction": "SHORT",
    "limit_entry": null,
    "limit_entry_reason": "",
    "limit_entry_rr": 0,
    "id": "trade_20251231_175533_CITYUSDT"
  },
  {
    "symbol": "BANANAS31USDT",
    "entry": 0.003672,
    "stop_loss": 0.0036393063925102623,
    "tp1": 0.0038810267999999995,
    "tp2": 0.004020378,
    "tp3": 0.004229404799999999,
    "direction": "LONG",
    "score": 76,
    "grade": "A",
    "timeframe": "15m",
    "mode_name": "Day Trade",
    "predictive_action": "\u26a1 \u2705 BUY (BB 13% LOADED \u2192 LONG)",
    "direction_score": 40,
    "squeeze_score": 20,
    "timing_score": 14,
    "status": "active",
    "created_at": "2025-12-31T18:49:34.344056",
    "limit_entry": 0.003641,
    "limit_entry_reason": "Bullish OB (0.8% below)",
    "limit_entry_rr": 141.7251644518595,
    "id": "trade_20251231_184934_BANANAS31USDT",
    "highest_pnl": 0.0544662309368264
  }
]